Obs,Time,Date,configName,configAuthor,remark,Observation,,,gsw,gbw,gtw,E_apparent,VPcham,VPref,VPleaf,VPDleaf,H2O_r,H2O_s,H2O_leaf,leaf_area,leaf_width,flashID,Fo,Fm,Fv/Fm,Fs,Fm',PhiPS2,PS2/1,abs,ETR,TRANS,rh_s,rh_r,Tref,Tmeas,Tleaf,P_atm,flow,flow_s,leak_pct,Qamb,batt,match_time,match_date,rh_adj,type,gsw1sec,gsw2sec,gsw4sec,flr1sec,flr2sec,flr4sec,auto,flow_set,gsw_limit,gsw_period,aw,Bla,Blb,Blc,Bld,Ble,chamber,dark,flash_type,flash_intensity,modrate,flr_limit,flr_period,P1_dur,P2_dur,P3_dur,P1_Fmax,P2_ramp,P2_slp,P3_Fmax,P3_Pred,P3_DeltaF,v_humA,v_humB,v_flowIn,v_flowOut,v_temp,v_irt,v_pres,v_par,v_F,i_LED,b_rhr,m_rhr,span_rhr,b_rhs,m_rhs,span_rhs,z_flowIn,z_flowOut,z_quantum,z_flr,flashId,lciSerNum,lcpSerNum,lcfSerNum,lcrhSerNum,version,configUpdatedAt
1,10:52:49,2025-07-23,Manual gsw+F,LI-COR Default,,001,,,0.001743,2.276041,0.001742,0.043456,1.076161,1.074670,3.025807,1.949646,13.399453,13.418054,37.727093,0.441786,7.500000,PSF-00232_20250723105249_cb5,0.000000,0.000000,0.000000,56.755901,79.532982,0.286385,0.5,0.80,219.406616,1.000000,42.58,42.52,21.21,24.17,24.17,80.20,101.8,101.2,0.6,1915,4.094,10:44:35,2025-07-23,-0.03,1,0.000,0.001,0.001,0.076,0.171,-0.276,0,150,-9999.000,-9999.000000,0.058905,0.000000,0.029230,0.000000,0.000000,-0.000068,standard,0,mpf,7000,500,-9999.000000,-9999.000000,300,300,300,77.348114,25,-1.382078,77.462555,77.552589,-0.090034,2.472813,2.481461,1.211982,0.799626,0.317447,0.034374,0.086113,1.703807,56.755901,0.000639,2.400430,-0.000041,1.000000,2.408421,-0.000039,1.000000,0.600250,0.601702,0.107071,0.000000,PSF-00232_20250723105249_cb5,PFA-00245,PSA-00257,PSF-00232,RHS-00222,3.0.0,2021-01-19T12:57:14.097Z
2,10:54:36,2025-07-23,Manual gsw+F,LI-COR Default,,002,,,-0.005122,2.264553,-0.005134,-0.104603,1.084315,1.087931,2.679940,1.595625,13.566366,13.521270,33.418518,0.441786,7.500000,PSF-00232_20250723105436_fce,0.000000,0.000000,0.000000,81.244110,203.884842,0.601520,0.5,0.80,439.785583,1.000000,41.92,42.06,21.58,22.16,22.16,80.19,101.1,95.1,6.0,1828,4.093,10:44:35,2025-07-23,-0.03,1,0.001,0.000,-0.001,-11.678,-7.500,8.654,0,150,-9999.000,-9999.000000,0.058905,0.000000,0.029230,0.000000,0.000000,-0.000068,standard,0,mpf,7000,500,-9999.000000,-9999.000000,300,300,300,200.590256,25,-2.220031,202.142715,200.703735,1.438980,2.472060,2.480410,1.206635,0.786208,0.312708,0.007000,0.096039,1.630862,81.244110,0.000627,2.400430,-0.000041,1.000000,2.408421,-0.000039,1.000000,0.600250,0.601702,0.107071,0.000000,PSF-00232_20250723105436_fce,PFA-00245,PSA-00257,PSF-00232,RHS-00222,3.0.0,2021-01-19T12:57:14.097Z
3,10:55:27,2025-07-23,Manual gsw+F,LI-COR Default,,003,,,0.002086,2.332734,0.002085,0.063718,1.036748,1.034637,3.420075,2.383327,12.900627,12.926951,42.644058,0.441786,7.500000,PSF-00232_20250723105527_698,0.000000,0.000000,0.000000,95.756294,110.979805,0.137174,0.5,0.80,111.070045,1.000000,39.51,39.43,21.82,26.23,26.23,80.20,105.6,69.4,34.3,2024,4.091,10:55:12,2025-07-23,0.09,1,0.000,0.001,0.002,0.240,-0.105,-0.444,0,150,-9999.000,-9999.000000,0.058905,0.000000,0.029230,0.000000,0.000000,-0.000068,standard,0,mpf,7000,500,-9999.000000,-9999.000000,300,300,300,109.469177,25,-1.009352,109.974144,109.533493,0.440651,2.468101,2.476575,1.239092,0.732351,0.309747,0.051552,0.100464,1.794636,95.709801,0.000614,2.400430,-0.000041,1.000000,2.408421,-0.000039,1.000000,0.600250,0.601702,0.107071,0.000000,PSF-00232_20250723105527_698,PFA-00245,PSA-00257,PSF-00232,RHS-00222,3.0.0,2021-01-19T12:57:14.097Z
4,10:56:07,2025-07-23,Manual gsw+F,LI-COR Default,,004,,,0.030515,2.261568,0.030109,0.779418,1.045015,1.018006,3.067568,2.022553,12.695395,13.032222,38.255184,0.441786,7.500000,PSF-00232_20250723105607_02d,0.000000,0.000000,0.000000,78.009727,111.814972,0.302332,0.5,0.80,233.710358,1.000000,39.38,38.36,22.00,24.40,24.40,80.19,100.9,91.1,9.7,1933,4.089,10:55:12,2025-07-23,0.09,1,0.000,-0.000,0.001,0.371,-0.327,-0.679,0,150,-9999.000,-9999.000000,0.058905,0.000000,0.029230,0.000000,0.000000,-0.000068,standard,0,mpf,7000,500,-9999.000000,-9999.000000,300,300,300,106.775162,25,-3.485121,107.259392,106.821114,0.438278,2.466475,2.476347,1.205254,0.777704,0.307489,0.027887,0.103835,1.718192,78.009727,0.000603,2.400430,-0.000041,1.000000,2.408421,-0.000039,1.000000,0.600250,0.601702,0.107071,0.000000,PSF-00232_20250723105607_02d,PFA-00245,PSA-00257,PSF-00232,RHS-00222,3.0.0,2021-01-19T12:57:14.097Z
5,10:57:47,2025-07-23,Manual gsw+F,LI-COR Default,,005,,,0.068291,2.415102,0.066413,1.441321,1.037739,0.992405,2.737458,1.699719,12.373004,12.938221,34.129803,0.441786,7.500000,PSF-00232_20250723105747_4d3,0.000000,0.000000,0.000000,113.700989,351.654816,0.676669,0.5,0.80,457.361237,1.000000,38.31,36.64,22.34,22.51,22.51,80.21,111.2,11.9,89.3,1690,4.085,10:55:12,2025-07-23,0.09,1,-0.001,-0.003,0.005,0.884,1.018,0.360,0,150,-9999.000,-9999.000000,0.058905,0.000000,0.029230,0.000000,0.000000,-0.000068,standard,0,mpf,7000,500,-9999.000000,-9999.000000,300,300,300,345.908752,25,-3.836082,346.058960,346.158051,-0.099091,2.463814,2.474668,1.280813,0.622813,0.303357,0.002296,0.112300,1.515768,113.700989,0.000622,2.400430,-0.000041,1.000000,2.408421,-0.000039,1.000000,0.600250,0.601702,0.107071,0.000000,PSF-00232_20250723105747_4d3,PFA-00245,PSA-00257,PSF-00232,RHS-00222,3.0.0,2021-01-19T12:57:14.097Z
6,10:59:13,2025-07-23,Manual gsw+F,LI-COR Default,,006,,,0.003698,2.208518,0.003692,0.123565,1.064427,1.059997,3.670093,2.605666,13.212963,13.268184,45.748066,0.441786,7.500000,PSF-00232_20250723105913_691,0.000000,0.000000,0.000000,68.760391,75.589027,0.090339,0.5,0.80,70.427872,1.000000,38.44,38.28,22.70,27.43,27.43,80.22,97.5,86.3,11.5,1949,4.084,10:55:12,2025-07-23,0.09,1,-0.000,0.000,0.000,-0.153,-0.135,-0.031,0,150,-9999.000,-9999.000000,0.058905,0.000000,0.029230,0.000000,0.000000,-0.000068,standard,0,mpf,7000,500,-9999.000000,-9999.000000,300,300,300,75.213074,25,-0.253018,75.396538,75.226479,0.170059,2.466203,2.474788,1.181213,0.767506,0.298988,0.055658,0.119315,1.731885,68.760391,0.000617,2.400430,-0.000041,1.000000,2.408421,-0.000039,1.000000,0.600250,0.601702,0.107071,0.000000,PSF-00232_20250723105913_691,PFA-00245,PSA-00257,PSF-00232,RHS-00222,3.0.0,2021-01-19T12:57:14.097Z
7,11:00:27,2025-07-23,Manual gsw+F,LI-COR Default,,007,,,-0.006327,2.159552,-0.006345,-0.147639,1.092741,1.098201,2.912761,1.820020,13.689266,13.621209,36.308079,0.441786,7.500000,PSF-00232_20250723110027_146,0.000000,0.000000,0.000000,82.622765,171.125671,0.517181,0.5,0.80,260.490051,1.000000,38.49,38.68,23.11,23.54,23.54,80.22,94.5,93.2,1.4,1259,4.081,10:55:12,2025-07-23,0.09,1,-0.001,-0.002,-0.001,0.252,0.457,0.945,0,150,-9999.000,-9999.000000,0.058905,0.000000,0.029230,0.000000,0.000000,-0.000068,standard,0,mpf,7000,500,-9999.000000,-9999.000000,300,300,300,167.254333,25,-2.655331,166.837692,167.320831,-0.483139,2.466709,2.474770,1.159842,0.782257,0.294079,0.005078,0.125017,1.156814,82.622765,0.000628,2.400430,-0.000041,1.000000,2.408421,-0.000039,1.000000,0.600250,0.601702,0.107071,0.000000,PSF-00232_20250723110027_146,PFA-00245,PSA-00257,PSF-00232,RHS-00222,3.0.0,2021-01-19T12:57:14.097Z
8,11:00:49,2025-07-23,Manual gsw+F,LI-COR Default,,008,,,-0.004200,2.276168,-0.004208,-0.157769,1.075840,1.081260,3.990271,2.914431,13.471667,13.404142,49.715725,0.441786,7.500000,PSF-00232_20250723110049_d50,0.000000,0.000000,0.000000,76.661827,88.698776,0.135706,0.5,0.80,102.861557,1.000000,37.63,37.82,23.23,28.86,28.86,80.26,101.8,99.0,2.8,1895,4.081,10:55:12,2025-07-23,0.09,1,-9999.000,-9999.000,-9999.000,-9999.000,-9999.000,-9999.000,0,150,-9999.000,-9999.000000,0.058905,0.000000,0.029230,0.000000,0.000000,-0.000068,standard,0,mpf,7000,500,-9999.000000,-9999.000000,300,300,300,86.222649,25,-1.580230,85.273148,86.434448,-1.161301,2.465395,2.473451,1.212042,0.794673,0.292711,0.066907,0.126681,1.686822,76.661827,0.000611,2.400430,-0.000041,1.000000,2.408421,-0.000039,1.000000,0.600250,0.601702,0.107071,0.000000,PSF-00232_20250723110049_d50,PFA-00245,PSA-00257,PSF-00232,RHS-00222,3.0.0,2021-01-19T12:57:14.097Z
9,11:01:09,2025-07-23,Manual gsw+F,LI-COR Default,,009,,,0.001009,2.264806,0.001009,0.034904,1.065598,1.064390,3.759221,2.693623,13.261902,13.276952,46.838474,0.441786,7.500000,PSF-00232_20250723110109_7b6,0.000000,0.000000,0.000000,32.705784,39.144516,0.164486,0.5,0.80,128.392136,1.000000,37.02,36.97,23.34,27.84,27.84,80.26,101.1,100.0,1.1,1951,4.080,10:55:12,2025-07-23,0.09,1,0.000,0.000,0.001,0.564,0.814,1.900,0,150,-9999.000,-9999.000000,0.058905,0.000000,0.029230,0.000000,0.000000,-0.000068,standard,0,mpf,7000,500,-9999.000000,-9999.000000,300,300,300,39.144516,25,0.293374,37.834167,39.564896,-1.730728,2.464110,2.472506,1.206753,0.796951,0.291390,0.053070,0.128111,1.733905,32.705784,0.000605,2.400430,-0.000041,1.000000,2.408421,-0.000039,1.000000,0.600250,0.601702,0.107071,0.000000,PSF-00232_20250723110109_7b6,PFA-00245,PSA-00257,PSF-00232,RHS-00222,3.0.0,2021-01-19T12:57:14.097Z
10,11:02:02,2025-07-23,Manual gsw+F,LI-COR Default,,010,,,0.066650,2.347868,0.064810,1.714480,1.117679,1.061444,3.183416,2.065737,13.228608,13.929454,39.674416,0.441786,7.500000,PSF-00232_20250723110202_671,0.000000,0.000000,0.000000,91.556671,185.183182,0.505589,0.5,0.80,382.655487,1.000000,38.19,36.27,23.61,25.02,25.02,80.24,106.6,61.7,42.1,1892,4.079,10:55:12,2025-07-23,0.09,1,0.001,-0.000,0.004,1.115,0.158,-1.692,0,150,-9999.000,-9999.000000,0.058905,0.000000,0.029230,0.000000,0.000000,-0.000068,standard,0,mpf,7000,500,-9999.000000,-9999.000000,300,300,300,171.846985,25,-9.320864,171.077011,171.827240,-0.750229,2.463002,2.474224,1.246542,0.716957,0.288244,0.016417,0.132276,1.684482,91.556671,0.000610,2.400430,-0.000041,1.000000,2.408421,-0.000039,1.000000,0.600250,0.601702,0.107071,0.000000,PSF-00232_20250723110202_671,PFA-00245,PSA-00257,PSF-00232,RHS-00222,3.0.0,2021-01-19T12:57:14.097Z
11,11:02:41,2025-07-23,Manual gsw+F,LI-COR Default,,011,,,0.017717,2.138380,0.017571,0.464550,1.081053,1.063638,3.145850,2.064798,13.260414,13.477529,39.219444,0.441786,7.500000,PSF-00232_20250723110241_f3a,0.000000,0.000000,0.000000,102.588417,230.967697,0.555832,0.5,0.80,143.203857,1.000000,36.44,35.85,23.84,24.82,24.82,80.21,93.3,82.2,11.9,644,4.077,10:55:12,2025-07-23,0.09,1,0.000,0.000,-0.000,-0.025,-2.657,-6.954,0,150,-9999.000,-9999.000000,0.058905,0.000000,0.029230,0.000000,0.000000,-0.000068,standard,0,mpf,7000,500,-9999.000000,-9999.000000,300,300,300,221.223236,25,-6.660092,220.603104,221.424393,-0.821289,2.462317,2.471528,1.150830,0.758857,0.285610,0.011428,0.135267,0.644035,102.588417,0.000633,2.400430,-0.000041,1.000000,2.408421,-0.000039,1.000000,0.600250,0.601702,0.107071,0.000000,PSF-00232_20250723110241_f3a,PFA-00245,PSA-00257,PSF-00232,RHS-00222,3.0.0,2021-01-19T12:57:14.097Z
12,11:03:34,2025-07-23,Manual gsw+F,LI-COR Default,,012,,,0.016338,2.211925,0.016219,0.515505,1.129047,1.110617,3.604096,2.475050,13.841927,14.071616,44.918835,0.441786,7.500000,PSF-00232_20250723110334_578,0.000000,0.000000,0.000000,65.179108,165.183807,0.605415,0.5,0.80,379.292847,1.000000,37.25,36.64,24.20,27.12,27.12,80.24,97.8,82.7,15.4,1566,4.076,10:55:12,2025-07-23,0.09,1,-0.001,-0.000,0.001,0.578,1.051,2.192,0,150,-9999.000,-9999.000000,0.058905,0.000000,0.029230,0.000000,0.000000,-0.000068,standard,0,mpf,7000,500,-9999.000000,-9999.000000,300,300,300,151.795868,25,-9.647339,149.360062,151.360046,-1.999985,2.463441,2.472689,1.182728,0.759980,0.281599,0.034362,0.139354,1.412809,65.179108,0.000632,2.400430,-0.000041,1.000000,2.408421,-0.000039,1.000000,0.600250,0.601702,0.107071,0.000000,PSF-00232_20250723110334_578,PFA-00245,PSA-00257,PSF-00232,RHS-00222,3.0.0,2021-01-19T12:57:14.097Z
13,11:04:15,2025-07-23,Manual gsw+F,LI-COR Default,,013,,,0.018688,2.144851,0.018526,0.541267,1.049505,1.029281,3.330089,2.280584,12.826167,13.078186,41.497211,0.441786,7.500000,PSF-00232_20250723110415_890,0.000000,0.000000,0.000000,66.883209,207.076141,0.677011,0.5,0.80,462.742615,1.000000,34.12,33.47,24.44,25.78,25.78,80.25,93.6,87.4,6.6,1709,4.074,10:55:12,2025-07-23,0.09,1,-0.001,-0.001,-0.001,0.467,0.807,1.237,0,150,-9999.000,-9999.000000,0.058905,0.000000,0.029230,0.000000,0.000000,-0.000068,standard,0,mpf,7000,500,-9999.000000,-9999.000000,300,300,300,186.616302,25,-14.965256,185.079575,185.632294,-0.552719,2.458595,2.467899,1.153570,0.769872,0.278857,0.015613,0.142450,1.531621,66.883209,0.000623,2.400430,-0.000041,1.000000,2.408421,-0.000039,1.000000,0.600250,0.601702,0.107071,0.000000,PSF-00232_20250723110415_890,PFA-00245,PSA-00257,PSF-00232,RHS-00222,3.0.0,2021-01-19T12:57:14.097Z
14,11:05:12,2025-07-23,Manual gsw+F,LI-COR Default,,014,,,0.040293,2.197384,0.039567,1.260681,1.090109,1.044592,3.572560,2.482451,13.017569,13.584803,44.520790,0.441786,7.500000,PSF-00232_20250723110512_ff8,0.000000,0.000000,0.000000,65.114021,142.128448,0.541865,0.5,0.80,377.946991,1.000000,34.77,33.32,24.77,26.97,26.97,80.24,96.9,79.6,17.8,1744,4.073,10:55:12,2025-07-23,0.09,1,0.001,0.002,0.005,0.412,0.788,1.594,0,150,-9999.000,-9999.000000,0.058905,0.000000,0.029230,0.000000,0.000000,-0.000068,standard,0,mpf,7000,500,-9999.000000,-9999.000000,300,300,300,125.615356,25,-12.892138,120.419739,123.655190,-3.235451,2.458305,2.468817,1.176287,0.753380,0.275292,0.025902,0.146788,1.560769,65.114021,0.000610,2.400430,-0.000041,1.000000,2.408421,-0.000039,1.000000,0.600250,0.601702,0.107071,0.000000,PSF-00232_20250723110512_ff8,PFA-00245,PSA-00257,PSF-00232,RHS-00222,3.0.0,2021-01-19T12:57:14.097Z
15,11:06:13,2025-07-23,Manual gsw+F,LI-COR Default,,015,,,0.004964,2.248203,0.004953,0.133730,1.059334,1.054658,3.168790,2.109456,13.143503,13.201777,39.490532,0.441786,7.500000,PSF-00232_20250723110613_3e2,0.000000,0.000000,0.000000,76.277733,290.402710,0.737338,0.5,0.80,374.024170,1.000000,33.28,33.13,25.02,24.94,24.94,80.24,100.0,78.2,21.8,1268,4.070,11:05:42,2025-07-23,0.26,1,0.000,-0.000,-0.003,0.152,0.574,0.883,0,150,-9999.000,-9999.000000,0.058905,0.000000,0.029230,0.000000,0.000000,-0.000068,standard,0,mpf,7000,500,-9999.000000,-9999.000000,300,300,300,276.737091,25,-9.358953,277.381897,276.992188,0.389709,2.457973,2.466223,1.199106,0.750554,0.272505,-0.000890,0.151473,1.164296,77.316284,0.000644,2.400430,-0.000041,1.000000,2.408421,-0.000039,1.000000,0.600250,0.601702,0.107071,0.000000,PSF-00232_20250723110613_3e2,PFA-00245,PSA-00257,PSF-00232,RHS-00222,3.0.0,2021-01-19T12:57:14.097Z
16,11:07:00,2025-07-23,Manual gsw+F,LI-COR Default,,016,,,0.001356,2.168883,0.001355,0.050049,1.056226,1.054385,3.927131,2.870905,13.139944,13.162889,48.940632,0.441786,7.500000,PSF-00232_20250723110700_e94,0.000000,0.000000,0.000000,72.566628,81.401108,0.108530,0.5,0.80,88.119843,1.000000,32.79,32.74,25.22,28.59,28.59,80.24,95.1,84.2,11.4,2030,4.069,11:05:42,2025-07-23,0.26,1,-0.001,-0.002,0.001,-2.153,-1.388,-0.015,0,150,-9999.000,-9999.000000,0.058905,0.000000,0.029230,0.000000,0.000000,-0.000068,standard,0,mpf,7000,500,-9999.000000,-9999.000000,300,300,300,81.401108,25,6.686845,84.356544,90.982750,-6.626205,2.457338,2.465446,1.163856,0.763144,0.270382,0.040030,0.155084,1.799293,72.566628,0.000608,2.400430,-0.000041,1.000000,2.408421,-0.000039,1.000000,0.600250,0.601702,0.107071,0.000000,PSF-00232_20250723110700_e94,PFA-00245,PSA-00257,PSF-00232,RHS-00222,3.0.0,2021-01-19T12:57:14.097Z
17,11:07:39,2025-07-23,Manual gsw+F,LI-COR Default,,017,,,0.002682,2.123425,0.002678,0.076114,1.102026,1.099145,3.319562,2.217536,13.697274,13.733183,41.367584,0.441786,7.500000,PSF-00232_20250723110739_db0,0.000000,0.000000,0.000000,77.216148,257.593353,0.700240,0.5,0.80,409.706390,1.000000,33.95,33.86,25.35,25.72,25.72,80.25,92.4,85.2,7.7,1463,4.068,11:05:42,2025-07-23,0.26,1,-0.000,-0.001,0.002,0.352,0.807,1.586,0,150,-9999.000,-9999.000000,0.058905,0.000000,0.029230,0.000000,0.000000,-0.000068,standard,0,mpf,7000,500,-9999.000000,-9999.000000,300,300,300,246.407745,25,-7.686675,245.472198,246.579056,-1.106857,2.459022,2.467192,1.144544,0.765192,0.268977,0.004380,0.158002,1.326510,77.216148,0.000642,2.400430,-0.000041,1.000000,2.408421,-0.000039,1.000000,0.600250,0.601702,0.107071,0.000000,PSF-00232_20250723110739_db0,PFA-00245,PSA-00257,PSF-00232,RHS-00222,3.0.0,2021-01-19T12:57:14.097Z
18,11:08:42,2025-07-23,Manual gsw+F,LI-COR Default,,018,,,0.031658,2.214754,0.031212,0.957956,1.121141,1.086945,3.513149,2.392007,13.543850,13.969953,43.775501,0.441786,7.500000,PSF-00232_20250723110842_c7d,0.000000,0.000000,0.000000,69.796440,178.562210,0.609120,0.5,0.80,460.372253,1.000000,34.12,33.07,25.55,26.68,26.68,80.25,97.9,35.3,64.0,1889,4.067,11:05:42,2025-07-23,0.26,1,0.001,0.001,0.005,-0.112,-1.211,-2.349,0,150,-9999.000,-9999.000000,0.058905,0.000000,0.029230,0.000000,0.000000,-0.000068,standard,0,mpf,7000,500,-9999.000000,-9999.000000,300,300,300,168.788910,25,-6.768010,167.358398,168.864273,-1.505875,2.457791,2.467406,1.183990,0.665680,0.266765,0.013219,0.162589,1.682289,69.796440,0.000615,2.400430,-0.000041,1.000000,2.408421,-0.000039,1.000000,0.600250,0.601702,0.107071,0.000000,PSF-00232_20250723110842_c7d,PFA-00245,PSA-00257,PSF-00232,RHS-00222,3.0.0,2021-01-19T12:57:14.097Z
19,11:09:47,2025-07-23,Manual gsw+F,LI-COR Default,,019,,,0.005326,2.188037,0.005313,0.165465,1.091714,1.085703,3.519166,2.427452,13.528127,13.603022,43.849667,0.441786,7.500000,PSF-00232_20250723110947_dd8,0.000000,0.000000,0.000000,58.336617,180.509857,0.676823,0.5,0.80,433.870544,1.000000,32.73,32.55,25.81,26.71,26.71,80.26,96.3,39.0,59.5,1603,4.064,11:05:42,2025-07-23,0.26,1,0.002,0.003,0.003,0.567,0.334,1.492,0,150,-9999.000,-9999.000000,0.058905,0.000000,0.029230,0.000000,0.000000,-0.000068,standard,0,mpf,7000,500,-9999.000000,-9999.000000,300,300,300,157.415985,25,-15.658108,154.099701,158.073212,-3.973511,2.456939,2.465235,1.172182,0.672679,0.264090,0.010575,0.167327,1.443111,58.336617,0.000623,2.400430,-0.000041,1.000000,2.408421,-0.000039,1.000000,0.600250,0.601702,0.107071,0.000000,PSF-00232_20250723110947_dd8,PFA-00245,PSA-00257,PSF-00232,RHS-00222,3.0.0,2021-01-19T12:57:14.097Z
20,11:10:19,2025-07-23,Manual gsw+F,LI-COR Default,,020,,,0.027968,2.083709,0.027598,1.113032,1.144027,1.100807,4.271658,3.127631,13.715939,14.254457,53.224415,0.441786,7.500000,PSF-00232_20250723111019_11d,0.000000,0.000000,0.000000,53.062321,91.714455,0.421440,0.5,0.80,327.546387,1.000000,34.04,32.75,25.93,30.05,30.05,80.26,90.0,85.0,5.5,1943,4.064,11:05:42,2025-07-23,0.26,1,0.000,0.001,0.003,0.101,0.082,1.058,0,150,-9999.000,-9999.000000,0.058905,0.000000,0.029230,0.000000,0.000000,-0.000068,standard,0,mpf,7000,500,-9999.000000,-9999.000000,300,300,300,85.755226,25,-3.596214,87.298393,86.561409,0.736984,2.457235,2.467221,1.128160,0.764779,0.262780,0.049296,0.169620,1.726908,53.062321,0.000611,2.400430,-0.000041,1.000000,2.408421,-0.000039,1.000000,0.600250,0.601702,0.107071,0.000000,PSF-00232_20250723111019_11d,PFA-00245,PSA-00257,PSF-00232,RHS-00222,3.0.0,2021-01-19T12:57:14.097Z
21,11:10:45,2025-07-23,Manual gsw+F,LI-COR Default,,021,,,0.030640,2.076573,0.030195,1.241750,1.155298,1.106861,4.342827,3.187530,13.791289,14.394798,54.110832,0.441786,7.500000,PSF-00232_20250723111045_510,0.000000,0.000000,0.000000,85.554596,119.499252,0.284057,0.5,0.80,225.773026,1.000000,34.11,32.68,26.06,30.33,30.33,80.26,89.6,83.7,6.5,1987,4.063,11:05:42,2025-07-23,0.26,1,0.000,-0.000,0.000,-0.044,-0.026,-0.360,0,150,-9999.000,-9999.000000,0.058905,0.000000,0.029230,0.000000,0.000000,-0.000068,standard,0,mpf,7000,500,-9999.000000,-9999.000000,300,300,300,113.332275,25,-4.245083,112.957832,113.416435,-0.458603,2.457097,2.467303,1.125262,0.762109,0.261411,0.051278,0.171488,1.763604,85.554596,0.000589,2.400430,-0.000041,1.000000,2.408421,-0.000039,1.000000,0.600250,0.601702,0.107071,0.000000,PSF-00232_20250723111045_510,PFA-00245,PSA-00257,PSF-00232,RHS-00222,3.0.0,2021-01-19T12:57:14.097Z
22,11:11:29,2025-07-23,Manual gsw+F,LI-COR Default,,022,,,-0.001447,2.155633,-0.001448,-0.050127,1.098125,1.099984,3.792434,2.694309,13.703680,13.680516,47.246403,0.441786,7.500000,PSF-00232_20250723111129_f4d,0.000000,0.000000,0.000000,117.885231,188.696320,0.375265,0.5,0.80,239.968781,1.000000,32.03,32.08,26.27,27.99,27.99,80.27,94.3,46.3,50.9,1599,4.061,11:05:42,2025-07-23,0.26,1,-0.000,-0.000,0.001,0.042,-2.471,-11.206,0,150,-9999.000,-9999.000000,0.058905,0.000000,0.029230,0.000000,0.000000,-0.000068,standard,0,mpf,7000,500,-9999.000000,-9999.000000,300,300,300,182.880524,25,-4.097262,181.157471,182.825317,-1.667847,2.456146,2.464079,1.158164,0.686726,0.259257,0.020266,0.174606,1.439829,117.885231,0.000613,2.400430,-0.000041,1.000000,2.408421,-0.000039,1.000000,0.600250,0.601702,0.107071,0.000000,PSF-00232_20250723111129_f4d,PFA-00245,PSA-00257,PSF-00232,RHS-00222,3.0.0,2021-01-19T12:57:14.097Z
23,11:12:25,2025-07-23,Manual gsw+F,LI-COR Default,,023,,,0.022216,2.221214,0.021996,0.918441,1.135170,1.102526,4.371120,3.235950,13.738515,14.145288,54.468281,0.441786,7.500000,PSF-00232_20250723111225_c64,0.000000,0.000000,0.000000,58.812260,74.564651,0.211258,0.5,0.80,172.424911,1.000000,32.55,31.61,26.56,30.45,30.45,80.25,98.3,29.7,69.8,2040,4.060,11:05:42,2025-07-23,0.26,1,0.001,0.001,0.004,-0.343,-0.851,-2.027,0,150,-9999.000,-9999.000000,0.058905,0.000000,0.029230,0.000000,0.000000,-0.000068,standard,0,mpf,7000,500,-9999.000000,-9999.000000,300,300,300,73.206779,25,-1.077368,73.517921,73.020882,0.497040,2.455384,2.464832,1.186880,0.655320,0.256313,0.046735,0.178560,1.808136,58.812260,0.000581,2.400430,-0.000041,1.000000,2.408421,-0.000039,1.000000,0.600250,0.601702,0.107071,0.000000,PSF-00232_20250723111225_c64,PFA-00245,PSA-00257,PSF-00232,RHS-00222,3.0.0,2021-01-19T12:57:14.097Z
24,11:13:15,2025-07-23,Manual gsw+F,LI-COR Default,,024,,,0.008264,2.064036,0.008231,0.334106,1.167687,1.154551,4.313719,3.146033,14.387512,14.551201,53.755688,0.441786,7.500000,PSF-00232_20250723111315_128,0.000000,0.000000,0.000000,85.242752,102.392120,0.167487,0.5,0.80,131.671356,1.000000,32.94,32.57,26.83,30.22,30.22,80.25,88.9,73.2,17.6,1965,4.058,11:05:42,2025-07-23,0.26,1,0.001,0.000,0.003,-1.775,-3.566,-6.134,0,150,-9999.000,-9999.000000,0.058905,0.000000,0.029230,0.000000,0.000000,-0.000068,standard,0,mpf,7000,500,-9999.000000,-9999.000000,300,300,300,98.669884,25,-2.814034,97.595215,98.359863,-0.764648,2.456794,2.465384,1.120205,0.740300,0.253523,0.040583,0.181999,1.745562,86.592438,0.000604,2.400430,-0.000041,1.000000,2.408421,-0.000039,1.000000,0.600250,0.601702,0.107071,0.000000,PSF-00232_20250723111315_128,PFA-00245,PSA-00257,PSF-00232,RHS-00222,3.0.0,2021-01-19T12:57:14.097Z
25,11:13:47,2025-07-23,Manual gsw+F,LI-COR Default,,025,,,0.057085,2.038872,0.055530,2.116011,1.208521,1.123984,4.164237,2.955716,14.005599,15.058980,51.889183,0.441786,7.500000,PSF-00232_20250723111347_717,0.000000,0.000000,0.000000,84.855438,135.149673,0.372137,0.5,0.80,294.181580,1.000000,33.79,31.43,26.99,29.60,29.60,80.25,87.4,86.0,1.6,1976,4.058,11:05:42,2025-07-23,0.26,1,0.001,-0.000,0.003,0.061,-6.712,-5.157,0,150,-9999.000,-9999.000000,0.058905,0.000000,0.029230,0.000000,0.000000,-0.000068,standard,0,mpf,7000,500,-9999.000000,-9999.000000,300,300,300,118.245003,25,-10.963215,116.885307,119.440384,-2.555077,2.455020,2.466643,1.110180,0.766825,0.251980,0.031223,0.184198,1.754651,84.855438,0.000617,2.400430,-0.000041,1.000000,2.408421,-0.000039,1.000000,0.600250,0.601702,0.107071,0.000000,PSF-00232_20250723111347_717,PFA-00245,PSA-00257,PSF-00232,RHS-00222,3.0.0,2021-01-19T12:57:14.097Z
26,11:14:20,2025-07-23,Manual gsw+F,LI-COR Default,,026,,,0.093389,2.034384,0.089290,2.522393,1.214483,1.113412,3.416368,2.201884,13.872565,15.131865,42.566254,0.441786,7.500000,PSF-00232_20250723111420_45c,0.000000,0.000000,0.000000,65.563202,234.954132,0.720953,0.5,0.80,300.759033,1.000000,33.65,30.85,27.14,26.21,26.21,80.26,87.2,82.5,5.3,1043,4.057,11:05:42,2025-07-23,0.26,1,0.002,0.002,0.006,0.300,0.547,1.205,0,150,-9999.000,-9999.000000,0.058905,0.000000,0.029230,0.000000,0.000000,-0.000068,standard,0,mpf,7000,500,-9999.000000,-9999.000000,300,300,300,220.902084,25,-9.471405,223.348267,221.382477,1.965790,2.454104,2.466394,1.108409,0.759586,0.250413,-0.011185,0.186409,0.976524,65.563202,0.000626,2.400430,-0.000041,1.000000,2.408421,-0.000039,1.000000,0.600250,0.601702,0.107071,0.000000,PSF-00232_20250723111420_45c,PFA-00245,PSA-00257,PSF-00232,RHS-00222,3.0.0,2021-01-19T12:57:14.097Z
27,11:14:55,2025-07-23,Manual gsw+F,LI-COR Default,,027,,,0.061014,2.113671,0.059302,1.836029,1.156444,1.086537,3.568014,2.411570,13.538766,14.409845,44.459148,0.441786,7.500000,PSF-00232_20250723111455_3d7,0.000000,0.000000,0.000000,79.029320,239.629135,0.670202,0.5,0.80,469.313629,1.000000,31.70,29.78,27.33,26.95,26.95,80.25,91.8,64.6,29.6,1751,4.056,11:05:42,2025-07-23,0.26,1,-0.000,0.001,0.007,0.548,0.963,1.983,0,150,-9999.000,-9999.000000,0.058905,0.000000,0.029230,0.000000,0.000000,-0.000068,standard,0,mpf,7000,500,-9999.000000,-9999.000000,300,300,300,208.735229,25,-23.337528,203.525299,206.188583,-2.663284,2.452444,2.463392,1.140479,0.722720,0.248624,-0.004671,0.188723,1.566531,79.029320,0.000617,2.400430,-0.000041,1.000000,2.408421,-0.000039,1.000000,0.600250,0.601702,0.107071,0.000000,PSF-00232_20250723111455_3d7,PFA-00245,PSA-00257,PSF-00232,RHS-00222,3.0.0,2021-01-19T12:57:14.097Z
28,11:15:31,2025-07-23,Manual gsw+F,LI-COR Default,,028,,,0.004435,2.031926,0.004425,0.142467,1.131912,1.126189,3.639084,2.507172,14.031710,14.103026,45.341053,0.441786,7.500000,PSF-00232_20250723111531_a70,0.000000,0.000000,0.000000,69.107651,163.307663,0.576825,0.5,0.80,199.193771,1.000000,30.77,30.61,27.47,27.28,27.28,80.26,87.0,84.0,3.4,863,4.052,11:05:42,2025-07-23,0.26,1,-0.001,-0.003,-0.002,-0.609,1.708,-0.093,0,150,-9999.000,-9999.000000,0.058905,0.000000,0.029230,0.000000,0.000000,-0.000068,standard,0,mpf,7000,500,-9999.000000,-9999.000000,300,300,300,152.747513,25,-7.257722,151.718262,152.908005,-1.189743,2.453688,2.461930,1.107441,0.762664,0.247202,-0.002424,0.191120,0.826795,69.107651,0.000623,2.400430,-0.000041,1.000000,2.408421,-0.000039,1.000000,0.600250,0.601702,0.107071,0.000000,PSF-00232_20250723111531_a70,PFA-00245,PSA-00257,PSF-00232,RHS-00222,3.0.0,2021-01-19T12:57:14.097Z
29,11:17:31,2025-07-23,Manual gsw+F,LI-COR Default,,029,,,0.021624,2.062907,0.021400,0.739806,1.121899,1.092781,3.810220,2.688322,13.620817,13.983747,47.491955,0.441786,7.500000,PSF-00232_20250723111731_e31,0.000000,0.000000,0.000000,77.263000,294.072327,0.737265,0.5,0.80,387.427673,1.000000,29.88,29.10,27.82,28.07,28.07,80.23,88.8,76.1,14.3,1314,4.051,11:17:19,2025-07-23,0.35,1,0.002,0.002,-0.000,0.126,0.408,0.469,0,150,-9999.000,-9999.000000,0.058905,0.000000,0.029230,0.000000,0.000000,-0.000068,standard,0,mpf,7000,500,-9999.000000,-9999.000000,300,300,300,270.892029,25,-16.256645,268.680450,270.778046,-2.097595,2.451313,2.460359,1.119752,0.746109,0.243810,0.002760,0.198946,1.202291,77.263000,0.000620,2.400430,-0.000041,1.000000,2.408421,-0.000039,1.000000,0.600250,0.601702,0.107071,0.000000,PSF-00232_20250723111731_e31,PFA-00245,PSA-00257,PSF-00232,RHS-00222,3.0.0,2021-01-19T12:57:14.097Z
30,11:18:04,2025-07-23,Manual gsw+F,LI-COR Default,,030,,,0.028209,2.068546,0.027830,0.994874,1.136401,1.097379,3.915362,2.778961,13.672418,14.158596,48.782108,0.441786,7.500000,PSF-00232_20250723111804_684,0.000000,0.000000,0.000000,67.462921,168.490234,0.599603,0.5,0.80,394.233093,1.000000,30.08,29.05,27.92,28.54,28.54,80.26,89.1,80.0,10.2,1644,4.049,11:17:19,2025-07-23,0.35,1,-0.000,0.000,0.004,0.438,0.775,0.941,0,150,-9999.000,-9999.000000,0.058905,0.000000,0.029230,0.000000,0.000000,-0.000068,standard,0,mpf,7000,500,-9999.000000,-9999.000000,300,300,300,160.475128,25,-5.453041,161.594864,160.676529,0.918335,2.451207,2.460651,1.122020,0.754343,0.242792,0.007096,0.201306,1.477395,67.462921,0.000636,2.400430,-0.000041,1.000000,2.408421,-0.000039,1.000000,0.600250,0.601702,0.107071,0.000000,PSF-00232_20250723111804_684,PFA-00245,PSA-00257,PSF-00232,RHS-00222,3.0.0,2021-01-19T12:57:14.097Z
31,11:19:00,2025-07-23,Manual gsw+F,LI-COR Default,,031,,,0.015678,2.166618,0.015566,0.558370,1.139710,1.119163,3.927069,2.787359,13.948176,14.204251,48.943214,0.441786,7.500000,PSF-00232_20250723111900_73f,0.000000,0.000000,0.000000,89.007141,271.476898,0.672137,0.5,0.80,298.942474,1.000000,29.91,29.37,28.07,28.59,28.59,80.24,95.0,33.2,65.0,1112,4.048,11:17:19,2025-07-23,0.35,1,-0.000,0.002,0.008,0.938,1.788,3.025,0,150,-9999.000,-9999.000000,0.058905,0.000000,0.029230,0.000000,0.000000,-0.000068,standard,0,mpf,7000,500,-9999.000000,-9999.000000,300,300,300,250.891327,25,-14.560789,247.872589,250.612610,-2.740021,2.451687,2.460370,1.162880,0.661835,0.241399,0.005969,0.205147,1.034037,89.007141,0.000620,2.400430,-0.000041,1.000000,2.408421,-0.000039,1.000000,0.600250,0.601702,0.107071,0.000000,PSF-00232_20250723111900_73f,PFA-00245,PSA-00257,PSF-00232,RHS-00222,3.0.0,2021-01-19T12:57:14.097Z
32,11:20:20,2025-07-23,Manual gsw+F,LI-COR Default,,032,,,0.013510,2.084471,0.013423,0.586828,1.167310,1.144542,4.550858,3.383547,14.261496,14.545196,56.705681,0.441786,7.500000,PSF-00232_20250723112020_ad7,0.000000,0.000000,0.000000,105.298874,122.347115,0.139343,0.5,0.80,109.074142,1.000000,30.15,29.57,28.34,31.15,31.15,80.25,90.1,83.4,7.4,1957,4.046,11:17:19,2025-07-23,0.35,1,-0.001,0.000,0.003,3.819,3.744,-1.625,0,150,-9999.000,-9999.000000,0.058905,0.000000,0.029230,0.000000,0.000000,-0.000068,standard,0,mpf,7000,500,-9999.000000,-9999.000000,300,300,300,120.979073,25,-0.933175,121.408585,121.009964,0.398621,2.451937,2.460697,1.128470,0.761360,0.238802,0.033923,0.210827,1.738508,105.298874,0.000598,2.400430,-0.000041,1.000000,2.408421,-0.000039,1.000000,0.600250,0.601702,0.107071,0.000000,PSF-00232_20250723112020_ad7,PFA-00245,PSA-00257,PSF-00232,RHS-00222,3.0.0,2021-01-19T12:57:14.097Z
33,11:21:02,2025-07-23,Manual gsw+F,LI-COR Default,,033,,,0.034277,2.157073,0.033740,1.141372,1.131981,1.089710,3.763988,2.632007,13.578345,14.105065,46.901226,0.441786,7.500000,PSF-00232_20250723112102_fed,0.000000,0.000000,0.000000,74.052933,295.190125,0.749135,0.5,0.80,511.978333,1.000000,28.99,27.90,28.49,27.86,27.86,80.25,94.4,36.5,61.3,1709,4.045,11:17:19,2025-07-23,0.35,1,0.000,0.001,0.004,0.093,0.209,0.757,0,150,-9999.000,-9999.000000,0.058905,0.000000,0.029230,0.000000,0.000000,-0.000068,standard,0,mpf,7000,500,-9999.000000,-9999.000000,300,300,300,273.702271,25,-15.984583,270.826569,272.285675,-1.459106,2.449345,2.458862,1.158779,0.667951,0.237377,-0.007840,0.213670,1.531451,74.052933,0.000607,2.400430,-0.000041,1.000000,2.408421,-0.000039,1.000000,0.600250,0.601702,0.107071,0.000000,PSF-00232_20250723112102_fed,PFA-00245,PSA-00257,PSF-00232,RHS-00222,3.0.0,2021-01-19T12:57:14.097Z
34,11:21:43,2025-07-23,Manual gsw+F,LI-COR Default,,034,,,0.018549,1.997830,0.018378,0.969876,1.235310,1.195510,5.298392,4.063082,14.895600,15.391501,66.015976,0.441786,7.500000,PSF-00232_20250723112143_78c,0.000000,0.000000,0.000000,46.633602,72.315430,0.355136,0.5,0.80,278.305634,1.000000,31.37,30.36,28.63,33.85,33.85,80.26,85.1,82.5,3.0,1959,4.044,11:17:19,2025-07-23,0.35,1,0.001,0.002,0.003,0.169,0.120,0.542,0,150,-9999.000,-9999.000000,0.058905,0.000000,0.029230,0.000000,0.000000,-0.000068,standard,0,mpf,7000,500,-9999.000000,-9999.000000,300,300,300,68.284752,25,-2.807232,68.721771,68.292923,0.428848,2.453109,2.462523,1.094175,0.759466,0.236056,0.064289,0.216431,1.740354,46.633602,0.000610,2.400430,-0.000041,1.000000,2.408421,-0.000039,1.000000,0.600250,0.601702,0.107071,0.000000,PSF-00232_20250723112143_78c,PFA-00245,PSA-00257,PSF-00232,RHS-00222,3.0.0,2021-01-19T12:57:14.097Z
35,11:22:33,2025-07-23,Manual gsw+F,LI-COR Default,,035,,,0.030069,2.028801,0.029630,1.305943,1.144318,1.091752,4.556001,3.411684,13.603285,14.258253,56.768005,0.441786,7.500000,PSF-00232_20250723112233_516,0.000000,0.000000,0.000000,75.475571,98.281502,0.232047,0.5,0.80,188.747284,1.000000,28.74,27.42,28.82,31.17,31.17,80.26,86.8,69.9,19.5,2034,4.038,11:17:19,2025-07-23,0.35,1,0.004,0.003,0.001,2.524,6.827,9.016,0,150,-9999.000,-9999.000000,0.058905,0.000000,0.029230,0.000000,0.000000,-0.000068,standard,0,mpf,7000,500,-9999.000000,-9999.000000,300,300,300,98.281502,25,1.714901,103.101967,100.738800,2.363167,2.448549,2.458434,1.106213,0.733415,0.234290,0.028311,0.219458,1.802341,75.475571,0.000612,2.400430,-0.000041,1.000000,2.408421,-0.000039,1.000000,0.600250,0.601702,0.107071,0.000000,PSF-00232_20250723112233_516,PFA-00245,PSA-00257,PSF-00232,RHS-00222,3.0.0,2021-01-19T12:57:14.097Z
36,11:26:07,2025-07-23,Manual gsw+F,LI-COR Default,,036,,,-0.023499,2.183929,-0.023754,-0.995846,1.102706,1.138959,4.351756,3.249050,14.196530,13.744654,54.242359,0.441786,7.500000,PSF-00232_20250723112607_2ca,0.000000,0.000000,0.000000,64.289330,93.638062,0.313427,0.5,0.80,132.408966,1.000000,26.93,27.82,29.31,30.37,30.37,80.23,96.0,4.9,94.9,1056,4.037,11:17:19,2025-07-23,0.35,1,0.001,0.002,0.006,0.030,3.435,8.397,0,150,-9999.000,-9999.000000,0.058905,0.000000,0.029230,0.000000,0.000000,-0.000068,standard,0,mpf,7000,500,-9999.000000,-9999.000000,300,300,300,90.801361,25,-3.315536,87.938187,88.887199,-0.949013,2.449084,2.455526,1.170387,0.610347,0.229840,0.012542,0.231913,0.987541,64.289330,0.000623,2.400430,-0.000041,1.000000,2.408421,-0.000039,1.000000,0.600250,0.601702,0.107071,0.000000,PSF-00232_20250723112607_2ca,PFA-00245,PSA-00257,PSF-00232,RHS-00222,3.0.0,2021-01-19T12:57:14.097Z
37,11:26:42,2025-07-23,Manual gsw+F,LI-COR Default,,037,,,0.044224,1.912534,0.043224,1.798347,1.200823,1.122658,4.422771,3.221948,13.988984,14.962970,55.110359,0.441786,7.500000,PSF-00232_20250723112642_9f3,0.000000,0.000000,0.000000,88.390587,165.490143,0.465886,0.5,0.80,362.298431,1.000000,29.12,27.23,29.43,30.65,30.65,80.25,80.3,77.9,3.0,1944,4.036,11:17:19,2025-07-23,0.35,1,-0.001,-0.000,0.002,-3.213,-4.396,-10.060,0,150,-9999.000,-9999.000000,0.058905,0.000000,0.029230,0.000000,0.000000,-0.000068,standard,0,mpf,7000,500,-9999.000000,-9999.000000,300,300,300,149.706238,25,-11.439324,147.172806,149.098633,-1.925827,2.448148,2.458924,1.062203,0.749909,0.228733,0.014516,0.234305,1.727840,88.390587,0.000609,2.400430,-0.000041,1.000000,2.408421,-0.000039,1.000000,0.600250,0.601702,0.107071,0.000000,PSF-00232_20250723112642_9f3,PFA-00245,PSA-00257,PSF-00232,RHS-00222,3.0.0,2021-01-19T12:57:14.097Z
38,11:27:45,2025-07-23,Manual gsw+F,LI-COR Default,,038,,,0.008086,2.044644,0.008054,0.373566,1.117721,1.102835,4.705178,3.587457,13.741426,13.926903,58.626934,0.441786,7.500000,PSF-00232_20250723112745_3f9,0.000000,0.000000,0.000000,71.436165,126.391037,0.434800,0.5,0.80,341.829041,1.000000,26.84,26.48,29.61,31.74,31.74,80.26,87.7,33.6,61.7,1965,4.034,11:17:19,2025-07-23,0.35,1,-0.001,-0.000,0.003,-2.477,-4.166,-17.342,0,150,-9999.000,-9999.000000,0.058905,0.000000,0.029230,0.000000,0.000000,-0.000068,standard,0,mpf,7000,500,-9999.000000,-9999.000000,300,300,300,115.364311,25,-7.563340,115.326759,115.553459,-0.226700,2.446955,2.455329,1.112465,0.662554,0.227160,0.025793,0.238456,1.745597,71.436165,0.000629,2.400430,-0.000041,1.000000,2.408421,-0.000039,1.000000,0.600250,0.601702,0.107071,0.000000,PSF-00232_20250723112745_3f9,PFA-00245,PSA-00257,PSF-00232,RHS-00222,3.0.0,2021-01-19T12:57:14.097Z
39,11:29:05,2025-07-23,Manual gsw+F,LI-COR Default,,039,,,0.005825,2.042676,0.005808,0.258499,1.124229,1.113919,4.568464,3.444235,13.883855,14.012356,56.941204,0.441786,7.500000,PSF-00232_20250723112905_dd0,0.000000,0.000000,0.000000,131.319885,227.794678,0.423516,0.5,0.80,247.027679,1.000000,26.66,26.42,29.82,31.22,31.22,80.23,87.6,86.0,1.9,1458,4.032,11:28:32,2025-07-23,0.34,1,-0.001,0.000,0.002,-7.018,-7.795,-26.730,0,150,-9999.000,-9999.000000,0.058905,0.000000,0.029230,0.000000,0.000000,-0.000068,standard,0,mpf,7000,500,-9999.000000,-9999.000000,300,300,300,217.305786,25,-7.438191,215.427872,217.136429,-1.708557,2.446826,2.455039,1.111685,0.766837,0.225247,0.016753,0.243557,1.322724,131.319885,0.000614,2.400430,-0.000041,1.000000,2.408421,-0.000039,1.000000,0.600250,0.601702,0.107071,0.000000,PSF-00232_20250723112905_dd0,PFA-00245,PSA-00257,PSF-00232,RHS-00222,3.0.0,2021-01-19T12:57:14.097Z
40,11:29:38,2025-07-23,Manual gsw+F,LI-COR Default,,040,,,0.028620,2.098472,0.028235,1.126109,1.133720,1.090405,4.227702,3.093982,13.586539,14.126251,52.677540,0.441786,7.500000,PSF-00232_20250723112938_010,0.000000,0.000000,0.000000,87.908150,309.777863,0.716222,0.5,0.80,591.601990,1.000000,26.76,25.73,29.90,29.87,29.87,80.26,90.9,81.0,10.9,2065,4.031,11:28:32,2025-07-23,0.34,1,0.000,0.000,0.005,3.405,3.744,3.525,0,150,-9999.000,-9999.000000,0.058905,0.000000,0.029230,0.000000,0.000000,-0.000068,standard,0,mpf,7000,500,-9999.000000,-9999.000000,300,300,300,286.706329,25,-15.603696,287.925110,287.419189,0.505920,2.445745,2.455176,1.134199,0.756314,0.224500,-0.000845,0.245574,1.828608,87.908150,0.000625,2.400430,-0.000041,1.000000,2.408421,-0.000039,1.000000,0.600250,0.601702,0.107071,0.000000,PSF-00232_20250723112938_010,PFA-00245,PSA-00257,PSF-00232,RHS-00222,3.0.0,2021-01-19T12:57:14.097Z
41,11:30:16,2025-07-23,Manual gsw+F,LI-COR Default,,041,,,0.005740,2.091099,0.005724,0.220739,1.118780,1.110250,4.111775,2.992996,13.838464,13.944785,51.250332,0.441786,7.500000,PSF-00232_20250723113016_b07,0.000000,0.000000,0.000000,49.970268,182.044373,0.725505,0.5,0.80,312.892792,1.000000,26.29,26.09,29.98,29.38,29.38,80.23,90.4,68.6,24.2,1078,4.026,11:28:32,2025-07-23,0.34,1,0.001,0.001,0.003,-2.322,-1.202,-3.119,0,150,-9999.000,-9999.000000,0.058905,0.000000,0.029230,0.000000,0.000000,-0.000068,standard,0,mpf,7000,500,-9999.000000,-9999.000000,300,300,300,168.688416,25,-10.975911,166.202194,166.316895,-0.114700,2.446295,2.454435,1.131176,0.730748,0.223849,-0.007582,0.247700,1.005926,49.970268,0.000637,2.400430,-0.000041,1.000000,2.408421,-0.000039,1.000000,0.600250,0.601702,0.107071,0.000000,PSF-00232_20250723113016_b07,PFA-00245,PSA-00257,PSF-00232,RHS-00222,3.0.0,2021-01-19T12:57:14.097Z
42,11:33:13,2025-07-23,Manual gsw+F,LI-COR Default,,042,,,0.005188,2.102540,0.005175,0.215436,1.069484,1.061213,4.298479,3.228995,13.224626,13.327690,53.566776,0.441786,7.500000,PSF-00232_20250723113313_dde,0.000000,0.000000,0.000000,56.811333,183.142731,0.689798,0.5,0.80,477.591858,1.000000,24.86,24.67,30.17,30.15,30.15,80.25,91.1,32.8,64.0,1731,4.025,11:28:32,2025-07-23,0.34,1,-0.000,0.001,0.006,1.572,1.323,2.163,0,150,-9999.000,-9999.000000,0.058905,0.000000,0.029230,0.000000,0.000000,-0.000068,standard,0,mpf,7000,500,-9999.000000,-9999.000000,300,300,300,167.163132,25,-11.183585,166.361328,167.117676,-0.756348,2.444025,2.452136,1.135873,0.661107,0.222152,-0.000588,0.257142,1.550082,56.811333,0.000627,2.400430,-0.000041,1.000000,2.408421,-0.000039,1.000000,0.600250,0.601702,0.107071,0.000000,PSF-00232_20250723113313_dde,PFA-00245,PSA-00257,PSF-00232,RHS-00222,3.0.0,2021-01-19T12:57:14.097Z
43,11:33:37,2025-07-23,Manual gsw+F,LI-COR Default,,043,,,0.010189,2.010015,0.010138,0.435849,1.120364,1.102597,4.450887,3.330522,13.738762,13.960144,55.459652,0.441786,7.500000,PSF-00232_20250723113337_5e2,0.000000,0.000000,0.000000,69.169876,194.603806,0.644561,0.5,0.80,439.746246,1.000000,25.98,25.57,30.21,30.76,30.76,80.25,85.8,59.4,30.7,1706,4.025,11:28:32,2025-07-23,0.34,1,-0.000,0.001,0.001,0.277,1.310,5.265,0,150,-9999.000,-9999.000000,0.058905,0.000000,0.029230,0.000000,0.000000,-0.000068,standard,0,mpf,7000,500,-9999.000000,-9999.000000,300,300,300,177.380554,25,-12.553874,173.140533,176.615250,-3.474716,2.445437,2.453906,1.098883,0.712331,0.221793,0.006340,0.258726,1.528983,69.169876,0.000622,2.400430,-0.000041,1.000000,2.408421,-0.000039,1.000000,0.600250,0.601702,0.107071,0.000000,PSF-00232_20250723113337_5e2,PFA-00245,PSA-00257,PSF-00232,RHS-00222,3.0.0,2021-01-19T12:57:14.097Z
44,11:34:03,2025-07-23,Manual gsw+F,LI-COR Default,,044,,,-0.002864,1.988502,-0.002868,-0.112970,1.075247,1.079921,4.133907,3.058660,13.456584,13.398346,51.511414,0.441786,7.500000,PSF-00232_20250723113403_d33,0.000000,0.000000,0.000000,104.506371,384.608307,0.728278,0.5,0.80,405.951416,1.000000,24.86,24.97,30.26,29.48,29.48,80.25,84.5,63.0,25.5,1394,4.025,11:28:32,2025-07-23,0.34,1,-9999.000,-9999.000,-9999.000,-9999.000,-9999.000,-9999.000,0,150,-9999.000,-9999.000000,0.058905,0.000000,0.029230,0.000000,0.000000,-0.000068,standard,0,mpf,7000,500,-9999.000000,-9999.000000,300,300,300,370.026825,25,-10.349260,369.594086,369.778748,-0.184662,2.444493,2.452131,1.090595,0.719552,0.221365,-0.009912,0.260289,1.268816,104.506371,0.000615,2.400430,-0.000041,1.000000,2.408421,-0.000039,1.000000,0.600250,0.601702,0.107071,0.000000,PSF-00232_20250723113403_d33,PFA-00245,PSA-00257,PSF-00232,RHS-00222,3.0.0,2021-01-19T12:57:14.097Z
45,11:34:15,2025-07-23,Manual gsw+F,LI-COR Default,,045,,,-0.000301,1.998574,-0.000301,-0.012195,1.082219,1.082721,4.230870,3.148651,13.491174,13.484930,52.718498,0.441786,7.500000,PSF-00232_20250723113415_34b,0.000000,0.000000,0.000000,102.162125,403.860535,0.747036,0.5,0.80,405.036560,1.000000,25.00,25.02,30.28,29.88,29.88,80.25,85.1,53.2,37.5,1355,4.023,11:28:32,2025-07-23,0.34,1,-0.001,-0.000,-0.001,-0.101,-0.469,-0.765,0,150,-9999.000,-9999.000000,0.058905,0.000000,0.029230,0.000000,0.000000,-0.000068,standard,0,mpf,7000,500,-9999.000000,-9999.000000,300,300,300,385.724915,25,-12.881256,385.302551,385.402863,-0.100311,2.444562,2.452354,1.094461,0.700155,0.221243,-0.005212,0.260864,1.237093,102.162125,0.000619,2.400430,-0.000041,1.000000,2.408421,-0.000039,1.000000,0.600250,0.601702,0.107071,0.000000,PSF-00232_20250723113415_34b,PFA-00245,PSA-00257,PSF-00232,RHS-00222,3.0.0,2021-01-19T12:57:14.097Z
46,11:34:55,2025-07-23,Manual gsw+F,LI-COR Default,,046,,,0.171447,1.980864,0.157790,6.127107,1.373082,1.119264,4.377658,3.004576,13.946954,17.109734,54.549232,0.441786,7.500000,PSF-00232_20250723113455_a1c,0.000000,0.000000,0.000000,83.008286,164.940216,0.496737,0.5,0.80,394.589386,1.000000,31.60,25.76,30.35,30.47,30.47,80.25,84.1,74.8,11.1,1986,4.022,11:28:32,2025-07-23,0.34,1,0.002,0.001,0.003,-0.296,-0.455,-2.237,0,150,-9999.000,-9999.000000,0.058905,0.000000,0.029230,0.000000,0.000000,-0.000068,standard,0,mpf,7000,500,-9999.000000,-9999.000000,300,300,300,151.065582,25,-9.452361,151.573425,151.395844,0.177582,2.445714,2.462585,1.087680,0.743400,0.220635,0.001166,0.263169,1.762662,83.008286,0.000609,2.400430,-0.000041,1.000000,2.408421,-0.000039,1.000000,0.600250,0.601702,0.107071,0.000000,PSF-00232_20250723113455_a1c,PFA-00245,PSA-00257,PSF-00232,RHS-00222,3.0.0,2021-01-19T12:57:14.097Z
47,11:35:27,2025-07-23,Manual gsw+F,LI-COR Default,,047,,,0.034673,2.049301,0.034096,1.332513,1.120026,1.067091,4.153565,3.033539,13.295804,13.955364,51.752819,0.441786,7.500000,PSF-00232_20250723113527_b46,0.000000,0.000000,0.000000,99.383713,296.588715,0.664911,0.5,0.80,490.681793,1.000000,25.69,24.47,30.40,29.56,29.56,80.26,88.0,58.9,33.1,1845,4.020,11:28:32,2025-07-23,0.34,1,0.001,0.001,0.001,-4.075,-1.155,3.011,0,150,-9999.000,-9999.000000,0.058905,0.000000,0.029230,0.000000,0.000000,-0.000068,standard,0,mpf,7000,500,-9999.000000,-9999.000000,300,300,300,270.540131,25,-18.970016,264.742249,269.406403,-4.664154,2.443686,2.453416,1.114315,0.711291,0.220118,-0.010671,0.264768,1.645123,99.383713,0.000631,2.400430,-0.000041,1.000000,2.408421,-0.000039,1.000000,0.600250,0.601702,0.107071,0.000000,PSF-00232_20250723113527_b46,PFA-00245,PSA-00257,PSF-00232,RHS-00222,3.0.0,2021-01-19T12:57:14.097Z
48,11:36:48,2025-07-23,Manual gsw+F,LI-COR Default,,048,,,0.011157,2.208100,0.011101,0.566793,1.111701,1.091378,5.052145,3.940444,13.598372,13.851587,62.948799,0.441786,7.500000,PSF-00232_20250723113648_1ff,0.000000,0.000000,0.000000,33.205750,100.671501,0.670157,0.5,0.80,372.424438,1.000000,25.28,24.82,30.55,33.00,33.00,80.26,97.5,15.8,83.8,1389,4.018,11:28:32,2025-07-23,0.34,1,-0.000,0.000,0.008,0.515,-0.034,0.452,0,150,-9999.000,-9999.000000,0.058905,0.000000,0.029230,0.000000,0.000000,-0.000068,standard,0,mpf,7000,500,-9999.000000,-9999.000000,300,300,300,87.025520,25,-9.566627,85.465195,86.963394,-1.498199,2.444213,2.452754,1.181027,0.629813,0.218845,0.029919,0.268929,1.265303,33.205750,0.000607,2.400430,-0.000041,1.000000,2.408421,-0.000039,1.000000,0.600250,0.601702,0.107071,0.000000,PSF-00232_20250723113648_1ff,PFA-00245,PSA-00257,PSF-00232,RHS-00222,3.0.0,2021-01-19T12:57:14.097Z
49,11:37:58,2025-07-23,Manual gsw+F,LI-COR Default,,049,,,0.019321,2.091510,0.019144,1.000748,1.134977,1.096311,5.165477,4.030500,13.660553,14.142349,64.364304,0.441786,7.500000,PSF-00232_20250723113758_fb0,0.000000,0.000000,0.000000,73.462486,96.494240,0.238685,0.5,0.80,192.299911,1.000000,25.63,24.76,30.67,33.40,33.40,80.25,90.5,74.8,17.3,2014,4.017,11:28:32,2025-07-23,0.34,1,0.000,0.001,-9999.000,-0.404,-0.833,-9999.000,0,150,-9999.000,-9999.000000,0.058905,0.000000,0.029230,0.000000,0.000000,-0.000068,standard,0,mpf,7000,500,-9999.000000,-9999.000000,300,300,300,93.833687,25,-1.667744,94.878319,94.104515,0.773804,2.444102,2.453293,1.131343,0.743488,0.217806,0.033407,0.272507,1.786215,73.462486,0.000616,2.400430,-0.000041,1.000000,2.408421,-0.000039,1.000000,0.600250,0.601702,0.107071,0.000000,PSF-00232_20250723113758_fb0,PFA-00245,PSA-00257,PSF-00232,RHS-00222,3.0.0,2021-01-19T12:57:14.097Z
50,11:38:23,2025-07-23,Manual gsw+F,LI-COR Default,,050,,,0.010926,2.062246,0.010868,0.553207,1.112034,1.090242,5.040559,3.928524,13.584805,13.856347,62.807178,0.441786,7.500000,PSF-00232_20250723113823_4af,0.000000,0.000000,0.000000,81.655029,88.234467,0.074568,0.5,0.80,55.902916,1.000000,25.04,24.55,30.72,32.96,32.96,80.25,88.8,85.1,4.1,1874,4.009,11:28:32,2025-07-23,0.34,1,0.000,0.000,0.005,-7.840,-0.880,-0.837,0,150,-9999.000,-9999.000000,0.058905,0.000000,0.029230,0.000000,0.000000,-0.000068,standard,0,mpf,7000,500,-9999.000000,-9999.000000,300,300,300,85.785988,25,-2.290313,88.454247,84.952660,3.501587,2.443770,2.452355,1.119486,0.764961,0.217387,0.027309,0.273834,1.669565,81.655029,0.000627,2.400430,-0.000041,1.000000,2.408421,-0.000039,1.000000,0.600250,0.601702,0.107071,0.000000,PSF-00232_20250723113823_4af,PFA-00245,PSA-00257,PSF-00232,RHS-00222,3.0.0,2021-01-19T12:57:14.097Z
51,11:44:19,2025-07-23,Manual gsw+F,LI-COR Default,,051,,,0.019549,2.190500,0.019376,0.622356,0.994420,0.971830,3.498983,2.504564,12.114328,12.395927,43.616531,0.441786,7.500000,PSF-00232_20250723114419_fc7,0.000000,0.000000,0.000000,91.856720,302.527130,0.696369,0.5,0.80,125.164833,1.000000,24.53,23.98,29.13,26.61,26.61,80.22,96.4,80.2,16.9,449,4.008,11:44:07,2025-07-23,0.38,1,0.000,0.001,0.007,0.030,0.324,1.101,0,150,-9999.000,-9999.000000,0.058905,0.000000,0.029230,0.000000,0.000000,-0.000068,standard,0,mpf,7000,500,-9999.000000,-9999.000000,300,300,300,291.424500,25,-7.730205,289.884918,291.450439,-1.565521,2.443081,2.451707,1.173261,0.754620,0.231434,-0.030256,0.287494,0.481679,91.856720,0.000630,2.400430,-0.000041,1.000000,2.408421,-0.000039,1.000000,0.600250,0.601702,0.107071,0.000000,PSF-00232_20250723114419_fc7,PFA-00245,PSA-00257,PSF-00232,RHS-00222,3.0.0,2021-01-19T12:57:14.097Z
52,11:44:53,2025-07-23,Manual gsw+F,LI-COR Default,,052,,,0.000362,2.375369,0.000362,0.012281,0.948444,0.948047,3.595990,2.647546,11.817430,11.822374,44.824089,0.441786,7.500000,PSF-00232_20250723114453_00d,0.000000,0.000000,0.000000,51.040291,177.403091,0.712292,0.5,0.80,20.150003,1.000000,23.63,23.62,28.97,27.08,27.08,80.22,108.4,45.5,58.0,71,4.007,11:44:07,2025-07-23,0.38,1,-0.000,0.000,0.000,0.749,-8.099,-10.303,0,150,-9999.000,-9999.000000,0.058905,0.000000,0.029230,0.000000,0.000000,-0.000068,standard,0,mpf,7000,500,-9999.000000,-9999.000000,300,300,300,177.403091,25,7.138922,181.669952,187.632523,-5.962570,2.442527,2.450269,1.260321,0.685212,0.232953,-0.022799,0.288978,0.166030,51.040291,0.000644,2.400430,-0.000041,1.000000,2.408421,-0.000039,1.000000,0.600250,0.601702,0.107071,0.000000,PSF-00232_20250723114453_00d,PFA-00245,PSA-00257,PSF-00232,RHS-00222,3.0.0,2021-01-19T12:57:14.097Z
53,11:45:20,2025-07-23,Manual gsw+F,LI-COR Default,,053,,,0.013023,2.313751,0.012950,0.392930,0.971615,0.958423,3.340517,2.368902,11.946282,12.110713,41.637928,0.441786,7.500000,PSF-00232_20250723114520_7c9,0.000000,0.000000,0.000000,108.073357,388.216309,0.721616,0.5,0.80,16.454750,1.000000,24.39,24.06,28.84,25.83,25.83,80.23,104.3,62.9,39.7,57,4.006,11:44:07,2025-07-23,0.38,1,0.000,0.001,0.004,0.224,0.575,1.352,0,150,-9999.000,-9999.000000,0.058905,0.000000,0.029230,0.000000,0.000000,-0.000068,standard,0,mpf,7000,500,-9999.000000,-9999.000000,300,300,300,374.561554,25,-9.765233,372.180817,374.223633,-2.042816,2.443246,2.451510,1.229878,0.719248,0.234157,-0.035847,0.290116,0.154596,108.073357,0.000652,2.400430,-0.000041,1.000000,2.408421,-0.000039,1.000000,0.600250,0.601702,0.107071,0.000000,PSF-00232_20250723114520_7c9,PFA-00245,PSA-00257,PSF-00232,RHS-00222,3.0.0,2021-01-19T12:57:14.097Z
54,11:46:02,2025-07-23,Manual gsw+F,LI-COR Default,,054,,,-0.033360,2.497688,-0.033811,-1.103595,0.915576,0.948574,3.462687,2.547112,11.823734,11.412419,43.161526,0.441786,7.500000,PSF-00232_20250723114602_857,0.000000,0.000000,0.000000,71.414711,152.066101,0.530371,0.5,0.80,13.075371,1.000000,23.24,24.08,28.64,26.44,26.44,80.23,117.2,-9.3,107.9,62,4.005,11:44:07,2025-07-23,0.38,1,0.001,0.001,0.001,0.099,0.155,-0.438,0,150,-9999.000,-9999.000000,0.058905,0.000000,0.029230,0.000000,0.000000,-0.000068,standard,0,mpf,7000,500,-9999.000000,-9999.000000,300,300,300,146.043427,25,-4.255059,144.960159,145.968994,-1.008835,2.443314,2.449695,1.325837,0.585632,0.235985,-0.026402,0.291889,0.158453,71.414711,0.000634,2.400430,-0.000041,1.000000,2.408421,-0.000039,1.000000,0.600250,0.601702,0.107071,0.000000,PSF-00232_20250723114602_857,PFA-00245,PSA-00257,PSF-00232,RHS-00222,3.0.0,2021-01-19T12:57:14.097Z
55,11:46:25,2025-07-23,Manual gsw+F,LI-COR Default,,055,,,0.006413,2.417454,0.006396,0.194465,0.946391,0.940276,3.320747,2.374355,11.720701,11.796935,41.393688,0.441786,7.500000,PSF-00232_20250723114625_7f0,0.000000,0.000000,0.000000,134.580734,383.158417,0.648760,0.5,0.80,23.636967,1.000000,24.18,24.03,28.53,25.73,25.73,80.22,111.4,57.4,48.5,91,4.005,11:44:07,2025-07-23,0.38,1,0.001,0.001,0.005,0.391,0.768,2.506,0,150,-9999.000,-9999.000000,0.058905,0.000000,0.029230,0.000000,0.000000,-0.000068,standard,0,mpf,7000,500,-9999.000000,-9999.000000,300,300,300,374.336243,25,-6.609307,370.752106,373.687897,-2.935791,2.443241,2.451224,1.282049,0.708313,0.237029,-0.033312,0.292953,0.183006,134.580734,0.000643,2.400430,-0.000041,1.000000,2.408421,-0.000039,1.000000,0.600250,0.601702,0.107071,0.000000,PSF-00232_20250723114625_7f0,PFA-00245,PSA-00257,PSF-00232,RHS-00222,3.0.0,2021-01-19T12:57:14.097Z
56,11:47:02,2025-07-23,Manual gsw+F,LI-COR Default,,056,,,0.005932,2.347575,0.005917,0.180122,0.977065,0.971146,3.353290,2.376225,12.105775,12.179550,41.800262,0.441786,7.500000,PSF-00232_20250723114702_caf,0.000000,0.000000,0.000000,63.356281,282.393768,0.775646,0.5,0.80,32.359791,1.000000,25.23,25.08,28.35,25.89,25.89,80.22,106.5,69.4,34.9,104,4.002,11:44:07,2025-07-23,0.38,1,0.002,0.000,0.001,-0.412,-0.221,-0.432,0,150,-9999.000,-9999.000000,0.058905,0.000000,0.029230,0.000000,0.000000,-0.000068,standard,0,mpf,7000,500,-9999.000000,-9999.000000,300,300,300,265.757904,25,-12.805079,264.505493,264.045258,0.460236,2.444941,2.452931,1.246396,0.732358,0.238750,-0.029211,0.294624,0.194022,59.661629,0.000640,2.400430,-0.000041,1.000000,2.408421,-0.000039,1.000000,0.600250,0.601702,0.107071,0.000000,PSF-00232_20250723114702_caf,PFA-00245,PSA-00257,PSF-00232,RHS-00222,3.0.0,2021-01-19T12:57:14.097Z
57,11:48:54,2025-07-23,Manual gsw+F,LI-COR Default,,057,,,0.005173,2.372601,0.005162,0.161831,0.941966,0.936731,3.388734,2.446768,11.678877,11.744148,42.249718,0.441786,7.500000,PSF-00232_20250723114854_3db,0.000000,0.000000,0.000000,165.186523,415.623901,0.602558,0.5,0.80,49.832306,1.000000,25.04,24.90,27.85,26.07,26.07,80.21,108.2,105.1,2.9,207,4.000,11:44:07,2025-07-23,0.38,1,0.000,0.001,0.001,-2.926,7.203,26.404,0,150,-9999.000,-9999.000000,0.058905,0.000000,0.029230,0.000000,0.000000,-0.000068,standard,0,mpf,7000,500,-9999.000000,-9999.000000,300,300,300,409.594055,25,-4.697614,405.901184,408.892639,-2.991455,2.444728,2.452693,1.258920,0.808102,0.243488,-0.021210,0.300328,0.279435,165.186523,0.000635,2.400430,-0.000041,1.000000,2.408421,-0.000039,1.000000,0.600250,0.601702,0.107071,0.000000,PSF-00232_20250723114854_3db,PFA-00245,PSA-00257,PSF-00232,RHS-00222,3.0.0,2021-01-19T12:57:14.097Z
58,11:49:40,2025-07-23,Manual gsw+F,LI-COR Default,,058,,,0.005586,2.495988,0.005573,0.157648,0.959584,0.954869,3.170119,2.210535,11.904425,11.963212,39.522125,0.441786,7.500000,PSF-00232_20250723114940_e0d,0.000000,0.000000,0.000000,109.506371,563.290039,0.805595,0.5,0.80,20.990200,1.000000,25.80,25.67,27.66,24.95,24.95,80.21,117.1,79.0,32.5,65,4.000,11:44:07,2025-07-23,0.38,1,0.001,0.001,0.006,3.300,11.142,39.583,0,150,-9999.000,-9999.000000,0.058905,0.000000,0.029230,0.000000,0.000000,-0.000068,standard,0,mpf,7000,500,-9999.000000,-9999.000000,300,300,300,542.276855,25,-13.994899,543.043274,543.236633,-0.193359,2.445975,2.453929,1.324874,0.752272,0.245355,-0.031938,0.302557,0.161375,109.506371,0.000641,2.400430,-0.000041,1.000000,2.408421,-0.000039,1.000000,0.600250,0.601702,0.107071,0.000000,PSF-00232_20250723114940_e0d,PFA-00245,PSA-00257,PSF-00232,RHS-00222,3.0.0,2021-01-19T12:57:14.097Z
59,11:50:12,2025-07-23,Manual gsw+F,LI-COR Default,,059,,,0.006140,2.446174,0.006125,0.180208,0.937978,0.932413,3.236552,2.298574,11.624325,11.693704,40.349854,0.441786,7.500000,PSF-00232_20250723115012_12a,0.000000,0.000000,0.000000,81.125381,388.033264,0.790932,0.5,0.80,19.953173,1.000000,25.42,25.27,27.52,25.30,25.30,80.21,113.4,79.4,30.0,63,3.996,11:44:07,2025-07-23,0.38,1,-0.001,-0.000,0.000,-0.878,-0.989,-0.863,0,150,-9999.000,-9999.000000,0.058905,0.000000,0.029230,0.000000,0.000000,-0.000068,standard,0,mpf,7000,500,-9999.000000,-9999.000000,300,300,300,380.990631,25,-4.523494,387.659302,381.551514,6.107788,2.445364,2.453351,1.297349,0.753061,0.246711,-0.026262,0.304053,0.159649,81.125381,0.000642,2.400430,-0.000041,1.000000,2.408421,-0.000039,1.000000,0.600250,0.601702,0.107071,0.000000,PSF-00232_20250723115012_12a,PFA-00245,PSA-00257,PSF-00232,RHS-00222,3.0.0,2021-01-19T12:57:14.097Z
60,11:52:05,2025-07-23,Manual gsw+F,LI-COR Default,,060,,,0.002431,2.472457,0.002429,0.068822,0.948094,0.946003,3.162868,2.214775,11.791695,11.817750,39.424355,0.441786,7.500000,PSF-00232_20250723115205_fd6,0.000000,0.000000,0.000000,74.604752,320.529327,0.767245,0.5,0.80,22.915516,1.000000,26.32,26.26,27.11,24.91,24.91,80.23,115.3,107.2,7.0,75,3.996,11:44:07,2025-07-23,0.38,1,-0.000,0.000,0.002,0.080,0.208,0.420,0,150,-9999.000,-9999.000000,0.058905,0.000000,0.029230,0.000000,0.000000,-0.000068,standard,0,mpf,7000,500,-9999.000000,-9999.000000,300,300,300,311.427704,25,-6.175820,314.102783,311.679932,2.422852,2.446996,2.454847,1.311710,0.812766,0.250774,-0.025844,0.309674,0.169320,74.604752,0.000649,2.400430,-0.000041,1.000000,2.408421,-0.000039,1.000000,0.600250,0.601702,0.107071,0.000000,PSF-00232_20250723115205_fd6,PFA-00245,PSA-00257,PSF-00232,RHS-00222,3.0.0,2021-01-19T12:57:14.097Z
61,11:52:33,2025-07-23,Manual gsw+F,LI-COR Default,,061,,,0.007517,2.534953,0.007495,0.221031,0.967408,0.960958,3.271039,2.303632,11.977279,12.057669,40.769886,0.441786,7.500000,PSF-00232_20250723115233_7a0,0.000000,0.000000,0.000000,67.807320,240.469696,0.718021,0.5,0.80,75.993393,1.000000,26.99,26.81,27.03,25.48,25.48,80.23,120.0,81.3,32.3,265,3.995,11:44:07,2025-07-23,0.38,1,-0.000,-0.001,-0.002,1.501,4.129,3.229,0,150,-9999.000,-9999.000000,0.058905,0.000000,0.029230,0.000000,0.000000,-0.000068,standard,0,mpf,7000,500,-9999.000000,-9999.000000,300,300,300,240.469696,25,24.523720,250.587708,275.609955,-25.022247,2.447866,2.455917,1.347353,0.756881,0.251597,-0.018329,0.311229,0.327654,67.807320,0.000642,2.400430,-0.000041,1.000000,2.408421,-0.000039,1.000000,0.600250,0.601702,0.107071,0.000000,PSF-00232_20250723115233_7a0,PFA-00245,PSA-00257,PSF-00232,RHS-00222,3.0.0,2021-01-19T12:57:14.097Z
62,11:52:42,2025-07-23,Manual gsw+F,LI-COR Default,,062,,,-0.025015,2.667296,-0.025252,-0.215140,0.937732,0.943495,1.610364,0.672632,11.760643,11.688811,20.073156,0.441786,7.500000,PSF-00232_20250723115242_eee,0.000000,0.000000,0.000000,1.699090,1.764536,0.037090,0.5,0.80,5.991042,1.000000,26.20,26.36,27.00,14.06,14.06,80.22,130.8,-10.7,108.2,404,3.995,11:44:07,2025-07-23,0.38,1,-9999.000,-9999.000,-9999.000,-9999.000,-9999.000,-9999.000,0,150,-9999.000,-9999.000000,0.058905,0.000000,0.029230,0.000000,0.000000,-0.000068,standard,0,mpf,7000,500,-9999.000000,-9999.000000,300,300,300,1.764536,25,-0.018506,1.735926,1.738019,-0.002093,2.447159,2.454663,1.431122,0.583212,0.251827,-0.143010,0.311668,0.443726,1.699090,0.000643,2.400430,-0.000041,1.000000,2.408421,-0.000039,1.000000,0.600250,0.601702,0.107071,0.000000,PSF-00232_20250723115242_eee,PFA-00245,PSA-00257,PSF-00232,RHS-00222,3.0.0,2021-01-19T12:57:14.097Z
63,11:52:55,2025-07-23,Manual gsw+F,LI-COR Default,,063,,,0.014175,2.616658,0.014098,0.408910,0.954168,0.942847,3.220608,2.266440,11.752059,11.893168,40.143074,0.441786,7.500000,PSF-00232_20250723115255_37d,0.000000,0.000000,0.000000,96.486572,367.054260,0.737133,0.5,0.80,172.127411,1.000000,26.70,26.38,26.97,25.21,25.21,80.23,126.5,34.3,72.9,584,3.993,11:44:07,2025-07-23,0.38,1,0.000,0.004,0.013,0.073,0.023,1.434,0,150,-9999.000,-9999.000000,0.058905,0.000000,0.029230,0.000000,0.000000,-0.000068,standard,0,mpf,7000,500,-9999.000000,-9999.000000,300,300,300,353.683594,25,-9.487729,349.592682,353.459198,-3.866516,2.447207,2.455470,1.397573,0.663846,0.252120,-0.020738,0.312305,0.593746,96.486572,0.000654,2.400430,-0.000041,1.000000,2.408421,-0.000039,1.000000,0.600250,0.601702,0.107071,0.000000,PSF-00232_20250723115255_37d,PFA-00245,PSA-00257,PSF-00232,RHS-00222,3.0.0,2021-01-19T12:57:14.097Z
64,11:53:59,2025-07-23,Manual gsw+F,LI-COR Default,,064,,,0.127331,2.691793,0.121580,1.002782,0.964683,0.938267,1.615703,0.651020,11.695914,12.025208,20.140467,0.441786,7.500000,PSF-00232_20250723115359_932,0.000000,0.000000,0.000000,1.736283,1.779914,0.024513,0.5,0.80,5.957256,1.000000,27.17,26.42,26.87,14.11,14.11,80.22,132.9,-10.3,107.7,608,3.993,11:44:07,2025-07-23,0.38,1,-9999.000,-9999.000,-9999.000,-9999.000,-9999.000,-9999.000,0,150,-9999.000,-9999.000000,0.058905,0.000000,0.029230,0.000000,0.000000,-0.000068,standard,0,mpf,7000,500,-9999.000000,-9999.000000,300,300,300,1.779914,25,-0.016168,1.735568,1.756747,-0.021179,2.447284,2.456223,1.448120,0.583914,0.253201,-0.140871,0.316271,0.613581,1.736283,0.000636,2.400430,-0.000041,1.000000,2.408421,-0.000039,1.000000,0.600250,0.601702,0.107071,0.000000,PSF-00232_20250723115359_932,PFA-00245,PSA-00257,PSF-00232,RHS-00222,3.0.0,2021-01-19T12:57:14.097Z
65,11:54:17,2025-07-23,Manual gsw+F,LI-COR Default,,065,,,0.069396,2.604110,0.067595,2.772736,1.039490,0.962182,4.222401,3.182911,11.993548,12.957182,52.631989,0.441786,7.500000,PSF-00232_20250723115417_5a6,0.000000,0.000000,0.000000,66.627502,204.938293,0.674890,0.5,0.80,341.550720,1.000000,29.26,27.09,26.87,29.84,29.84,80.22,125.5,89.0,29.1,1265,3.992,11:44:07,2025-07-23,0.38,1,0.000,-0.000,0.001,-0.023,0.309,0.563,0,150,-9999.000,-9999.000000,0.058905,0.000000,0.029230,0.000000,0.000000,-0.000068,standard,0,mpf,7000,500,-9999.000000,-9999.000000,300,300,300,181.230423,25,-18.939182,176.666016,177.800171,-1.134155,2.448326,2.459514,1.389564,0.773137,0.253137,0.035551,0.317407,1.161838,66.627502,0.000636,2.400430,-0.000041,1.000000,2.408421,-0.000039,1.000000,0.600250,0.601702,0.107071,0.000000,PSF-00232_20250723115417_5a6,PFA-00245,PSA-00257,PSF-00232,RHS-00222,3.0.0,2021-01-19T12:57:14.097Z
66,11:54:50,2025-07-23,Manual gsw+F,LI-COR Default,,066,,,0.014056,2.634148,0.013982,0.445400,1.017362,1.005182,3.500721,2.483360,12.530944,12.682779,43.641182,0.441786,7.500000,PSF-00232_20250723115450_14d,0.000000,0.000000,0.000000,125.285629,309.305786,0.594946,0.5,0.80,103.445168,1.000000,28.52,28.18,26.94,26.62,26.62,80.22,128.0,75.4,41.1,435,3.988,11:54:41,2025-07-23,0.32,1,-0.002,-0.002,0.001,-3.479,-12.476,-11.942,0,150,-9999.000,-9999.000000,0.058905,0.000000,0.029230,0.000000,0.000000,-0.000068,standard,0,mpf,7000,500,-9999.000000,-9999.000000,300,300,300,302.854645,25,-5.319730,299.525513,301.683105,-2.157593,2.450018,2.458438,1.408931,0.744651,0.252411,-0.003953,0.319767,0.469453,125.285629,0.000639,2.400430,-0.000041,1.000000,2.408421,-0.000039,1.000000,0.600250,0.601702,0.107071,0.000000,PSF-00232_20250723115450_14d,PFA-00245,PSA-00257,PSF-00232,RHS-00222,3.0.0,2021-01-19T12:57:14.097Z
67,11:57:12,2025-07-23,Manual gsw+F,LI-COR Default,,067,,,0.066530,2.620679,0.064882,2.032854,1.012423,0.956336,3.455816,2.443393,11.921457,12.620618,43.079361,0.441786,7.500000,PSF-00232_20250723115712_a89,0.000000,0.000000,0.000000,206.942444,353.156433,0.414020,0.5,0.80,155.079437,1.000000,28.03,26.48,27.15,26.40,26.40,80.22,126.8,74.0,41.7,936,3.988,11:54:41,2025-07-23,0.32,1,0.001,0.001,0.007,-3.243,-2.611,23.451,0,150,-9999.000,-9999.000000,0.058905,0.000000,0.029230,0.000000,0.000000,-0.000068,standard,0,mpf,7000,500,-9999.000000,-9999.000000,300,300,300,339.872711,25,-10.011903,336.504211,338.810303,-2.306091,2.447334,2.457648,1.400164,0.741846,0.250337,-0.008997,0.328361,0.887740,206.942444,0.000623,2.400430,-0.000041,1.000000,2.408421,-0.000039,1.000000,0.600250,0.601702,0.107071,0.000000,PSF-00232_20250723115712_a89,PFA-00245,PSA-00257,PSF-00232,RHS-00222,3.0.0,2021-01-19T12:57:14.097Z
68,11:57:37,2025-07-23,Manual gsw+F,LI-COR Default,,068,,,0.025196,2.563301,0.024950,1.113171,1.004673,0.972790,4.462294,3.457621,12.124794,12.522174,55.617729,0.441786,7.500000,PSF-00232_20250723115737_9b2,0.000000,0.000000,0.000000,63.074829,101.412262,0.378035,0.5,0.80,269.027313,1.000000,27.73,26.85,27.21,30.81,30.81,80.23,122.2,95.7,21.7,1779,3.987,11:54:41,2025-07-23,0.32,1,0.000,0.001,0.005,0.121,-0.152,1.950,0,150,-9999.000,-9999.000000,0.058905,0.000000,0.029230,0.000000,0.000000,-0.000068,standard,0,mpf,7000,500,-9999.000000,-9999.000000,300,300,300,95.039963,25,-4.684011,93.496086,94.700500,-1.204414,2.447908,2.457164,1.364278,0.787600,0.249801,0.043399,0.330014,1.590266,63.074829,0.000627,2.400430,-0.000041,1.000000,2.408421,-0.000039,1.000000,0.600250,0.601702,0.107071,0.000000,PSF-00232_20250723115737_9b2,PFA-00245,PSA-00257,PSF-00232,RHS-00222,3.0.0,2021-01-19T12:57:14.097Z
69,11:58:01,2025-07-23,Manual gsw+F,LI-COR Default,,069,,,0.032146,2.636321,0.031759,1.192368,1.021904,0.989338,3.941173,2.919269,12.330311,12.736185,49.119606,0.441786,7.500000,PSF-00232_20250723115801_c32,0.000000,0.000000,0.000000,48.467159,127.917549,0.621106,0.5,0.80,315.776337,1.000000,28.10,27.21,27.27,28.65,28.65,80.24,128.1,49.4,61.4,1271,3.986,11:54:41,2025-07-23,0.32,1,0.001,0.002,0.010,0.491,0.935,1.860,0,150,-9999.000,-9999.000000,0.058905,0.000000,0.029230,0.000000,0.000000,-0.000068,standard,0,mpf,7000,500,-9999.000000,-9999.000000,300,300,300,115.777374,25,-8.478376,113.082649,115.768806,-2.686157,2.448451,2.457733,1.410359,0.692709,0.249159,0.016284,0.331578,1.166686,48.467159,0.000639,2.400430,-0.000041,1.000000,2.408421,-0.000039,1.000000,0.600250,0.601702,0.107071,0.000000,PSF-00232_20250723115801_c32,PFA-00245,PSA-00257,PSF-00232,RHS-00222,3.0.0,2021-01-19T12:57:14.097Z
70,11:58:51,2025-07-23,Manual gsw+F,LI-COR Default,,070,,,0.059732,2.737528,0.058457,1.832136,1.066829,1.020082,3.509846,2.443016,12.713562,13.296186,43.744167,0.441786,7.500000,PSF-00232_20250723115851_54e,0.000000,0.000000,0.000000,73.498962,270.445557,0.728230,0.5,0.80,434.280212,1.000000,29.05,27.78,27.44,26.67,26.67,80.24,137.1,-8.4,106.1,1491,3.984,11:54:41,2025-07-23,0.32,1,0.001,0.009,0.028,0.062,0.048,0.356,0,150,-9999.000,-9999.000000,0.058905,0.000000,0.029230,0.000000,0.000000,-0.000068,standard,0,mpf,7000,500,-9999.000000,-9999.000000,300,300,300,242.587570,25,-21.064898,238.424057,240.261475,-1.837418,2.449322,2.459195,1.481374,0.587142,0.247525,-0.009294,0.334887,1.349970,73.498962,0.000628,2.400430,-0.000041,1.000000,2.408421,-0.000039,1.000000,0.600250,0.601702,0.107071,0.000000,PSF-00232_20250723115851_54e,PFA-00245,PSA-00257,PSF-00232,RHS-00222,3.0.0,2021-01-19T12:57:14.097Z
71,11:59:43,2025-07-23,Manual gsw+F,LI-COR Default,,071,,,0.013550,2.569040,0.013479,0.549555,0.985757,0.970069,4.152479,3.166723,12.089520,12.285025,51.750416,0.441786,7.500000,PSF-00232_20250723115943_141,0.000000,0.000000,0.000000,88.496445,145.022141,0.389773,0.5,0.80,223.033279,1.000000,26.45,26.03,27.69,29.55,29.55,80.24,122.7,105.0,14.4,1431,3.983,11:54:41,2025-07-23,0.32,1,-0.000,-0.001,0.002,-1.550,-4.443,-11.509,0,150,-9999.000,-9999.000000,0.058905,0.000000,0.029230,0.000000,0.000000,-0.000068,standard,0,mpf,7000,500,-9999.000000,-9999.000000,300,300,300,137.270096,25,-5.573655,135.505554,137.035599,-1.530045,2.446536,2.455062,1.367767,0.807955,0.245034,0.022163,0.337923,1.299664,88.496445,0.000618,2.400430,-0.000041,1.000000,2.408421,-0.000039,1.000000,0.600250,0.601702,0.107071,0.000000,PSF-00232_20250723115943_141,PFA-00245,PSA-00257,PSF-00232,RHS-00222,3.0.0,2021-01-19T12:57:14.097Z
72,12:00:05,2025-07-23,Manual gsw+F,LI-COR Default,,072,,,0.015712,2.757088,0.015623,0.551910,0.957489,0.943572,3.710104,2.752615,11.757391,11.930804,46.229805,0.441786,7.500000,PSF-00232_20250723120005_b67,0.000000,0.000000,0.000000,90.656517,421.305481,0.784820,0.5,0.80,243.631516,1.000000,25.54,25.17,27.79,27.61,27.61,80.25,138.9,36.5,73.7,776,3.982,11:54:41,2025-07-23,0.32,1,-0.000,-0.001,-0.002,-0.191,0.130,0.026,0,150,-9999.000,-9999.000000,0.058905,0.000000,0.029230,0.000000,0.000000,-0.000068,standard,0,mpf,7000,500,-9999.000000,-9999.000000,300,300,300,402.675385,25,-15.329819,401.812805,399.339233,2.473572,2.445170,2.453610,1.496263,0.667953,0.244088,-0.002329,0.339062,0.754061,90.656517,0.000636,2.400430,-0.000041,1.000000,2.408421,-0.000039,1.000000,0.600250,0.601702,0.107071,0.000000,PSF-00232_20250723120005_b67,PFA-00245,PSA-00257,PSF-00232,RHS-00222,3.0.0,2021-01-19T12:57:14.097Z
73,12:00:36,2025-07-23,Manual gsw+F,LI-COR Default,,073,,,0.004808,2.578916,0.004799,0.194540,0.972340,0.966820,4.122009,3.149669,12.047455,12.116235,51.363956,0.441786,7.500000,PSF-00232_20250723120036_fd2,0.000000,0.000000,0.000000,78.367706,288.827271,0.728669,0.5,0.80,353.376526,1.000000,25.72,25.57,27.94,29.43,29.43,80.25,123.4,103.3,16.4,1212,3.981,11:54:41,2025-07-23,0.32,1,0.000,-0.000,0.003,0.397,1.125,3.104,0,150,-9999.000,-9999.000000,0.058905,0.000000,0.029230,0.000000,0.000000,-0.000068,standard,0,mpf,7000,500,-9999.000000,-9999.000000,300,300,300,269.030579,25,-14.092841,268.213745,268.633514,-0.419769,2.445782,2.453867,1.373820,0.804068,0.242673,0.017671,0.340755,1.117816,78.367706,0.000627,2.400430,-0.000041,1.000000,2.408421,-0.000039,1.000000,0.600250,0.601702,0.107071,0.000000,PSF-00232_20250723120036_fd2,PFA-00245,PSA-00257,PSF-00232,RHS-00222,3.0.0,2021-01-19T12:57:14.097Z
74,12:02:01,2025-07-23,Manual gsw+F,LI-COR Default,,074,,,0.038520,2.737196,0.037985,1.379237,1.011680,0.976443,3.837989,2.826309,12.165398,12.604405,47.817062,0.441786,7.500000,PSF-00232_20250723120201_084,0.000000,0.000000,0.000000,156.222580,372.382904,0.580479,0.5,0.80,144.628159,1.000000,26.27,25.35,28.25,28.19,28.19,80.26,137.0,12.7,90.7,623,3.979,11:54:41,2025-07-23,0.32,1,0.002,0.005,0.017,-0.471,-1.079,0.484,0,150,-9999.000,-9999.000000,0.058905,0.000000,0.029230,0.000000,0.000000,-0.000068,standard,0,mpf,7000,500,-9999.000000,-9999.000000,300,300,300,356.827148,25,-10.809953,356.165161,356.893219,-0.728058,2.445390,2.454694,1.481125,0.624248,0.239640,-0.000978,0.345033,0.626350,154.312485,0.000622,2.400430,-0.000041,1.000000,2.408421,-0.000039,1.000000,0.600250,0.601702,0.107071,0.000000,PSF-00232_20250723120201_084,PFA-00245,PSA-00257,PSF-00232,RHS-00222,3.0.0,2021-01-19T12:57:14.097Z
75,12:02:47,2025-07-23,Manual gsw+F,LI-COR Default,,075,,,0.059637,2.637038,0.058318,1.820486,1.050176,1.000474,3.485149,2.434973,12.463866,13.083040,43.417828,0.441786,7.500000,PSF-00232_20250723120247_2de,0.000000,0.000000,0.000000,83.577988,340.892120,0.754826,0.5,0.80,285.286682,1.000000,26.97,25.69,28.44,26.55,26.55,80.27,128.2,88.8,30.8,945,3.977,11:54:41,2025-07-23,0.32,1,0.000,0.000,0.017,0.575,1.458,3.778,0,150,-9999.000,-9999.000000,0.058905,0.000000,0.029230,0.000000,0.000000,-0.000068,standard,0,mpf,7000,500,-9999.000000,-9999.000000,300,300,300,305.878387,25,-27.324152,295.903076,301.739105,-5.836029,2.445898,2.455773,1.410831,0.772712,0.237850,-0.022730,0.347233,0.894786,83.577988,0.000649,2.400430,-0.000041,1.000000,2.408421,-0.000039,1.000000,0.600250,0.601702,0.107071,0.000000,PSF-00232_20250723120247_2de,PFA-00245,PSA-00257,PSF-00232,RHS-00222,3.0.0,2021-01-19T12:57:14.097Z
76,12:04:03,2025-07-23,Manual gsw+F,LI-COR Default,,076,,,0.100367,2.700824,0.096771,3.304916,1.107461,1.021055,3.764745,2.657284,12.724375,13.801169,46.916222,0.441786,7.500000,PSF-00232_20250723120403_474,0.000000,0.000000,0.000000,69.152000,191.736374,0.639338,0.5,0.80,221.959503,1.000000,27.98,25.79,28.73,27.86,27.86,80.24,133.7,73.7,44.9,868,3.975,11:54:41,2025-07-23,0.32,1,0.002,0.005,0.017,-4.912,-2.731,8.879,0,150,-9999.000,-9999.000000,0.058905,0.000000,0.029230,0.000000,0.000000,-0.000068,standard,0,mpf,7000,500,-9999.000000,-9999.000000,300,300,300,190.970428,25,-4.273196,198.499924,185.613266,12.886658,2.446012,2.457308,1.454524,0.741315,0.235190,-0.010615,0.350893,0.830636,63.347698,0.000628,2.400430,-0.000041,1.000000,2.408421,-0.000039,1.000000,0.600250,0.601702,0.107071,0.000000,PSF-00232_20250723120403_474,PFA-00245,PSA-00257,PSF-00232,RHS-00222,3.0.0,2021-01-19T12:57:14.097Z
77,12:04:50,2025-07-23,Manual gsw+F,LI-COR Default,,077,,,0.046382,2.614444,0.045573,1.757822,1.112613,1.063977,4.106244,2.993631,13.262825,13.869086,51.185688,0.441786,7.500000,PSF-00232_20250723120450_e25,0.000000,0.000000,0.000000,103.716370,163.000473,0.363705,0.5,0.80,244.062576,1.000000,27.78,26.57,28.93,29.36,29.36,80.22,126.3,54.8,56.6,1678,3.975,11:54:41,2025-07-23,0.32,1,0.002,0.003,0.007,-5.272,-11.073,-9.115,0,150,-9999.000,-9999.000000,0.058905,0.000000,0.029230,0.000000,0.000000,-0.000068,standard,0,mpf,7000,500,-9999.000000,-9999.000000,300,300,300,150.067093,25,-9.029757,148.349762,150.061661,-1.711899,2.447193,2.456970,1.396152,0.703269,0.233324,0.004886,0.353101,1.505647,105.802773,0.000613,2.400430,-0.000041,1.000000,2.408421,-0.000039,1.000000,0.600250,0.601702,0.107071,0.000000,PSF-00232_20250723120450_e25,PFA-00245,PSA-00257,PSF-00232,RHS-00222,3.0.0,2021-01-19T12:57:14.097Z
78,12:05:33,2025-07-23,Manual gsw+F,LI-COR Default,,078,,,0.013897,2.571354,0.013822,0.585482,1.051703,1.035026,4.337030,3.285327,12.896511,13.104313,54.039780,0.441786,7.500000,PSF-00232_20250723120533_012,0.000000,0.000000,0.000000,61.109661,156.981384,0.610720,0.5,0.80,449.651520,1.000000,25.94,25.53,29.14,30.31,30.31,80.26,122.8,88.6,27.9,1841,3.973,12:05:13,2025-07-23,0.35,1,-0.000,0.000,-0.002,-1.345,-1.514,-5.085,0,150,-9999.000,-9999.000000,0.058905,0.000000,0.029230,0.000000,0.000000,-0.000068,standard,0,mpf,7000,500,-9999.000000,-9999.000000,300,300,300,119.553925,25,-26.168793,107.751846,119.483887,-11.732040,2.445538,2.453995,1.369179,0.772342,0.231395,0.013893,0.354999,1.641575,61.109661,0.000620,2.400430,-0.000041,1.000000,2.408421,-0.000039,1.000000,0.600250,0.601702,0.107071,0.000000,PSF-00232_20250723120533_012,PFA-00245,PSA-00257,PSF-00232,RHS-00222,3.0.0,2021-01-19T12:57:14.097Z
79,12:06:20,2025-07-23,Manual gsw+F,LI-COR Default,,079,,,0.022546,2.648729,0.022356,0.931715,1.030523,1.005280,4.264822,3.234298,12.526624,12.841169,53.143200,0.441786,7.500000,PSF-00232_20250723120620_c5c,0.000000,0.000000,0.000000,169.090027,244.749298,0.309130,0.5,0.80,123.804260,1.000000,25.08,24.47,29.37,30.02,30.02,80.25,129.2,55.5,57.0,1001,3.972,12:05:13,2025-07-23,0.35,1,-0.002,-0.001,-0.000,0.239,-2.338,-14.061,0,150,-9999.000,-9999.000000,0.058905,0.000000,0.029230,0.000000,0.000000,-0.000068,standard,0,mpf,7000,500,-9999.000000,-9999.000000,300,300,300,240.853424,25,-3.398968,238.525635,239.878891,-1.353256,2.443827,2.452597,1.418582,0.704723,0.229292,0.007517,0.356717,0.941769,169.090027,0.000601,2.400430,-0.000041,1.000000,2.408421,-0.000039,1.000000,0.600250,0.601702,0.107071,0.000000,PSF-00232_20250723120620_c5c,PFA-00245,PSA-00257,PSF-00232,RHS-00222,3.0.0,2021-01-19T12:57:14.097Z
80,12:06:48,2025-07-23,Manual gsw+F,LI-COR Default,,080,,,0.076851,2.688691,0.074715,2.715567,1.090216,1.018615,3.916146,2.825930,12.692267,13.584440,48.796436,0.441786,7.500000,PSF-00232_20250723120648_edf,0.000000,0.000000,0.000000,83.710670,328.454926,0.745138,0.5,0.80,148.461868,1.000000,26.32,24.59,29.51,28.54,28.54,80.25,132.6,9.5,92.8,498,3.970,12:05:13,2025-07-23,0.35,1,-0.001,-0.007,0.007,0.540,0.379,0.638,0,150,-9999.000,-9999.000000,0.058905,0.000000,0.029230,0.000000,0.000000,-0.000068,standard,0,mpf,7000,500,-9999.000000,-9999.000000,300,300,300,307.057129,25,-16.372726,304.294098,304.994293,-0.700195,2.444008,2.454544,1.445938,0.618464,0.228037,-0.011986,0.357747,0.522324,83.710670,0.000636,2.400430,-0.000041,1.000000,2.408421,-0.000039,1.000000,0.600250,0.601702,0.107071,0.000000,PSF-00232_20250723120648_edf,PFA-00245,PSA-00257,PSF-00232,RHS-00222,3.0.0,2021-01-19T12:57:14.097Z
81,12:08:19,2025-07-23,Manual gsw+F,LI-COR Default,,081,,,0.008941,2.674383,0.008911,0.403455,1.053909,1.043164,4.560340,3.506432,12.998203,13.132083,56.823486,0.441786,7.500000,PSF-00232_20250723120819_57c,0.000000,0.000000,0.000000,70.266365,189.998184,0.630174,0.5,0.80,187.332581,1.000000,24.90,24.65,29.89,31.19,31.19,80.25,131.4,62.6,52.4,743,3.969,12:05:13,2025-07-23,0.35,1,-0.002,-0.002,0.005,0.668,1.443,3.206,0,150,-9999.000,-9999.000000,0.058905,0.000000,0.029230,0.000000,0.000000,-0.000068,standard,0,mpf,7000,500,-9999.000000,-9999.000000,300,300,300,165.536636,25,-18.330669,159.998062,163.732010,-3.733948,2.444035,2.452234,1.435985,0.718718,0.224665,0.015565,0.361110,0.726637,70.266365,0.000627,2.400430,-0.000041,1.000000,2.408421,-0.000039,1.000000,0.600250,0.601702,0.107071,0.000000,PSF-00232_20250723120819_57c,PFA-00245,PSA-00257,PSF-00232,RHS-00222,3.0.0,2021-01-19T12:57:14.097Z
82,12:08:43,2025-07-23,Manual gsw+F,LI-COR Default,,082,,,0.042564,2.480779,0.041846,1.745315,1.046116,0.993435,4.282197,3.236082,12.378901,13.035345,53.359219,0.441786,7.500000,PSF-00232_20250723120843_7f7,0.000000,0.000000,0.000000,51.092865,129.949814,0.606826,0.5,0.80,311.631042,1.000000,24.60,23.36,29.97,30.09,30.09,80.25,115.9,97.8,15.7,1284,3.968,12:05:13,2025-07-23,0.35,1,-0.000,0.000,0.001,1.727,1.680,1.400,0,150,-9999.000,-9999.000000,0.058905,0.000000,0.029230,0.000000,0.000000,-0.000068,standard,0,mpf,7000,500,-9999.000000,-9999.000000,300,300,300,129.949814,25,2.953693,132.477875,134.182190,-1.704315,2.441986,2.451747,1.316332,0.792040,0.223951,0.001106,0.362026,1.177384,51.092865,0.000644,2.400430,-0.000041,1.000000,2.408421,-0.000039,1.000000,0.600250,0.601702,0.107071,0.000000,PSF-00232_20250723120843_7f7,PFA-00245,PSA-00257,PSF-00232,RHS-00222,3.0.0,2021-01-19T12:57:14.097Z
83,12:09:34,2025-07-23,Manual gsw+F,LI-COR Default,,083,,,0.016382,2.643204,0.016281,0.681717,1.040612,1.022076,4.289436,3.248825,12.735401,12.966355,53.447754,0.441786,7.500000,PSF-00232_20250723120934_b63,0.000000,0.000000,0.000000,63.213585,179.167572,0.647182,0.5,0.80,379.132904,1.000000,24.22,23.79,30.14,30.12,30.12,80.25,128.7,46.7,63.8,1465,3.967,12:05:13,2025-07-23,0.35,1,-0.001,-0.000,0.000,0.673,0.927,1.744,0,150,-9999.000,-9999.000000,0.058905,0.000000,0.029230,0.000000,0.000000,-0.000068,standard,0,mpf,7000,500,-9999.000000,-9999.000000,300,300,300,155.055649,25,-17.347616,152.294037,154.310013,-2.015976,2.442645,2.451118,1.414906,0.687371,0.222385,-0.000710,0.363818,1.328026,62.926411,0.000630,2.400430,-0.000041,1.000000,2.408421,-0.000039,1.000000,0.600250,0.601702,0.107071,0.000000,PSF-00232_20250723120934_b63,PFA-00245,PSA-00257,PSF-00232,RHS-00222,3.0.0,2021-01-19T12:57:14.097Z
84,12:10:05,2025-07-23,Manual gsw+F,LI-COR Default,,084,,,0.043292,2.577607,0.042577,2.014802,1.120310,1.063202,4.778432,3.658122,13.248210,13.959820,59.542465,0.441786,7.500000,PSF-00232_20250723121005_648,0.000000,0.000000,0.000000,101.960060,135.149078,0.245573,0.5,0.80,181.560822,1.000000,25.90,24.58,30.26,32.01,32.01,80.25,123.3,77.6,37.1,1848,3.966,12:05:13,2025-07-23,0.35,1,0.001,0.003,0.008,-2.253,-6.003,-13.019,0,150,-9999.000,-9999.000000,0.058905,0.000000,0.029230,0.000000,0.000000,-0.000068,standard,0,mpf,7000,500,-9999.000000,-9999.000000,300,300,300,129.053238,25,-4.350281,128.076202,128.915527,-0.839325,2.443882,2.453770,1.373014,0.749272,0.221357,0.021139,0.365081,1.647974,101.960060,0.000604,2.400430,-0.000041,1.000000,2.408421,-0.000039,1.000000,0.600250,0.601702,0.107071,0.000000,PSF-00232_20250723121005_648,PFA-00245,PSA-00257,PSF-00232,RHS-00222,3.0.0,2021-01-19T12:57:14.097Z
85,12:10:37,2025-07-23,Manual gsw+F,LI-COR Default,,085,,,0.019367,2.479011,0.019217,0.729267,1.042022,1.019985,3.991898,2.949876,12.710411,12.985023,49.744522,0.441786,7.500000,PSF-00232_20250723121037_0a6,0.000000,0.000000,0.000000,59.386253,221.226547,0.731559,0.5,0.80,269.676178,1.000000,23.97,23.46,30.35,28.87,28.87,80.25,115.8,106.7,7.9,922,3.963,12:05:13,2025-07-23,0.35,1,-0.001,-0.001,0.001,0.038,0.223,0.331,0,150,-9999.000,-9999.000000,0.058905,0.000000,0.029230,0.000000,0.000000,-0.000068,standard,0,mpf,7000,500,-9999.000000,-9999.000000,300,300,300,200.227982,25,-15.859434,195.464371,198.501419,-3.037048,2.442091,2.450682,1.315347,0.811649,0.220567,-0.018307,0.366005,0.875365,59.386253,0.000635,2.400430,-0.000041,1.000000,2.408421,-0.000039,1.000000,0.600250,0.601702,0.107071,0.000000,PSF-00232_20250723121037_0a6,PFA-00245,PSA-00257,PSF-00232,RHS-00222,3.0.0,2021-01-19T12:57:14.097Z
86,12:12:40,2025-07-23,Manual gsw+F,LI-COR Default,,086,,,0.027120,2.521408,0.026831,1.081113,1.032364,1.000563,4.160987,3.128623,12.469006,12.865308,51.854187,0.441786,7.500000,PSF-00232_20250723121240_1b2,0.000000,0.000000,0.000000,81.134323,260.532501,0.688583,0.5,0.80,336.761780,1.000000,23.46,22.74,30.56,29.59,29.59,80.24,119.0,76.2,36.0,1223,3.963,12:05:13,2025-07-23,0.35,1,0.001,0.003,0.024,0.443,0.845,2.636,0,150,-9999.000,-9999.000000,0.058905,0.000000,0.029230,0.000000,0.000000,-0.000068,standard,0,mpf,7000,500,-9999.000000,-9999.000000,300,300,300,242.661591,25,-14.676869,237.010361,239.501877,-2.491516,2.440912,2.449845,1.339439,0.746339,0.218756,-0.012225,0.370183,1.126369,81.134323,0.000652,2.400430,-0.000041,1.000000,2.408421,-0.000039,1.000000,0.600250,0.601702,0.107071,0.000000,PSF-00232_20250723121240_1b2,PFA-00245,PSA-00257,PSF-00232,RHS-00222,3.0.0,2021-01-19T12:57:14.097Z
87,12:12:59,2025-07-23,Manual gsw+F,LI-COR Default,,087,,,0.026799,2.500678,0.026515,1.113412,1.049415,1.016232,4.306911,3.257496,12.662894,13.076381,53.666840,0.441786,7.500000,PSF-00232_20250723121259_484,0.000000,0.000000,0.000000,187.958832,355.116852,0.470713,0.5,0.80,177.276031,1.000000,23.80,23.05,30.60,30.19,30.19,80.25,117.4,90.4,23.0,942,3.960,12:05:13,2025-07-23,0.35,1,0.000,0.001,0.004,-8.067,-10.760,-8.945,0,150,-9999.000,-9999.000000,0.058905,0.000000,0.029230,0.000000,0.000000,-0.000068,standard,0,mpf,7000,500,-9999.000000,-9999.000000,300,300,300,345.732452,25,-6.897693,344.978577,345.233093,-0.254517,2.441397,2.450380,1.327534,0.776283,0.218435,-0.005415,0.370987,0.891997,187.958832,0.000624,2.400430,-0.000041,1.000000,2.408421,-0.000039,1.000000,0.600250,0.601702,0.107071,0.000000,PSF-00232_20250723121259_484,PFA-00245,PSA-00257,PSF-00232,RHS-00222,3.0.0,2021-01-19T12:57:14.097Z
88,12:14:20,2025-07-23,Manual gsw+F,LI-COR Default,,088,,,0.067991,2.663929,0.066299,2.925305,1.160307,1.081973,4.574642,3.414335,13.482613,14.458749,57.005245,0.441786,7.500000,PSF-00232_20250723121420_a09,0.000000,0.000000,0.000000,61.699032,223.908737,0.724446,0.5,0.80,308.614532,1.000000,26.04,24.28,30.78,31.24,31.24,80.25,130.5,47.2,63.8,1065,3.960,12:05:13,2025-07-23,0.35,1,-0.001,-0.002,0.002,0.330,0.543,1.427,0,150,-9999.000,-9999.000000,0.058905,0.000000,0.029230,0.000000,0.000000,-0.000068,standard,0,mpf,7000,500,-9999.000000,-9999.000000,300,300,300,190.956116,25,-25.040640,184.787399,188.027786,-3.240387,2.443329,2.453905,1.428826,0.688470,0.216846,0.005217,0.374338,0.994932,61.699032,0.000648,2.400430,-0.000041,1.000000,2.408421,-0.000039,1.000000,0.600250,0.601702,0.107071,0.000000,PSF-00232_20250723121420_a09,PFA-00245,PSA-00257,PSF-00232,RHS-00222,3.0.0,2021-01-19T12:57:14.097Z
89,12:14:56,2025-07-23,Manual gsw+F,LI-COR Default,,089,,,0.048164,2.676134,0.047312,2.107535,1.179257,1.123280,4.625233,3.445976,13.995296,14.692728,57.627216,0.441786,7.500000,PSF-00232_20250723121456_a31,0.000000,0.000000,0.000000,68.281891,285.847290,0.761125,0.5,0.80,302.177826,1.000000,26.23,24.99,30.94,31.44,31.44,80.26,131.5,39.0,70.4,993,3.958,12:05:13,2025-07-23,0.35,1,0.011,0.045,0.033,-2.219,-3.472,69.745,0,150,-9999.000,-9999.000000,0.058905,0.000000,0.029230,0.000000,0.000000,-0.000068,standard,0,mpf,7000,500,-9999.000000,-9999.000000,300,300,300,247.692703,25,-26.517033,246.037964,247.850800,-1.812836,2.444421,2.454189,1.437193,0.672640,0.215542,0.005711,0.375756,0.934520,68.281891,0.000615,2.400430,-0.000041,1.000000,2.408421,-0.000039,1.000000,0.600250,0.601702,0.107071,0.000000,PSF-00232_20250723121456_a31,PFA-00245,PSA-00257,PSF-00232,RHS-00222,3.0.0,2021-01-19T12:57:14.097Z
90,12:15:41,2025-07-23,Manual gsw+F,LI-COR Default,,090,,,0.013197,2.643707,0.013132,0.614259,1.122391,1.105711,4.739649,3.617259,13.776315,13.984132,59.052402,0.441786,7.500000,PSF-00232_20250723121541_662,0.000000,0.000000,0.000000,70.935127,82.301353,0.138105,0.5,0.80,100.218903,1.000000,24.64,24.27,31.17,31.87,31.87,80.26,128.8,14.4,88.8,1814,3.957,12:15:28,2025-07-23,0.35,1,-0.001,0.000,0.012,-0.205,0.820,6.280,0,150,-9999.000,-9999.000000,0.058905,0.000000,0.029230,0.000000,0.000000,-0.000068,standard,0,mpf,7000,500,-9999.000000,-9999.000000,300,300,300,80.815674,25,-0.940430,80.783485,80.953804,-0.170319,2.443264,2.451643,1.415240,0.627271,0.213585,0.008172,0.377272,1.619499,70.935127,0.000597,2.400430,-0.000041,1.000000,2.408421,-0.000039,1.000000,0.600250,0.601702,0.107071,0.000000,PSF-00232_20250723121541_662,PFA-00245,PSA-00257,PSF-00232,RHS-00222,3.0.0,2021-01-19T12:57:14.097Z
91,12:16:26,2025-07-23,Manual gsw+F,LI-COR Default,,091,,,0.060499,2.476827,0.059057,2.809810,1.143782,1.058847,4.820776,3.676994,13.191806,14.249980,60.060371,0.441786,7.500000,PSF-00232_20250723121626_1cd,0.000000,0.000000,0.000000,91.422203,153.438461,0.404177,0.5,0.80,305.521881,1.000000,24.79,22.95,31.39,32.17,32.17,80.27,115.6,94.2,18.6,1890,3.955,12:15:28,2025-07-23,0.35,1,0.001,0.001,0.002,-0.717,-1.542,-7.130,0,150,-9999.000,-9999.000000,0.058905,0.000000,0.029230,0.000000,0.000000,-0.000068,standard,0,mpf,7000,500,-9999.000000,-9999.000000,300,300,300,135.829926,25,-12.528481,132.415298,135.486282,-3.070984,2.441140,2.451857,1.314133,0.784250,0.211728,0.009145,0.378735,1.682524,91.422203,0.000612,2.400430,-0.000041,1.000000,2.408421,-0.000039,1.000000,0.600250,0.601702,0.107071,0.000000,PSF-00232_20250723121626_1cd,PFA-00245,PSA-00257,PSF-00232,RHS-00222,3.0.0,2021-01-19T12:57:14.097Z
92,12:17:31,2025-07-23,Manual gsw+F,LI-COR Default,,092,,,0.016882,2.447123,0.016766,0.778192,1.132248,1.108277,4.721321,3.589073,13.809834,14.108521,58.830643,0.441786,7.500000,PSF-00232_20250723121731_d35,0.000000,0.000000,0.000000,107.687469,396.100677,0.728131,0.5,0.80,325.436340,1.000000,24.18,23.67,31.65,31.80,31.80,80.25,113.5,110.9,2.3,1117,3.954,12:15:28,2025-07-23,0.35,1,-0.000,0.001,-0.000,-0.432,-0.209,0.254,0,150,-9999.000,-9999.000000,0.058905,0.000000,0.029230,0.000000,0.000000,-0.000068,standard,0,mpf,7000,500,-9999.000000,-9999.000000,300,300,300,380.897278,25,-10.439948,382.744446,381.141174,1.603271,2.442241,2.450847,1.297862,0.820994,0.209556,0.001335,0.380845,1.038588,107.687469,0.000638,2.400430,-0.000041,1.000000,2.408421,-0.000039,1.000000,0.600250,0.601702,0.107071,0.000000,PSF-00232_20250723121731_d35,PFA-00245,PSA-00257,PSF-00232,RHS-00222,3.0.0,2021-01-19T12:57:14.097Z
93,12:17:48,2025-07-23,Manual gsw+F,LI-COR Default,,093,,,0.002354,2.509470,0.002351,0.112555,1.063777,1.060442,4.765771,3.701993,13.213203,13.254762,59.381927,0.441786,7.500000,PSF-00232_20250723121748_c68,0.000000,0.000000,0.000000,67.724701,160.193588,0.577232,0.5,0.80,283.516632,1.000000,22.61,22.54,31.74,31.97,31.97,80.26,118.1,90.7,23.2,1228,3.954,12:15:28,2025-07-23,0.35,1,-0.000,-0.001,0.004,-0.117,-0.488,-12.406,0,150,-9999.000,-9999.000000,0.058905,0.000000,0.029230,0.000000,0.000000,-0.000068,standard,0,mpf,7000,500,-9999.000000,-9999.000000,300,300,300,153.433807,25,-4.605113,151.804810,153.594879,-1.790070,2.440438,2.448325,1.332553,0.776814,0.208876,0.002355,0.381363,1.130747,67.724701,0.000618,2.400430,-0.000041,1.000000,2.408421,-0.000039,1.000000,0.600250,0.601702,0.107071,0.000000,PSF-00232_20250723121748_c68,PFA-00245,PSA-00257,PSF-00232,RHS-00222,3.0.0,2021-01-19T12:57:14.097Z
94,12:18:05,2025-07-23,Manual gsw+F,LI-COR Default,,094,,,0.010194,2.633192,0.010154,0.499089,1.078854,1.065200,4.877468,3.798614,13.271413,13.441526,60.768764,0.441786,7.500000,PSF-00232_20250723121805_6b0,0.000000,0.000000,0.000000,47.962189,144.092270,0.667143,0.5,0.80,403.174316,1.000000,22.82,22.54,31.82,32.38,32.38,80.26,127.9,38.6,69.8,1511,3.953,12:15:28,2025-07-23,0.35,1,0.002,0.005,0.006,0.613,2.283,4.496,0,150,-9999.000,-9999.000000,0.058905,0.000000,0.029230,0.000000,0.000000,-0.000068,standard,0,mpf,7000,500,-9999.000000,-9999.000000,300,300,300,130.955811,25,-8.926373,128.251785,131.301590,-3.049805,2.440420,2.448659,1.408305,0.671913,0.208203,0.006420,0.381957,1.366601,52.746891,0.000627,2.400430,-0.000041,1.000000,2.408421,-0.000039,1.000000,0.600250,0.601702,0.107071,0.000000,PSF-00232_20250723121805_6b0,PFA-00245,PSA-00257,PSF-00232,RHS-00222,3.0.0,2021-01-19T12:57:14.097Z
95,12:18:28,2025-07-23,Manual gsw+F,LI-COR Default,,095,,,0.031306,2.601391,0.030934,1.677079,1.131298,1.084491,5.307927,4.176628,13.512477,14.095683,66.135384,0.441786,7.500000,PSF-00232_20250723121828_6c3,0.000000,0.000000,0.000000,89.168076,250.089783,0.643456,0.5,0.80,210.625397,1.000000,23.78,22.80,31.93,33.88,33.88,80.26,125.3,52.2,58.3,818,3.953,12:15:28,2025-07-23,0.35,1,0.003,-0.002,-0.003,-0.250,-0.131,2.505,0,150,-9999.000,-9999.000000,0.058905,0.000000,0.029230,0.000000,0.000000,-0.000068,standard,0,mpf,7000,500,-9999.000000,-9999.000000,300,300,300,220.516922,25,-21.251715,215.128906,219.638016,-4.509109,2.440822,2.450175,1.387844,0.698123,0.207280,0.023911,0.382618,0.789294,89.168076,0.000607,2.400430,-0.000041,1.000000,2.408421,-0.000039,1.000000,0.600250,0.601702,0.107071,0.000000,PSF-00232_20250723121828_6c3,PFA-00245,PSA-00257,PSF-00232,RHS-00222,3.0.0,2021-01-19T12:57:14.097Z
96,12:18:43,2025-07-23,Manual gsw+F,LI-COR Default,,096,,,0.043712,2.580652,0.042984,1.961927,1.094006,1.038483,4.626737,3.532731,12.939183,13.630988,57.647758,0.441786,7.500000,PSF-00232_20250723121843_a8b,0.000000,0.000000,0.000000,51.811695,107.631348,0.518619,0.5,0.80,290.915894,1.000000,22.92,21.76,31.99,31.44,31.44,80.26,123.6,61.5,50.2,1402,3.952,12:15:28,2025-07-23,0.35,1,0.000,0.000,0.015,0.722,1.730,3.892,0,150,-9999.000,-9999.000000,0.058905,0.000000,0.029230,0.000000,0.000000,-0.000068,standard,0,mpf,7000,500,-9999.000000,-9999.000000,300,300,300,102.763657,25,-3.596667,101.370331,102.477654,-1.107323,2.439149,2.448788,1.374891,0.716612,0.206791,-0.007258,0.383071,1.276176,51.811695,0.000633,2.400430,-0.000041,1.000000,2.408421,-0.000039,1.000000,0.600250,0.601702,0.107071,0.000000,PSF-00232_20250723121843_a8b,PFA-00245,PSA-00257,PSF-00232,RHS-00222,3.0.0,2021-01-19T12:57:14.097Z
97,12:19:15,2025-07-23,Manual gsw+F,LI-COR Default,,097,,,0.039582,2.503277,0.038966,1.738238,1.046140,0.994413,4.502774,3.456634,12.389738,13.034225,56.101646,0.441786,7.500000,PSF-00232_20250723121915_c3a,0.000000,0.000000,0.000000,84.374069,143.135056,0.410528,0.5,0.80,319.119476,1.000000,21.83,20.75,32.06,30.97,30.97,80.26,117.6,75.6,35.7,1943,3.952,12:15:28,2025-07-23,0.35,1,0.002,0.003,0.012,-3.765,-7.274,-5.082,0,150,-9999.000,-9999.000000,0.058905,0.000000,0.029230,0.000000,0.000000,-0.000068,standard,0,mpf,7000,500,-9999.000000,-9999.000000,300,300,300,129.697678,25,-9.569347,127.717850,129.423050,-1.705200,2.437520,2.447024,1.329013,0.745176,0.206230,-0.013969,0.383969,1.727181,84.374069,0.000609,2.400430,-0.000041,1.000000,2.408421,-0.000039,1.000000,0.600250,0.601702,0.107071,0.000000,PSF-00232_20250723121915_c3a,PFA-00245,PSA-00257,PSF-00232,RHS-00222,3.0.0,2021-01-19T12:57:14.097Z
98,12:19:38,2025-07-23,Manual gsw+F,LI-COR Default,,098,,,0.010298,2.401526,0.010254,0.453768,1.029300,1.014892,4.459811,3.430511,12.644705,12.824206,55.565479,0.441786,7.500000,PSF-00232_20250723121938_eb5,0.000000,0.000000,0.000000,87.076660,265.032990,0.671450,0.5,0.80,300.125153,1.000000,21.45,21.15,32.09,30.80,30.80,80.26,110.2,103.4,6.2,1117,3.950,12:15:28,2025-07-23,0.35,1,0.000,0.000,0.007,0.653,1.342,1.625,0,150,-9999.000,-9999.000000,0.058905,0.000000,0.029230,0.000000,0.000000,-0.000068,standard,0,mpf,7000,500,-9999.000000,-9999.000000,300,300,300,251.795059,25,-9.674545,251.494644,251.170242,0.324402,2.438162,2.446404,1.273732,0.804432,0.206040,-0.016315,0.384568,1.038658,87.076660,0.000613,2.400430,-0.000041,1.000000,2.408421,-0.000039,1.000000,0.600250,0.601702,0.107071,0.000000,PSF-00232_20250723121938_eb5,PFA-00245,PSA-00257,PSF-00232,RHS-00222,3.0.0,2021-01-19T12:57:14.097Z
99,12:20:15,2025-07-23,Manual gsw+F,LI-COR Default,,099,,,0.004544,2.396667,0.004536,0.222587,1.042783,1.035697,4.836320,3.793537,12.907165,12.995471,60.271679,0.441786,7.500000,PSF-00232_20250723122015_eb7,0.000000,0.000000,0.000000,70.010666,115.433105,0.393496,0.5,0.80,233.342941,1.000000,21.71,21.56,32.11,32.23,32.23,80.24,109.9,72.9,33.7,1482,3.950,12:15:28,2025-07-23,0.35,1,0.000,0.001,0.004,1.942,1.000,12.420,0,150,-9999.000,-9999.000000,0.058905,0.000000,0.029230,0.000000,0.000000,-0.000068,standard,0,mpf,7000,500,-9999.000000,-9999.000000,300,300,300,114.854691,25,-1.924389,119.159462,112.675629,6.483833,2.438818,2.446818,1.271217,0.739611,0.205876,0.000998,0.385571,1.342987,70.010666,0.000617,2.400430,-0.000041,1.000000,2.408421,-0.000039,1.000000,0.600250,0.601702,0.107071,0.000000,PSF-00232_20250723122015_eb7,PFA-00245,PSA-00257,PSF-00232,RHS-00222,3.0.0,2021-01-19T12:57:14.097Z
100,12:20:33,2025-07-23,Manual gsw+F,LI-COR Default,,100,,,0.027541,2.417211,0.027230,1.182156,1.076666,1.039529,4.440980,3.364314,12.952946,13.415689,55.336384,0.441786,7.500000,PSF-00232_20250723122033_026,0.000000,0.000000,0.000000,97.982170,397.091949,0.753251,0.5,0.80,399.887787,1.000000,22.38,21.61,32.13,30.72,30.72,80.25,111.3,64.6,41.9,1327,3.949,12:15:28,2025-07-23,0.35,1,0.001,0.002,0.010,0.043,0.146,3.017,0,150,-9999.000,-9999.000000,0.058905,0.000000,0.029230,0.000000,0.000000,-0.000068,standard,0,mpf,7000,500,-9999.000000,-9999.000000,300,300,300,367.039215,25,-24.895540,356.023895,361.418915,-5.395020,2.438900,2.447909,1.281921,0.722818,0.205696,-0.017747,0.385903,1.213524,97.982170,0.000611,2.400430,-0.000041,1.000000,2.408421,-0.000039,1.000000,0.600250,0.601702,0.107071,0.000000,PSF-00232_20250723122033_026,PFA-00245,PSA-00257,PSF-00232,RHS-00222,3.0.0,2021-01-19T12:57:14.097Z
101,12:21:00,2025-07-23,Manual gsw+F,LI-COR Default,,101,,,0.007099,2.577617,0.007080,0.331293,1.079681,1.070286,4.699891,3.620210,13.336480,13.453549,58.563789,0.441786,7.500000,PSF-00232_20250723122100_17a,0.000000,0.000000,0.000000,153.498886,312.042084,0.508083,0.5,0.80,191.296341,1.000000,22.39,22.20,32.17,31.72,31.72,80.25,123.3,64.5,47.7,941,3.920,12:15:28,2025-07-23,0.35,1,-0.001,0.000,0.007,-5.133,-16.810,-59.199,0,150,-9999.000,-9999.000000,0.058905,0.000000,0.029230,0.000000,0.000000,-0.000068,standard,0,mpf,7000,500,-9999.000000,-9999.000000,300,300,300,296.225311,25,-11.537267,290.456787,295.510223,-5.053436,2.439834,2.447917,1.373020,0.722501,0.205352,-0.006064,0.386574,0.891776,153.498886,0.000618,2.400430,-0.000041,1.000000,2.408421,-0.000039,1.000000,0.600250,0.601702,0.107071,0.000000,PSF-00232_20250723122100_17a,PFA-00245,PSA-00257,PSF-00232,RHS-00222,3.0.0,2021-01-19T12:57:14.097Z
102,12:42:22,2025-07-23,Manual gsw+F,LI-COR Default,,102,,,0.001042,2.866143,0.001042,0.026938,0.910591,0.909963,2.935124,2.024534,11.344716,11.352551,36.592880,0.441786,7.500000,PSF-00232_20250723124222_b9c,0.000000,0.000000,0.000000,85.610031,367.145721,0.766823,0.5,0.80,19.992733,1.000000,26.61,26.59,26.24,23.66,23.66,80.21,150.2,114.7,23.6,65,3.920,12:42:00,2025-07-23,0.29,1,-0.000,-0.001,-0.004,0.252,0.669,1.274,0,150,-9999.000,-9999.000000,0.058905,0.000000,0.029230,0.000000,0.000000,-0.000068,standard,0,mpf,7000,500,-9999.000000,-9999.000000,300,300,300,359.120605,25,-5.564587,359.598755,359.172180,0.426575,2.447653,2.455580,1.588441,0.829669,0.259626,-0.029836,0.420979,0.161410,85.610031,0.000628,2.400430,-0.000041,1.000000,2.408421,-0.000039,1.000000,0.600250,0.601702,0.107071,0.000000,PSF-00232_20250723124222_b9c,PFA-00245,PSA-00257,PSF-00232,RHS-00222,3.0.0,2021-01-19T12:57:14.097Z
103,12:42:53,2025-07-23,Manual gsw+F,LI-COR Default,,103,,,0.019903,2.922795,0.019769,0.514433,0.941080,0.929594,2.977356,2.036276,11.589643,11.732850,37.119968,0.441786,7.500000,PSF-00232_20250723124253_04f,0.000000,0.000000,0.000000,123.224976,407.239075,0.697414,0.5,0.80,20.577097,1.000000,27.62,27.29,26.16,23.90,23.90,80.21,156.8,-8.6,105.5,74,3.919,12:42:00,2025-07-23,0.29,1,-0.001,-0.003,0.005,0.953,0.216,-2.525,0,150,-9999.000,-9999.000000,0.058905,0.000000,0.029230,0.000000,0.000000,-0.000068,standard,0,mpf,7000,500,-9999.000000,-9999.000000,300,300,300,407.239075,25,77.138809,426.212677,517.771973,-91.559296,2.448751,2.457190,1.644463,0.586787,0.260378,-0.026273,0.422144,0.168564,123.224976,0.000639,2.400430,-0.000041,1.000000,2.408421,-0.000039,1.000000,0.600250,0.601702,0.107071,0.000000,PSF-00232_20250723124253_04f,PFA-00245,PSA-00257,PSF-00232,RHS-00222,3.0.0,2021-01-19T12:57:14.097Z
104,12:43:28,2025-07-23,Manual gsw+F,LI-COR Default,,104,,,0.006594,2.814805,0.006578,0.254895,0.938806,0.932635,3.952019,3.013212,11.627345,11.704281,49.270588,0.441786,7.500000,PSF-00232_20250723124328_187,0.000000,0.000000,0.000000,80.365059,89.606422,0.103133,0.5,0.80,83.441490,1.000000,27.69,27.51,26.08,28.70,28.70,80.21,144.7,138.9,4.0,2023,3.918,12:42:00,2025-07-23,0.29,1,0.000,-0.000,-0.001,-0.218,-0.513,-1.081,0,150,-9999.000,-9999.000000,0.058905,0.000000,0.029230,0.000000,0.000000,-0.000068,standard,0,mpf,7000,500,-9999.000000,-9999.000000,300,300,300,88.559387,25,-0.721873,88.586212,88.572044,0.014168,2.449110,2.457306,1.542900,0.885891,0.261217,0.031055,0.423493,1.793311,80.365059,0.000615,2.400430,-0.000041,1.000000,2.408421,-0.000039,1.000000,0.600250,0.601702,0.107071,0.000000,PSF-00232_20250723124328_187,PFA-00245,PSA-00257,PSF-00232,RHS-00222,3.0.0,2021-01-19T12:57:14.097Z
105,12:43:52,2025-07-23,Manual gsw+F,LI-COR Default,,105,,,0.034935,2.846321,0.034511,0.977866,0.965818,0.942687,3.179574,2.213756,11.753949,12.042359,39.644691,0.441786,7.500000,PSF-00232_20250723124352_fa5,0.000000,0.000000,0.000000,40.916206,179.225357,0.771705,0.5,0.80,172.226715,1.000000,28.50,27.82,26.07,25.00,25.00,80.20,148.0,134.0,9.5,558,3.918,12:42:00,2025-07-23,0.29,1,0.000,-0.000,0.008,-2.160,0.029,0.208,0,150,-9999.000,-9999.000000,0.058905,0.000000,0.029230,0.000000,0.000000,-0.000068,standard,0,mpf,7000,500,-9999.000000,-9999.000000,300,300,300,111.760498,25,-50.902908,105.199455,106.286125,-1.086670,2.449604,2.458591,1.570343,0.874263,0.261329,-0.012571,0.424572,0.572211,40.916206,0.000633,2.400430,-0.000041,1.000000,2.408421,-0.000039,1.000000,0.600250,0.601702,0.107071,0.000000,PSF-00232_20250723124352_fa5,PFA-00245,PSA-00257,PSF-00232,RHS-00222,3.0.0,2021-01-19T12:57:14.097Z
106,12:44:19,2025-07-23,Manual gsw+F,LI-COR Default,,106,,,0.046085,2.922794,0.045370,1.628329,1.017576,0.981249,3.810004,2.792428,12.232124,12.684980,47.495033,0.441786,7.500000,PSF-00232_20250723124419_da6,0.000000,0.000000,0.000000,80.068947,137.309952,0.416874,0.5,0.80,309.670227,1.000000,30.01,28.94,26.08,28.07,28.07,80.22,156.8,23.5,85.0,1857,3.917,12:42:00,2025-07-23,0.29,1,-0.000,0.006,0.015,0.204,-0.892,-19.779,0,150,-9999.000,-9999.000000,0.058905,0.000000,0.029230,0.000000,0.000000,-0.000068,standard,0,mpf,7000,500,-9999.000000,-9999.000000,300,300,300,109.585403,25,-18.637194,101.943253,110.604553,-8.661301,2.451349,2.460949,1.644462,0.643783,0.261225,0.023478,0.426234,1.655276,80.068947,0.000608,2.400430,-0.000041,1.000000,2.408421,-0.000039,1.000000,0.600250,0.601702,0.107071,0.000000,PSF-00232_20250723124419_da6,PFA-00245,PSA-00257,PSF-00232,RHS-00222,3.0.0,2021-01-19T12:57:14.097Z
107,12:44:56,2025-07-23,Manual gsw+F,LI-COR Default,,107,,,0.023521,2.923140,0.023333,0.916216,1.001817,0.981375,4.052963,3.051146,12.231905,12.486696,50.516335,0.441786,7.500000,PSF-00232_20250723124456_4c9,0.000000,0.000000,0.000000,116.126778,187.568619,0.380884,0.5,0.80,291.649841,1.000000,29.47,28.87,26.13,29.13,29.13,80.23,156.9,-9.4,106.0,1914,3.916,12:42:00,2025-07-23,0.29,1,0.002,-0.000,-0.000,-0.305,-0.825,-1.038,0,150,-9999.000,-9999.000000,0.058905,0.000000,0.029230,0.000000,0.000000,-0.000068,standard,0,mpf,7000,500,-9999.000000,-9999.000000,300,300,300,178.833603,25,-6.007142,181.008698,178.960938,2.047760,2.451227,2.460094,1.644826,0.585464,0.260755,0.035809,0.428837,1.702963,116.126778,0.000624,2.400430,-0.000041,1.000000,2.408421,-0.000039,1.000000,0.600250,0.601702,0.107071,0.000000,PSF-00232_20250723124456_4c9,PFA-00245,PSA-00257,PSF-00232,RHS-00222,3.0.0,2021-01-19T12:57:14.097Z
108,12:45:32,2025-07-23,Manual gsw+F,LI-COR Default,,108,,,-0.001157,2.849289,-0.001158,-0.042073,1.043863,1.044856,3.870173,2.826309,13.024960,13.012589,48.244789,0.441786,7.500000,PSF-00232_20250723124532_e17,0.000000,0.000000,0.000000,40.466309,81.370644,0.502692,0.5,0.80,387.145569,1.000000,30.51,30.54,26.23,28.34,28.34,80.22,148.3,123.5,16.7,1925,3.915,12:42:00,2025-07-23,0.29,1,0.000,-0.001,-0.002,0.576,-0.004,0.644,0,150,-9999.000,-9999.000000,0.058905,0.000000,0.029230,0.000000,0.000000,-0.000068,standard,0,mpf,7000,500,-9999.000000,-9999.000000,300,300,300,71.597458,25,-8.236241,67.114235,69.568863,-2.454628,2.453793,2.461696,1.573010,0.849790,0.259636,0.024889,0.431477,1.712189,40.466309,0.000630,2.400430,-0.000041,1.000000,2.408421,-0.000039,1.000000,0.600250,0.601702,0.107071,0.000000,PSF-00232_20250723124532_e17,PFA-00245,PSA-00257,PSF-00232,RHS-00222,3.0.0,2021-01-19T12:57:14.097Z
109,12:45:46,2025-07-23,Manual gsw+F,LI-COR Default,,109,,,0.047305,2.924424,0.046552,1.360849,1.070019,1.039720,3.350278,2.280259,12.961993,13.339721,41.767269,0.441786,7.500000,PSF-00232_20250723124546_c01,0.000000,0.000000,0.000000,1.669765,1.672268,0.001497,0.5,0.80,1.220419,1.000000,31.17,30.29,26.29,25.88,25.88,80.21,157.0,-10.3,106.6,2038,3.915,12:42:00,2025-07-23,0.29,1,-9999.000,-9999.000,-9999.000,-9999.000,-9999.000,-9999.000,0,150,-9999.000,-9999.000000,0.058905,0.000000,0.029230,0.000000,0.000000,-0.000068,standard,0,mpf,7000,500,-9999.000000,-9999.000000,300,300,300,1.672268,25,-0.001304,1.672983,1.670400,0.002583,2.453401,2.462713,1.646182,0.583850,0.259070,-0.004911,0.432452,1.806174,1.669765,0.000610,2.400430,-0.000041,1.000000,2.408421,-0.000039,1.000000,0.600250,0.601702,0.107071,0.000000,PSF-00232_20250723124546_c01,PFA-00245,PSA-00257,PSF-00232,RHS-00222,3.0.0,2021-01-19T12:57:14.097Z
110,12:45:59,2025-07-23,Manual gsw+F,LI-COR Default,,110,,,0.058744,2.913098,0.057583,2.262852,1.118510,1.067704,4.166978,3.048469,13.310119,13.943461,51.946003,0.441786,7.500000,PSF-00232_20250723124559_154,0.000000,0.000000,0.000000,86.120369,124.270378,0.306992,0.5,0.80,246.987640,1.000000,32.47,30.99,26.35,29.61,29.61,80.22,155.6,48.3,69.0,2011,3.914,12:42:00,2025-07-23,0.29,1,0.002,0.002,0.008,-0.284,-1.520,-4.138,0,150,-9999.000,-9999.000000,0.058905,0.000000,0.029230,0.000000,0.000000,-0.000068,standard,0,mpf,7000,500,-9999.000000,-9999.000000,300,300,300,118.404152,25,-4.088193,117.895599,118.412369,-0.516769,2.454472,2.464696,1.634364,0.690552,0.258443,0.038997,0.433339,1.783876,86.120369,0.000622,2.400430,-0.000041,1.000000,2.408421,-0.000039,1.000000,0.600250,0.601702,0.107071,0.000000,PSF-00232_20250723124559_154,PFA-00245,PSA-00257,PSF-00232,RHS-00222,3.0.0,2021-01-19T12:57:14.097Z
111,12:46:41,2025-07-23,Manual gsw+F,LI-COR Default,,111,,,-0.004058,2.801207,-0.004064,-0.165805,1.069260,1.073307,4.234913,3.165654,13.376839,13.326390,52.780548,0.441786,7.500000,PSF-00232_20250723124641_c6f,0.000000,0.000000,0.000000,88.310837,100.171867,0.118407,0.5,0.80,65.477348,1.000000,30.68,30.79,26.55,29.90,29.90,80.24,143.3,137.2,4.2,1382,3.892,12:42:00,2025-07-23,0.29,1,0.000,0.000,0.004,-0.426,-0.711,-0.537,0,150,-9999.000,-9999.000000,0.058905,0.000000,0.029230,0.000000,0.000000,-0.000068,standard,0,mpf,7000,500,-9999.000000,-9999.000000,300,300,300,97.901344,25,-1.439211,97.990036,98.109612,-0.119576,2.454126,2.461899,1.531518,0.882015,0.256397,0.040044,0.435978,1.259592,88.310837,0.000618,2.400430,-0.000041,1.000000,2.408421,-0.000039,1.000000,0.600250,0.601702,0.107071,0.000000,PSF-00232_20250723124641_c6f,PFA-00245,PSA-00257,PSF-00232,RHS-00222,3.0.0,2021-01-19T12:57:14.097Z
112,12:47:00,2025-07-23,Manual gsw+F,LI-COR Default,,112,,,0.059417,2.905152,0.058227,2.467911,1.082789,1.027000,4.367920,3.285131,12.800216,13.495560,54.440445,0.441786,7.500000,PSF-00232_20250723124700_225,0.000000,0.000000,0.000000,69.579361,101.206573,0.312502,0.5,0.80,260.114258,1.000000,30.89,29.30,26.64,30.43,30.43,80.23,154.7,58.7,62.1,2081,3.912,12:42:00,2025-07-23,0.29,1,-0.001,0.001,0.019,-0.340,-0.036,1.616,0,150,-9999.000,-9999.000000,0.058905,0.000000,0.029230,0.000000,0.000000,-0.000068,standard,0,mpf,7000,500,-9999.000000,-9999.000000,300,300,300,94.982384,25,-4.319447,94.587204,95.017197,-0.429993,2.451812,2.462217,1.626258,0.710907,0.255440,0.045545,0.437079,1.841859,69.579361,0.000603,2.400430,-0.000041,1.000000,2.408421,-0.000039,1.000000,0.600250,0.601702,0.107071,0.000000,PSF-00232_20250723124700_225,PFA-00245,PSA-00257,PSF-00232,RHS-00222,3.0.0,2021-01-19T12:57:14.097Z
113,12:47:56,2025-07-23,Manual gsw+F,LI-COR Default,,113,,,0.008295,2.822999,0.008270,0.337181,1.055703,1.047599,4.218741,3.163038,13.059070,13.160097,52.589645,0.441786,7.500000,PSF-00232_20250723124756_975,0.000000,0.000000,0.000000,96.217278,140.896713,0.317108,0.5,0.80,172.930283,1.000000,29.58,29.35,26.95,29.83,29.83,80.22,145.5,136.1,6.5,1363,3.910,12:42:00,2025-07-23,0.29,1,0.000,-0.001,-0.002,-1.248,-1.529,0.827,0,150,-9999.000,-9999.000000,0.058905,0.000000,0.029230,0.000000,0.000000,-0.000068,standard,0,mpf,7000,500,-9999.000000,-9999.000000,300,300,300,134.011749,25,-5.287083,131.898529,133.320801,-1.422272,2.451844,2.460133,1.549888,0.879225,0.252347,0.034422,0.440126,1.243647,96.217278,0.000604,2.400430,-0.000041,1.000000,2.408421,-0.000039,1.000000,0.600250,0.601702,0.107071,0.000000,PSF-00232_20250723124756_975,PFA-00245,PSA-00257,PSF-00232,RHS-00222,3.0.0,2021-01-19T12:57:14.097Z
114,12:49:10,2025-07-23,Manual gsw+F,LI-COR Default,,114,,,0.004947,2.913945,0.004939,0.209599,0.978157,0.973446,4.271151,3.292993,12.135163,12.193892,53.244953,0.441786,7.500000,PSF-00232_20250723124910_f31,0.000000,0.000000,0.000000,132.341629,155.633148,0.149657,0.5,0.80,104.528091,1.000000,26.84,26.71,27.31,30.04,30.04,80.22,155.7,69.1,55.6,1746,3.909,12:42:00,2025-07-23,0.29,1,0.000,-0.000,-0.000,-6.545,-12.895,28.468,0,150,-9999.000,-9999.000000,0.058905,0.000000,0.029230,0.000000,0.000000,-0.000068,standard,0,mpf,7000,500,-9999.000000,-9999.000000,300,300,300,147.974976,25,-6.571218,143.600464,146.217194,-2.616730,2.447669,2.455775,1.635237,0.731826,0.248790,0.032755,0.443085,1.562770,132.341629,0.000616,2.400430,-0.000041,1.000000,2.408421,-0.000039,1.000000,0.600250,0.601702,0.107071,0.000000,PSF-00232_20250723124910_f31,PFA-00245,PSA-00257,PSF-00232,RHS-00222,3.0.0,2021-01-19T12:57:14.097Z
115,12:49:42,2025-07-23,Manual gsw+F,LI-COR Default,,115,,,0.042255,2.888161,0.041646,1.760203,1.074727,1.034403,4.351680,3.276953,12.890597,13.393112,54.230087,0.441786,7.500000,PSF-00232_20250723124942_3e0,0.000000,0.000000,0.000000,67.045212,93.097878,0.279842,0.5,0.80,225.502197,1.000000,29.23,28.14,27.46,30.37,30.37,80.24,152.7,61.9,59.4,2015,3.907,12:42:00,2025-07-23,0.29,1,0.003,0.005,0.006,-1.317,-2.916,-6.947,0,150,-9999.000,-9999.000000,0.058905,0.000000,0.029230,0.000000,0.000000,-0.000068,standard,0,mpf,7000,500,-9999.000000,-9999.000000,300,300,300,87.335945,25,-3.997506,86.519478,87.369812,-0.850334,2.449872,2.459507,1.609400,0.717424,0.247323,0.034956,0.444518,1.786543,67.045212,0.000614,2.400430,-0.000041,1.000000,2.408421,-0.000039,1.000000,0.600250,0.601702,0.107071,0.000000,PSF-00232_20250723124942_3e0,PFA-00245,PSA-00257,PSF-00232,RHS-00222,3.0.0,2021-01-19T12:57:14.097Z
116,12:50:40,2025-07-23,Manual gsw+F,LI-COR Default,,116,,,0.011283,2.792169,0.011237,0.497954,1.015174,1.002929,4.450089,3.434915,12.497718,12.650298,55.453506,0.441786,7.500000,PSF-00232_20250723125040_8b4,0.000000,0.000000,0.000000,140.133255,224.606216,0.376094,0.5,0.80,282.286224,1.000000,27.23,26.91,27.69,30.76,30.76,80.25,142.4,121.5,14.7,1876,3.906,12:42:00,2025-07-23,0.29,1,0.000,0.001,0.014,60.142,17.904,11.843,0,150,-9999.000,-9999.000000,0.058905,0.000000,0.029230,0.000000,0.000000,-0.000068,standard,0,mpf,7000,500,-9999.000000,-9999.000000,300,300,300,213.820694,25,-16.135124,235.619186,201.486053,34.133133,2.447917,2.456341,1.524093,0.845059,0.245019,0.036925,0.446692,1.671400,140.182968,0.000622,2.400430,-0.000041,1.000000,2.408421,-0.000039,1.000000,0.600250,0.601702,0.107071,0.000000,PSF-00232_20250723125040_8b4,PFA-00245,PSA-00257,PSF-00232,RHS-00222,3.0.0,2021-01-19T12:57:14.097Z
117,12:51:22,2025-07-23,Manual gsw+F,LI-COR Default,,117,,,0.006220,2.793408,0.006206,0.274948,1.032696,1.025942,4.466170,3.433474,12.783647,12.867803,55.650261,0.441786,7.500000,PSF-00232_20250723125122_47c,0.000000,0.000000,0.000000,177.157410,186.510101,0.050146,0.5,0.80,42.003418,1.000000,27.38,27.20,27.90,30.82,30.82,80.25,142.5,101.1,29.1,2094,3.905,12:42:00,2025-07-23,0.29,1,0.000,0.001,0.001,-1.778,-4.454,-14.280,0,150,-9999.000,-9999.000000,0.058905,0.000000,0.029230,0.000000,0.000000,-0.000068,standard,0,mpf,7000,500,-9999.000000,-9999.000000,300,300,300,185.877808,25,-0.399025,185.766571,185.938339,-0.171768,2.448345,2.456538,1.525104,0.799248,0.243062,0.035259,0.448553,1.852832,177.157410,0.000604,2.400430,-0.000041,1.000000,2.408421,-0.000039,1.000000,0.600250,0.601702,0.107071,0.000000,PSF-00232_20250723125122_47c,PFA-00245,PSA-00257,PSF-00232,RHS-00222,3.0.0,2021-01-19T12:57:14.097Z
118,12:51:59,2025-07-23,Manual gsw+F,LI-COR Default,,118,,,0.018775,2.922724,0.018655,0.817512,1.048035,1.029801,4.443263,3.395228,12.836935,13.064219,55.387260,0.441786,7.500000,PSF-00232_20250723125159_165,0.000000,0.000000,0.000000,76.086044,101.088997,0.247336,0.5,0.80,146.931229,1.000000,27.46,26.99,28.10,30.73,30.73,80.22,156.8,-8.9,105.7,1485,3.904,12:42:00,2025-07-23,0.29,1,-0.002,-0.001,0.036,-0.462,-0.661,-12.941,0,150,-9999.000,-9999.000000,0.058905,0.000000,0.029230,0.000000,0.000000,-0.000068,standard,0,mpf,7000,500,-9999.000000,-9999.000000,300,300,300,96.502304,25,-3.205804,95.722321,96.495369,-0.773048,2.447980,2.456640,1.644388,0.586229,0.241145,0.031731,0.450143,1.345186,76.086044,0.000602,2.400430,-0.000041,1.000000,2.408421,-0.000039,1.000000,0.600250,0.601702,0.107071,0.000000,PSF-00232_20250723125159_165,PFA-00245,PSA-00257,PSF-00232,RHS-00222,3.0.0,2021-01-19T12:57:14.097Z
119,12:52:37,2025-07-23,Manual gsw+F,LI-COR Default,,119,,,0.023448,2.910720,0.023261,1.008422,1.058326,1.035625,4.417350,3.359025,12.909968,13.192953,55.066135,0.441786,7.500000,PSF-00232_20250723125237_909,0.000000,0.000000,0.000000,64.062950,113.243027,0.434288,0.5,0.80,212.458405,1.000000,27.34,26.75,28.34,30.63,30.63,80.22,155.4,92.9,40.2,1223,3.902,12:52:25,2025-07-23,0.29,1,0.000,-0.002,-0.003,-0.532,-0.955,1.065,0,150,-9999.000,-9999.000000,0.058905,0.000000,0.029230,0.000000,0.000000,-0.000068,standard,0,mpf,7000,500,-9999.000000,-9999.000000,300,300,300,104.391571,25,-6.867766,101.365685,103.402145,-2.036461,2.447570,2.456408,1.631922,0.781480,0.238782,0.027460,0.451652,1.126673,64.062950,0.000614,2.400430,-0.000041,1.000000,2.408421,-0.000039,1.000000,0.600250,0.601702,0.107071,0.000000,PSF-00232_20250723125237_909,PFA-00245,PSA-00257,PSF-00232,RHS-00222,3.0.0,2021-01-19T12:57:14.097Z
120,12:53:26,2025-07-23,Manual gsw+F,LI-COR Default,,120,,,0.007234,2.808716,0.007216,0.359625,1.025954,1.017215,4.877970,3.852016,12.676965,12.785863,60.791306,0.441786,7.500000,PSF-00232_20250723125326_8a1,0.000000,0.000000,0.000000,82.442879,90.938126,0.093418,0.5,0.80,65.981987,1.000000,26.10,25.88,28.61,32.38,32.38,80.24,144.0,84.1,41.6,1766,3.901,12:52:25,2025-07-23,0.29,1,-0.001,0.000,0.002,-0.675,-1.174,-3.438,0,150,-9999.000,-9999.000000,0.058905,0.000000,0.029230,0.000000,0.000000,-0.000068,standard,0,mpf,7000,500,-9999.000000,-9999.000000,300,300,300,89.834335,25,-0.762682,89.704155,89.845268,-0.141113,2.446160,2.454416,1.537772,0.762922,0.236311,0.045958,0.453081,1.579145,82.442879,0.000627,2.400430,-0.000041,1.000000,2.408421,-0.000039,1.000000,0.600250,0.601702,0.107071,0.000000,PSF-00232_20250723125326_8a1,PFA-00245,PSA-00257,PSF-00232,RHS-00222,3.0.0,2021-01-19T12:57:14.097Z
121,12:54:07,2025-07-23,Manual gsw+F,LI-COR Default,,121,,,0.079909,2.812210,0.077701,3.387502,1.148250,1.066264,4.523171,3.374921,13.287022,14.308673,56.364555,0.441786,7.500000,PSF-00232_20250723125407_2fb,0.000000,0.000000,0.000000,91.663956,137.251404,0.332146,0.5,0.80,256.166107,1.000000,28.80,26.74,28.85,31.05,31.05,80.25,144.4,66.2,54.1,1928,3.900,12:52:25,2025-07-23,0.29,1,-0.000,0.000,0.002,-1.107,-2.283,-6.971,0,150,-9999.000,-9999.000000,0.058905,0.000000,0.029230,0.000000,0.000000,-0.000068,standard,0,mpf,7000,500,-9999.000000,-9999.000000,300,300,300,127.350212,25,-6.841467,126.158234,127.448204,-1.289970,2.447486,2.458619,1.540708,0.725975,0.234056,0.026437,0.454787,1.714484,91.663956,0.000600,2.400430,-0.000041,1.000000,2.408421,-0.000039,1.000000,0.600250,0.601702,0.107071,0.000000,PSF-00232_20250723125407_2fb,PFA-00245,PSA-00257,PSF-00232,RHS-00222,3.0.0,2021-01-19T12:57:14.097Z
122,12:54:35,2025-07-23,Manual gsw+F,LI-COR Default,,122,,,0.066634,2.917782,0.065146,2.914542,1.120839,1.055621,4.583276,3.462438,13.154978,13.967705,57.116035,0.441786,7.500000,PSF-00232_20250723125435_9eb,0.000000,0.000000,0.000000,104.399445,1184.608643,0.911870,0.5,0.80,240.849762,1.000000,27.79,26.17,29.05,31.28,31.28,80.25,156.2,35.1,77.5,660,3.898,12:52:25,2025-07-23,0.29,1,-0.001,-0.001,0.007,-0.945,-2.557,-5.252,0,150,-9999.000,-9999.000000,0.058905,0.000000,0.029230,0.000000,0.000000,-0.000068,standard,0,mpf,7000,500,-9999.000000,-9999.000000,300,300,300,219.103928,25,-643.006287,0.629067,263.239197,-262.610138,2.446553,2.457003,1.639213,0.665439,0.232185,0.026829,0.455731,0.657559,105.314972,0.000617,2.400430,-0.000041,1.000000,2.408421,-0.000039,1.000000,0.600250,0.601702,0.107071,0.000000,PSF-00232_20250723125435_9eb,PFA-00245,PSA-00257,PSF-00232,RHS-00222,3.0.0,2021-01-19T12:57:14.097Z
123,12:56:00,2025-07-23,Manual gsw+F,LI-COR Default,,123,,,0.021766,2.720582,0.021593,1.064237,1.113377,1.085921,4.919706,3.806329,13.532489,13.874630,61.308186,0.441786,7.500000,PSF-00232_20250723125600_a3c,0.000000,0.000000,0.000000,68.783997,84.381241,0.184843,0.5,0.80,151.937637,1.000000,26.80,26.14,29.56,32.53,32.53,80.25,135.5,101.0,25.5,2055,3.897,12:52:25,2025-07-23,0.29,1,0.001,0.002,-0.000,-0.196,-0.497,-1.747,0,150,-9999.000,-9999.000000,0.058905,0.000000,0.029230,0.000000,0.000000,-0.000068,standard,0,mpf,7000,500,-9999.000000,-9999.000000,300,300,300,81.758026,25,-1.860908,81.444740,81.714729,-0.269989,2.446428,2.455378,1.468809,0.799047,0.227547,0.036157,0.458513,1.820230,68.783997,0.000594,2.400430,-0.000041,1.000000,2.408421,-0.000039,1.000000,0.600250,0.601702,0.107071,0.000000,PSF-00232_20250723125600_a3c,PFA-00245,PSA-00257,PSF-00232,RHS-00222,3.0.0,2021-01-19T12:57:14.097Z
124,12:56:31,2025-07-23,Manual gsw+F,LI-COR Default,,124,,,0.024171,2.858764,0.023968,1.152481,1.110996,1.084025,4.825669,3.714673,13.512777,13.848975,60.153748,0.441786,7.500000,PSF-00232_20250723125631_770,0.000000,0.000000,0.000000,114.494560,251.326569,0.544439,0.5,0.80,242.412430,1.000000,26.50,25.85,29.72,32.19,32.19,80.22,149.3,19.8,86.7,1113,3.896,12:52:25,2025-07-23,0.29,1,-0.007,-0.009,0.006,10.521,7.562,18.380,0,150,-9999.000,-9999.000000,0.058905,0.000000,0.029230,0.000000,0.000000,-0.000068,standard,0,mpf,7000,500,-9999.000000,-9999.000000,300,300,300,225.905304,25,-18.690699,236.815460,224.544495,12.270966,2.445958,2.454879,1.581622,0.637007,0.226115,0.029921,0.459550,1.035054,114.164116,0.000620,2.400430,-0.000041,1.000000,2.408421,-0.000039,1.000000,0.600250,0.601702,0.107071,0.000000,PSF-00232_20250723125631_770,PFA-00245,PSA-00257,PSF-00232,RHS-00222,3.0.0,2021-01-19T12:57:14.097Z
125,12:57:08,2025-07-23,Manual gsw+F,LI-COR Default,,125,,,0.012961,2.672088,0.012899,0.550385,1.072444,1.057774,4.379247,3.306802,13.185213,13.368083,54.587570,0.441786,7.500000,PSF-00232_20250723125708_911,0.000000,0.000000,0.000000,119.477753,250.827225,0.523665,0.5,0.80,324.357391,1.000000,25.31,24.96,29.91,30.48,30.48,80.22,131.2,122.1,6.9,1548,3.896,12:52:25,2025-07-23,0.29,1,0.000,-0.000,0.002,-4.550,-5.652,-1.815,0,150,-9999.000,-9999.000000,0.058905,0.000000,0.029230,0.000000,0.000000,-0.000068,standard,0,mpf,7000,500,-9999.000000,-9999.000000,300,300,300,236.581924,25,-9.661849,235.469696,236.982681,-1.512985,2.444533,2.452978,1.434406,0.846464,0.224494,0.006621,0.460596,1.398006,119.477753,0.000614,2.400430,-0.000041,1.000000,2.408421,-0.000039,1.000000,0.600250,0.601702,0.107071,0.000000,PSF-00232_20250723125708_911,PFA-00245,PSA-00257,PSF-00232,RHS-00222,3.0.0,2021-01-19T12:57:14.097Z
126,12:57:47,2025-07-23,Manual gsw+F,LI-COR Default,,126,,,0.028869,2.671163,0.028560,1.564066,1.093980,1.052260,5.313516,4.219536,13.111831,13.631683,66.209770,0.441786,7.500000,PSF-00232_20250723125747_a52,0.000000,0.000000,0.000000,74.114441,94.919792,0.219189,0.5,0.80,178.457916,1.000000,25.59,24.61,30.06,33.90,33.90,80.25,131.1,104.4,20.3,2035,3.895,12:52:25,2025-07-23,0.29,1,0.000,-0.001,-0.001,-0.009,-0.318,-1.294,0,150,-9999.000,-9999.000000,0.058905,0.000000,0.029230,0.000000,0.000000,-0.000068,standard,0,mpf,7000,500,-9999.000000,-9999.000000,300,300,300,91.332794,25,-2.415916,91.069580,91.458008,-0.388428,2.443959,2.453399,1.433770,0.806662,0.223129,0.047382,0.461492,1.803954,74.114441,0.000601,2.400430,-0.000041,1.000000,2.408421,-0.000039,1.000000,0.600250,0.601702,0.107071,0.000000,PSF-00232_20250723125747_a52,PFA-00245,PSA-00257,PSF-00232,RHS-00222,3.0.0,2021-01-19T12:57:14.097Z
127,12:58:15,2025-07-23,Manual gsw+F,LI-COR Default,,127,,,0.046684,2.663590,0.045880,1.795346,1.071737,1.023598,4.110469,3.038732,12.755754,13.355642,51.223351,0.441786,7.500000,PSF-00232_20250723125815_043,0.000000,0.000000,0.000000,123.212097,388.137390,0.682555,0.5,0.80,319.357361,1.000000,24.88,23.76,30.19,29.38,29.38,80.25,130.5,104.6,19.8,1170,3.893,12:52:25,2025-07-23,0.29,1,0.001,0.001,0.003,-1.038,-0.877,-2.457,0,150,-9999.000,-9999.000000,0.058905,0.000000,0.029230,0.000000,0.000000,-0.000068,standard,0,mpf,7000,500,-9999.000000,-9999.000000,300,300,300,361.201294,25,-21.616278,354.230774,357.163239,-2.932465,2.442591,2.452254,1.428596,0.807093,0.221965,-0.010262,0.462288,1.082225,123.212097,0.000625,2.400430,-0.000041,1.000000,2.408421,-0.000039,1.000000,0.600250,0.601702,0.107071,0.000000,PSF-00232_20250723125815_043,PFA-00245,PSA-00257,PSF-00232,RHS-00222,3.0.0,2021-01-19T12:57:14.097Z
128,12:59:03,2025-07-23,Manual gsw+F,LI-COR Default,,128,,,0.019382,2.694152,0.019244,1.012529,1.043945,1.017331,5.104669,4.060723,12.676780,13.008420,63.608387,0.441786,7.500000,PSF-00232_20250723125903_bc7,0.000000,0.000000,0.000000,60.118317,77.536530,0.224645,0.5,0.80,176.067398,1.000000,24.05,23.43,30.33,33.18,33.18,80.25,133.1,92.8,30.3,1959,3.893,12:52:25,2025-07-23,0.29,1,0.002,-0.000,0.002,-0.468,-0.449,-1.059,0,150,-9999.000,-9999.000000,0.058905,0.000000,0.029230,0.000000,0.000000,-0.000068,standard,0,mpf,7000,500,-9999.000000,-9999.000000,300,300,300,75.284958,25,-1.558465,75.366142,75.303391,0.062752,2.442050,2.450908,1.449786,0.781341,0.220783,0.034997,0.462898,1.740559,60.118317,0.000612,2.400430,-0.000041,1.000000,2.408421,-0.000039,1.000000,0.600250,0.601702,0.107071,0.000000,PSF-00232_20250723125903_bc7,PFA-00245,PSA-00257,PSF-00232,RHS-00222,3.0.0,2021-01-19T12:57:14.097Z
129,12:59:38,2025-07-23,Manual gsw+F,LI-COR Default,,129,,,0.050708,2.669302,0.049763,2.236356,1.071035,1.011300,4.550798,3.479763,12.603082,13.347516,56.713242,0.441786,7.500000,PSF-00232_20250723125938_e44,0.000000,0.000000,0.000000,185.434692,254.642380,0.271784,0.5,0.80,201.861725,1.000000,24.51,23.14,30.44,31.15,31.15,80.24,130.9,104.8,19.9,1857,3.891,12:52:25,2025-07-23,0.29,1,0.001,0.001,0.012,-4.146,-8.736,-1.792,0,150,-9999.000,-9999.000000,0.058905,0.000000,0.029230,0.000000,0.000000,-0.000068,standard,0,mpf,7000,500,-9999.000000,-9999.000000,300,300,300,244.379639,25,-7.621379,243.247742,243.721634,-0.473892,2.441575,2.451635,1.432495,0.807524,0.219807,0.008320,0.463972,1.655048,185.434692,0.000601,2.400430,-0.000041,1.000000,2.408421,-0.000039,1.000000,0.600250,0.601702,0.107071,0.000000,PSF-00232_20250723125938_e44,PFA-00245,PSA-00257,PSF-00232,RHS-00222,3.0.0,2021-01-19T12:57:14.097Z
130,13:00:14,2025-07-23,Manual gsw+F,LI-COR Default,,130,,,-0.002299,2.720154,-0.002301,-0.124256,1.036746,1.039956,5.201232,4.164486,12.959798,12.919801,64.817101,0.441786,7.500000,PSF-00232_20250723130014_7be,0.000000,0.000000,0.000000,107.166763,117.935272,0.091309,0.5,0.80,70.845154,1.000000,23.60,23.67,30.53,33.52,33.52,80.24,135.5,74.3,45.1,1940,3.891,12:52:25,2025-07-23,0.29,1,0.000,0.000,0.005,-1.210,-1.488,-1.256,0,150,-9999.000,-9999.000000,0.058905,0.000000,0.029230,0.000000,0.000000,-0.000068,standard,0,mpf,7000,500,-9999.000000,-9999.000000,300,300,300,116.899254,25,-0.754520,116.632103,116.854111,-0.222008,2.442406,2.450168,1.468495,0.742550,0.219007,0.036688,0.464929,1.724155,107.166763,0.000615,2.400430,-0.000041,1.000000,2.408421,-0.000039,1.000000,0.600250,0.601702,0.107071,0.000000,PSF-00232_20250723130014_7be,PFA-00245,PSA-00257,PSF-00232,RHS-00222,3.0.0,2021-01-19T12:57:14.097Z
131,13:00:40,2025-07-23,Manual gsw+F,LI-COR Default,,131,,,0.026158,2.715239,0.025909,1.252546,1.106782,1.074349,4.842473,3.735691,13.388113,13.792283,60.344975,0.441786,7.500000,PSF-00232_20250723130040_c79,0.000000,0.000000,0.000000,72.583794,103.613792,0.299477,0.5,0.80,209.131058,1.000000,25.05,24.32,30.63,32.25,32.25,80.25,135.0,63.3,53.2,1746,3.890,12:52:25,2025-07-23,0.29,1,-0.000,-0.002,-0.000,-0.652,-1.655,-4.933,0,150,-9999.000,-9999.000000,0.058905,0.000000,0.029230,0.000000,0.000000,-0.000068,standard,0,mpf,7000,500,-9999.000000,-9999.000000,300,300,300,98.757866,25,-3.372669,98.252533,98.781067,-0.528534,2.443410,2.452465,1.464908,0.720039,0.218140,0.019496,0.465850,1.562492,72.583794,0.000610,2.400430,-0.000041,1.000000,2.408421,-0.000039,1.000000,0.600250,0.601702,0.107071,0.000000,PSF-00232_20250723130040_c79,PFA-00245,PSA-00257,PSF-00232,RHS-00222,3.0.0,2021-01-19T12:57:14.097Z
132,13:01:10,2025-07-23,Manual gsw+F,LI-COR Default,,132,,,0.213844,2.751260,0.198421,8.629125,1.321089,1.103635,4.680541,3.359452,13.752589,16.462317,58.325039,0.441786,7.500000,PSF-00232_20250723130110_7ea,0.000000,0.000000,0.000000,188.080780,287.524689,0.345862,0.5,0.80,166.242172,1.000000,29.69,24.80,30.76,31.65,31.65,80.25,138.4,10.6,92.3,1202,3.889,12:52:25,2025-07-23,0.29,1,-0.001,-0.000,0.009,-3.351,-5.848,-12.570,0,150,-9999.000,-9999.000000,0.058905,0.000000,0.029230,0.000000,0.000000,-0.000068,standard,0,mpf,7000,500,-9999.000000,-9999.000000,300,300,300,276.619781,25,-8.221731,274.536957,275.743683,-1.206726,2.444160,2.459685,1.491782,0.620479,0.217080,0.010521,0.466676,1.108851,188.080780,0.000603,2.400430,-0.000041,1.000000,2.408421,-0.000039,1.000000,0.600250,0.601702,0.107071,0.000000,PSF-00232_20250723130110_7ea,PFA-00245,PSA-00257,PSF-00232,RHS-00222,3.0.0,2021-01-19T12:57:14.097Z
133,13:01:38,2025-07-23,Manual gsw+F,LI-COR Default,,133,,,0.043892,2.710551,0.043192,2.041181,1.171285,1.118301,4.822331,3.651047,13.934394,14.594584,60.087799,0.441786,7.500000,PSF-00232_20250723130138_a16,0.000000,0.000000,0.000000,142.966385,177.940781,0.196551,0.5,0.80,162.423737,1.000000,26.12,24.94,30.89,32.17,32.17,80.25,134.6,65.4,51.4,2066,3.887,12:52:25,2025-07-23,0.29,1,0.001,0.001,0.004,-5.249,-14.323,-51.673,0,150,-9999.000,-9999.000000,0.058905,0.000000,0.029230,0.000000,0.000000,-0.000068,standard,0,mpf,7000,500,-9999.000000,-9999.000000,300,300,300,169.511322,25,-6.349034,167.311188,168.843201,-1.532013,2.444353,2.454115,1.461509,0.724351,0.215918,0.015373,0.467558,1.829372,142.966385,0.000598,2.400430,-0.000041,1.000000,2.408421,-0.000039,1.000000,0.600250,0.601702,0.107071,0.000000,PSF-00232_20250723130138_a16,PFA-00245,PSA-00257,PSF-00232,RHS-00222,3.0.0,2021-01-19T12:57:14.097Z
134,13:03:00,2025-07-23,Manual gsw+F,LI-COR Default,,134,,,0.006482,2.718686,0.006467,0.322567,1.177662,1.169335,5.026390,3.848727,14.569247,14.672998,62.625946,0.441786,7.500000,PSF-00232_20250723130300_941,0.000000,0.000000,0.000000,167.768600,216.952179,0.226702,0.5,0.80,152.824814,1.000000,25.79,25.60,31.21,32.91,32.91,80.26,135.3,51.3,62.1,1685,3.885,13:02:38,2025-07-23,0.36,1,-0.001,0.001,0.005,-4.799,-11.095,-29.501,0,150,-9999.000,-9999.000000,0.058905,0.000000,0.029230,0.000000,0.000000,-0.000068,standard,0,mpf,7000,500,-9999.000000,-9999.000000,300,300,300,200.227264,25,-12.679930,193.853973,198.782990,-4.929016,2.445350,2.453435,1.467421,0.696484,0.213214,0.020589,0.469641,1.512057,167.768600,0.000599,2.400430,-0.000041,1.000000,2.408421,-0.000039,1.000000,0.600250,0.601702,0.107071,0.000000,PSF-00232_20250723130300_941,PFA-00245,PSA-00257,PSF-00232,RHS-00222,3.0.0,2021-01-19T12:57:14.097Z
135,13:03:31,2025-07-23,Manual gsw+F,LI-COR Default,,135,,,0.019842,2.656025,0.019694,1.014369,1.190763,1.163464,5.161241,3.970477,14.495372,14.835493,64.302910,0.441786,7.500000,PSF-00232_20250723130331_059,0.000000,0.000000,0.000000,72.975754,97.453850,0.251176,0.5,0.80,174.926483,1.000000,25.90,25.30,31.33,33.38,33.38,80.26,129.8,81.0,37.6,1741,3.878,13:02:38,2025-07-23,0.36,1,0.001,0.001,0.000,-1.091,0.423,-1.012,0,150,-9999.000,-9999.000000,0.058905,0.000000,0.029230,0.000000,0.000000,-0.000068,standard,0,mpf,7000,500,-9999.000000,-9999.000000,300,300,300,91.577766,25,-4.162558,90.807434,91.489281,-0.681847,2.444861,2.453590,1.423476,0.756360,0.212212,0.025030,0.470472,1.558552,72.975754,0.000606,2.400430,-0.000041,1.000000,2.408421,-0.000039,1.000000,0.600250,0.601702,0.107071,0.000000,PSF-00232_20250723130331_059,PFA-00245,PSA-00257,PSF-00232,RHS-00222,3.0.0,2021-01-19T12:57:14.097Z
136,13:09:27,2025-07-23,Manual gsw+F,LI-COR Default,,136,,,0.014793,2.688035,0.014712,0.730356,1.030467,1.011187,4.868054,3.837588,12.600268,12.840506,60.660168,0.441786,7.500000,PSF-00232_20250723130927_e84,0.000000,0.000000,0.000000,77.224373,118.790131,0.349909,0.5,0.80,114.863686,1.000000,23.31,22.88,30.64,32.34,32.34,80.25,132.6,57.7,56.5,821,3.877,13:02:38,2025-07-23,0.36,1,0.001,0.001,0.007,0.321,0.128,1.328,0,150,-9999.000,-9999.000000,0.058905,0.000000,0.029230,0.000000,0.000000,-0.000068,standard,0,mpf,7000,500,-9999.000000,-9999.000000,300,300,300,112.470390,25,-4.378394,111.026291,112.516289,-1.489998,2.441118,2.449577,1.445478,0.708968,0.218063,0.020548,0.470772,0.791237,77.224373,0.000623,2.400430,-0.000041,1.000000,2.408421,-0.000039,1.000000,0.600250,0.601702,0.107071,0.000000,PSF-00232_20250723130927_e84,PFA-00245,PSA-00257,PSF-00232,RHS-00222,3.0.0,2021-01-19T12:57:14.097Z
137,13:10:30,2025-07-23,Manual gsw+F,LI-COR Default,,137,,,0.009329,2.700464,0.009297,0.496653,1.075064,1.062072,5.193742,4.118678,13.237103,13.399025,64.732040,0.441786,7.500000,PSF-00232_20250723131030_d1c,0.000000,0.000000,0.000000,77.543022,113.362228,0.315971,0.5,0.80,215.247238,1.000000,24.36,24.07,30.61,33.49,33.49,80.23,133.7,60.5,54.8,1703,3.876,13:02:38,2025-07-23,0.36,1,0.001,0.004,-0.000,-0.708,-1.546,-3.194,0,150,-9999.000,-9999.000000,0.058905,0.000000,0.029230,0.000000,0.000000,-0.000068,standard,0,mpf,7000,500,-9999.000000,-9999.000000,300,300,300,107.450012,25,-4.065522,107.172485,107.536705,-0.364220,2.443019,2.451262,1.454268,0.714485,0.218319,0.035376,0.472657,1.526862,77.543022,0.000613,2.400430,-0.000041,1.000000,2.408421,-0.000039,1.000000,0.600250,0.601702,0.107071,0.000000,PSF-00232_20250723131030_d1c,PFA-00245,PSA-00257,PSF-00232,RHS-00222,3.0.0,2021-01-19T12:57:14.097Z
138,13:10:58,2025-07-23,Manual gsw+F,LI-COR Default,,138,,,0.014343,2.746104,0.014268,0.768212,1.085034,1.065547,5.235817,4.150784,13.277019,13.519831,65.239761,0.441786,7.500000,PSF-00232_20250723131058_d79,0.000000,0.000000,0.000000,67.345619,95.189117,0.292507,0.5,0.80,204.290070,1.000000,24.54,24.10,30.65,33.64,33.64,80.25,137.9,30.5,77.9,1746,3.874,13:02:38,2025-07-23,0.36,1,-0.000,-0.002,-0.001,-0.771,-1.317,-1.726,0,150,-9999.000,-9999.000000,0.058905,0.000000,0.029230,0.000000,0.000000,-0.000068,standard,0,mpf,7000,500,-9999.000000,-9999.000000,300,300,300,89.174866,25,-4.276824,88.273285,89.060822,-0.787537,2.443063,2.451540,1.487849,0.656760,0.218022,0.036773,0.473997,1.562681,67.345619,0.000607,2.400430,-0.000041,1.000000,2.408421,-0.000039,1.000000,0.600250,0.601702,0.107071,0.000000,PSF-00232_20250723131058_d79,PFA-00245,PSA-00257,PSF-00232,RHS-00222,3.0.0,2021-01-19T12:57:14.097Z
139,13:12:04,2025-07-23,Manual gsw+F,LI-COR Default,,139,,,0.029217,2.850906,0.028921,1.507216,1.171184,1.135728,5.187046,4.015862,14.154886,14.596785,64.647568,0.441786,7.500000,PSF-00232_20250723131204_3e1,0.000000,0.000000,0.000000,75.873970,115.297020,0.341926,0.5,0.80,157.809036,1.000000,26.21,25.41,30.83,33.47,33.47,80.24,148.5,-7.9,105.3,1154,3.872,13:02:38,2025-07-23,0.36,1,-0.006,-0.009,0.011,-0.506,-0.808,1.251,0,150,-9999.000,-9999.000000,0.058905,0.000000,0.029230,0.000000,0.000000,-0.000068,standard,0,mpf,7000,500,-9999.000000,-9999.000000,300,300,300,109.250305,25,-4.359349,108.125565,109.050468,-0.924904,2.445105,2.454150,1.574468,0.588079,0.216420,0.032340,0.477378,1.068980,75.873970,0.000599,2.400430,-0.000041,1.000000,2.408421,-0.000039,1.000000,0.600250,0.601702,0.107071,0.000000,PSF-00232_20250723131204_3e1,PFA-00245,PSA-00257,PSF-00232,RHS-00222,3.0.0,2021-01-19T12:57:14.097Z
140,13:13:20,2025-07-23,Manual gsw+F,LI-COR Default,,140,,,0.187008,2.847505,0.175483,8.171679,1.224944,1.032311,4.821458,3.596514,12.862609,15.262812,60.075417,0.441786,7.500000,PSF-00232_20250723131320_02a,0.000000,0.000000,0.000000,75.748085,145.395966,0.479022,0.5,0.80,285.412170,1.000000,26.84,22.62,31.20,32.17,32.17,80.26,148.1,13.6,90.8,1490,3.871,13:12:57,2025-07-23,0.35,1,0.001,0.002,0.012,-0.038,0.040,-1.004,0,150,-9999.000,-9999.000000,0.058905,0.000000,0.029230,0.000000,0.000000,-0.000068,standard,0,mpf,7000,500,-9999.000000,-9999.000000,300,300,300,128.652695,25,-11.997052,125.252365,128.205276,-2.952911,2.440640,2.455110,1.571405,0.625879,0.213333,0.011551,0.480633,1.348870,75.748085,0.000609,2.400430,-0.000041,1.000000,2.408421,-0.000039,1.000000,0.600250,0.601702,0.107071,0.000000,PSF-00232_20250723131320_02a,PFA-00245,PSA-00257,PSF-00232,RHS-00222,3.0.0,2021-01-19T12:57:14.097Z
141,13:14:19,2025-07-23,Manual gsw+F,LI-COR Default,,141,,,0.193161,2.752221,0.180493,8.702883,1.279835,1.060515,4.998515,3.718680,13.213038,15.945561,62.276894,0.441786,7.500000,PSF-00232_20250723131419_8cb,0.000000,0.000000,0.000000,101.223709,156.595154,0.353596,0.5,0.80,292.817871,1.000000,27.80,23.04,31.36,32.81,32.81,80.26,138.5,31.9,77.0,2070,3.869,13:12:57,2025-07-23,0.35,1,-0.000,0.002,0.010,-1.052,-2.345,-6.027,0,150,-9999.000,-9999.000000,0.058905,0.000000,0.029230,0.000000,0.000000,-0.000068,standard,0,mpf,7000,500,-9999.000000,-9999.000000,300,300,300,147.623413,25,-6.198493,147.665268,147.713272,-0.048004,2.441278,2.456575,1.492518,0.659356,0.212032,0.017599,0.482622,1.833006,101.223709,0.000611,2.400430,-0.000041,1.000000,2.408421,-0.000039,1.000000,0.600250,0.601702,0.107071,0.000000,PSF-00232_20250723131419_8cb,PFA-00245,PSA-00257,PSF-00232,RHS-00222,3.0.0,2021-01-19T12:57:14.097Z
142,13:14:44,2025-07-23,Manual gsw+F,LI-COR Default,,142,,,0.063286,2.688773,0.061831,2.852966,1.161977,1.086819,4.729452,3.567474,13.540887,14.477303,58.925167,0.441786,7.500000,PSF-00232_20250723131444_c4a,0.000000,0.000000,0.000000,214.813828,300.313690,0.284702,0.5,0.80,197.606674,1.000000,25.16,23.54,31.41,31.83,31.83,80.26,132.6,67.0,49.5,1735,3.868,13:12:57,2025-07-23,0.35,1,-0.002,-0.002,-0.001,-1.670,-2.598,-6.403,0,150,-9999.000,-9999.000000,0.058905,0.000000,0.029230,0.000000,0.000000,-0.000068,standard,0,mpf,7000,500,-9999.000000,-9999.000000,300,300,300,290.368439,25,-7.198776,289.680359,289.998505,-0.318146,2.442068,2.452439,1.445996,0.727561,0.211595,0.004760,0.483599,1.553662,214.813828,0.000614,2.400430,-0.000041,1.000000,2.408421,-0.000039,1.000000,0.600250,0.601702,0.107071,0.000000,PSF-00232_20250723131444_c4a,PFA-00245,PSA-00257,PSF-00232,RHS-00222,3.0.0,2021-01-19T12:57:14.097Z
143,13:15:32,2025-07-23,Manual gsw+F,LI-COR Default,,143,,,0.007789,2.538032,0.007765,0.352556,1.042054,1.031792,4.559083,3.517028,12.854498,12.982351,56.798965,0.441786,7.500000,PSF-00232_20250723131532_d93,0.000000,0.000000,0.000000,74.099060,291.135193,0.745482,0.5,0.80,377.244690,1.000000,22.40,22.18,31.54,31.18,31.18,80.27,120.2,89.7,25.4,1265,3.868,13:12:57,2025-07-23,0.35,1,0.001,0.000,-0.006,-2.824,-14.628,27.896,0,150,-9999.000,-9999.000000,0.058905,0.000000,0.029230,0.000000,0.000000,-0.000068,standard,0,mpf,7000,500,-9999.000000,-9999.000000,300,300,300,291.135193,25,0.467948,293.585663,291.805725,1.779938,2.439893,2.448012,1.349167,0.774686,0.210533,-0.004783,0.485134,1.161749,74.099060,0.000624,2.400430,-0.000041,1.000000,2.408421,-0.000039,1.000000,0.600250,0.601702,0.107071,0.000000,PSF-00232_20250723131532_d93,PFA-00245,PSA-00257,PSF-00232,RHS-00222,3.0.0,2021-01-19T12:57:14.097Z
144,13:16:02,2025-07-23,Manual gsw+F,LI-COR Default,,144,,,0.065757,2.648847,0.064164,2.892775,1.104839,1.026536,4.594830,3.489990,12.789971,13.765578,57.248596,0.441786,7.500000,PSF-00232_20250723131602_302,0.000000,0.000000,0.000000,102.904198,144.445831,0.287593,0.5,0.80,236.522736,1.000000,23.65,21.97,31.61,31.32,31.32,80.26,129.2,75.1,41.8,2056,3.866,13:12:57,2025-07-23,0.35,1,0.001,0.004,0.037,-1.786,-4.206,4.817,0,150,-9999.000,-9999.000000,0.058905,0.000000,0.029230,0.000000,0.000000,-0.000068,standard,0,mpf,7000,500,-9999.000000,-9999.000000,300,300,300,137.970322,25,-4.442782,138.412003,138.079727,0.332275,2.439548,2.450005,1.418661,0.744170,0.209899,-0.004046,0.485522,1.821142,102.904198,0.000594,2.400430,-0.000041,1.000000,2.408421,-0.000039,1.000000,0.600250,0.601702,0.107071,0.000000,PSF-00232_20250723131602_302,PFA-00245,PSA-00257,PSF-00232,RHS-00222,3.0.0,2021-01-19T12:57:14.097Z
145,13:17:28,2025-07-23,Manual gsw+F,LI-COR Default,,145,,,0.082698,2.619387,0.080167,3.700841,1.149855,1.047800,4.719114,3.569258,13.056493,14.328194,58.804241,0.441786,7.500000,PSF-00232_20250723131728_d09,0.000000,0.000000,0.000000,136.658554,213.750214,0.360662,0.5,0.80,211.315399,1.000000,24.40,22.23,31.77,31.79,31.79,80.25,126.7,100.2,20.9,1465,3.865,13:12:57,2025-07-23,0.35,1,-0.001,0.000,-0.000,11.319,-1.939,-3.140,0,150,-9999.000,-9999.000000,0.058905,0.000000,0.029230,0.000000,0.000000,-0.000068,standard,0,mpf,7000,500,-9999.000000,-9999.000000,300,300,300,203.316452,25,-7.131667,203.527802,203.531189,-0.003387,2.439938,2.451171,1.399330,0.797414,0.208610,-0.000196,0.487906,1.328209,136.658554,0.000606,2.400430,-0.000041,1.000000,2.408421,-0.000039,1.000000,0.600250,0.601702,0.107071,0.000000,PSF-00232_20250723131728_d09,PFA-00245,PSA-00257,PSF-00232,RHS-00222,3.0.0,2021-01-19T12:57:14.097Z
146,13:17:49,2025-07-23,Manual gsw+F,LI-COR Default,,146,,,0.074219,2.664370,0.072208,2.928676,1.191861,1.113469,4.335511,3.143650,13.871287,14.847878,54.010593,0.441786,7.500000,PSF-00232_20250723131749_43c,0.000000,0.000000,0.000000,197.169189,285.284027,0.308867,0.5,0.80,235.274414,1.000000,25.20,23.54,31.83,30.30,30.30,80.27,130.5,88.7,32.1,1904,3.864,13:12:57,2025-07-23,0.35,1,-0.000,0.001,0.004,-4.017,-7.811,-9.329,0,150,-9999.000,-9999.000000,0.058905,0.000000,0.029230,0.000000,0.000000,-0.000068,standard,0,mpf,7000,500,-9999.000000,-9999.000000,300,300,300,268.224121,25,-12.850422,264.406799,266.870544,-2.463745,2.442022,2.452439,1.429126,0.772529,0.208124,-0.019157,0.488342,1.694658,197.169189,0.000599,2.400430,-0.000041,1.000000,2.408421,-0.000039,1.000000,0.600250,0.601702,0.107071,0.000000,PSF-00232_20250723131749_43c,PFA-00245,PSA-00257,PSF-00232,RHS-00222,3.0.0,2021-01-19T12:57:14.097Z
147,13:18:28,2025-07-23,Manual gsw+F,LI-COR Default,,147,,,0.055286,2.636045,0.054150,2.464826,1.227272,1.160084,4.745239,3.517967,14.451784,15.288777,59.113949,0.441786,7.500000,PSF-00232_20250723131828_150,0.000000,0.000000,0.000000,260.019409,308.190582,0.156303,0.5,0.80,126.042564,1.000000,25.85,24.43,31.90,31.89,31.89,80.27,128.1,89.5,30.2,2016,3.860,13:12:57,2025-07-23,0.35,1,0.000,0.002,0.003,-4.756,-9.619,-22.037,0,150,-9999.000,-9999.000000,0.058905,0.000000,0.029230,0.000000,0.000000,-0.000068,standard,0,mpf,7000,500,-9999.000000,-9999.000000,300,300,300,299.425354,25,-6.286459,298.121796,299.182648,-1.060852,2.443416,2.453447,1.410178,0.774180,0.207557,-0.000590,0.488864,1.787746,260.019409,0.000598,2.400430,-0.000041,1.000000,2.408421,-0.000039,1.000000,0.600250,0.601702,0.107071,0.000000,PSF-00232_20250723131828_150,PFA-00245,PSA-00257,PSF-00232,RHS-00222,3.0.0,2021-01-19T12:57:14.097Z
148,13:20:57,2025-07-23,Manual gsw+F,LI-COR Default,,148,,,0.007918,2.669057,0.007895,0.381556,1.101558,1.091365,4.837643,3.736085,13.596006,13.722991,60.266384,0.441786,7.500000,PSF-00232_20250723132057_f08,0.000000,0.000000,0.000000,80.130455,141.667343,0.434376,0.5,0.80,303.604370,1.000000,23.34,23.12,31.79,32.23,32.23,80.27,130.9,81.2,38.0,1747,3.859,13:12:57,2025-07-23,0.35,1,-0.000,0.001,0.003,-0.823,-4.559,-13.913,0,150,-9999.000,-9999.000000,0.058905,0.000000,0.029230,0.000000,0.000000,-0.000068,standard,0,mpf,7000,500,-9999.000000,-9999.000000,300,300,300,129.637604,25,-9.504959,124.970200,128.047607,-3.077408,2.441361,2.449486,1.432326,0.756693,0.208423,0.004949,0.490053,1.563793,80.130455,0.000623,2.400430,-0.000041,1.000000,2.408421,-0.000039,1.000000,0.600250,0.601702,0.107071,0.000000,PSF-00232_20250723132057_f08,PFA-00245,PSA-00257,PSF-00232,RHS-00222,3.0.0,2021-01-19T12:57:14.097Z
149,13:21:31,2025-07-23,Manual gsw+F,LI-COR Default,,149,,,0.011314,2.641780,0.011266,0.515089,1.101009,1.087000,4.639645,3.538636,13.542130,13.716663,57.801929,0.441786,7.500000,PSF-00232_20250723132131_3fd,0.000000,0.000000,0.000000,172.246811,272.343170,0.367538,0.5,0.80,237.968216,1.000000,23.35,23.06,31.77,31.49,31.49,80.27,128.6,109.5,14.9,1619,3.859,13:12:57,2025-07-23,0.35,1,0.001,0.004,0.001,-2.465,-4.980,-13.654,0,150,-9999.000,-9999.000000,0.058905,0.000000,0.029230,0.000000,0.000000,-0.000068,standard,0,mpf,7000,500,-9999.000000,-9999.000000,300,300,300,264.601349,25,-5.221787,263.744110,264.860809,-1.116699,2.441257,2.449511,1.413962,0.817824,0.208583,-0.003929,0.490476,1.456505,172.246811,0.000611,2.400430,-0.000041,1.000000,2.408421,-0.000039,1.000000,0.600250,0.601702,0.107071,0.000000,PSF-00232_20250723132131_3fd,PFA-00245,PSA-00257,PSF-00232,RHS-00222,3.0.0,2021-01-19T12:57:14.097Z
150,13:21:53,2025-07-23,Manual gsw+F,LI-COR Default,,150,,,0.017680,2.716279,0.017566,0.847215,1.130508,1.108592,4.856456,3.725948,13.814703,14.087808,60.518658,0.441786,7.500000,PSF-00232_20250723132153_669,0.000000,0.000000,0.000000,70.577499,112.525536,0.372787,0.5,0.80,218.207367,1.000000,23.96,23.49,31.79,32.30,32.30,80.25,135.1,107.5,20.4,1463,3.858,13:12:57,2025-07-23,0.35,1,-0.001,-0.003,-0.002,-2.558,-6.548,1.972,0,150,-9999.000,-9999.000000,0.058905,0.000000,0.029230,0.000000,0.000000,-0.000068,standard,0,mpf,7000,500,-9999.000000,-9999.000000,300,300,300,105.138657,25,-5.183699,104.471329,105.097763,-0.626434,2.441942,2.450467,1.465665,0.813548,0.208429,0.005813,0.491008,1.327024,70.577499,0.000605,2.400430,-0.000041,1.000000,2.408421,-0.000039,1.000000,0.600250,0.601702,0.107071,0.000000,PSF-00232_20250723132153_669,PFA-00245,PSA-00257,PSF-00232,RHS-00222,3.0.0,2021-01-19T12:57:14.097Z
151,13:22:07,2025-07-23,Manual gsw+F,LI-COR Default,,151,,,0.029624,2.856068,0.029320,1.410345,1.145787,1.112712,4.862278,3.716491,13.862593,14.274656,60.576118,0.441786,7.500000,PSF-00232_20250723132207_4fc,0.000000,0.000000,0.000000,142.322662,220.295258,0.353946,0.5,0.80,230.220779,1.000000,24.26,23.56,31.81,32.32,32.32,80.27,149.0,28.0,81.2,1626,3.856,13:12:57,2025-07-23,0.35,1,0.000,-0.000,-9999.000,-2.239,-5.045,-9999.000,0,150,-9999.000,-9999.000000,0.058905,0.000000,0.029230,0.000000,0.000000,-0.000068,standard,0,mpf,7000,500,-9999.000000,-9999.000000,300,300,300,208.823212,25,-7.982316,208.896515,208.857330,0.039185,2.442044,2.450945,1.579156,0.651994,0.208296,0.005874,0.491305,1.462704,142.322662,0.000603,2.400430,-0.000041,1.000000,2.408421,-0.000039,1.000000,0.600250,0.601702,0.107071,0.000000,PSF-00232_20250723132207_4fc,PFA-00245,PSA-00257,PSF-00232,RHS-00222,3.0.0,2021-01-19T12:57:14.097Z
152,13:23:35,2025-07-23,Manual gsw+F,LI-COR Default,,152,,,0.127320,2.846182,0.121869,5.701449,1.234772,1.100243,4.847564,3.612792,13.707677,15.383736,60.394684,0.441786,7.500000,PSF-00232_20250723132335_478,0.000000,0.000000,0.000000,116.790535,192.798401,0.394235,0.5,0.80,312.460052,1.000000,26.04,23.20,31.88,32.27,32.27,80.26,148.0,73.7,50.2,1981,3.854,13:23:18,2025-07-23,0.39,1,0.000,0.003,0.054,-3.474,-4.003,3.005,0,150,-9999.000,-9999.000000,0.058905,0.000000,0.029230,0.000000,0.000000,-0.000068,standard,0,mpf,7000,500,-9999.000000,-9999.000000,300,300,300,175.908203,25,-12.876721,172.113419,174.347229,-2.233810,2.441469,2.453686,1.570218,0.741280,0.207721,0.004333,0.494007,1.758933,121.489761,0.000599,2.400430,-0.000041,1.000000,2.408421,-0.000039,1.000000,0.600250,0.601702,0.107071,0.000000,PSF-00232_20250723132335_478,PFA-00245,PSA-00257,PSF-00232,RHS-00222,3.0.0,2021-01-19T12:57:14.097Z
153,13:27:14,2025-07-23,Manual gsw+F,LI-COR Default,,153,,,0.038288,2.922599,0.037793,1.479208,1.051680,1.018677,4.091856,3.040176,12.694429,13.105702,50.991405,0.441786,7.500000,PSF-00232_20250723132714_357,0.000000,0.000000,0.000000,119.036438,380.644501,0.687277,0.5,0.80,368.743713,1.000000,22.91,22.19,31.31,29.30,29.30,80.25,156.8,29.3,81.3,1341,3.851,13:23:18,2025-07-23,0.39,1,0.000,0.001,0.007,-0.340,-0.562,-0.956,0,150,-9999.000,-9999.000000,0.058905,0.000000,0.029230,0.000000,0.000000,-0.000068,standard,0,mpf,7000,500,-9999.000000,-9999.000000,300,300,300,373.859528,25,-9.725330,370.677704,366.708984,3.968719,2.439932,2.448794,1.644256,0.654419,0.212443,-0.024861,0.492535,1.225291,119.036438,0.000641,2.400430,-0.000041,1.000000,2.408421,-0.000039,1.000000,0.600250,0.601702,0.107071,0.000000,PSF-00232_20250723132714_357,PFA-00245,PSA-00257,PSF-00232,RHS-00222,3.0.0,2021-01-19T12:57:14.097Z
154,13:27:57,2025-07-23,Manual gsw+F,LI-COR Default,,154,,,0.014736,2.682004,0.014656,0.573426,1.042772,1.027577,4.082298,3.039526,12.805219,12.994566,50.871815,0.441786,7.500000,PSF-00232_20250723132757_1b9,0.000000,0.000000,0.000000,102.661011,218.590607,0.530350,0.5,0.80,86.120407,1.000000,22.82,22.49,31.22,29.26,29.26,80.25,132.1,115.0,12.9,406,3.849,13:23:18,2025-07-23,0.39,1,-0.000,0.000,0.002,5.365,17.693,6.348,0,150,-9999.000,-9999.000000,0.058905,0.000000,0.029230,0.000000,0.000000,-0.000068,standard,0,mpf,7000,500,-9999.000000,-9999.000000,300,300,300,200.776932,25,-11.849232,199.477310,201.611740,-2.134430,2.440426,2.448669,1.441264,0.830222,0.213148,-0.024309,0.492891,0.445508,102.661011,0.000640,2.400430,-0.000041,1.000000,2.408421,-0.000039,1.000000,0.600250,0.601702,0.107071,0.000000,PSF-00232_20250723132757_1b9,PFA-00245,PSA-00257,PSF-00232,RHS-00222,3.0.0,2021-01-19T12:57:14.097Z
155,13:28:56,2025-07-23,Manual gsw+F,LI-COR Default,,155,,,0.000839,2.730714,0.000839,0.034347,1.042473,1.041592,4.219917,3.177444,12.979784,12.990761,52.586433,0.441786,7.500000,PSF-00232_20250723132856_9b6,0.000000,0.000000,0.000000,94.126579,192.106110,0.510028,0.5,0.80,280.170410,1.000000,22.91,22.89,31.15,29.83,29.83,80.25,136.4,83.9,38.5,1373,3.847,13:23:18,2025-07-23,0.39,1,-0.001,0.000,0.004,18.849,9.525,-6.207,0,150,-9999.000,-9999.000000,0.058905,0.000000,0.029230,0.000000,0.000000,-0.000068,standard,0,mpf,7000,500,-9999.000000,-9999.000000,300,300,300,190.131424,25,-5.606303,182.366974,184.072784,-1.705811,2.441081,2.448824,1.476286,0.762366,0.213774,-0.016454,0.494512,1.251958,94.126579,0.000641,2.400430,-0.000041,1.000000,2.408421,-0.000039,1.000000,0.600250,0.601702,0.107071,0.000000,PSF-00232_20250723132856_9b6,PFA-00245,PSA-00257,PSF-00232,RHS-00222,3.0.0,2021-01-19T12:57:14.097Z
156,13:29:30,2025-07-23,Manual gsw+F,LI-COR Default,,156,,,0.000953,2.673983,0.000953,0.038481,1.056570,1.055545,4.192508,3.135938,13.153335,13.166106,52.243580,0.441786,7.500000,PSF-00232_20250723132930_6c1,0.000000,0.000000,0.000000,89.235664,248.825470,0.641373,0.5,0.80,183.125870,1.000000,23.28,23.26,31.11,29.72,29.72,80.25,131.4,121.2,7.7,714,3.846,13:23:18,2025-07-23,0.39,1,0.001,0.001,0.000,0.540,0.980,2.366,0,150,-9999.000,-9999.000000,0.058905,0.000000,0.029230,0.000000,0.000000,-0.000068,standard,0,mpf,7000,500,-9999.000000,-9999.000000,300,300,300,240.547302,25,-6.092388,238.071793,240.095627,-2.023834,2.441661,2.449415,1.435710,0.844431,0.214119,-0.017320,0.495157,0.702149,89.235664,0.000638,2.400430,-0.000041,1.000000,2.408421,-0.000039,1.000000,0.600250,0.601702,0.107071,0.000000,PSF-00232_20250723132930_6c1,PFA-00245,PSA-00257,PSF-00232,RHS-00222,3.0.0,2021-01-19T12:57:14.097Z
157,13:30:16,2025-07-23,Manual gsw+F,LI-COR Default,,157,,,0.002876,2.734936,0.002873,0.126036,1.091609,1.088388,4.490005,3.398396,13.563403,13.603541,55.954056,0.441786,7.500000,PSF-00232_20250723133016_309,0.000000,0.000000,0.000000,75.372223,185.461563,0.593597,0.5,0.80,384.138977,1.000000,24.08,24.01,31.08,30.92,30.92,80.24,136.8,78.3,42.8,1618,3.845,13:23:18,2025-07-23,0.39,1,-0.001,-0.001,-0.000,1.179,2.438,4.916,0,150,-9999.000,-9999.000000,0.058905,0.000000,0.029230,0.000000,0.000000,-0.000068,standard,0,mpf,7000,500,-9999.000000,-9999.000000,300,300,300,177.345154,25,-5.611744,178.279999,177.420441,0.859558,2.442863,2.450705,1.479433,0.750681,0.214313,-0.002481,0.495977,1.455821,75.372223,0.000636,2.400430,-0.000041,1.000000,2.408421,-0.000039,1.000000,0.600250,0.601702,0.107071,0.000000,PSF-00232_20250723133016_309,PFA-00245,PSA-00257,PSF-00232,RHS-00222,3.0.0,2021-01-19T12:57:14.097Z
158,13:30:31,2025-07-23,Manual gsw+F,LI-COR Default,,158,,,-0.034396,2.828618,-0.034819,-0.397587,1.088737,1.098254,1.987473,0.898736,13.686176,13.567579,24.767405,0.441786,7.500000,PSF-00232_20250723133031_3ca,0.000000,0.000000,0.000000,1.652241,1.657248,0.003021,0.5,0.80,0.854710,1.000000,24.01,24.22,31.09,17.34,17.34,80.25,146.1,-10.2,107.0,707,3.845,13:23:18,2025-07-23,0.39,1,-9999.000,-9999.000,-9999.000,-9999.000,-9999.000,-9999.000,0,150,-9999.000,-9999.000000,0.058905,0.000000,0.029230,0.000000,0.000000,-0.000068,standard,0,mpf,7000,500,-9999.000000,-9999.000000,300,300,300,1.657248,25,0.000099,1.649022,1.657390,-0.008368,2.443194,2.450591,1.554738,0.584090,0.214268,-0.157638,0.496614,0.696703,1.652241,0.000650,2.400430,-0.000041,1.000000,2.408421,-0.000039,1.000000,0.600250,0.601702,0.107071,0.000000,PSF-00232_20250723133031_3ca,PFA-00245,PSA-00257,PSF-00232,RHS-00222,3.0.0,2021-01-19T12:57:14.097Z
159,13:30:52,2025-07-23,Manual gsw+F,LI-COR Default,,159,,,0.014152,2.822013,0.014082,0.590792,1.087744,1.073536,4.340295,3.252551,13.379109,13.556180,54.091583,0.441786,7.500000,PSF-00232_20250723133052_949,0.000000,0.000000,0.000000,89.197037,309.864960,0.712142,0.5,0.80,404.762054,1.000000,23.98,23.67,31.09,30.32,30.32,80.24,145.4,-0.4,100.3,1421,3.844,13:23:18,2025-07-23,0.39,1,-0.001,-0.001,0.003,0.243,0.205,0.517,0,150,-9999.000,-9999.000000,0.058905,0.000000,0.029230,0.000000,0.000000,-0.000068,standard,0,mpf,7000,500,-9999.000000,-9999.000000,300,300,300,287.348267,25,-17.014793,282.010315,285.484314,-3.473999,2.442324,2.450548,1.549042,0.600964,0.214240,-0.009828,0.497523,1.291659,89.197037,0.000631,2.400430,-0.000041,1.000000,2.408421,-0.000039,1.000000,0.600250,0.601702,0.107071,0.000000,PSF-00232_20250723133052_949,PFA-00245,PSA-00257,PSF-00232,RHS-00222,3.0.0,2021-01-19T12:57:14.097Z
160,13:31:49,2025-07-23,Manual gsw+F,LI-COR Default,,160,,,0.052337,2.753119,0.051361,2.039992,1.154092,1.102644,4.234315,3.080223,13.740929,14.382066,52.767174,0.441786,7.500000,PSF-00232_20250723133149_89e,0.000000,0.000000,0.000000,93.998909,365.850006,0.743067,0.5,0.80,339.308838,1.000000,25.43,24.30,31.10,29.89,29.89,80.25,138.5,58.7,57.7,1142,3.843,13:23:18,2025-07-23,0.39,1,-0.003,-0.001,0.018,0.250,0.522,-0.352,0,150,-9999.000,-9999.000000,0.058905,0.000000,0.029230,0.000000,0.000000,-0.000068,standard,0,mpf,7000,500,-9999.000000,-9999.000000,300,300,300,339.493988,25,-18.748739,340.222839,338.984772,1.238068,2.443311,2.452843,1.493207,0.710864,0.214139,-0.015203,0.499100,1.058774,93.998909,0.000626,2.400430,-0.000041,1.000000,2.408421,-0.000039,1.000000,0.600250,0.601702,0.107071,0.000000,PSF-00232_20250723133149_89e,PFA-00245,PSA-00257,PSF-00232,RHS-00222,3.0.0,2021-01-19T12:57:14.097Z
161,13:32:55,2025-07-23,Manual gsw+F,LI-COR Default,,161,,,0.017477,2.638935,0.017362,0.742125,1.095839,1.075621,4.408458,3.312619,13.403542,13.655489,54.934742,0.441786,7.500000,PSF-00232_20250723133255_4fc,0.000000,0.000000,0.000000,70.754883,246.225327,0.712642,0.5,0.80,471.272797,1.000000,24.05,23.60,31.18,30.60,30.60,80.25,128.4,127.3,0.8,1653,3.840,13:23:18,2025-07-23,0.39,1,0.001,0.001,0.002,-1.853,6.267,-1.797,0,150,-9999.000,-9999.000000,0.058905,0.000000,0.029230,0.000000,0.000000,-0.000068,standard,0,mpf,7000,500,-9999.000000,-9999.000000,300,300,300,223.174454,25,-17.500879,216.537231,221.148163,-4.610931,2.442205,2.450637,1.412082,0.858501,0.213531,-0.007549,0.501526,1.485345,74.885849,0.000633,2.400430,-0.000041,1.000000,2.408421,-0.000039,1.000000,0.600250,0.601702,0.107071,0.000000,PSF-00232_20250723133255_4fc,PFA-00245,PSA-00257,PSF-00232,RHS-00222,3.0.0,2021-01-19T12:57:14.097Z
162,13:34:23,2025-07-23,Manual gsw+F,LI-COR Default,,162,,,0.017991,2.668033,0.017871,0.901278,1.122826,1.098744,5.015460,3.892635,13.691005,13.991076,62.495617,0.441786,7.500000,PSF-00232_20250723133423_dd3,0.000000,0.000000,0.000000,64.932343,159.958817,0.594068,0.5,0.80,385.175323,1.000000,24.52,23.99,31.26,32.87,32.87,80.25,130.8,127.3,2.7,1621,3.839,13:34:14,2025-07-23,0.42,1,0.000,-0.000,-0.001,0.721,1.595,3.834,0,150,-9999.000,-9999.000000,0.058905,0.000000,0.029230,0.000000,0.000000,-0.000068,standard,0,mpf,7000,500,-9999.000000,-9999.000000,300,300,300,132.384537,25,-20.596045,123.853683,130.446564,-6.592880,2.442806,2.451320,1.431626,0.858638,0.212796,0.019487,0.503599,1.458385,64.932343,0.000638,2.400430,-0.000041,1.000000,2.408421,-0.000039,1.000000,0.600250,0.601702,0.107071,0.000000,PSF-00232_20250723133423_dd3,PFA-00245,PSA-00257,PSF-00232,RHS-00222,3.0.0,2021-01-19T12:57:14.097Z
163,13:34:43,2025-07-23,Manual gsw+F,LI-COR Default,,163,,,0.003050,2.715999,0.003047,0.134445,1.125494,1.122015,4.541853,3.416359,13.980842,14.024192,56.593658,0.441786,7.500000,PSF-00232_20250723133443_006,0.000000,0.000000,0.000000,69.688438,143.164963,0.513230,0.5,0.80,345.295776,1.000000,24.53,24.46,31.29,31.12,31.12,80.25,135.1,86.4,36.1,1682,3.838,13:34:14,2025-07-23,0.42,1,-0.000,-0.001,0.004,1.100,3.696,4.845,0,150,-9999.000,-9999.000000,0.058905,0.000000,0.029230,0.000000,0.000000,-0.000068,standard,0,mpf,7000,500,-9999.000000,-9999.000000,300,300,300,127.918480,25,-10.740124,124.011398,127.775345,-3.763947,2.443537,2.451340,1.465461,0.767620,0.212541,-0.002615,0.503936,1.509283,69.688438,0.000627,2.400430,-0.000041,1.000000,2.408421,-0.000039,1.000000,0.600250,0.601702,0.107071,0.000000,PSF-00232_20250723133443_006,PFA-00245,PSA-00257,PSF-00232,RHS-00222,3.0.0,2021-01-19T12:57:14.097Z
164,13:35:53,2025-07-23,Manual gsw+F,LI-COR Default,,164,,,0.008471,2.773852,0.008445,0.359932,1.149459,1.140510,4.450351,3.300892,14.212628,14.324148,55.458679,0.441786,7.500000,PSF-00232_20250723133553_595,0.000000,0.000000,0.000000,69.946648,231.226608,0.697497,0.5,0.80,425.687347,1.000000,24.99,24.80,31.34,30.76,30.76,80.25,140.5,31.4,77.6,1526,3.836,13:34:14,2025-07-23,0.42,1,0.001,0.002,0.001,0.434,0.701,1.855,0,150,-9999.000,-9999.000000,0.058905,0.000000,0.029230,0.000000,0.000000,-0.000068,standard,0,mpf,7000,500,-9999.000000,-9999.000000,300,300,300,211.435318,25,-14.655104,206.235413,210.227173,-3.991760,2.444070,2.452066,1.509373,0.658491,0.212183,-0.007514,0.505316,1.379057,69.946648,0.000623,2.400430,-0.000041,1.000000,2.408421,-0.000039,1.000000,0.600250,0.601702,0.107071,0.000000,PSF-00232_20250723133553_595,PFA-00245,PSA-00257,PSF-00232,RHS-00222,3.0.0,2021-01-19T12:57:14.097Z
165,13:36:53,2025-07-23,Manual gsw+F,LI-COR Default,,165,,,0.009521,2.752783,0.009488,0.513367,1.133973,1.121019,5.301903,4.167931,13.969604,14.131026,66.069794,0.441786,7.500000,PSF-00232_20250723133653_c6e,0.000000,0.000000,0.000000,73.557976,87.469406,0.159043,0.5,0.80,111.526352,1.000000,24.63,24.35,31.36,33.86,33.86,80.25,138.5,47.7,65.6,1753,3.835,13:34:14,2025-07-23,0.42,1,0.000,0.000,0.004,0.571,1.281,14.743,0,150,-9999.000,-9999.000000,0.058905,0.000000,0.029230,0.000000,0.000000,-0.000068,standard,0,mpf,7000,500,-9999.000000,-9999.000000,300,300,300,83.061218,25,-4.362977,79.965950,81.217659,-1.251709,2.443358,2.451487,1.492949,0.689357,0.212024,0.030824,0.506409,1.568562,73.557976,0.000609,2.400430,-0.000041,1.000000,2.408421,-0.000039,1.000000,0.600250,0.601702,0.107071,0.000000,PSF-00232_20250723133653_c6e,PFA-00245,PSA-00257,PSF-00232,RHS-00222,3.0.0,2021-01-19T12:57:14.097Z
166,13:37:13,2025-07-23,Manual gsw+F,LI-COR Default,,166,,,0.034286,2.770487,0.033867,1.453766,1.101104,1.064852,4.427170,3.326065,13.269600,13.721356,55.168945,0.441786,7.500000,PSF-00232_20250723133713_af1,0.000000,0.000000,0.000000,129.452698,397.344086,0.674205,0.5,0.80,303.161469,1.000000,23.89,23.10,31.38,30.67,30.67,80.25,140.2,41.9,70.1,1124,3.834,13:34:14,2025-07-23,0.42,1,0.000,0.002,0.005,-1.365,-6.190,-15.877,0,150,-9999.000,-9999.000000,0.058905,0.000000,0.029230,0.000000,0.000000,-0.000068,standard,0,mpf,7000,500,-9999.000000,-9999.000000,300,300,300,386.317841,25,-7.933345,385.267487,385.976318,-0.708832,2.441379,2.450301,1.506714,0.678281,0.211848,-0.009127,0.506891,1.044237,129.452698,0.000625,2.400430,-0.000041,1.000000,2.408421,-0.000039,1.000000,0.600250,0.601702,0.107071,0.000000,PSF-00232_20250723133713_af1,PFA-00245,PSA-00257,PSF-00232,RHS-00222,3.0.0,2021-01-19T12:57:14.097Z
167,13:37:44,2025-07-23,Manual gsw+F,LI-COR Default,,167,,,0.004930,2.762938,0.004921,0.201269,1.081054,1.076008,4.253842,3.172788,13.408779,13.471666,53.009697,0.441786,7.500000,PSF-00232_20250723133744_e07,0.000000,0.000000,0.000000,55.532097,126.079391,0.559547,0.5,0.80,304.875214,1.000000,23.44,23.33,31.39,29.97,29.97,80.25,139.5,44.4,68.2,1362,3.833,13:34:14,2025-07-23,0.42,1,0.001,0.000,0.001,1.056,2.091,4.311,0,150,-9999.000,-9999.000000,0.058905,0.000000,0.029230,0.000000,0.000000,-0.000068,standard,0,mpf,7000,500,-9999.000000,-9999.000000,300,300,300,119.734169,25,-4.568838,119.056465,119.532661,-0.476196,2.441737,2.449578,1.500799,0.683020,0.211746,-0.017752,0.507476,1.242657,55.532097,0.000626,2.400430,-0.000041,1.000000,2.408421,-0.000039,1.000000,0.600250,0.601702,0.107071,0.000000,PSF-00232_20250723133744_e07,PFA-00245,PSA-00257,PSF-00232,RHS-00222,3.0.0,2021-01-19T12:57:14.097Z
168,13:38:30,2025-07-23,Manual gsw+F,LI-COR Default,,168,,,0.000533,2.667182,0.000533,0.025467,1.092840,1.092159,4.785974,3.693134,13.610522,13.619009,59.642948,0.441786,7.500000,PSF-00232_20250723133830_d78,0.000000,0.000000,0.000000,107.696060,172.574600,0.375945,0.5,0.80,144.454910,1.000000,23.68,23.66,31.40,32.04,32.04,80.24,130.8,109.7,16.1,961,3.833,13:34:14,2025-07-23,0.42,1,-0.001,-0.000,0.000,-6.707,-4.772,-9.761,0,150,-9999.000,-9999.000000,0.058905,0.000000,0.029230,0.000000,0.000000,-0.000068,standard,0,mpf,7000,500,-9999.000000,-9999.000000,300,300,300,170.106766,25,-1.640537,170.465820,170.223862,0.241959,2.442266,2.449960,1.431044,0.818398,0.211650,0.007439,0.508169,0.907905,107.696060,0.000624,2.400430,-0.000041,1.000000,2.408421,-0.000039,1.000000,0.600250,0.601702,0.107071,0.000000,PSF-00232_20250723133830_d78,PFA-00245,PSA-00257,PSF-00232,RHS-00222,3.0.0,2021-01-19T12:57:14.097Z
169,13:40:38,2025-07-23,Manual gsw+F,LI-COR Default,,169,,,0.006902,2.673787,0.006884,0.388514,1.108292,1.097950,5.452069,4.343777,13.682040,13.810925,67.940666,0.441786,7.500000,PSF-00232_20250723134038_efb,0.000000,0.000000,0.000000,36.425472,68.845810,0.470912,0.5,0.80,244.127197,1.000000,24.06,23.83,31.37,34.36,34.36,80.25,131.3,109.1,16.9,1296,3.829,13:34:14,2025-07-23,0.42,1,0.001,0.000,0.000,0.505,0.487,3.742,0,150,-9999.000,-9999.000000,0.058905,0.000000,0.029230,0.000000,0.000000,-0.000068,standard,0,mpf,7000,500,-9999.000000,-9999.000000,300,300,300,62.700748,25,-4.257326,61.534882,62.745449,-1.210567,2.442541,2.450572,1.435574,0.816983,0.211927,0.037048,0.509122,1.187536,36.425472,0.000640,2.400430,-0.000041,1.000000,2.408421,-0.000039,1.000000,0.600250,0.601702,0.107071,0.000000,PSF-00232_20250723134038_efb,PFA-00245,PSA-00257,PSF-00232,RHS-00222,3.0.0,2021-01-19T12:57:14.097Z
170,13:41:46,2025-07-23,Manual gsw+F,LI-COR Default,,170,,,0.010910,2.668017,0.010865,0.423513,1.111435,1.100118,4.137272,3.025837,13.708118,13.849145,51.552868,0.441786,7.500000,PSF-00232_20250723134146_e02,0.000000,0.000000,0.000000,79.952362,304.991852,0.737854,0.5,0.80,225.336670,1.000000,24.18,23.93,31.33,29.49,29.49,80.25,130.8,111.8,14.5,763,3.826,13:34:14,2025-07-23,0.42,1,0.001,0.000,0.001,45.621,21.129,-0.082,0,150,-9999.000,-9999.000000,0.058905,0.000000,0.029230,0.000000,0.000000,-0.000068,standard,0,mpf,7000,500,-9999.000000,-9999.000000,300,300,300,304.991852,25,27.559938,321.368347,344.482727,-23.114380,2.442699,2.450767,1.431615,0.823103,0.212234,-0.022866,0.509425,0.743567,79.952362,0.000634,2.400430,-0.000041,1.000000,2.408421,-0.000039,1.000000,0.600250,0.601702,0.107071,0.000000,PSF-00232_20250723134146_e02,PFA-00245,PSA-00257,PSF-00232,RHS-00222,3.0.0,2021-01-19T12:57:14.097Z
171,13:43:26,2025-07-23,Manual gsw+F,LI-COR Default,,171,,,0.009219,2.822298,0.009189,0.395417,1.070645,1.061135,4.405811,3.335166,13.224185,13.342700,54.906551,0.441786,7.500000,PSF-00232_20250723134326_709,0.000000,0.000000,0.000000,74.894424,151.317078,0.505050,0.5,0.80,328.526062,1.000000,23.55,23.35,31.13,30.59,30.59,80.24,145.4,7.4,94.9,1626,3.825,13:34:14,2025-07-23,0.42,1,0.000,0.002,0.005,0.274,0.702,1.971,0,150,-9999.000,-9999.000000,0.058905,0.000000,0.029230,0.000000,0.000000,-0.000068,standard,0,mpf,7000,500,-9999.000000,-9999.000000,300,300,300,141.489380,25,-6.823329,139.094360,141.539871,-2.445511,2.441801,2.449802,1.549287,0.614741,0.213909,-0.007124,0.509876,1.462791,74.894424,0.000635,2.400430,-0.000041,1.000000,2.408421,-0.000039,1.000000,0.600250,0.601702,0.107071,0.000000,PSF-00232_20250723134326_709,PFA-00245,PSA-00257,PSF-00232,RHS-00222,3.0.0,2021-01-19T12:57:14.097Z
172,13:43:45,2025-07-23,Manual gsw+F,LI-COR Default,,172,,,0.001122,2.713729,0.001121,0.047604,1.089881,1.088647,4.381059,3.291178,13.567003,13.582383,54.597908,0.441786,7.500000,PSF-00232_20250723134345_ff6,0.000000,0.000000,0.000000,66.716553,212.733719,0.686385,0.5,0.80,376.198914,1.000000,24.00,23.97,31.12,30.49,30.49,80.24,134.9,96.7,28.3,1370,3.824,13:34:14,2025-07-23,0.42,1,-0.000,-0.001,0.000,0.161,1.438,-20.012,0,150,-9999.000,-9999.000000,0.058905,0.000000,0.029230,0.000000,0.000000,-0.000068,standard,0,mpf,7000,500,-9999.000000,-9999.000000,300,300,300,201.767914,25,-7.873491,203.139786,201.451721,1.688065,2.442796,2.450514,1.463811,0.789827,0.214036,-0.008138,0.510214,1.249382,66.716553,0.000619,2.400430,-0.000041,1.000000,2.408421,-0.000039,1.000000,0.600250,0.601702,0.107071,0.000000,PSF-00232_20250723134345_ff6,PFA-00245,PSA-00257,PSF-00232,RHS-00222,3.0.0,2021-01-19T12:57:14.097Z
173,14:05:06,2025-07-23,Manual gsw+F,LI-COR Default,,173,,,0.004315,2.846634,0.004309,0.135403,1.047176,1.043975,3.497376,2.450200,13.010983,13.050869,43.587524,0.441786,7.500000,PSF-00232_20250723140506_9ef,0.000000,0.000000,0.000000,65.166946,156.551956,0.583736,0.5,0.80,305.692963,1.000000,29.12,29.03,27.08,26.61,26.61,80.24,148.0,144.1,2.7,1309,3.793,13:44:32,2025-07-23,0.41,1,0.000,0.001,0.000,-0.663,-1.529,-4.925,0,150,-9999.000,-9999.000000,0.058905,0.000000,0.029230,0.000000,0.000000,-0.000068,standard,0,mpf,7000,500,-9999.000000,-9999.000000,300,300,300,156.551956,25,-0.460239,75.762032,155.892471,-80.130440,2.451324,2.459209,1.570624,0.898446,0.251058,-0.005754,0.526330,1.198520,65.166946,0.000615,2.400430,-0.000041,1.000000,2.408421,-0.000039,1.000000,0.600250,0.601702,0.107071,0.000000,PSF-00232_20250723140506_9ef,PFA-00245,PSA-00257,PSF-00232,RHS-00222,3.0.0,2021-01-19T12:57:14.097Z
174,14:07:08,2025-07-23,Manual gsw+F,LI-COR Default,,174,,,0.004209,2.886940,0.004203,0.146485,1.083746,1.080387,3.795841,2.712095,13.462433,13.504287,47.299019,0.441786,7.500000,PSF-00232_20250723140708_d06,0.000000,0.000000,0.000000,59.989571,132.531540,0.547356,0.5,0.80,399.521667,1.000000,29.63,29.54,27.37,28.00,28.00,80.25,152.5,78.0,48.8,1825,3.789,14:05:43,2025-07-23,0.30,1,-0.000,-0.001,0.004,0.105,0.033,0.066,0,150,-9999.000,-9999.000000,0.058905,0.000000,0.029230,0.000000,0.000000,-0.000068,standard,0,mpf,7000,500,-9999.000000,-9999.000000,300,300,300,124.296425,25,-5.675225,123.608711,124.399460,-0.790749,2.452059,2.460136,1.608214,0.750185,0.248192,0.007362,0.531427,1.628335,59.989571,0.000608,2.400430,-0.000041,1.000000,2.408421,-0.000039,1.000000,0.600250,0.601702,0.107071,0.000000,PSF-00232_20250723140708_d06,PFA-00245,PSA-00257,PSF-00232,RHS-00222,3.0.0,2021-01-19T12:57:14.097Z
175,14:07:47,2025-07-23,Manual gsw+F,LI-COR Default,,175,,,0.024208,2.799499,0.024001,0.772689,1.079967,1.061079,3.588434,2.508468,13.222050,13.457401,44.715279,0.441786,7.500000,PSF-00232_20250723140747_806,0.000000,0.000000,0.000000,72.797302,285.351562,0.744886,0.5,0.80,18.449247,1.000000,29.29,28.78,27.51,27.04,27.04,80.25,143.1,138.3,3.4,62,3.788,14:05:43,2025-07-23,0.30,1,-0.001,-0.001,-0.000,0.595,4.308,3.526,0,150,-9999.000,-9999.000000,0.058905,0.000000,0.029230,0.000000,0.000000,-0.000068,standard,0,mpf,7000,500,-9999.000000,-9999.000000,300,300,300,248.599655,25,-26.818115,241.861588,246.923645,-5.062057,2.450866,2.459589,1.530105,0.884515,0.246855,-0.005670,0.532741,0.158692,72.797302,0.000622,2.400430,-0.000041,1.000000,2.408421,-0.000039,1.000000,0.600250,0.601702,0.107071,0.000000,PSF-00232_20250723140747_806,PFA-00245,PSA-00257,PSF-00232,RHS-00222,3.0.0,2021-01-19T12:57:14.097Z
176,14:08:46,2025-07-23,Manual gsw+F,LI-COR Default,,176,,,-0.000184,2.793240,-0.000184,-0.005998,1.054699,1.054846,3.599681,2.544982,13.144256,13.142420,44.855003,0.441786,7.500000,PSF-00232_20250723140846_3d7,0.000000,0.000000,0.000000,64.306496,255.530273,0.748341,0.5,0.80,20.238182,1.000000,28.41,28.41,27.62,27.10,27.10,80.25,142.5,120.8,15.2,68,3.785,14:05:43,2025-07-23,0.30,1,-0.000,-0.000,-0.001,-0.004,-0.035,-0.135,0,150,-9999.000,-9999.000000,0.058905,0.000000,0.029230,0.000000,0.000000,-0.000068,standard,0,mpf,7000,500,-9999.000000,-9999.000000,300,300,300,244.909286,25,-7.563340,242.259628,244.692703,-2.433075,2.450277,2.458190,1.524967,0.843469,0.245693,-0.006462,0.533773,0.163436,64.306496,0.000630,2.400430,-0.000041,1.000000,2.408421,-0.000039,1.000000,0.600250,0.601702,0.107071,0.000000,PSF-00232_20250723140846_3d7,PFA-00245,PSA-00257,PSF-00232,RHS-00222,3.0.0,2021-01-19T12:57:14.097Z
177,14:10:02,2025-07-23,Manual gsw+F,LI-COR Default,,177,,,-0.003056,2.791252,-0.003059,-0.096954,1.110911,1.113294,3.579970,2.469059,13.872607,13.842916,44.609524,0.441786,7.500000,PSF-00232_20250723141002_48d,0.000000,0.000000,0.000000,71.813820,315.971161,0.772720,0.5,0.80,22.385056,1.000000,29.85,29.92,27.66,27.00,27.00,80.25,142.3,105.5,25.9,72,3.783,14:05:43,2025-07-23,0.30,1,0.001,0.000,0.000,-0.056,-0.087,-0.179,0,150,-9999.000,-9999.000000,0.058905,0.000000,0.029230,0.000000,0.000000,-0.000068,standard,0,mpf,7000,500,-9999.000000,-9999.000000,300,300,300,309.679626,25,-4.135351,310.050842,310.045593,0.005249,2.452591,2.460432,1.523346,0.808949,0.245300,-0.008048,0.534368,0.167448,71.813820,0.000641,2.400430,-0.000041,1.000000,2.408421,-0.000039,1.000000,0.600250,0.601702,0.107071,0.000000,PSF-00232_20250723141002_48d,PFA-00245,PSA-00257,PSF-00232,RHS-00222,3.0.0,2021-01-19T12:57:14.097Z
178,14:11:22,2025-07-23,Manual gsw+F,LI-COR Default,,178,,,0.005817,2.771443,0.005805,0.176093,1.113368,1.108979,3.478184,2.364816,13.818069,13.872745,43.338741,0.441786,7.500000,PSF-00232_20250723141122_095,0.000000,0.000000,0.000000,92.230080,428.220551,0.784620,0.5,0.80,14.223842,1.000000,29.84,29.73,27.71,26.51,26.51,80.26,140.3,107.8,23.2,45,3.780,14:05:43,2025-07-23,0.30,1,0.000,-0.000,0.002,0.070,0.493,1.341,0,150,-9999.000,-9999.000000,0.058905,0.000000,0.029230,0.000000,0.000000,-0.000068,standard,0,mpf,7000,500,-9999.000000,-9999.000000,300,300,300,399.447449,25,-21.180979,392.774109,397.870148,-5.096039,2.452291,2.460410,1.507468,0.814039,0.244882,-0.014329,0.535864,0.144854,91.941116,0.000636,2.400430,-0.000041,1.000000,2.408421,-0.000039,1.000000,0.600250,0.601702,0.107071,0.000000,PSF-00232_20250723141122_095,PFA-00245,PSA-00257,PSF-00232,RHS-00222,3.0.0,2021-01-19T12:57:14.097Z
179,14:11:57,2025-07-23,Manual gsw+F,LI-COR Default,,179,,,0.112506,2.815258,0.108182,3.044174,1.119113,1.045570,3.314855,2.195742,13.029191,13.945641,41.307510,0.441786,7.500000,PSF-00232_20250723141157_460,0.000000,0.000000,0.000000,55.844666,218.003510,0.743836,0.5,0.80,45.483681,1.000000,29.98,28.01,27.72,25.70,25.70,80.25,144.7,78.5,45.7,153,3.779,14:05:43,2025-07-23,0.30,1,-0.001,-0.000,-9999.000,0.325,0.637,-9999.000,0,150,-9999.000,-9999.000000,0.058905,0.000000,0.029230,0.000000,0.000000,-0.000068,standard,0,mpf,7000,500,-9999.000000,-9999.000000,300,300,300,194.292786,25,-16.194979,196.109528,194.797577,1.311951,2.449639,2.460624,1.543284,0.751191,0.244798,-0.023931,0.536350,0.234513,55.844666,0.000628,2.400430,-0.000041,1.000000,2.408421,-0.000039,1.000000,0.600250,0.601702,0.107071,0.000000,PSF-00232_20250723141157_460,PFA-00245,PSA-00257,PSF-00232,RHS-00222,3.0.0,2021-01-19T12:57:14.097Z
180,14:13:13,2025-07-23,Manual gsw+F,LI-COR Default,,180,,,0.011997,2.889544,0.011948,0.408551,1.106510,1.097163,3.767395,2.660885,13.671475,13.787942,46.944565,0.441786,7.500000,PSF-00232_20250723141313_790,0.000000,0.000000,0.000000,49.548985,162.833099,0.695707,0.5,0.80,24.074766,1.000000,29.56,29.31,27.77,27.88,27.88,80.25,152.8,-6.9,104.5,87,3.778,14:05:43,2025-07-23,0.30,1,-0.002,-0.002,0.002,0.101,-1.656,-0.271,0,150,-9999.000,-9999.000000,0.058905,0.000000,0.029230,0.000000,0.000000,-0.000068,standard,0,mpf,7000,500,-9999.000000,-9999.000000,300,300,300,149.992706,25,-8.891005,147.603394,150.093094,-2.489700,2.451641,2.459961,1.610749,0.589756,0.244323,0.001083,0.537478,0.179193,49.548985,0.000621,2.400430,-0.000041,1.000000,2.408421,-0.000039,1.000000,0.600250,0.601702,0.107071,0.000000,PSF-00232_20250723141313_790,PFA-00245,PSA-00257,PSF-00232,RHS-00222,3.0.0,2021-01-19T12:57:14.097Z
181,14:14:13,2025-07-23,Manual gsw+F,LI-COR Default,,181,,,0.002963,2.725642,0.002960,0.108009,1.239306,1.236533,4.070923,2.831617,15.407841,15.442391,50.725803,0.441786,7.500000,PSF-00232_20250723141413_8f2,0.000000,0.000000,0.000000,98.179939,331.795807,0.704095,0.5,0.80,364.050934,1.000000,32.85,32.77,27.90,29.21,29.21,80.25,136.0,117.1,13.9,1293,3.776,14:05:43,2025-07-23,0.30,1,0.001,-0.000,0.002,-1.164,-0.857,-0.613,0,150,-9999.000,-9999.000000,0.058905,0.000000,0.029230,0.000000,0.000000,-0.000068,standard,0,mpf,7000,500,-9999.000000,-9999.000000,300,300,300,277.321808,25,-39.351131,270.931732,275.409210,-4.477478,2.456902,2.464989,1.472529,0.835088,0.243014,0.015480,0.539029,1.184690,98.179939,0.000636,2.400430,-0.000041,1.000000,2.408421,-0.000039,1.000000,0.600250,0.601702,0.107071,0.000000,PSF-00232_20250723141413_8f2,PFA-00245,PSA-00257,PSF-00232,RHS-00222,3.0.0,2021-01-19T12:57:14.097Z
182,14:14:49,2025-07-23,Manual gsw+F,LI-COR Default,,182,,,0.000705,2.785465,0.000705,0.023342,1.159529,1.158954,3.734801,2.575272,14.441387,14.448560,46.538273,0.441786,7.500000,PSF-00232_20250723141449_52b,0.000000,0.000000,0.000000,86.790207,355.992035,0.756202,0.5,0.80,490.023834,1.000000,30.48,30.47,28.04,27.73,27.73,80.25,141.7,74.2,47.7,1620,3.774,14:05:43,2025-07-23,0.30,1,-0.002,-0.001,-0.006,-0.146,0.186,1.279,0,150,-9999.000,-9999.000000,0.058905,0.000000,0.029230,0.000000,0.000000,-0.000068,standard,0,mpf,7000,500,-9999.000000,-9999.000000,300,300,300,339.708221,25,-11.375843,339.436401,339.691498,-0.255096,2.453367,2.461337,1.518656,0.742163,0.241653,-0.004011,0.540067,1.457631,86.790207,0.000624,2.400430,-0.000041,1.000000,2.408421,-0.000039,1.000000,0.600250,0.601702,0.107071,0.000000,PSF-00232_20250723141449_52b,PFA-00245,PSA-00257,PSF-00232,RHS-00222,3.0.0,2021-01-19T12:57:14.097Z
183,14:16:40,2025-07-23,Manual gsw+F,LI-COR Default,,183,,,0.017046,2.813743,0.016944,0.636076,1.225898,1.210533,4.138241,2.912343,15.082601,15.274040,51.560287,0.441786,7.500000,PSF-00232_20250723141640_499,0.000000,0.000000,0.000000,88.999626,220.935867,0.597170,0.5,0.80,435.267334,1.000000,31.41,31.01,28.48,29.49,29.49,80.26,144.5,39.5,72.7,1822,3.771,14:15:54,2025-07-23,0.31,1,-0.002,0.000,0.002,0.566,1.106,2.524,0,150,-9999.000,-9999.000000,0.058905,0.000000,0.029230,0.000000,0.000000,-0.000068,standard,0,mpf,7000,500,-9999.000000,-9999.000000,300,300,300,205.689667,25,-11.252508,203.828217,204.812042,-0.983826,2.454128,2.462673,1.542002,0.673680,0.237463,0.011890,0.543101,1.626193,88.999626,0.000626,2.400430,-0.000041,1.000000,2.408421,-0.000039,1.000000,0.600250,0.601702,0.107071,0.000000,PSF-00232_20250723141640_499,PFA-00245,PSA-00257,PSF-00232,RHS-00222,3.0.0,2021-01-19T12:57:14.097Z
184,14:17:28,2025-07-23,Manual gsw+F,LI-COR Default,,184,,,0.007739,2.751789,0.007717,0.259811,1.155347,1.148788,3.774586,2.619239,14.312569,14.394298,47.026993,0.441786,7.500000,PSF-00232_20250723141728_ad1,0.000000,0.000000,0.000000,98.553299,419.977325,0.765337,0.5,0.80,522.517456,1.000000,29.37,29.21,28.62,27.91,27.91,80.26,138.4,82.0,40.8,1707,3.771,14:15:54,2025-07-23,0.31,1,-0.001,-0.000,-9999.000,-0.211,-0.645,-9999.000,0,150,-9999.000,-9999.000000,0.058905,0.000000,0.029230,0.000000,0.000000,-0.000068,standard,0,mpf,7000,500,-9999.000000,-9999.000000,300,300,300,407.454376,25,-8.666100,408.302307,407.559601,0.742706,2.451339,2.459516,1.492187,0.758337,0.236222,-0.008750,0.544080,1.529998,98.553299,0.000624,2.400430,-0.000041,1.000000,2.408421,-0.000039,1.000000,0.600250,0.601702,0.107071,0.000000,PSF-00232_20250723141728_ad1,PFA-00245,PSA-00257,PSF-00232,RHS-00222,3.0.0,2021-01-19T12:57:14.097Z
185,14:18:10,2025-07-23,Manual gsw+F,LI-COR Default,,185,,,0.019471,2.729229,0.019333,0.670056,1.227435,1.210271,3.919976,2.692541,15.079001,15.292853,48.839745,0.441786,7.500000,PSF-00232_20250723141810_135,0.000000,0.000000,0.000000,88.362694,260.637329,0.660975,0.5,0.80,16.949833,1.000000,31.00,30.57,28.73,28.56,28.56,80.26,136.3,87.3,35.9,64,3.769,14:15:54,2025-07-23,0.31,1,-0.001,-0.002,0.002,0.254,0.565,1.183,0,150,-9999.000,-9999.000000,0.058905,0.000000,0.029230,0.000000,0.000000,-0.000068,standard,0,mpf,7000,500,-9999.000000,-9999.000000,300,300,300,243.823532,25,-12.124922,241.387726,243.263428,-1.875702,2.453409,2.462012,1.475183,0.769680,0.235178,-0.002348,0.545509,0.160517,88.362694,0.000623,2.400430,-0.000041,1.000000,2.408421,-0.000039,1.000000,0.600250,0.601702,0.107071,0.000000,PSF-00232_20250723141810_135,PFA-00245,PSA-00257,PSF-00232,RHS-00222,3.0.0,2021-01-19T12:57:14.097Z
186,14:19:13,2025-07-23,Manual gsw+F,LI-COR Default,,186,,,0.041557,2.765733,0.040941,1.450206,1.186497,1.150244,3.938883,2.752386,14.330317,14.781966,49.072559,0.441786,7.500000,PSF-00232_20250723141913_bbe,0.000000,0.000000,0.000000,61.180832,180.164505,0.660417,0.5,0.80,477.346008,1.000000,29.66,28.75,28.91,28.64,28.64,80.27,139.8,52.9,62.2,1807,3.768,14:15:54,2025-07-23,0.31,1,-0.001,-0.001,0.007,-1.369,-2.099,-3.682,0,150,-9999.000,-9999.000000,0.058905,0.000000,0.029230,0.000000,0.000000,-0.000068,standard,0,mpf,7000,500,-9999.000000,-9999.000000,300,300,300,163.478134,25,-9.869523,162.914154,166.022385,-3.108231,2.450593,2.459911,1.502982,0.699502,0.233513,-0.003523,0.546200,1.613503,61.180832,0.000627,2.400430,-0.000041,1.000000,2.408421,-0.000039,1.000000,0.600250,0.601702,0.107071,0.000000,PSF-00232_20250723141913_bbe,PFA-00245,PSA-00257,PSF-00232,RHS-00222,3.0.0,2021-01-19T12:57:14.097Z
187,14:19:43,2025-07-23,Manual gsw+F,LI-COR Default,,187,,,0.041066,2.720233,0.040456,1.452967,1.208933,1.171478,3.998008,2.789076,14.595855,15.062517,49.812592,0.441786,7.500000,PSF-00232_20250723141943_4c3,0.000000,0.000000,0.000000,107.057693,420.404144,0.745346,0.5,0.80,18.962635,1.000000,30.10,29.17,28.98,28.90,28.90,80.26,135.5,83.6,38.3,64,3.766,14:15:54,2025-07-23,0.31,1,0.001,0.000,0.003,0.031,0.094,0.578,0,150,-9999.000,-9999.000000,0.058905,0.000000,0.029230,0.000000,0.000000,-0.000068,standard,0,mpf,7000,500,-9999.000000,-9999.000000,300,300,300,397.980438,25,-16.751799,395.638000,396.400330,-0.762329,2.451220,2.460580,1.468553,0.761863,0.232879,-0.001269,0.546599,0.160095,107.057693,0.000632,2.400430,-0.000041,1.000000,2.408421,-0.000039,1.000000,0.600250,0.601702,0.107071,0.000000,PSF-00232_20250723141943_4c3,PFA-00245,PSA-00257,PSF-00232,RHS-00222,3.0.0,2021-01-19T12:57:14.097Z
188,14:20:55,2025-07-23,Manual gsw+F,LI-COR Default,,188,,,0.057254,2.753433,0.056088,1.829356,1.190279,1.144159,3.728182,2.537903,14.253747,14.828300,46.445087,0.441786,7.500000,PSF-00232_20250723142055_a46,0.000000,0.000000,0.000000,98.759651,347.886322,0.716115,0.5,0.80,16.925045,1.000000,29.39,28.25,29.12,27.70,27.70,80.27,138.6,46.9,66.1,59,3.764,14:15:54,2025-07-23,0.31,1,-0.001,-0.001,0.002,0.163,0.243,0.485,0,150,-9999.000,-9999.000000,0.058905,0.000000,0.029230,0.000000,0.000000,-0.000068,standard,0,mpf,7000,500,-9999.000000,-9999.000000,300,300,300,326.195953,25,-16.599445,320.649139,324.100830,-3.451691,2.449786,2.459463,1.493448,0.687912,0.231566,-0.017337,0.547193,0.156330,98.759651,0.000644,2.400430,-0.000041,1.000000,2.408421,-0.000039,1.000000,0.600250,0.601702,0.107071,0.000000,PSF-00232_20250723142055_a46,PFA-00245,PSA-00257,PSF-00232,RHS-00222,3.0.0,2021-01-19T12:57:14.097Z
189,14:22:03,2025-07-23,Manual gsw+F,LI-COR Default,,189,,,0.001711,2.620229,0.001710,0.063363,1.265026,1.263282,4.140059,2.875032,15.738010,15.759740,51.576981,0.441786,7.500000,PSF-00232_20250723142203_a97,0.000000,0.000000,0.000000,89.655518,292.571350,0.693560,0.5,0.80,20.590384,1.000000,30.98,30.94,29.26,29.50,29.50,80.27,126.8,119.5,5.7,74,3.763,14:15:54,2025-07-23,0.31,1,0.000,0.000,0.000,-1.536,-1.277,-2.195,0,150,-9999.000,-9999.000000,0.058905,0.000000,0.029230,0.000000,0.000000,-0.000068,standard,0,mpf,7000,500,-9999.000000,-9999.000000,300,300,300,276.661621,25,-11.245253,273.400787,276.457916,-3.057129,2.453877,2.461885,1.399873,0.840608,0.230264,0.002557,0.548392,0.168946,93.920227,0.000632,2.400430,-0.000041,1.000000,2.408421,-0.000039,1.000000,0.600250,0.601702,0.107071,0.000000,PSF-00232_20250723142203_a97,PFA-00245,PSA-00257,PSF-00232,RHS-00222,3.0.0,2021-01-19T12:57:14.097Z
190,14:22:48,2025-07-23,Manual gsw+F,LI-COR Default,,190,,,0.028367,2.726941,0.028075,1.036666,1.245745,1.219152,4.110825,2.865080,15.187999,15.519293,51.211990,0.441786,7.500000,PSF-00232_20250723142248_cb5,0.000000,0.000000,0.000000,64.152718,241.083221,0.733898,0.5,0.80,10.897919,1.000000,30.28,29.63,29.39,29.38,29.38,80.27,136.1,49.2,63.9,37,3.761,14:15:54,2025-07-23,0.31,1,-0.001,0.000,-9999.000,-0.185,-0.327,-9999.000,0,150,-9999.000,-9999.000000,0.058905,0.000000,0.029230,0.000000,0.000000,-0.000068,standard,0,mpf,7000,500,-9999.000000,-9999.000000,300,300,300,233.287094,25,-5.938219,233.334656,232.574295,0.760361,2.451861,2.460783,1.473489,0.692272,0.229068,-0.000528,0.549173,0.138020,64.152718,0.000627,2.400430,-0.000041,1.000000,2.408421,-0.000039,1.000000,0.600250,0.601702,0.107071,0.000000,PSF-00232_20250723142248_cb5,PFA-00245,PSA-00257,PSF-00232,RHS-00222,3.0.0,2021-01-19T12:57:14.097Z
191,14:24:14,2025-07-23,Manual gsw+F,LI-COR Default,,191,,,0.022673,2.661342,0.022481,0.752728,1.241312,1.221136,3.843918,2.602605,15.212429,15.463777,47.886009,0.441786,7.500000,PSF-00232_20250723142414_c21,0.000000,0.000000,0.000000,82.235809,325.629547,0.747456,0.5,0.80,414.217194,1.000000,29.82,29.33,29.60,28.22,28.22,80.27,130.3,87.4,32.9,1385,3.759,14:15:54,2025-07-23,0.31,1,0.002,0.002,0.004,0.002,-0.115,-0.292,0,150,-9999.000,-9999.000000,0.058905,0.000000,0.029230,0.000000,0.000000,-0.000068,standard,0,mpf,7000,500,-9999.000000,-9999.000000,300,300,300,294.103516,25,-21.697897,288.980835,294.538422,-5.557587,2.451368,2.460040,1.427070,0.769835,0.227227,-0.016903,0.550313,1.262057,82.235809,0.000619,2.400430,-0.000041,1.000000,2.408421,-0.000039,1.000000,0.600250,0.601702,0.107071,0.000000,PSF-00232_20250723142414_c21,PFA-00245,PSA-00257,PSF-00232,RHS-00222,3.0.0,2021-01-19T12:57:14.097Z
192,14:26:04,2025-07-23,Manual gsw+F,LI-COR Default,,192,,,0.016390,2.704865,0.016291,0.624375,1.150380,1.134102,4.125919,2.975540,14.127401,14.330173,51.396194,0.441786,7.500000,PSF-00232_20250723142604_c13,0.000000,0.000000,0.000000,86.757301,267.218933,0.675333,0.5,0.80,7.651758,1.000000,27.50,27.11,29.68,29.44,29.44,80.28,134.1,66.3,50.5,28,3.756,14:15:54,2025-07-23,0.31,1,-0.002,-0.002,-0.002,-0.615,-0.901,-2.836,0,150,-9999.000,-9999.000000,0.058905,0.000000,0.029230,0.000000,0.000000,-0.000068,standard,0,mpf,7000,500,-9999.000000,-9999.000000,300,300,300,254.657501,25,-9.371649,252.609009,253.790207,-1.181198,2.447926,2.456429,1.457415,0.726205,0.226474,-0.003266,0.551331,0.130685,86.757301,0.000624,2.400430,-0.000041,1.000000,2.408421,-0.000039,1.000000,0.600250,0.601702,0.107071,0.000000,PSF-00232_20250723142604_c13,PFA-00245,PSA-00257,PSF-00232,RHS-00222,3.0.0,2021-01-19T12:57:14.097Z
193,14:27:36,2025-07-23,Manual gsw+F,LI-COR Default,,193,,,0.009116,2.776077,0.009086,0.342027,1.120939,1.112442,4.045596,2.924657,13.857715,13.963561,50.396084,0.441786,7.500000,PSF-00232_20250723142736_d88,0.000000,0.000000,0.000000,113.286140,467.318420,0.757583,0.5,0.80,8.925566,1.000000,26.58,26.38,29.82,29.10,29.10,80.28,140.8,6.7,95.2,29,3.753,14:27:09,2025-07-23,0.34,1,0.000,-0.001,-0.001,-0.031,0.326,0.421,0,150,-9999.000,-9999.000000,0.058905,0.000000,0.029230,0.000000,0.000000,-0.000068,standard,0,mpf,7000,500,-9999.000000,-9999.000000,300,300,300,458.326233,25,-6.293714,457.242981,458.300110,-1.057129,2.446765,2.454919,1.511139,0.613506,0.225224,-0.009075,0.552441,0.131626,113.286140,0.000642,2.400430,-0.000041,1.000000,2.408421,-0.000039,1.000000,0.600250,0.601702,0.107071,0.000000,PSF-00232_20250723142736_d88,PFA-00245,PSA-00257,PSF-00232,RHS-00222,3.0.0,2021-01-19T12:57:14.097Z
194,14:28:39,2025-07-23,Manual gsw+F,LI-COR Default,,194,,,0.015872,2.718325,0.015780,0.580511,1.095100,1.080094,3.955041,2.859941,13.456553,13.643511,49.274635,0.441786,7.500000,PSF-00232_20250723142839_5ee,0.000000,0.000000,0.000000,60.782791,148.258209,0.590021,0.5,0.80,13.854452,1.000000,25.98,25.63,29.81,28.71,28.71,80.27,135.3,60.2,55.5,59,3.753,14:27:09,2025-07-23,0.34,1,-0.000,-0.000,0.002,7.349,4.973,6.355,0,150,-9999.000,-9999.000000,0.058905,0.000000,0.029230,0.000000,0.000000,-0.000068,standard,0,mpf,7000,500,-9999.000000,-9999.000000,300,300,300,148.258209,25,176.903244,165.383575,401.744446,-236.360870,2.445592,2.453982,1.467157,0.713856,0.225324,-0.013630,0.552077,0.156010,60.782791,0.000632,2.400430,-0.000041,1.000000,2.408421,-0.000039,1.000000,0.600250,0.601702,0.107071,0.000000,PSF-00232_20250723142839_5ee,PFA-00245,PSA-00257,PSF-00232,RHS-00222,3.0.0,2021-01-19T12:57:14.097Z
195,14:29:11,2025-07-23,Manual gsw+F,LI-COR Default,,195,,,-0.003294,2.758908,-0.003298,-0.105083,1.092812,1.095455,3.575986,2.483174,13.647208,13.614287,44.549747,0.441786,7.500000,PSF-00232_20250723142911_038,0.000000,0.000000,0.000000,89.657661,203.833832,0.560143,0.5,0.80,10.128889,1.000000,26.00,26.06,29.77,26.98,26.98,80.27,139.1,28.6,79.5,45,3.752,14:27:09,2025-07-23,0.34,1,-9999.000,-9999.000,-9999.000,-9999.000,-9999.000,-9999.000,0,150,-9999.000,-9999.000000,0.058905,0.000000,0.029230,0.000000,0.000000,-0.000068,standard,0,mpf,7000,500,-9999.000000,-9999.000000,300,300,300,193.681595,25,-7.510741,190.780884,193.071625,-2.290741,2.446275,2.454009,1.497670,0.653148,0.225725,-0.033561,0.551819,0.144758,89.657661,0.000635,2.400430,-0.000041,1.000000,2.408421,-0.000039,1.000000,0.600250,0.601702,0.107071,0.000000,PSF-00232_20250723142911_038,PFA-00245,PSA-00257,PSF-00232,RHS-00222,3.0.0,2021-01-19T12:57:14.097Z
196,14:30:37,2025-07-23,Manual gsw+F,LI-COR Default,,196,,,0.002410,2.634415,0.002408,0.081325,1.104571,1.102348,3.733973,2.629402,13.733773,13.761461,46.520267,0.441786,7.500000,PSF-00232_20250723143037_be1,0.000000,0.000000,0.000000,109.770653,352.594421,0.688677,0.5,0.80,12.838837,1.000000,26.54,26.49,29.59,27.72,27.72,80.27,128.0,117.4,8.2,47,3.750,14:27:09,2025-07-23,0.34,1,0.000,-0.001,-0.000,-0.525,-1.157,-1.769,0,150,-9999.000,-9999.000000,0.058905,0.000000,0.029230,0.000000,0.000000,-0.000068,standard,0,mpf,7000,500,-9999.000000,-9999.000000,300,300,300,344.229706,25,-6.750779,339.679962,342.921173,-3.241211,2.446976,2.454899,1.409107,0.835777,0.227302,-0.022715,0.551733,0.145926,109.770653,0.000631,2.400430,-0.000041,1.000000,2.408421,-0.000039,1.000000,0.600250,0.601702,0.107071,0.000000,PSF-00232_20250723143037_be1,PFA-00245,PSA-00257,PSF-00232,RHS-00222,3.0.0,2021-01-19T12:57:14.097Z
197,14:31:30,2025-07-23,Manual gsw+F,LI-COR Default,,197,,,-0.024011,2.807208,-0.024218,-0.879518,1.055816,1.077208,3.881081,2.825265,13.420765,13.154250,48.353798,0.441786,7.500000,PSF-00232_20250723143130_3b8,0.000000,0.000000,0.000000,72.698952,315.283264,0.769417,0.5,0.80,22.206713,1.000000,25.55,26.07,29.47,28.39,28.39,80.26,143.9,-7.0,104.9,72,3.748,14:27:09,2025-07-23,0.34,1,0.000,-0.001,-0.001,-0.401,0.799,0.915,0,150,-9999.000,-9999.000000,0.058905,0.000000,0.029230,0.000000,0.000000,-0.000068,standard,0,mpf,7000,500,-9999.000000,-9999.000000,300,300,300,304.095612,25,-7.447259,304.533020,304.612030,-0.079010,2.446339,2.453351,1.536509,0.589532,0.228409,-0.013336,0.551937,0.167224,72.698952,0.000649,2.400430,-0.000041,1.000000,2.408421,-0.000039,1.000000,0.600250,0.601702,0.107071,0.000000,PSF-00232_20250723143130_3b8,PFA-00245,PSA-00257,PSF-00232,RHS-00222,3.0.0,2021-01-19T12:57:14.097Z
198,14:32:09,2025-07-23,Manual gsw+F,LI-COR Default,,198,,,-0.003486,2.752935,-0.003491,-0.124325,1.058351,1.061491,3.829658,2.771307,13.226398,13.187272,47.718319,0.441786,7.500000,PSF-00232_20250723143209_7b2,0.000000,0.000000,0.000000,79.930542,428.517944,0.813472,0.5,0.80,19.002836,1.000000,25.74,25.82,29.38,28.16,28.16,80.26,138.5,58.3,57.9,58,3.747,14:27:09,2025-07-23,0.34,1,0.000,0.000,-0.001,0.192,0.294,0.101,0,150,-9999.000,-9999.000000,0.058905,0.000000,0.029230,0.000000,0.000000,-0.000068,standard,0,mpf,7000,500,-9999.000000,-9999.000000,300,300,300,402.582062,25,-19.058889,396.732697,401.208282,-4.475586,2.445959,2.453666,1.493066,0.710196,0.229198,-0.015013,0.551745,0.155758,79.930542,0.000642,2.400430,-0.000041,1.000000,2.408421,-0.000039,1.000000,0.600250,0.601702,0.107071,0.000000,PSF-00232_20250723143209_7b2,PFA-00245,PSA-00257,PSF-00232,RHS-00222,3.0.0,2021-01-19T12:57:14.097Z
199,14:33:04,2025-07-23,Manual gsw+F,LI-COR Default,,199,,,0.005456,2.754696,0.005445,0.174562,1.076154,1.071752,3.574379,2.498225,13.353998,13.408854,44.536667,0.441786,7.500000,PSF-00232_20250723143304_ef3,0.000000,0.000000,0.000000,136.639587,490.678314,0.721529,0.5,0.80,16.704483,1.000000,26.43,26.32,29.21,26.98,26.98,80.26,138.7,65.5,52.7,58,3.745,14:27:09,2025-07-23,0.34,1,0.001,0.002,0.006,0.513,0.718,2.316,0,150,-9999.000,-9999.000000,0.058905,0.000000,0.029230,0.000000,0.000000,-0.000068,standard,0,mpf,7000,500,-9999.000000,-9999.000000,300,300,300,490.678314,25,1.879045,493.291504,493.370819,-0.079315,2.446767,2.454772,1.494419,0.724650,0.230702,-0.026970,0.551428,0.155323,136.639587,0.000635,2.400430,-0.000041,1.000000,2.408421,-0.000039,1.000000,0.600250,0.601702,0.107071,0.000000,PSF-00232_20250723143304_ef3,PFA-00245,PSA-00257,PSF-00232,RHS-00222,3.0.0,2021-01-19T12:57:14.097Z
200,14:33:24,2025-07-23,Manual gsw+F,LI-COR Default,,200,,,-0.008397,2.803324,-0.008422,-0.253584,1.069870,1.076052,3.418588,2.348718,13.408418,13.331378,42.598167,0.441786,7.500000,PSF-00232_20250723143324_cb8,0.000000,0.000000,0.000000,77.281952,390.437775,0.802063,0.5,0.80,16.824400,1.000000,26.40,26.55,29.13,26.22,26.22,80.25,143.5,29.7,79.3,52,3.744,14:27:09,2025-07-23,0.34,1,-9999.000,-9999.000,-9999.000,-9999.000,-9999.000,-9999.000,0,150,-9999.000,-9999.000000,0.058905,0.000000,0.029230,0.000000,0.000000,-0.000068,standard,0,mpf,7000,500,-9999.000000,-9999.000000,300,300,300,382.226227,25,-5.194582,383.011230,382.994415,0.016815,2.447135,2.454732,1.533273,0.655151,0.231431,-0.034866,0.551386,0.150789,77.123169,0.000635,2.400430,-0.000041,1.000000,2.408421,-0.000039,1.000000,0.600250,0.601702,0.107071,0.000000,PSF-00232_20250723143324_cb8,PFA-00245,PSA-00257,PSF-00232,RHS-00222,3.0.0,2021-01-19T12:57:14.097Z
201,14:34:02,2025-07-23,Manual gsw+F,LI-COR Default,,201,,,0.004586,2.726800,0.004578,0.152178,1.065060,1.061148,3.654463,2.589403,13.222118,13.270866,45.535351,0.441786,7.500000,PSF-00232_20250723143402_e43,0.000000,0.000000,0.000000,80.652596,313.007721,0.742330,0.5,0.80,16.729666,1.000000,26.51,26.41,28.98,27.35,27.35,80.26,136.1,91.1,33.1,56,3.744,14:27:09,2025-07-23,0.34,1,0.001,0.000,-0.001,-0.023,0.024,0.001,0,150,-9999.000,-9999.000000,0.058905,0.000000,0.029230,0.000000,0.000000,-0.000068,standard,0,mpf,7000,500,-9999.000000,-9999.000000,300,300,300,308.741211,25,-2.863912,310.498962,308.903992,1.594971,2.446945,2.454934,1.473385,0.777589,0.232826,-0.019721,0.551346,0.154041,80.652596,0.000652,2.400430,-0.000041,1.000000,2.408421,-0.000039,1.000000,0.600250,0.601702,0.107071,0.000000,PSF-00232_20250723143402_e43,PFA-00245,PSA-00257,PSF-00232,RHS-00222,3.0.0,2021-01-19T12:57:14.097Z