Obs,Time,Date,configName,configAuthor,remark,Observation,,,gsw,gbw,gtw,E_apparent,VPcham,VPref,VPleaf,VPDleaf,H2O_r,H2O_s,H2O_leaf,leaf_area,leaf_width,flashID,Fo,Fm,Fv/Fm,Fs,Fm',PhiPS2,PS2/1,abs,ETR,TRANS,rh_s,rh_r,Tref,Tmeas,Tleaf,P_atm,flow,flow_s,leak_pct,Qamb,batt,match_time,match_date,rh_adj,type,gsw1sec,gsw2sec,gsw4sec,flr1sec,flr2sec,flr4sec,auto,flow_set,gsw_limit,gsw_period,aw,Bla,Blb,Blc,Bld,Ble,chamber,dark,flash_type,flash_intensity,modrate,flr_limit,flr_period,P1_dur,P2_dur,P3_dur,P1_Fmax,P2_ramp,P2_slp,P3_Fmax,P3_Pred,P3_DeltaF,v_humA,v_humB,v_flowIn,v_flowOut,v_temp,v_irt,v_pres,v_par,v_F,i_LED,b_rhr,m_rhr,span_rhr,b_rhs,m_rhs,span_rhs,z_flowIn,z_flowOut,z_quantum,z_flr,flashId,lciSerNum,lcpSerNum,lcfSerNum,lcrhSerNum,version,configUpdatedAt,MEASUREMENT_HEADER_END
1,10:19:17,2025-08-28,Manual gsw+F,LI-COR Default,,1,,,0.000633,2.921965,0.000633,0.01538,0.844931,0.844585,2.760471,1.91554,10.472256,10.476545,34.22789,0.441786,7.5,PSF-00232_20250828101917_9b7,0,0,0,81.668259,336.655853,0.757413,0.5,0.8,19.746365,1,25.71,25.7,25.55,22.65,22.65,80.65,156.7,154.6,1.4,65,4.015,10:18:24,2025-08-28,0.28,1,0.002,0.001,-0.002,-4.418,-1.249,-3.253,0,150,-9999,-9999,0.058905,0,0.02923,0,0,-0.000068,standard,0,mpf,7000,500,-9999,-9999,300,300,300,336.655853,25,32.841579,313.765533,383.714844,-69.94931,2.446346,2.454276,1.643589,0.92428,0.266784,-0.03334,0.176969,0.161407,81.668259,0.000668,2.40043,-0.000041,1,2.408421,-0.000039,1,0.60025,0.601702,0.107071,0,PSF-00232_20250828101917_9b7,PFA-00245,PSA-00257,PSF-00232,RHS-00222,3.0.0,2021-01-19T12:57:14.097Z,MEASUREMENT_END
2,10:20:21,2025-08-28,Manual gsw+F,LI-COR Default,,2,,,-0.009892,2.922678,-0.009926,-0.265532,0.843748,0.849718,2.950893,2.107146,10.53408,10.460059,36.582642,0.441786,7.5,PSF-00232_20250828102021_219,0,0,0,141.034485,405.591156,0.652274,0.5,0.8,14.78091,1,26.16,26.35,25.24,23.75,23.75,80.66,156.8,154.4,1.5,57,4.009,10:18:24,2025-08-28,0.28,1,0,-0.002,-0.003,0.058,0.084,0.247,0,150,-9999,-9999,0.058905,0,0.02923,0,0,-0.000068,standard,0,mpf,7000,500,-9999,-9999,300,300,300,403.547302,25,-1.614238,400.886902,403.278107,-2.391205,2.447416,2.455042,1.64434,0.92386,0.270151,-0.017128,0.183716,0.1543,141.034485,0.000665,2.40043,-0.000041,1,2.408421,-0.000039,1,0.60025,0.601702,0.107071,0,PSF-00232_20250828102021_219,PFA-00245,PSA-00257,PSF-00232,RHS-00222,3.0.0,2021-01-19T12:57:14.097Z,MEASUREMENT_END
3,10:21:43,2025-08-28,Manual gsw+F,LI-COR Default,,3,,,0.00426,2.922702,0.004253,0.10087,0.879984,0.877717,2.749868,1.869884,10.881312,10.909418,34.090927,0.441786,7.5,PSF-00232_20250828102143_b89,0,0,0,85.031387,415.746216,0.795473,0.5,0.8,18.908733,1,27.93,27.86,24.85,22.59,22.59,80.66,156.8,153.8,1.9,59,4.01,10:18:24,2025-08-28,0.28,1,0.001,0.001,-0.001,0.12,0.225,0.549,0,150,-9999,-9999,0.058905,0,0.02923,0,0,-0.000068,standard,0,mpf,7000,500,-9999,-9999,300,300,300,405.755981,25,-6.743525,408.236511,406.083374,2.153137,2.449862,2.457916,1.644365,0.922472,0.274405,-0.025824,0.192053,0.156613,85.031387,0.000644,2.40043,-0.000041,1,2.408421,-0.000039,1,0.60025,0.601702,0.107071,0,PSF-00232_20250828102143_b89,PFA-00245,PSA-00257,PSF-00232,RHS-00222,3.0.0,2021-01-19T12:57:14.097Z,MEASUREMENT_END
4,10:22:20,2025-08-28,Manual gsw+F,LI-COR Default,,4,,,0.005641,2.922093,0.005631,0.133133,0.865478,0.862484,2.730404,1.864926,10.691437,10.728557,33.846375,0.441786,7.5,PSF-00232_20250828102220_cd6,0,0,0,111.314178,335.321198,0.668037,0.5,0.8,22.181307,1,27.78,27.68,24.66,22.47,22.47,80.67,156.8,130.3,16.8,83,4.008,10:18:24,2025-08-28,0.28,1,0,0,0.008,-0.655,-1.048,5.313,0,150,-9999,-9999,0.058905,0,0.02923,0,0,-0.000068,standard,0,mpf,7000,500,-9999,-9999,300,300,300,335.321198,25,2.218217,335.292938,338.499695,-3.206757,2.449611,2.457701,1.643724,0.865677,0.276444,-0.024988,0.195673,0.176273,111.314178,0.000669,2.40043,-0.000041,1,2.408421,-0.000039,1,0.60025,0.601702,0.107071,0,PSF-00232_20250828102220_cd6,PFA-00245,PSA-00257,PSF-00232,RHS-00222,3.0.0,2021-01-19T12:57:14.097Z,MEASUREMENT_END
5,10:22:56,2025-08-28,Manual gsw+F,LI-COR Default,,5,,,0.022583,2.921199,0.02241,0.521623,0.823509,0.811763,2.660597,1.837088,10.063036,10.208653,32.982166,0.441786,7.5,PSF-00232_20250828102256_e14,0,0,0,87.362053,372.607849,0.765539,0.5,0.8,21.950153,1,26.69,26.31,24.5,22.04,22.04,80.67,156.6,122.1,22,72,4.008,10:18:24,2025-08-28,0.28,1,0.001,0.001,0.002,0.477,0.232,0.552,0,150,-9999,-9999,0.058905,0,0.02923,0,0,-0.000068,standard,0,mpf,7000,500,-9999,-9999,300,300,300,367.732635,25,-3.917701,366.32074,366.994141,-0.673401,2.44747,2.455997,1.642784,0.846522,0.278259,-0.027878,0.198979,0.16683,86.895706,0.000661,2.40043,-0.000041,1,2.408421,-0.000039,1,0.60025,0.601702,0.107071,0,PSF-00232_20250828102256_e14,PFA-00245,PSA-00257,PSF-00232,RHS-00222,3.0.0,2021-01-19T12:57:14.097Z,MEASUREMENT_END
6,10:23:26,2025-08-28,Manual gsw+F,LI-COR Default,,6,,,-0.001126,2.922416,-0.001126,-0.02847,0.781341,0.781982,2.775268,1.993927,9.693858,9.685914,34.403687,0.441786,7.5,PSF-00232_20250828102326_cd3,0,0,0,152.138824,311.217438,0.511149,0.5,0.8,38.186882,1,25.53,25.55,24.36,22.74,22.74,80.67,156.8,153.5,2.1,187,4.006,10:18:24,2025-08-28,0.28,1,-0.001,-0.002,0.002,0.244,0.514,0.659,0,150,-9999,-9999,0.058905,0,0.02923,0,0,-0.000068,standard,0,mpf,7000,500,-9999,-9999,300,300,300,308.714752,25,-1.543502,308.205841,309.005737,-0.799896,2.44628,2.454154,1.644064,0.921657,0.279759,-0.018489,0.201817,0.262775,152.402039,0.000649,2.40043,-0.000041,1,2.408421,-0.000039,1,0.60025,0.601702,0.107071,0,PSF-00232_20250828102326_cd3,PFA-00245,PSA-00257,PSF-00232,RHS-00222,3.0.0,2021-01-19T12:57:14.097Z,MEASUREMENT_END
7,10:23:32,2025-08-28,Manual gsw+F,LI-COR Default,,7,,,-0.092689,2.923256,-0.095724,-0.768916,0.757546,0.774847,1.396852,0.639306,9.605653,9.391173,17.31654,0.441786,7.5,PSF-00232_20250828102332_efd,0,0,0,1.701236,1.71876,0.010196,0.5,0.8,0.45803,1,24.78,25.35,24.34,11.88,11.88,80.67,156.9,-10.6,106.7,112,4.006,10:18:24,2025-08-28,0.28,1,-9999,-9999,-9999,-9999,-9999,-9999,0,150,-9999,-9999,0.058905,0,0.02923,0,0,-0.000068,standard,0,mpf,7000,500,-9999,-9999,300,300,300,1.71876,25,-0.001615,1.71268,1.716445,-0.003765,2.445964,2.452955,1.644949,0.58342,0.280007,-0.134386,0.202241,0.200701,1.701236,0.000658,2.40043,-0.000041,1,2.408421,-0.000039,1,0.60025,0.601702,0.107071,0,PSF-00232_20250828102332_efd,PFA-00245,PSA-00257,PSF-00232,RHS-00222,3.0.0,2021-01-19T12:57:14.097Z,MEASUREMENT_END
8,10:23:54,2025-08-28,Manual gsw+F,LI-COR Default,,8,,,-0.000816,2.921083,-0.000816,-0.01915,0.777735,0.778166,2.630258,1.852523,9.646736,9.641387,32.60667,0.441786,7.5,PSF-00232_20250828102354_9f4,0,0,0,72.914597,325.925232,0.776284,0.5,0.8,28.538168,1,25.59,25.6,24.25,21.86,21.86,80.67,156.6,144.2,7.9,92,4.006,10:18:24,2025-08-28,0.28,1,-0.001,-0.001,-0.003,0.003,-0.061,-0.439,0,150,-9999,-9999,0.058905,0,0.02923,0,0,-0.000068,standard,0,mpf,7000,500,-9999,-9999,300,300,300,321.171295,25,-3.123278,323.545563,321.44986,2.095703,2.446383,2.454269,1.642663,0.898816,0.281067,-0.027077,0.204217,0.183691,72.914597,0.000654,2.40043,-0.000041,1,2.408421,-0.000039,1,0.60025,0.601702,0.107071,0,PSF-00232_20250828102354_9f4,PFA-00245,PSA-00257,PSF-00232,RHS-00222,3.0.0,2021-01-19T12:57:14.097Z,MEASUREMENT_END
9,10:24:26,2025-08-28,Manual gsw+F,LI-COR Default,,9,,,0.003542,2.921346,0.003537,0.082585,0.764777,0.762916,2.608593,1.843816,9.458184,9.481253,32.339798,0.441786,7.5,PSF-00232_20250828102426_426,0,0,0,83.655594,287.722595,0.709249,0.5,0.8,25.377289,1,25.37,25.31,24.11,21.72,21.72,80.66,156.7,154.8,1.2,89,4.004,10:18:24,2025-08-28,0.28,1,0,0.001,-0.001,0.174,0.897,1.824,0,150,-9999,-9999,0.058905,0,0.02923,0,0,-0.000068,standard,0,mpf,7000,500,-9999,-9999,300,300,300,287.345764,25,-0.471575,286.506042,287.046875,-0.540833,2.44593,2.453934,1.642938,0.924966,0.2826,-0.027021,0.207011,0.181644,84.068298,0.000637,2.40043,-0.000041,1,2.408421,-0.000039,1,0.60025,0.601702,0.107071,0,PSF-00232_20250828102426_426,PFA-00245,PSA-00257,PSF-00232,RHS-00222,3.0.0,2021-01-19T12:57:14.097Z,MEASUREMENT_END
10,10:24:38,2025-08-28,Manual gsw+F,LI-COR Default,,10,,,-0.256552,2.923248,-0.281234,-2.651504,0.685687,0.745398,1.43617,0.750483,9.241064,8.500793,17.804901,0.441786,7.5,PSF-00232_20250828102438_cd7,0,0,0,1.672268,1.71268,0.023596,0.5,0.8,1.048422,1,22.81,24.8,24.06,12.31,12.31,80.66,156.9,-10.5,106.7,111,4.004,10:18:24,2025-08-28,0.28,1,-9999,-9999,-9999,-9999,-9999,-9999,0,150,-9999,-9999,0.058905,0,0.02923,0,0,-0.000068,standard,0,mpf,7000,500,-9999,-9999,300,300,300,1.71268,25,-0.005597,1.702309,1.70466,-0.002351,2.44512,2.449772,1.64494,0.583577,0.283147,-0.126912,0.207996,0.199677,1.672268,0.000665,2.40043,-0.000041,1,2.408421,-0.000039,1,0.60025,0.601702,0.107071,0,PSF-00232_20250828102438_cd7,PFA-00245,PSA-00257,PSF-00232,RHS-00222,3.0.0,2021-01-19T12:57:14.097Z,MEASUREMENT_END
11,10:25:11,2025-08-28,Manual gsw+F,LI-COR Default,,11,,,0.008,2.922202,0.007978,0.195781,0.758636,0.754227,2.695806,1.93717,9.349997,9.404652,33.419353,0.441786,7.5,PSF-00232_20250828102511_a50,0,0,0,114.69519,324.008209,0.646011,0.5,0.8,49.01392,1,25.42,25.27,23.94,22.26,22.26,80.67,156.8,154.7,1.3,190,4.003,10:18:24,2025-08-28,0.28,1,0.001,0,0.001,-1.321,-3.034,-6.996,0,150,-9999,-9999,0.058905,0,0.02923,0,0,-0.000068,standard,0,mpf,7000,500,-9999,-9999,300,300,300,321.754578,25,-1.48002,320.607666,321.887482,-1.279816,2.445894,2.454036,1.643838,0.924538,0.284475,-0.019048,0.210971,0.265201,114.69519,0.000654,2.40043,-0.000041,1,2.408421,-0.000039,1,0.60025,0.601702,0.107071,0,PSF-00232_20250828102511_a50,PFA-00245,PSA-00257,PSF-00232,RHS-00222,3.0.0,2021-01-19T12:57:14.097Z,MEASUREMENT_END
12,10:25:52,2025-08-28,Manual gsw+F,LI-COR Default,,12,,,0.001595,2.922819,0.001595,0.039599,0.792419,0.791528,2.751589,1.95917,9.81235,9.823395,34.110672,0.441786,7.5,PSF-00232_20250828102552_393,0,0,0,79.782845,359.623993,0.778149,0.5,0.8,28.384811,1,26.78,26.75,23.8,22.6,22.6,80.67,156.8,152.4,2.8,91,4.001,10:18:24,2025-08-28,0.28,1,0,0.001,0,0.075,-0.043,-0.07,0,150,-9999,-9999,0.058905,0,0.02923,0,0,-0.000068,standard,0,mpf,7000,500,-9999,-9999,300,300,300,349.521149,25,-6.953919,348.24408,349.659668,-1.415588,2.448282,2.456253,1.644488,0.91902,0.286137,-0.013556,0.214531,0.183096,79.782845,0.000651,2.40043,-0.000041,1,2.408421,-0.000039,1,0.60025,0.601702,0.107071,0,PSF-00232_20250828102552_393,PFA-00245,PSA-00257,PSF-00232,RHS-00222,3.0.0,2021-01-19T12:57:14.097Z,MEASUREMENT_END
13,10:27:42,2025-08-28,Manual gsw+F,LI-COR Default,,13,,,0.011692,2.921023,0.011645,0.254916,0.775448,0.769703,2.505203,1.729756,9.542445,9.613661,31.058422,0.441786,7.5,PSF-00232_20250828102742_ab6,0,0,0,75.296043,304.916168,0.75306,0.5,0.8,56.456413,1,26.71,26.51,23.48,21.06,21.06,80.66,156.6,154.7,1.2,187,4,10:18:24,2025-08-28,0.28,1,-0.001,-0.003,0.003,0.176,0.267,0.78,0,150,-9999,-9999,0.058905,0,0.02923,0,0,-0.000068,standard,0,mpf,7000,500,-9999,-9999,300,300,300,298.753723,25,-4.099076,299.057709,299.042572,0.015137,2.447948,2.456183,1.6426,0.924692,0.289749,-0.027192,0.223943,0.26332,75.296043,0.000646,2.40043,-0.000041,1,2.408421,-0.000039,1,0.60025,0.601702,0.107071,0,PSF-00232_20250828102742_ab6,PFA-00245,PSA-00257,PSF-00232,RHS-00222,3.0.0,2021-01-19T12:57:14.097Z,MEASUREMENT_END
14,10:28:10,2025-08-28,Manual gsw+F,LI-COR Default,,14,,,0.017232,2.921986,0.017131,0.379572,0.760133,0.751585,2.511086,1.750952,9.317702,9.423682,31.130959,0.441786,7.5,PSF-00232_20250828102810_3ce,0,0,0,123.733879,372.474701,0.667806,0.5,0.8,35.221207,1,26.3,26,23.41,21.1,21.1,80.66,156.7,155.1,1.1,132,3.997,10:18:24,2025-08-28,0.28,1,-0.002,0,0,-1.4,0.473,19.968,0,150,-9999,-9999,0.058905,0,0.02923,0,0,-0.000068,standard,0,mpf,7000,500,-9999,-9999,300,300,300,369.486084,25,-1.694043,370.658386,370.047302,0.611084,2.447147,2.455534,1.643611,0.92557,0.2906,-0.025925,0.226295,0.216994,123.733879,0.000658,2.40043,-0.000041,1,2.408421,-0.000039,1,0.60025,0.601702,0.107071,0,PSF-00232_20250828102810_3ce,PFA-00245,PSA-00257,PSF-00232,RHS-00222,3.0.0,2021-01-19T12:57:14.097Z,MEASUREMENT_END
15,10:28:30,2025-08-28,Manual gsw+F,LI-COR Default,,15,,,0.014898,2.922224,0.014822,0.334434,0.767853,0.760323,2.550369,1.782516,9.426037,9.519387,31.617966,0.441786,7.5,PSF-00232_20250828102830_64c,0,0,0,106.203674,404.640472,0.737536,0.5,0.8,31.71965,1,26.64,26.38,23.36,21.35,21.35,80.66,156.8,154.3,1.6,108,3.999,10:18:24,2025-08-28,0.28,1,0.005,0.001,-0.002,0.767,0.682,-1.101,0,150,-9999,-9999,0.058905,0,0.02923,0,0,-0.000068,standard,0,mpf,7000,500,-9999,-9999,300,300,300,401.563538,25,-1.980615,402.055634,401.802429,0.253204,2.447765,2.4561,1.643862,0.923669,0.291184,-0.022523,0.227904,0.196706,106.203674,0.000644,2.40043,-0.000041,1,2.408421,-0.000039,1,0.60025,0.601702,0.107071,0,PSF-00232_20250828102830_64c,PFA-00245,PSA-00257,PSF-00232,RHS-00222,3.0.0,2021-01-19T12:57:14.097Z,MEASUREMENT_END
16,10:29:15,2025-08-28,Manual gsw+F,LI-COR Default,,16,,,0.01165,2.922605,0.011604,0.25456,0.764526,0.758796,2.498306,1.733779,9.40708,9.478116,30.972427,0.441786,7.5,PSF-00232_20250828102915_82d,0,0,0,117.918846,381.561035,0.690957,0.5,0.8,37.742737,1,26.65,26.45,23.29,21.02,21.02,80.66,156.8,155,1.1,137,3.997,10:28:52,2025-08-28,0.21,1,-0.001,0,0.001,0.25,2.715,5.777,0,150,-9999,-9999,0.058905,0,0.02923,0,0,-0.000068,standard,0,mpf,7000,500,-9999,-9999,300,300,300,381.561035,25,6.812447,389.417755,391.322662,-1.904907,2.447878,2.456226,1.644263,0.925425,0.292042,-0.025428,0.231655,0.220917,117.918846,0.000653,2.40043,-0.000041,1,2.408421,-0.000039,1,0.60025,0.601702,0.107071,0,PSF-00232_20250828102915_82d,PFA-00245,PSA-00257,PSF-00232,RHS-00222,3.0.0,2021-01-19T12:57:14.097Z,MEASUREMENT_END
17,10:29:42,2025-08-28,Manual gsw+F,LI-COR Default,,17,,,0.003152,2.919983,0.003149,0.07288,0.759549,0.757905,2.58781,1.828261,9.395947,9.416327,32.081745,0.441786,7.5,PSF-00232_20250828102942_8c8,0,0,0,94.414833,387.789734,0.756531,0.5,0.8,31.030737,1,26.56,26.51,23.23,21.59,21.59,80.66,156.5,155.1,0.9,103,3.995,10:28:52,2025-08-28,0.21,1,0,-0.002,-0.003,0.035,0.09,0.326,0,150,-9999,-9999,0.058905,0,0.02923,0,0,-0.000068,standard,0,mpf,7000,500,-9999,-9999,300,300,300,383.970032,25,-2.473956,384.039764,384.244781,-0.205017,2.447983,2.456103,1.64151,0.925639,0.292708,-0.018359,0.233878,0.192558,94.414833,0.000634,2.40043,-0.000041,1,2.408421,-0.000039,1,0.60025,0.601702,0.107071,0,PSF-00232_20250828102942_8c8,PFA-00245,PSA-00257,PSF-00232,RHS-00222,3.0.0,2021-01-19T12:57:14.097Z,MEASUREMENT_END
18,10:30:25,2025-08-28,Manual gsw+F,LI-COR Default,,18,,,0.013885,2.923288,0.013819,0.326214,0.761347,0.754008,2.625501,1.864154,9.347746,9.438733,32.549419,0.441786,7.5,PSF-00232_20250828103025_e80,0,0,0,123.080132,534.473389,0.769717,0.5,0.8,26.122614,1,26.78,26.52,23.14,21.83,21.83,80.66,156.9,18.6,88.1,85,3.996,10:28:52,2025-08-28,0.21,1,-0.017,-0.028,-0.023,-0.709,3.36,4.316,0,150,-9999,-9999,0.058905,0,0.02923,0,0,-0.000068,standard,0,mpf,7000,500,-9999,-9999,300,300,300,502.459656,25,-21.862949,492.73288,503.145782,-10.412903,2.448018,2.45646,1.644982,0.634902,0.293803,-0.014631,0.237325,0.177804,123.080132,0.000653,2.40043,-0.000041,1,2.408421,-0.000039,1,0.60025,0.601702,0.107071,0,PSF-00232_20250828103025_e80,PFA-00245,PSA-00257,PSF-00232,RHS-00222,3.0.0,2021-01-19T12:57:14.097Z,MEASUREMENT_END
19,10:31:00,2025-08-28,Manual gsw+F,LI-COR Default,,19,,,0.028317,2.922306,0.028046,0.715613,0.65652,0.640387,2.672096,2.015576,7.939662,8.139675,33.129223,0.441786,7.5,PSF-00232_20250828103100_88f,0,0,0,89.565041,278.030182,0.677859,0.5,0.8,38.997406,1,23.21,22.64,23.05,22.11,22.11,80.66,156.8,8.2,94.8,144,3.995,10:28:52,2025-08-28,0.21,1,0.001,-0.002,-0.005,0.632,-0.174,-2.573,0,150,-9999,-9999,0.058905,0,0.02923,0,0,-0.000068,standard,0,mpf,7000,500,-9999,-9999,300,300,300,273.625366,25,-2.555574,273.392548,274.368286,-0.975739,2.441764,2.450683,1.643948,0.616127,0.294824,-0.010385,0.240052,0.226974,89.939476,0.000651,2.40043,-0.000041,1,2.408421,-0.000039,1,0.60025,0.601702,0.107071,0,PSF-00232_20250828103100_88f,PFA-00245,PSA-00257,PSF-00232,RHS-00222,3.0.0,2021-01-19T12:57:14.097Z,MEASUREMENT_END
20,10:32:51,2025-08-28,Manual gsw+F,LI-COR Default,,20,,,0.005218,2.923492,0.005208,0.128079,0.618306,0.61542,2.562838,1.944532,7.629396,7.665178,31.771667,0.441786,7.5,PSF-00232_20250828103251_35a,0,0,0,125.582817,414.486053,0.697016,0.5,0.8,19.766886,1,22.08,21.98,22.88,21.43,21.43,80.66,156.9,155.1,1.1,71,3.99,10:28:52,2025-08-28,0.21,1,0.002,0.003,-0.002,0.124,-0.722,-0.458,0,150,-9999,-9999,0.058905,0,0.02923,0,0,-0.000068,standard,0,mpf,7000,500,-9999,-9999,300,300,300,414.486053,25,3.166808,411.538849,419.023804,-7.484955,2.440695,2.448836,1.645198,0.925724,0.296786,-0.016166,0.248884,0.166177,125.582817,0.000638,2.40043,-0.000041,1,2.408421,-0.000039,1,0.60025,0.601702,0.107071,0,PSF-00232_20250828103251_35a,PFA-00245,PSA-00257,PSF-00232,RHS-00222,3.0.0,2021-01-19T12:57:14.097Z,MEASUREMENT_END
21,10:33:39,2025-08-28,Manual gsw+F,LI-COR Default,,21,,,0.009183,2.921968,0.009154,0.222383,0.671436,0.666422,2.591446,1.920009,8.261552,8.323713,32.125828,0.441786,7.5,PSF-00232_20250828103339_9a8,0,0,0,93.42778,405.567261,0.769637,0.5,0.8,28.600834,1,24.08,23.9,22.82,21.61,21.61,80.67,156.7,99.4,36.6,93,3.991,10:28:52,2025-08-28,0.21,1,0.002,0.002,0.013,-0.026,-0.097,-0.01,0,150,-9999,-9999,0.058905,0,0.02923,0,0,-0.000068,standard,0,mpf,7000,500,-9999,-9999,300,300,300,397.622833,25,-5.350564,397.839203,397.900391,-0.061188,2.443842,2.452131,1.643593,0.795562,0.29757,-0.013377,0.252655,0.184522,93.42778,0.000674,2.40043,-0.000041,1,2.408421,-0.000039,1,0.60025,0.601702,0.107071,0,PSF-00232_20250828103339_9a8,PFA-00245,PSA-00257,PSF-00232,RHS-00222,3.0.0,2021-01-19T12:57:14.097Z,MEASUREMENT_END
22,10:35:15,2025-08-28,Manual gsw+F,LI-COR Default,,22,,,0.02234,2.92272,0.022171,0.552973,0.731084,0.718632,2.700251,1.969167,8.908596,9.062957,33.473946,0.441786,7.5,PSF-00232_20250828103515_d6d,0,0,0,104.297516,305.667267,0.658787,0.5,0.8,58.233105,1,26.31,25.86,22.76,22.29,22.29,80.67,156.8,96.4,38.5,221,3.989,10:28:52,2025-08-28,0.21,1,0.002,0.001,0.008,1.944,3.401,2.907,0,150,-9999,-9999,0.058905,0,0.02923,0,0,-0.000068,standard,0,mpf,7000,500,-9999,-9999,300,300,300,300.90094,25,-3.116023,301.374084,301.202301,0.171783,2.447028,2.455769,1.644384,0.789105,0.298302,-0.005073,0.260408,0.2913,104.297516,0.000645,2.40043,-0.000041,1,2.408421,-0.000039,1,0.60025,0.601702,0.107071,0,PSF-00232_20250828103515_d6d,PFA-00245,PSA-00257,PSF-00232,RHS-00222,3.0.0,2021-01-19T12:57:14.097Z,MEASUREMENT_END
23,10:35:43,2025-08-28,Manual gsw+F,LI-COR Default,,23,,,-0.002055,2.922916,-0.002056,-0.05029,0.742389,0.743521,2.673618,1.931229,9.216254,9.202221,33.140602,0.441786,7.5,PSF-00232_20250828103543_ad4,0,0,0,92.472908,324.431763,0.71497,0.5,0.8,36.365566,1,26.72,26.76,22.76,22.12,22.12,80.68,156.9,41.4,73.6,127,3.988,10:28:52,2025-08-28,0.21,1,-0.003,0.003,0.009,0.479,-0.198,0.03,0,150,-9999,-9999,0.058905,0,0.02923,0,0,-0.000068,standard,0,mpf,7000,500,-9999,-9999,300,300,300,324.431763,25,0.281131,325.821869,324.834595,0.987274,2.448455,2.456419,1.64459,0.677315,0.298287,-0.006929,0.262585,0.213079,92.472908,0.000653,2.40043,-0.000041,1,2.408421,-0.000039,1,0.60025,0.601702,0.107071,0,PSF-00232_20250828103543_ad4,PFA-00245,PSA-00257,PSF-00232,RHS-00222,3.0.0,2021-01-19T12:57:14.097Z,MEASUREMENT_END
24,10:36:28,2025-08-28,Manual gsw+F,LI-COR Default,,24,,,-0.027637,2.921865,-0.0279,-0.246566,0.712823,0.71838,1.416326,0.703503,8.905142,8.83625,17.55698,0.441786,7.5,PSF-00232_20250828103628_0ea,0,0,0,1.719475,1.71411,-0.00313,0.5,0.8,-0.198614,1,25.63,25.83,22.77,12.09,12.09,80.67,156.7,-10.6,106.8,159,3.988,10:28:52,2025-08-28,0.21,1,-9999,-9999,-9999,-9999,-9999,-9999,0,150,-9999,-9999,0.058905,0,0.02923,0,0,-0.000068,standard,0,mpf,7000,500,-9999,-9999,300,300,300,1.71411,25,-0.009012,1.692295,1.701197,-0.008902,2.446969,2.454664,1.643484,0.583395,0.298103,-0.114456,0.266005,0.239341,1.719475,0.000651,2.40043,-0.000041,1,2.408421,-0.000039,1,0.60025,0.601702,0.107071,0,PSF-00232_20250828103628_0ea,PFA-00245,PSA-00257,PSF-00232,RHS-00222,3.0.0,2021-01-19T12:57:14.097Z,MEASUREMENT_END
25,10:36:52,2025-08-28,Manual gsw+F,LI-COR Default,,25,,,-0.013196,2.921737,-0.013256,-0.332052,0.695371,0.702858,2.67397,1.978599,8.712562,8.619757,33.146301,0.441786,7.5,PSF-00232_20250828103652_93b,0,0,0,117.340561,394.931671,0.702884,0.5,0.8,48.552681,1,25,25.26,22.78,22.13,22.13,80.67,156.7,153.8,1.8,173,3.986,10:28:52,2025-08-28,0.21,1,-0.001,-0.002,-0.001,1.248,1.637,0.641,0,150,-9999,-9999,0.058905,0,0.02923,0,0,-0.000068,standard,0,mpf,7000,500,-9999,-9999,300,300,300,394.931671,25,1.037465,396.124725,396.418274,-0.293549,2.446063,2.453637,1.643349,0.922466,0.298057,-0.007125,0.26787,0.251038,117.340561,0.000648,2.40043,-0.000041,1,2.408421,-0.000039,1,0.60025,0.601702,0.107071,0,PSF-00232_20250828103652_93b,PFA-00245,PSA-00257,PSF-00232,RHS-00222,3.0.0,2021-01-19T12:57:14.097Z,MEASUREMENT_END
26,10:37:35,2025-08-28,Manual gsw+F,LI-COR Default,,26,,,0.023209,2.923697,0.023026,0.583324,0.710517,0.697388,2.710918,2.000401,8.644488,8.807239,33.603268,0.441786,7.5,PSF-00232_20250828103735_e86,0,0,0,17.781616,45.062607,0.605402,0.5,0.8,84.457397,1,25.52,25.05,22.79,22.35,22.35,80.67,156.9,149,5.1,349,3.985,10:28:52,2025-08-28,0.21,1,-0.001,0.001,0.008,0.487,-2.259,-4.681,0,150,-9999,-9999,0.058905,0,0.02923,0,0,-0.000068,standard,0,mpf,7000,500,-9999,-9999,300,300,300,33.676029,25,-6.314119,36.483047,36.015049,0.467999,2.445709,2.454482,1.645414,0.910493,0.297888,-0.004738,0.271114,0.397827,16.337513,0.000657,2.40043,-0.000041,1,2.408421,-0.000039,1,0.60025,0.601702,0.107071,0,PSF-00232_20250828103735_e86,PFA-00245,PSA-00257,PSF-00232,RHS-00222,3.0.0,2021-01-19T12:57:14.097Z,MEASUREMENT_END
27,10:37:59,2025-08-28,Manual gsw+F,LI-COR Default,,27,,,0.027132,2.923768,0.026882,0.67468,0.7362,0.72102,2.717572,1.981373,8.937501,9.125669,33.686062,0.441786,7.5,PSF-00232_20250828103759_939,0,0,0,122.151375,253.821228,0.51875,0.5,0.8,54.384418,1,26.42,25.87,22.8,22.39,22.39,80.67,157,152.9,2.6,262,3.959,10:28:52,2025-08-28,0.21,1,-0.001,0,0.001,0.06,-2.731,2.128,0,150,-9999,-9999,0.058905,0,0.02923,0,0,-0.000068,standard,0,mpf,7000,500,-9999,-9999,300,300,300,241.949921,25,-9.005271,238.137604,240.917496,-2.779892,2.447039,2.455935,1.645489,0.920197,0.297735,-0.004429,0.272964,0.32557,122.151375,0.000653,2.40043,-0.000041,1,2.408421,-0.000039,1,0.60025,0.601702,0.107071,0,PSF-00232_20250828103759_939,PFA-00245,PSA-00257,PSF-00232,RHS-00222,3.0.0,2021-01-19T12:57:14.097Z,MEASUREMENT_END
28,10:38:35,2025-08-28,Manual gsw+F,LI-COR Default,,28,,,0.014702,2.922985,0.014628,0.368474,0.703432,0.695132,2.692842,1.989411,8.616156,8.719028,33.377754,0.441786,7.5,PSF-00232_20250828103835_8ca,0,0,0,96.218704,255.78804,0.623834,0.5,0.8,14.51549,1,25.23,24.93,22.82,22.24,22.24,80.68,156.9,75.9,51.6,58,3.984,10:28:52,2025-08-28,0.21,1,-0.001,-0.002,0.008,0.083,0.123,0.204,0,150,-9999,-9999,0.058905,0,0.02923,0,0,-0.000068,standard,0,mpf,7000,500,-9999,-9999,300,300,300,254.146103,25,-0.892365,254.31955,254.509369,-0.189819,2.445516,2.454006,1.644663,0.745802,0.297599,-0.006261,0.275676,0.155566,96.218704,0.000658,2.40043,-0.000041,1,2.408421,-0.000039,1,0.60025,0.601702,0.107071,0,PSF-00232_20250828103835_8ca,PFA-00245,PSA-00257,PSF-00232,RHS-00222,3.0.0,2021-01-19T12:57:14.097Z,MEASUREMENT_END
29,10:38:57,2025-08-28,Manual gsw+F,LI-COR Default,,29,,,0.01886,2.921486,0.018739,0.483252,0.636479,0.625573,2.674314,2.037835,7.754113,7.889303,33.148716,0.441786,7.5,PSF-00232_20250828103857_0c2,0,0,0,88.164207,207.899368,0.575928,0.5,0.8,87.329208,1,22.82,22.43,22.82,22.13,22.13,80.68,156.7,153.5,2.1,379,3.983,10:28:52,2025-08-28,0.21,1,0.002,0.004,-0.002,-0.408,-0.738,-0.329,0,150,-9999,-9999,0.058905,0,0.02923,0,0,-0.000068,standard,0,mpf,7000,500,-9999,-9999,300,300,300,202.469589,25,-3.678286,202.890152,202.628723,0.261429,2.441439,2.450061,1.643086,0.921524,0.297525,-0.007614,0.277225,0.423099,88.164207,0.000658,2.40043,-0.000041,1,2.408421,-0.000039,1,0.60025,0.601702,0.107071,0,PSF-00232_20250828103857_0c2,PFA-00245,PSA-00257,PSF-00232,RHS-00222,3.0.0,2021-01-19T12:57:14.097Z,MEASUREMENT_END
30,10:39:38,2025-08-28,Manual gsw+F,LI-COR Default,,30,,,0.038018,2.921651,0.037529,0.93458,0.646954,0.625867,2.615366,1.968411,7.757856,8.019238,32.418438,0.441786,7.5,PSF-00232_20250828103938_890,0,0,0,216.271515,412.670746,0.475922,0.5,0.8,36.645363,1,23.12,22.37,22.87,21.76,21.76,80.68,156.7,154.6,1.4,192,3.982,10:39:17,2025-08-28,0.18,1,0.001,-0.002,-0.001,-5.364,-13.616,-28.56,0,150,-9999,-9999,0.058905,0,0.02923,0,0,-0.000068,standard,0,mpf,7000,500,-9999,-9999,300,300,300,403.709656,25,-6.464207,400.34903,403.408112,-3.059082,2.441343,2.450601,1.643259,0.924312,0.296956,-0.01228,0.280243,0.26755,216.271515,0.000658,2.40043,-0.000041,1,2.408421,-0.000039,1,0.60025,0.601702,0.107071,0,PSF-00232_20250828103938_890,PFA-00245,PSA-00257,PSF-00232,RHS-00222,3.0.0,2021-01-19T12:57:14.097Z,MEASUREMENT_END
31,10:40:04,2025-08-28,Manual gsw+F,LI-COR Default,,31,,,0.007554,2.921411,0.007535,0.193359,0.679096,0.674734,2.705979,2.026883,8.363472,8.41754,33.54121,0.441786,7.5,PSF-00232_20250828104004_656,0,0,0,172.556168,328.012299,0.473934,0.5,0.8,42.669643,1,24.24,24.08,22.89,22.32,22.32,80.68,156.7,155,1,225,3.981,10:39:17,2025-08-28,0.18,1,0,0,-0.002,-1.011,-0.99,-5.279,0,150,-9999,-9999,0.058905,0,0.02923,0,0,-0.000068,standard,0,mpf,7000,500,-9999,-9999,300,300,300,320.039032,25,-5.649833,317.074646,319.916595,-2.841949,2.444138,2.452425,1.643007,0.925487,0.296678,-0.006246,0.282132,0.294715,172.556168,0.000664,2.40043,-0.000041,1,2.408421,-0.000039,1,0.60025,0.601702,0.107071,0,PSF-00232_20250828104004_656,PFA-00245,PSA-00257,PSF-00232,RHS-00222,3.0.0,2021-01-19T12:57:14.097Z,MEASUREMENT_END
32,10:40:22,2025-08-28,Manual gsw+F,LI-COR Default,,32,,,-0.045117,2.922345,-0.045824,-0.490167,0.679357,0.690407,1.53054,0.851183,8.557402,8.420444,18.970621,0.441786,7.5,PSF-00232_20250828104022_b11,0,0,0,1.747012,1.742721,-0.002463,0.5,0.8,-0.373488,1,24.23,24.62,22.91,13.28,13.28,80.68,156.8,-10.4,106.7,379,3.981,10:39:17,2025-08-28,0.18,1,-9999,-9999,-9999,-9999,-9999,-9999,0,150,-9999,-9999,0.058905,0,0.02923,0,0,-0.000068,standard,0,mpf,7000,500,-9999,-9999,300,300,300,1.742721,25,-0.010925,1.710892,1.727066,-0.016174,2.445008,2.452405,1.643989,0.583646,0.296512,-0.103868,0.28342,0.423172,1.747012,0.000658,2.40043,-0.000041,1,2.408421,-0.000039,1,0.60025,0.601702,0.107071,0,PSF-00232_20250828104022_b11,PFA-00245,PSA-00257,PSF-00232,RHS-00222,3.0.0,2021-01-19T12:57:14.097Z,MEASUREMENT_END
33,10:40:52,2025-08-28,Manual gsw+F,LI-COR Default,,33,,,0.006188,2.92359,0.006175,0.200132,0.734885,0.730381,3.284787,2.549902,9.052335,9.10816,40.711628,0.441786,7.5,PSF-00232_20250828104052_104,0,0,0,51.506279,62.352627,0.173952,0.5,0.8,87.901505,1,26.11,25.95,22.97,25.55,25.55,80.68,156.9,154.9,1.3,1263,3.978,10:39:17,2025-08-28,0.18,1,-0.001,-0.003,-0.002,0.369,0.564,-0.001,0,150,-9999,-9999,0.058905,0,0.02923,0,0,-0.000068,standard,0,mpf,7000,500,-9999,-9999,300,300,300,60.577869,25,-1.209772,60.576797,60.619133,-0.042336,2.447129,2.455443,1.645301,0.925183,0.295753,0.030065,0.285699,1.160249,51.506279,0.000634,2.40043,-0.000041,1,2.408421,-0.000039,1,0.60025,0.601702,0.107071,0,PSF-00232_20250828104052_104,PFA-00245,PSA-00257,PSF-00232,RHS-00222,3.0.0,2021-01-19T12:57:14.097Z,MEASUREMENT_END
34,10:41:19,2025-08-28,Manual gsw+F,LI-COR Default,,34,,,0.028126,2.924501,0.027858,0.697741,0.809079,0.793402,2.784761,1.975683,9.834182,10.02849,34.516987,0.441786,7.5,PSF-00232_20250828104119_99b,0,0,0,79.581856,171.621735,0.536295,0.5,0.8,156.495331,1,28.66,28.1,23.02,22.79,22.79,80.68,157,16.7,89.4,730,3.979,10:39:17,2025-08-28,0.18,1,-0.002,0.006,0.005,-0.607,-3.022,-4.596,0,150,-9999,-9999,0.058905,0,0.02923,0,0,-0.000068,standard,0,mpf,7000,500,-9999,-9999,300,300,300,166.698929,25,-3.406224,165.375702,166.740921,-1.365219,2.450549,2.459512,1.646264,0.631395,0.295189,-0.00233,0.287746,0.715251,79.581856,0.000674,2.40043,-0.000041,1,2.408421,-0.000039,1,0.60025,0.601702,0.107071,0,PSF-00232_20250828104119_99b,PFA-00245,PSA-00257,PSF-00232,RHS-00222,3.0.0,2021-01-19T12:57:14.097Z,MEASUREMENT_END
35,10:41:41,2025-08-28,Manual gsw+F,LI-COR Default,,35,,,0.01432,2.924443,0.01425,0.383398,0.844014,0.835403,2.963616,2.119601,10.353949,10.460676,36.730919,0.441786,7.5,PSF-00232_20250828104141_324,0,0,0,135.71048,201.95787,0.328026,0.5,0.8,157.766418,1,29.82,29.52,23.06,23.82,23.82,80.68,157,152.6,2.8,1202,3.979,10:39:17,2025-08-28,0.18,1,-0.001,-0.001,-0.002,-0.715,-3.3,-7.882,0,150,-9999,-9999,0.058905,0,0.02923,0,0,-0.000068,standard,0,mpf,7000,500,-9999,-9999,300,300,300,192.977066,25,-5.083942,190.973633,194.67305,-3.699417,2.452763,2.46134,1.646203,0.919344,0.294708,0.008999,0.289446,1.109471,135.71048,0.000654,2.40043,-0.000041,1,2.408421,-0.000039,1,0.60025,0.601702,0.107071,0,PSF-00232_20250828104141_324,PFA-00245,PSA-00257,PSF-00232,RHS-00222,3.0.0,2021-01-19T12:57:14.097Z,MEASUREMENT_END
36,10:42:15,2025-08-28,Manual gsw+F,LI-COR Default,,36,,,0.009714,2.921359,0.009682,0.269159,0.82405,0.817988,3.013671,2.189621,10.138206,10.213334,37.35165,0.441786,7.5,PSF-00232_20250828104215_f0b,0,0,0,66.197632,103.611038,0.361095,0.5,0.8,120.131851,1,29.01,28.8,23.12,24.1,24.1,80.68,156.7,155,1.1,832,3.978,10:39:17,2025-08-28,0.18,1,-0.001,-0.002,-0.005,-0.382,-0.016,-2.117,0,150,-9999,-9999,0.058905,0,0.02923,0,0,-0.000068,standard,0,mpf,7000,500,-9999,-9999,300,300,300,96.942184,25,-4.574279,96.877457,97.056511,-0.179054,2.451624,2.460052,1.642952,0.925378,0.293998,0.011517,0.29199,0.800451,66.197632,0.000653,2.40043,-0.000041,1,2.408421,-0.000039,1,0.60025,0.601702,0.107071,0,PSF-00232_20250828104215_f0b,PFA-00245,PSA-00257,PSF-00232,RHS-00222,3.0.0,2021-01-19T12:57:14.097Z,MEASUREMENT_END
37,10:42:40,2025-08-28,Manual gsw+F,LI-COR Default,,37,,,0.010477,2.922864,0.01044,0.277831,0.838286,0.832038,2.935075,2.096788,10.313204,10.390647,36.380558,0.441786,7.5,PSF-00232_20250828104240_c69,0,0,0,91.711876,180.294571,0.491322,0.5,0.8,153.897141,1,29.43,29.22,23.16,23.66,23.66,80.68,156.8,153.1,2.4,783,3.946,10:39:17,2025-08-28,0.18,1,0.001,-0.002,-0.005,-1.317,-1.314,-3.004,0,150,-9999,-9999,0.058905,0,0.02923,0,0,-0.000068,standard,0,mpf,7000,500,-9999,-9999,300,300,300,171.624542,25,-6.052485,170.520538,171.621918,-1.101379,2.452269,2.460711,1.644536,0.920672,0.293477,0.005941,0.293853,0.759899,91.711876,0.000676,2.40043,-0.000041,1,2.408421,-0.000039,1,0.60025,0.601702,0.107071,0,PSF-00232_20250828104240_c69,PFA-00245,PSA-00257,PSF-00232,RHS-00222,3.0.0,2021-01-19T12:57:14.097Z,MEASUREMENT_END
38,10:43:38,2025-08-28,Manual gsw+F,LI-COR Default,,38,,,0.001962,2.923043,0.001961,0.049483,0.909143,0.908032,2.896797,1.987654,11.256299,11.270078,35.909779,0.441786,7.5,PSF-00232_20250828104338_605,0,0,0,59.032204,159.034836,0.62881,0.5,0.8,48.839352,1,31.62,31.59,23.32,23.45,23.45,80.67,156.9,155.3,1,194,3.975,10:39:17,2025-08-28,0.18,1,0.002,0.01,0.012,0.074,-0.393,2.575,0,150,-9999,-9999,0.058905,0,0.02923,0,0,-0.000068,standard,0,mpf,7000,500,-9999,-9999,300,300,300,158.084747,25,-0.560449,157.88591,158.231766,-0.345856,2.455924,2.464108,1.644724,0.926146,0.291657,0.001645,0.2983,0.268948,58.796524,0.000652,2.40043,-0.000041,1,2.408421,-0.000039,1,0.60025,0.601702,0.107071,0,PSF-00232_20250828104338_605,PFA-00245,PSA-00257,PSF-00232,RHS-00222,3.0.0,2021-01-19T12:57:14.097Z,MEASUREMENT_END
39,10:44:05,2025-08-28,Manual gsw+F,LI-COR Default,,39,,,0.014992,2.921178,0.014915,0.408839,0.841168,0.831964,2.999523,2.158355,10.314461,10.428569,37.187244,0.441786,7.5,PSF-00232_20250828104405_035,0,0,0,63.650967,128.869385,0.506082,0.5,0.8,116.910667,1,29.12,28.8,23.4,24.03,24.03,80.66,156.6,82.1,47.6,578,3.974,10:39:17,2025-08-28,0.18,1,0.003,0.004,0,-0.835,-0.143,-0.674,0,150,-9999,-9999,0.058905,0,0.02923,0,0,-0.000068,standard,0,mpf,7000,500,-9999,-9999,300,300,300,120.105026,25,-6.05702,119.179848,120.190224,-1.010376,2.451587,2.460181,1.642763,0.758586,0.290756,0.007404,0.300165,0.58854,63.650967,0.000653,2.40043,-0.000041,1,2.408421,-0.000039,1,0.60025,0.601702,0.107071,0,PSF-00232_20250828104405_035,PFA-00245,PSA-00257,PSF-00232,RHS-00222,3.0.0,2021-01-19T12:57:14.097Z,MEASUREMENT_END
40,10:44:52,2025-08-28,Manual gsw+F,LI-COR Default,,40,,,0.02113,2.922599,0.020979,0.565738,0.801148,0.788418,2.926355,2.125206,9.773376,9.931178,36.275627,0.441786,7.5,PSF-00232_20250828104452_c13,0,0,0,105.203751,189.172073,0.443873,0.5,0.8,220.558441,1,27.48,27.04,23.55,23.61,23.61,80.67,156.8,151.2,3.6,1242,3.972,10:39:17,2025-08-28,0.18,1,0.003,0.005,0.003,2.33,5.257,2.541,0,150,-9999,-9999,0.058905,0,0.02923,0,0,-0.000068,standard,0,mpf,7000,500,-9999,-9999,300,300,300,182.440643,25,-4.733889,181.18573,182.38884,-1.20311,2.448783,2.457551,1.644257,0.916024,0.288958,0.000885,0.303498,1.142689,105.203751,0.000641,2.40043,-0.000041,1,2.408421,-0.000039,1,0.60025,0.601702,0.107071,0,PSF-00232_20250828104452_c13,PFA-00245,PSA-00257,PSF-00232,RHS-00222,3.0.0,2021-01-19T12:57:14.097Z,MEASUREMENT_END
41,10:44:57,2025-08-28,Manual gsw+F,LI-COR Default,,41,,,0.026988,2.923265,0.026741,0.342519,0.782334,0.774629,1.799061,1.016727,9.602743,9.698254,22.302183,0.441786,7.5,PSF-00232_20250828104457_b2e,0,0,0,1.655102,1.666188,0.006654,0.5,0.8,4.607183,1,26.81,26.54,23.57,15.78,15.78,80.67,156.9,-10.6,106.8,1731,3.972,10:39:17,2025-08-28,0.18,1,-9999,-9999,-9999,-9999,-9999,-9999,0,150,-9999,-9999,0.058905,0,0.02923,0,0,-0.000068,standard,0,mpf,7000,500,-9999,-9999,300,300,300,1.666188,25,0.004648,1.657248,1.672848,-0.0156,2.447986,2.456474,1.644958,0.583399,0.288761,-0.085349,0.303784,1.550186,1.655102,0.000629,2.40043,-0.000041,1,2.408421,-0.000039,1,0.60025,0.601702,0.107071,0,PSF-00232_20250828104457_b2e,PFA-00245,PSA-00257,PSF-00232,RHS-00222,3.0.0,2021-01-19T12:57:14.097Z,MEASUREMENT_END
42,10:44:59,2025-08-28,Manual gsw+F,LI-COR Default,,42,,,-0.04773,2.923106,-0.048522,-0.757737,0.759279,0.77633,1.997415,1.238136,9.624388,9.413007,24.762539,0.441786,7.5,PSF-00232_20250828104459_64a,0,0,0,1.647949,1.659393,0.006897,0.5,0.8,4.590497,1,26,26.59,23.58,17.42,17.42,80.66,156.9,-10.5,106.7,1664,3.972,10:39:17,2025-08-28,0.18,1,-9999,-9999,-9999,-9999,-9999,-9999,0,150,-9999,-9999,0.058905,0,0.02923,0,0,-0.000068,standard,0,mpf,7000,500,-9999,-9999,300,300,300,1.659393,25,-0.005385,1.644373,1.651678,-0.007305,2.448054,2.455183,1.644791,0.583499,0.288656,-0.067982,0.303855,1.494344,1.572847,0.000632,2.40043,-0.000041,1,2.408421,-0.000039,1,0.60025,0.601702,0.107071,0,PSF-00232_20250828104459_64a,PFA-00245,PSA-00257,PSF-00232,RHS-00222,3.0.0,2021-01-19T12:57:14.097Z,MEASUREMENT_END
43,10:45:19,2025-08-28,Manual gsw+F,LI-COR Default,,43,,,0.035291,2.922336,0.03487,1.081177,0.840865,0.816543,3.278355,2.43749,10.121549,10.423035,40.637199,0.441786,7.5,PSF-00232_20250828104519_364,0,0,0,101.08316,135.732346,0.255276,0.5,0.8,159.692535,1,28.64,27.81,23.67,25.51,25.51,80.67,156.8,148.2,5.5,1564,3.969,10:39:17,2025-08-28,0.18,1,0.001,0.001,-0.006,-0.758,-2.131,-2.167,0,150,-9999,-9999,0.058905,0,0.02923,0,0,-0.000068,standard,0,mpf,7000,500,-9999,-9999,300,300,300,130.20694,25,-5.594513,128.15451,127.715919,0.438591,2.449978,2.459371,1.643979,0.908446,0.287607,0.021549,0.305354,1.410866,101.08316,0.000633,2.40043,-0.000041,1,2.408421,-0.000039,1,0.60025,0.601702,0.107071,0,PSF-00232_20250828104519_364,PFA-00245,PSA-00257,PSF-00232,RHS-00222,3.0.0,2021-01-19T12:57:14.097Z,MEASUREMENT_END
44,10:45:51,2025-08-28,Manual gsw+F,LI-COR Default,,44,,,0.010895,2.922981,0.010855,0.327834,0.858128,0.850759,3.232419,2.374292,10.547639,10.638988,40.075245,0.441786,7.5,PSF-00232_20250828104551_f46,0,0,0,110.526321,243.033447,0.545222,0.5,0.8,302.314331,1,28.97,28.72,23.82,25.28,25.28,80.66,156.9,153.6,2.1,1386,3.97,10:39:17,2025-08-28,0.18,1,0.003,-0.002,-0.005,-93.278,-59.818,-44.212,0,150,-9999,-9999,0.058905,0,0.02923,0,0,-0.000068,standard,0,mpf,7000,500,-9999,-9999,300,300,300,235.612396,25,-4.848155,234.063507,236.086487,-2.02298,2.451381,2.459865,1.644659,0.921896,0.285907,0.017041,0.307778,1.262704,110.526321,0.000646,2.40043,-0.000041,1,2.408421,-0.000039,1,0.60025,0.601702,0.107071,0,PSF-00232_20250828104551_f46,PFA-00245,PSA-00257,PSF-00232,RHS-00222,3.0.0,2021-01-19T12:57:14.097Z,MEASUREMENT_END
45,10:46:19,2025-08-28,Manual gsw+F,LI-COR Default,,45,,,0.079103,2.922671,0.077019,2.283365,0.849403,0.798062,3.181112,2.331709,9.893565,10.530044,39.436214,0.441786,7.5,PSF-00232_20250828104619_1cd,0,0,0,104.472038,195.640045,0.465999,0.5,0.8,168.057068,1,28.43,26.71,23.96,25.01,25.01,80.66,156.8,36.8,76.5,902,3.972,10:39:17,2025-08-28,0.18,1,0.007,0.006,-0.004,-0.864,-2.771,-4.023,0,150,-9999,-9999,0.058905,0,0.02923,0,0,-0.000068,standard,0,mpf,7000,500,-9999,-9999,300,300,300,182.727463,25,-8.976252,181.540848,182.777893,-1.237045,2.448192,2.458992,1.644332,0.668639,0.28429,0.012252,0.30992,0.858705,105.734108,0.000645,2.40043,-0.000041,1,2.408421,-0.000039,1,0.60025,0.601702,0.107071,0,PSF-00232_20250828104619_1cd,PFA-00245,PSA-00257,PSF-00232,RHS-00222,3.0.0,2021-01-19T12:57:14.097Z,MEASUREMENT_END
46,10:47:18,2025-08-28,Manual gsw+F,LI-COR Default,,46,,,0.00734,2.923378,0.007322,0.205209,0.820376,0.815763,3.027259,2.206883,10.112845,10.170035,37.528316,0.441786,7.5,PSF-00232_20250828104718_d8b,0,0,0,100.444794,188.832886,0.468076,0.5,0.8,48.630474,1,27.1,26.95,24.18,24.18,24.18,80.67,156.9,155,1.2,260,3.97,10:39:17,2025-08-28,0.18,1,0.001,0,0.004,-1.38,-7.091,-19.583,0,150,-9999,-9999,0.058905,0,0.02923,0,0,-0.000068,standard,0,mpf,7000,500,-9999,-9999,300,300,300,188.832886,25,-2.229099,184.571747,185.638794,-1.067047,2.448536,2.456851,1.645078,0.925424,0.281833,0.000119,0.313904,0.323605,100.444794,0.000623,2.40043,-0.000041,1,2.408421,-0.000039,1,0.60025,0.601702,0.107071,0,PSF-00232_20250828104718_d8b,PFA-00245,PSA-00257,PSF-00232,RHS-00222,3.0.0,2021-01-19T12:57:14.097Z,MEASUREMENT_END
47,10:47:45,2025-08-28,Manual gsw+F,LI-COR Default,,47,,,0.002305,2.92247,0.002303,0.058301,0.823781,0.822469,2.819535,1.995755,10.195918,10.212177,34.952995,0.441786,7.5,PSF-00232_20250828104745_4bb,0,0,0,164.598221,393.931335,0.582165,0.5,0.8,55.729137,1,27.09,27.04,24.26,23,23,80.67,156.8,111.8,28.7,239,3.969,10:39:17,2025-08-28,0.18,1,0.001,-0.001,0.001,-1.381,-2.28,0.751,0,150,-9999,-9999,0.058905,0,0.02923,0,0,-0.000068,standard,0,mpf,7000,500,-9999,-9999,300,300,300,385.197388,25,-6.054299,383.24118,385.256073,-2.014893,2.448673,2.456815,1.644121,0.823003,0.280955,-0.014287,0.315596,0.306584,164.598221,0.000656,2.40043,-0.000041,1,2.408421,-0.000039,1,0.60025,0.601702,0.107071,0,PSF-00232_20250828104745_4bb,PFA-00245,PSA-00257,PSF-00232,RHS-00222,3.0.0,2021-01-19T12:57:14.097Z,MEASUREMENT_END
48,10:48:11,2025-08-28,Manual gsw+F,LI-COR Default,,48,,,0.006619,2.922627,0.006604,0.195829,0.744249,0.73984,3.079451,2.335202,9.171474,9.226134,38.174614,0.441786,7.5,PSF-00232_20250828104811_154,0,0,0,170.941467,204.718994,0.164995,0.5,0.8,44.330421,1,24.37,24.23,24.32,24.46,24.46,80.67,156.8,-2.8,101.8,672,3.968,10:39:17,2025-08-28,0.18,1,-0.009,-0.014,-0.012,-3.331,-7.69,-15.777,0,150,-9999,-9999,0.058905,0,0.02923,0,0,-0.000068,standard,0,mpf,7000,500,-9999,-9999,300,300,300,199.172623,25,-4.632319,195.784088,198.081299,-2.297211,2.444166,2.45244,1.644286,0.59683,0.280199,0.001717,0.317102,0.667043,170.941467,0.000645,2.40043,-0.000041,1,2.408421,-0.000039,1,0.60025,0.601702,0.107071,0,PSF-00232_20250828104811_154,PFA-00245,PSA-00257,PSF-00232,RHS-00222,3.0.0,2021-01-19T12:57:14.097Z,MEASUREMENT_END
49,10:48:38,2025-08-28,Manual gsw+F,LI-COR Default,,49,,,0.017428,2.921893,0.017325,0.477456,0.695976,0.685213,2.869885,2.173909,8.494499,8.627926,35.577606,0.441786,7.5,PSF-00232_20250828104838_723,0,0,0,103.608727,353.509064,0.706913,0.5,0.8,83.207283,1,22.7,22.35,24.39,23.29,23.29,80.67,156.7,155.5,0.8,294,3.968,10:39:17,2025-08-28,0.18,1,0.004,-0.002,-0.002,0.405,-0.844,-0.568,0,150,-9999,-9999,0.058905,0,0.02923,0,0,-0.000068,standard,0,mpf,7000,500,-9999,-9999,300,300,300,342.069641,25,-7.828147,343.186859,342.292053,0.894806,2.441103,2.449697,1.643514,0.926548,0.279446,-0.01252,0.318624,0.352389,103.608727,0.00065,2.40043,-0.000041,1,2.408421,-0.000039,1,0.60025,0.601702,0.107071,0,PSF-00232_20250828104838_723,PFA-00245,PSA-00257,PSF-00232,RHS-00222,3.0.0,2021-01-19T12:57:14.097Z,MEASUREMENT_END
50,10:49:20,2025-08-28,Manual gsw+F,LI-COR Default,,50,,,0.009849,2.921906,0.009816,0.289234,0.657112,0.65059,2.980024,2.322912,8.066384,8.14725,36.948021,0.441786,7.5,PSF-00232_20250828104920_a62,0,0,0,103.834747,280.805267,0.630225,0.5,0.8,86.963326,1,21.29,21.08,24.5,23.92,23.92,80.65,156.7,155.1,1,345,3.967,10:39:17,2025-08-28,0.18,1,0.001,-0.001,-0.003,3.823,3.043,4.747,0,150,-9999,-9999,0.058905,0,0.02923,0,0,-0.000068,standard,0,mpf,7000,500,-9999,-9999,300,300,300,274.943237,25,-4.822762,272.53067,273.894684,-1.364014,2.438993,2.447344,1.643528,0.925739,0.278178,-0.006696,0.32106,0.394662,103.834747,0.000652,2.40043,-0.000041,1,2.408421,-0.000039,1,0.60025,0.601702,0.107071,0,PSF-00232_20250828104920_a62,PFA-00245,PSA-00257,PSF-00232,RHS-00222,3.0.0,2021-01-19T12:57:14.097Z,MEASUREMENT_END
51,10:50:14,2025-08-28,Manual gsw+F,LI-COR Default,,51,,,-0.008768,2.922621,-0.008794,-0.266646,0.694872,0.700879,3.083494,2.388622,8.688256,8.613783,38.223671,0.441786,7.5,PSF-00232_20250828105014_cb5,0,0,0,86.852074,222.316299,0.609331,0.5,0.8,155.207794,1,22.29,22.48,24.67,24.49,24.49,80.67,156.8,127.3,18.8,637,3.964,10:49:43,2025-08-28,0.19,1,-0.002,-0.003,-0.004,-0.239,-0.979,-4.709,0,150,-9999,-9999,0.058905,0,0.02923,0,0,-0.000068,standard,0,mpf,7000,500,-9999,-9999,300,300,300,219.563126,25,-1.862722,219.450836,219.647186,-0.19635,2.441285,2.448978,1.644279,0.858509,0.276366,-0.002053,0.324455,0.637949,86.852074,0.000656,2.40043,-0.000041,1,2.408421,-0.000039,1,0.60025,0.601702,0.107071,0,PSF-00232_20250828105014_cb5,PFA-00245,PSA-00257,PSF-00232,RHS-00222,3.0.0,2021-01-19T12:57:14.097Z,MEASUREMENT_END
52,10:50:36,2025-08-28,Manual gsw+F,LI-COR Default,,52,,,0.002035,2.921891,0.002033,0.058376,0.756732,0.755417,3.018262,2.26153,9.364665,9.380966,37.416439,0.441786,7.5,PSF-00232_20250828105036_b95,0,0,0,177.631256,419.585449,0.576651,0.5,0.8,74.832153,1,24.2,24.16,24.72,24.13,24.13,80.67,156.7,38.1,75.7,324,3.965,10:49:43,2025-08-28,0.19,1,-0.002,-0.001,0.002,-1.094,-0.621,-1.759,0,150,-9999,-9999,0.058905,0,0.02923,0,0,-0.000068,standard,0,mpf,7000,500,-9999,-9999,300,300,300,414.239288,25,-3.663776,412.824524,414.335602,-1.511078,2.444,2.4521,1.643511,0.671032,0.275813,-0.00675,0.32575,0.377535,177.631256,0.000662,2.40043,-0.000041,1,2.408421,-0.000039,1,0.60025,0.601702,0.107071,0,PSF-00232_20250828105036_b95,PFA-00245,PSA-00257,PSF-00232,RHS-00222,3.0.0,2021-01-19T12:57:14.097Z,MEASUREMENT_END
53,10:51:03,2025-08-28,Manual gsw+F,LI-COR Default,,53,,,0.050024,2.922726,0.049183,1.62394,0.822382,0.785857,3.415877,2.593494,9.742135,10.194935,42.346062,0.441786,7.5,PSF-00232_20250828105103_131,0,0,0,66.218376,149.116608,0.555929,0.5,0.8,372.094849,1,26.2,25.04,24.78,26.21,26.21,80.67,156.8,153.4,2.2,1673,3.964,10:49:43,2025-08-28,0.19,1,0.002,0.002,0.009,0.412,0.552,-1.369,0,150,-9999,-9999,0.058905,0,0.02923,0,0,-0.000068,standard,0,mpf,7000,500,-9999,-9999,300,300,300,131.742599,25,-12.20382,130.415436,131.629639,-1.214203,2.445399,2.455311,1.64439,0.921453,0.2751,0.016683,0.327402,1.502053,66.218376,0.000637,2.40043,-0.000041,1,2.408421,-0.000039,1,0.60025,0.601702,0.107071,0,PSF-00232_20250828105103_131,PFA-00245,PSA-00257,PSF-00232,RHS-00222,3.0.0,2021-01-19T12:57:14.097Z,MEASUREMENT_END
54,10:51:42,2025-08-28,Manual gsw+F,LI-COR Default,,54,,,-0.231904,2.919629,-0.251914,-2.768621,0.558729,0.621348,1.434161,0.875432,7.704158,6.927742,17.782307,0.441786,7.5,PSF-00232_20250828105142_5ad,0,0,0,1.740217,1.739502,-0.000411,0.5,0.8,-0.114557,1,17.71,19.7,24.87,12.28,12.28,80.65,156.4,-10.7,106.8,697,3.964,10:49:43,2025-08-28,0.19,1,-9999,-9999,-9999,-9999,-9999,-9999,0,150,-9999,-9999,0.058905,0,0.02923,0,0,-0.000068,standard,0,mpf,7000,500,-9999,-9999,300,300,300,1.739502,25,-0.005526,1.721978,1.731583,-0.009605,2.436657,2.441255,1.64114,0.583287,0.274189,-0.136357,0.329715,0.687728,1.740217,0.00065,2.40043,-0.000041,1,2.408421,-0.000039,1,0.60025,0.601702,0.107071,0,PSF-00232_20250828105142_5ad,PFA-00245,PSA-00257,PSF-00232,RHS-00222,3.0.0,2021-01-19T12:57:14.097Z,MEASUREMENT_END
55,10:51:59,2025-08-28,Manual gsw+F,LI-COR Default,,55,,,0.019218,2.922361,0.019092,0.53557,0.678019,0.665949,2.890501,2.212482,8.256633,8.406278,35.837284,0.441786,7.5,PSF-00232_20250828105159_071,0,0,0,132.913467,455.189728,0.708004,0.5,0.8,28.086508,1,21.47,21.09,24.88,23.41,23.41,80.66,156.8,108.1,31.1,99,3.963,10:49:43,2025-08-28,0.19,1,0.003,0.006,0.01,0.231,0.656,1.739,0,150,-9999,-9999,0.058905,0,0.02923,0,0,-0.000068,standard,0,mpf,7000,500,-9999,-9999,300,300,300,449.179901,25,-3.928584,448.684937,449.560425,-0.875488,2.438971,2.447599,1.644006,0.814708,0.274017,-0.016888,0.330638,0.18975,132.913467,0.000651,2.40043,-0.000041,1,2.408421,-0.000039,1,0.60025,0.601702,0.107071,0,PSF-00232_20250828105159_071,PFA-00245,PSA-00257,PSF-00232,RHS-00222,3.0.0,2021-01-19T12:57:14.097Z,MEASUREMENT_END
56,10:52:19,2025-08-28,Manual gsw+F,LI-COR Default,,56,,,0.011828,2.921299,0.011781,0.330841,0.623075,0.615608,2.839534,2.216458,7.632586,7.725168,35.205811,0.441786,7.5,PSF-00232_20250828105219_6fd,0,0,0,157.419205,417.640076,0.623075,0.5,0.8,25.424482,1,19.73,19.5,24.88,23.12,23.12,80.66,156.7,154.8,1.2,102,3.963,10:49:43,2025-08-28,0.19,1,0.001,0,0.004,-0.393,0.383,4.4,0,150,-9999,-9999,0.058905,0,0.02923,0,0,-0.000068,standard,0,mpf,7000,500,-9999,-9999,300,300,300,410.093323,25,-5.448506,406.485901,409.832855,-3.346954,2.436319,2.44469,1.64289,0.924832,0.274013,-0.020243,0.331608,0.192116,157.419205,0.000631,2.40043,-0.000041,1,2.408421,-0.000039,1,0.60025,0.601702,0.107071,0,PSF-00232_20250828105219_6fd,PFA-00245,PSA-00257,PSF-00232,RHS-00222,3.0.0,2021-01-19T12:57:14.097Z,MEASUREMENT_END
57,10:52:48,2025-08-28,Manual gsw+F,LI-COR Default,,57,,,0.018585,2.922627,0.018468,0.533194,0.643648,0.631629,2.920703,2.277056,7.831663,7.980676,36.214211,0.441786,7.5,PSF-00232_20250828105248_58e,0,0,0,118.588684,414.469818,0.713879,0.5,0.8,32.729149,1,20.4,20.02,24.87,23.58,23.58,80.65,156.8,154.6,1.4,115,3.962,10:49:43,2025-08-28,0.19,1,0.002,0.002,0,0.358,0.7,1.55,0,150,-9999,-9999,0.058905,0,0.02923,0,0,-0.000068,standard,0,mpf,7000,500,-9999,-9999,300,300,300,408.28479,25,-4.251431,407.852783,408.377899,-0.525116,2.43719,2.445807,1.644286,0.924255,0.274131,-0.014799,0.333008,0.202624,118.588684,0.000641,2.40043,-0.000041,1,2.408421,-0.000039,1,0.60025,0.601702,0.107071,0,PSF-00232_20250828105248_58e,PFA-00245,PSA-00257,PSF-00232,RHS-00222,3.0.0,2021-01-19T12:57:14.097Z,MEASUREMENT_END
58,10:53:39,2025-08-28,Manual gsw+F,LI-COR Default,,58,,,0.01188,2.922046,0.011832,0.348703,0.693886,0.686028,3.016057,2.322171,8.506557,8.603993,37.398258,0.441786,7.5,PSF-00232_20250828105339_8c9,0,0,0,169.446228,319.87616,0.470276,0.5,0.8,96.46994,1,21.98,21.73,24.88,24.12,24.12,80.65,156.7,154.3,1.6,513,3.96,10:49:43,2025-08-28,0.19,1,0,0.003,0.002,-5.479,-6.666,-6.694,0,150,-9999,-9999,0.058905,0,0.02923,0,0,-0.000068,standard,0,mpf,7000,500,-9999,-9999,300,300,300,310.465698,25,-7.574222,305.665619,309.02298,-3.357361,2.440027,2.44844,1.643674,0.923607,0.274056,-0.008759,0.33567,0.534608,169.446228,0.000652,2.40043,-0.000041,1,2.408421,-0.000039,1,0.60025,0.601702,0.107071,0,PSF-00232_20250828105339_8c9,PFA-00245,PSA-00257,PSF-00232,RHS-00222,3.0.0,2021-01-19T12:57:14.097Z,MEASUREMENT_END
59,10:54:03,2025-08-28,Manual gsw+F,LI-COR Default,,59,,,0.009754,2.921692,0.009721,0.32031,0.669975,0.662753,3.26263,2.592655,8.21759,8.307145,40.453938,0.441786,7.5,PSF-00232_20250828105403_cac,0,0,0,89.189888,118.848877,0.249552,0.5,0.8,69.305206,1,21.2,20.98,24.89,25.43,25.43,80.65,156.7,153.2,2.2,694,3.959,10:49:43,2025-08-28,0.19,1,0.001,0.002,-0.002,0.198,0.239,1.279,0,150,-9999,-9999,0.058905,0,0.02923,0,0,-0.000068,standard,0,mpf,7000,500,-9999,-9999,300,300,300,117.106316,25,-1.188007,117.202522,117.146568,0.055954,2.438777,2.447149,1.643302,0.920924,0.273882,0.006294,0.337057,0.685885,89.189888,0.000632,2.40043,-0.000041,1,2.408421,-0.000039,1,0.60025,0.601702,0.107071,0,PSF-00232_20250828105403_cac,PFA-00245,PSA-00257,PSF-00232,RHS-00222,3.0.0,2021-01-19T12:57:14.097Z,MEASUREMENT_END
60,10:55:21,2025-08-28,Manual gsw+F,LI-COR Default,,60,,,0.020365,2.922294,0.020224,0.660058,0.599855,0.584965,3.170486,2.570631,7.253108,7.437726,39.311539,0.441786,7.5,PSF-00232_20250828105521_a3d,0,0,0,303.140747,368.675659,0.177758,0.5,0.8,47.382206,1,18.95,18.48,24.93,24.95,24.95,80.65,156.8,147.8,5.7,666,3.958,10:49:43,2025-08-28,0.19,1,0,0.002,0.001,-6.506,-13.334,-17.748,0,150,-9999,-9999,0.058905,0,0.02923,0,0,-0.000068,standard,0,mpf,7000,500,-9999,-9999,300,300,300,357.125031,25,-10.822649,348.020905,353.167786,-5.146881,2.434594,2.443352,1.643936,0.907513,0.273503,0.000287,0.341536,0.662619,303.140747,0.000647,2.40043,-0.000041,1,2.408421,-0.000039,1,0.60025,0.601702,0.107071,0,PSF-00232_20250828105521_a3d,PFA-00245,PSA-00257,PSF-00232,RHS-00222,3.0.0,2021-01-19T12:57:14.097Z,MEASUREMENT_END
61,10:55:54,2025-08-28,Manual gsw+F,LI-COR Default,,61,,,0.018584,2.922376,0.018466,0.55009,0.621637,0.609233,2.970579,2.348942,7.554195,7.708004,36.833771,0.441786,7.5,PSF-00232_20250828105554_267,0,0,0,121.399284,473.088043,0.74339,0.5,0.8,88.720566,1,19.63,19.24,24.93,23.86,23.86,80.65,156.8,154.4,1.5,298,3.957,10:49:43,2025-08-28,0.19,1,0.002,0.006,0,0.356,1.072,-0.475,0,150,-9999,-9999,0.058905,0,0.02923,0,0,-0.000068,standard,0,mpf,7000,500,-9999,-9999,300,300,300,459.76532,25,-9.765233,456.646454,459.095367,-2.448914,2.435874,2.444504,1.644022,0.923923,0.273447,-0.012311,0.343403,0.355809,121.429321,0.000644,2.40043,-0.000041,1,2.408421,-0.000039,1,0.60025,0.601702,0.107071,0,PSF-00232_20250828105554_267,PFA-00245,PSA-00257,PSF-00232,RHS-00222,3.0.0,2021-01-19T12:57:14.097Z,MEASUREMENT_END
62,10:56:30,2025-08-28,Manual gsw+F,LI-COR Default,,62,,,0.061,2.923631,0.059753,1.516581,0.65195,0.617798,2.656879,2.004929,7.660357,8.083819,32.943832,0.441786,7.5,PSF-00232_20250828105630_408,0,0,0,99.823593,432.740295,0.769322,0.5,0.8,27.341391,1,20.6,19.52,24.93,22.02,22.02,80.65,156.9,155.1,1.2,89,3.957,10:49:43,2025-08-28,0.19,1,0,0.002,0.009,0.625,1.507,4.278,0,150,-9999,-9999,0.058905,0,0.02923,0,0,-0.000068,standard,0,mpf,7000,500,-9999,-9999,300,300,300,422.94931,25,-6.725387,427.735809,423.103424,4.632385,2.436346,2.44613,1.645345,0.925709,0.273543,-0.033105,0.34522,0.181142,99.496368,0.000647,2.40043,-0.000041,1,2.408421,-0.000039,1,0.60025,0.601702,0.107071,0,PSF-00232_20250828105630_408,PFA-00245,PSA-00257,PSF-00232,RHS-00222,3.0.0,2021-01-19T12:57:14.097Z,MEASUREMENT_END
63,10:57:01,2025-08-28,Manual gsw+F,LI-COR Default,,63,,,0.005388,2.921655,0.005378,0.151301,0.634259,0.630846,2.854226,2.219966,7.822023,7.864345,35.390278,0.441786,7.5,PSF-00232_20250828105701_8ad,0,0,0,76.212288,344.26889,0.778626,0.5,0.8,34.267494,1,20.07,19.96,24.9,23.2,23.2,80.65,156.7,60.2,61.6,110,3.956,10:49:43,2025-08-28,0.19,1,-0.003,-0.002,0.001,0.016,0.102,0.336,0,150,-9999,-9999,0.058905,0,0.02923,0,0,-0.000068,standard,0,mpf,7000,500,-9999,-9999,300,300,300,321.601868,25,-16.349148,317.568542,320.842041,-3.273499,2.437085,2.445245,1.643264,0.713964,0.273804,-0.019495,0.346711,0.198796,76.212288,0.000651,2.40043,-0.000041,1,2.408421,-0.000039,1,0.60025,0.601702,0.107071,0,PSF-00232_20250828105701_8ad,PFA-00245,PSA-00257,PSF-00232,RHS-00222,3.0.0,2021-01-19T12:57:14.097Z,MEASUREMENT_END
64,10:57:54,2025-08-28,Manual gsw+F,LI-COR Default,,64,,,0.000597,2.923048,0.000597,0.017645,0.694046,0.693649,3.024334,2.330287,8.60036,8.605287,37.497864,0.441786,7.5,PSF-00232_20250828105754_1e1,0,0,0,76.774475,194.258057,0.604781,0.5,0.8,64.430916,1,22,21.98,24.87,24.16,24.16,80.65,156.9,154.3,1.6,266,3.955,10:49:43,2025-08-28,0.19,1,-0.001,0,0,1.055,2.465,6.484,0,150,-9999,-9999,0.058905,0,0.02923,0,0,-0.000068,standard,0,mpf,7000,500,-9999,-9999,300,300,300,191.52832,25,-1.891742,191.003677,191.547363,-0.543686,2.44044,2.448466,1.644729,0.923685,0.27414,-0.008144,0.349236,0.329111,76.774475,0.000656,2.40043,-0.000041,1,2.408421,-0.000039,1,0.60025,0.601702,0.107071,0,PSF-00232_20250828105754_1e1,PFA-00245,PSA-00257,PSF-00232,RHS-00222,3.0.0,2021-01-19T12:57:14.097Z,MEASUREMENT_END
65,10:58:25,2025-08-28,Manual gsw+F,LI-COR Default,,65,,,0.01815,2.922883,0.018038,0.527259,0.633074,0.621191,2.938103,2.30503,7.702929,7.850274,36.433231,0.441786,7.5,PSF-00232_20250828105825_ed6,0,0,0,206.814758,382.581818,0.459423,0.5,0.8,85.979858,1,20.09,19.71,24.85,23.68,23.68,80.64,156.8,151.9,3.2,468,3.954,10:49:43,2025-08-28,0.19,1,0.001,-0.003,-0.002,0.529,1.137,8.483,0,150,-9999,-9999,0.058905,0,0.02923,0,0,-0.000068,standard,0,mpf,7000,500,-9999,-9999,300,300,300,379.183899,25,-2.862098,376.077881,378.480682,-2.402802,2.436687,2.445296,1.644555,0.917677,0.274392,-0.013394,0.350643,0.497119,206.814758,0.000642,2.40043,-0.000041,1,2.408421,-0.000039,1,0.60025,0.601702,0.107071,0,PSF-00232_20250828105825_ed6,PFA-00245,PSA-00257,PSF-00232,RHS-00222,3.0.0,2021-01-19T12:57:14.097Z,MEASUREMENT_END
66,10:58:52,2025-08-28,Manual gsw+F,LI-COR Default,,66,,,0.009018,2.922637,0.008991,0.274059,0.666486,0.660311,3.067867,2.401381,8.187871,8.264441,38.041622,0.441786,7.5,PSF-00232_20250828105852_924,0,0,0,147.339462,278.034485,0.470068,0.5,0.8,87.055519,1,21.17,20.98,24.83,24.4,24.4,80.64,156.8,154.4,1.5,463,3.953,10:49:43,2025-08-28,0.19,1,0,-0.001,0.012,-2.611,35.129,20.665,0,150,-9999,-9999,0.058905,0,0.02923,0,0,-0.000068,standard,0,mpf,7000,500,-9999,-9999,300,300,300,277.965179,25,-0.705549,276.531464,277.023499,-0.492035,2.438787,2.447105,1.644296,0.923932,0.274571,-0.00494,0.351956,0.493056,147.339462,0.000655,2.40043,-0.000041,1,2.408421,-0.000039,1,0.60025,0.601702,0.107071,0,PSF-00232_20250828105852_924,PFA-00245,PSA-00257,PSF-00232,RHS-00222,3.0.0,2021-01-19T12:57:14.097Z,MEASUREMENT_END
67,10:59:27,2025-08-28,Manual gsw+F,LI-COR Default,,67,,,0.010155,2.923928,0.010119,0.270759,0.67731,0.671217,2.788753,2.111443,8.322925,8.398484,34.579853,0.441786,7.5,PSF-00232_20250828105927_63f,0,0,0,77.800514,350.340607,0.777929,0.5,0.8,36.211624,1,21.55,21.35,24.81,22.82,22.82,80.65,157,139.7,11,116,3.953,10:49:43,2025-08-28,0.19,1,0.001,0.002,0.003,-0.005,0.014,0.073,0,150,-9999,-9999,0.058905,0,0.02923,0,0,-0.000068,standard,0,mpf,7000,500,-9999,-9999,300,300,300,342.91864,25,-5.040412,341.237793,343.118164,-1.880371,2.43941,2.447728,1.645659,0.887861,0.27482,-0.022766,0.353687,0.204087,77.800514,0.000639,2.40043,-0.000041,1,2.408421,-0.000039,1,0.60025,0.601702,0.107071,0,PSF-00232_20250828105927_63f,PFA-00245,PSA-00257,PSF-00232,RHS-00222,3.0.0,2021-01-19T12:57:14.097Z,MEASUREMENT_END
68,11:00:16,2025-08-28,Manual gsw+F,LI-COR Default,,68,,,0.01969,2.922717,0.019558,0.541093,0.638166,0.625971,2.821437,2.183271,7.762156,7.913376,34.986328,0.441786,7.5,PSF-00232_20250828110016_5c6,0,0,0,142.902023,309.948425,0.538949,0.5,0.8,28.404917,1,20.32,19.94,24.79,23.01,23.01,80.64,156.8,155.3,1,132,3.952,10:59:59,2025-08-28,0.2,1,0.003,0.005,0.004,0.261,1.174,3.818,0,150,-9999,-9999,0.058905,0,0.02923,0,0,-0.000068,standard,0,mpf,7000,500,-9999,-9999,300,300,300,309.041992,25,-0.437114,308.106415,309.322083,-1.215668,2.437063,2.445677,1.64438,0.926123,0.275029,-0.020363,0.355997,0.216916,142.902023,0.000637,2.40043,-0.000041,1,2.408421,-0.000039,1,0.60025,0.601702,0.107071,0,PSF-00232_20250828110016_5c6,PFA-00245,PSA-00257,PSF-00232,RHS-00222,3.0.0,2021-01-19T12:57:14.097Z,MEASUREMENT_END
69,11:00:52,2025-08-28,Manual gsw+F,LI-COR Default,,69,,,0.002023,2.923836,0.002022,0.057921,0.632304,0.631,2.891973,2.259669,7.824485,7.84066,35.860867,0.441786,7.5,PSF-00232_20250828110052_a89,0,0,0,83.013298,350.808105,0.763366,0.5,0.8,22.293507,1,20.18,20.14,24.76,23.42,23.42,80.64,157,-6.6,104.2,73,3.951,10:59:59,2025-08-28,0.2,1,-0.005,-0.002,-0.005,0.122,0.027,0.165,0,150,-9999,-9999,0.058905,0,0.02923,0,0,-0.000068,standard,0,mpf,7000,500,-9999,-9999,300,300,300,343.110321,25,-5.66797,342.675812,342.686432,-0.01062,2.437402,2.445436,1.645561,0.590228,0.275402,-0.015319,0.357623,0.167938,83.013298,0.000657,2.40043,-0.000041,1,2.408421,-0.000039,1,0.60025,0.601702,0.107071,0,PSF-00232_20250828110052_a89,PFA-00245,PSA-00257,PSF-00232,RHS-00222,3.0.0,2021-01-19T12:57:14.097Z,MEASUREMENT_END
70,11:01:18,2025-08-28,Manual gsw+F,LI-COR Default,,70,,,0.046432,2.923924,0.045706,1.293763,0.652943,0.623817,2.885706,2.232762,7.735056,8.096214,35.78149,0.441786,7.5,PSF-00232_20250828110118_131,0,0,0,94.961998,397.108673,0.760866,0.5,0.8,40.458908,1,20.89,19.96,24.71,23.38,23.38,80.65,157,16.9,89.2,133,3.951,10:59:59,2025-08-28,0.2,1,0.008,0.022,0.02,0.05,0.001,-0.155,0,150,-9999,-9999,0.058905,0,0.02923,0,0,-0.000068,standard,0,mpf,7000,500,-9999,-9999,300,300,300,385.210266,25,-8.50649,382.850281,384.919647,-2.069366,2.437108,2.44663,1.645654,0.631754,0.275861,-0.015244,0.358688,0.217897,94.961998,0.000661,2.40043,-0.000041,1,2.408421,-0.000039,1,0.60025,0.601702,0.107071,0,PSF-00232_20250828110118_131,PFA-00245,PSA-00257,PSF-00232,RHS-00222,3.0.0,2021-01-19T12:57:14.097Z,MEASUREMENT_END
71,11:01:53,2025-08-28,Manual gsw+F,LI-COR Default,,71,,,0.00979,2.922496,0.009758,0.270539,0.611203,0.605102,2.80002,2.188817,7.502677,7.578324,34.717525,0.441786,7.5,PSF-00232_20250828110153_d42,0,0,0,97.466469,429.941406,0.773303,0.5,0.8,19.465179,1,19.62,19.42,24.66,22.88,22.88,80.65,156.8,155.1,1.1,63,3.949,10:59:59,2025-08-28,0.2,1,-0.002,-0.003,0.001,0.05,0.156,0.361,0,150,-9999,-9999,0.058905,0,0.02923,0,0,-0.000068,standard,0,mpf,7000,500,-9999,-9999,300,300,300,423.614502,25,-4.193391,422.94754,423.932648,-0.985107,2.436224,2.44451,1.644147,0.925602,0.276495,-0.020242,0.360147,0.159533,97.466469,0.000646,2.40043,-0.000041,1,2.408421,-0.000039,1,0.60025,0.601702,0.107071,0,PSF-00232_20250828110153_d42,PFA-00245,PSA-00257,PSF-00232,RHS-00222,3.0.0,2021-01-19T12:57:14.097Z,MEASUREMENT_END
72,11:02:25,2025-08-28,Manual gsw+F,LI-COR Default,,72,,,0.01346,2.924037,0.013398,0.346813,0.635719,0.62791,2.680412,2.044693,7.785716,7.882542,33.235523,0.441786,7.5,PSF-00232_20250828110225_df8,0,0,0,67.636726,260.201447,0.74006,0.5,0.8,39.728294,1,20.48,20.23,24.6,22.17,22.17,80.65,157,149.2,5,134,3.949,10:59:59,2025-08-28,0.2,1,0.002,0.003,-0.004,-0.08,0.004,-0.05,0,150,-9999,-9999,0.058905,0,0.02923,0,0,-0.000068,standard,0,mpf,7000,500,-9999,-9999,300,300,300,260.201447,25,1.200703,260.956055,261.921936,-0.965881,2.437575,2.445962,1.645773,0.910995,0.277152,-0.027667,0.36149,0.218955,67.636726,0.000653,2.40043,-0.000041,1,2.408421,-0.000039,1,0.60025,0.601702,0.107071,0,PSF-00232_20250828110225_df8,PFA-00245,PSA-00257,PSF-00232,RHS-00222,3.0.0,2021-01-19T12:57:14.097Z,MEASUREMENT_END
73,11:02:53,2025-08-28,Manual gsw+F,LI-COR Default,,73,,,0.011563,2.921986,0.011517,0.32199,0.645698,0.638437,2.851583,2.205885,7.916045,8.006076,35.357067,0.441786,7.5,PSF-00232_20250828110253_592,0,0,0,74.555038,344.604126,0.78365,0.5,0.8,22.395094,1,20.86,20.62,24.55,23.19,23.19,80.65,156.7,155,1.1,71,3.949,10:59:59,2025-08-28,0.2,1,-0.001,0.001,0.005,0.036,0.045,0.024,0,150,-9999,-9999,0.058905,0,0.02923,0,0,-0.000068,standard,0,mpf,7000,500,-9999,-9999,300,300,300,340.721008,25,-2.582781,340.489258,340.903229,-0.413971,2.438239,2.446601,1.643612,0.92549,0.277661,-0.015592,0.362707,0.166632,74.555038,0.000645,2.40043,-0.000041,1,2.408421,-0.000039,1,0.60025,0.601702,0.107071,0,PSF-00232_20250828110253_592,PFA-00245,PSA-00257,PSF-00232,RHS-00222,3.0.0,2021-01-19T12:57:14.097Z,MEASUREMENT_END
74,11:03:23,2025-08-28,Manual gsw+F,LI-COR Default,,74,,,0.008045,2.921907,0.008023,0.218135,0.682654,0.677737,2.827674,2.14502,8.403564,8.464533,35.061596,0.441786,7.5,PSF-00232_20250828110323_c5f,0,0,0,100.011353,388.865906,0.742813,0.5,0.8,54.087421,1,22.1,21.94,24.51,23.05,23.05,80.65,156.7,97.1,38.1,182,3.947,10:59:59,2025-08-28,0.2,1,-0.002,-0.002,0.004,0.316,0.315,0.446,0,150,-9999,-9999,0.058905,0,0.02923,0,0,-0.000068,standard,0,mpf,7000,500,-9999,-9999,300,300,300,377.090332,25,-7.987757,376.598602,377.420166,-0.821564,2.440419,2.44867,1.643528,0.790534,0.27807,-0.016746,0.363982,0.258829,100.011353,0.000633,2.40043,-0.000041,1,2.408421,-0.000039,1,0.60025,0.601702,0.107071,0,PSF-00232_20250828110323_c5f,PFA-00245,PSA-00257,PSF-00232,RHS-00222,3.0.0,2021-01-19T12:57:14.097Z,MEASUREMENT_END
75,11:03:52,2025-08-28,Manual gsw+F,LI-COR Default,,75,,,0.005706,2.921738,0.005695,0.157153,0.757477,0.753938,2.932114,2.174637,9.347889,9.391777,36.354568,0.441786,7.5,PSF-00232_20250828110352_fdf,0,0,0,122.501137,354.010468,0.653962,0.5,0.8,32.321712,1,24.57,24.46,24.48,23.65,23.65,80.65,156.7,154.9,1.1,124,3.947,10:59:59,2025-08-28,0.2,1,-0.001,0,0.002,1.348,14.577,16.291,0,150,-9999,-9999,0.058905,0,0.02923,0,0,-0.000068,standard,0,mpf,7000,500,-9999,-9999,300,300,300,354.010468,25,5.100266,356.568939,361.318695,-4.749756,2.444516,2.452722,1.64335,0.925223,0.278453,-0.009495,0.365265,0.21008,122.501137,0.000654,2.40043,-0.000041,1,2.408421,-0.000039,1,0.60025,0.601702,0.107071,0,PSF-00232_20250828110352_fdf,PFA-00245,PSA-00257,PSF-00232,RHS-00222,3.0.0,2021-01-19T12:57:14.097Z,MEASUREMENT_END
76,11:04:20,2025-08-28,Manual gsw+F,LI-COR Default,,76,,,0.016431,2.922356,0.016339,0.433564,0.7333,0.723536,2.826362,2.093062,8.970641,9.091702,35.042179,0.441786,7.5,PSF-00232_20250828110420_e39,0,0,0,97.387436,388.856293,0.749554,0.5,0.8,25.115887,1,23.83,23.51,24.45,23.04,23.04,80.66,156.8,151.6,3.3,84,3.946,10:59:59,2025-08-28,0.2,1,-0.001,-0.001,-0.001,-0.069,-0.379,-0.776,0,150,-9999,-9999,0.058905,0,0.02923,0,0,-0.000068,standard,0,mpf,7000,500,-9999,-9999,300,300,300,388.856293,25,0.279318,398.609161,389.256531,9.352631,2.442985,2.45151,1.644,0.916803,0.278738,-0.016135,0.366569,0.176907,97.387436,0.000658,2.40043,-0.000041,1,2.408421,-0.000039,1,0.60025,0.601702,0.107071,0,PSF-00232_20250828110420_e39,PFA-00245,PSA-00257,PSF-00232,RHS-00222,3.0.0,2021-01-19T12:57:14.097Z,MEASUREMENT_END
77,11:05:33,2025-08-28,Manual gsw+F,LI-COR Default,,77,,,0.005298,2.923187,0.005289,0.138066,0.673914,0.670805,2.734663,2.060749,8.317918,8.356472,33.909565,0.441786,7.5,PSF-00232_20250828110533_68b,0,0,0,144.651535,423.672089,0.658577,0.5,0.8,32.228752,1,21.95,21.85,24.41,22.49,22.49,80.65,156.9,152.7,2.7,122,3.945,10:59:59,2025-08-28,0.2,1,0,0.002,0.005,1.337,5.093,6.568,0,150,-9999,-9999,0.058905,0,0.02923,0,0,-0.000068,standard,0,mpf,7000,500,-9999,-9999,300,300,300,423.672089,25,8.089327,423.208252,435.263367,-12.055115,2.440283,2.448437,1.644876,0.919675,0.279207,-0.021809,0.370168,0.209064,144.651535,0.000654,2.40043,-0.000041,1,2.408421,-0.000039,1,0.60025,0.601702,0.107071,0,PSF-00232_20250828110533_68b,PFA-00245,PSA-00257,PSF-00232,RHS-00222,3.0.0,2021-01-19T12:57:14.097Z,MEASUREMENT_END
78,11:06:03,2025-08-28,Manual gsw+F,LI-COR Default,,78,,,0.037606,2.923364,0.037128,0.292045,0.712448,0.705875,1.338712,0.626265,8.752979,8.83448,16.600273,0.441786,7.5,PSF-00232_20250828110603_941,0,0,0,1.615047,1.650381,0.02141,0.5,0.8,1.254679,1,23.22,23.01,24.4,11.24,11.24,80.64,156.9,-10.3,106.6,147,3.945,10:59:59,2025-08-28,0.2,1,-9999,-9999,-9999,-9999,-9999,-9999,0,150,-9999,-9999,0.058905,0,0.02923,0,0,-0.000068,standard,0,mpf,7000,500,-9999,-9999,300,300,300,1.650095,25,-0.010188,1.64187,1.635783,0.006087,2.442172,2.450524,1.645063,0.583871,0.279299,-0.141611,0.371601,0.229211,1.615047,0.000642,2.40043,-0.000041,1,2.408421,-0.000039,1,0.60025,0.601702,0.107071,0,PSF-00232_20250828110603_941,PFA-00245,PSA-00257,PSF-00232,RHS-00222,3.0.0,2021-01-19T12:57:14.097Z,MEASUREMENT_END
79,11:06:22,2025-08-28,Manual gsw+F,LI-COR Default,,79,,,0.019338,2.922155,0.019211,0.525813,0.66745,0.6556,2.82677,2.15932,8.130182,8.277144,35.055168,0.441786,7.5,PSF-00232_20250828110622_9ee,0,0,0,93.243599,360.555206,0.741389,0.5,0.8,54.606972,1,21.75,21.37,24.4,23.04,23.04,80.64,156.8,152.2,2.9,184,3.943,10:59:59,2025-08-28,0.2,1,0.001,0,-0.003,1.378,2.29,3.898,0,150,-9999,-9999,0.058905,0,0.02923,0,0,-0.000068,standard,0,mpf,7000,500,-9999,-9999,300,300,300,358.589874,25,-0.8706,359.95459,359.307709,0.646881,2.439484,2.448105,1.643789,0.918467,0.279289,-0.015534,0.372499,0.260581,93.243599,0.000646,2.40043,-0.000041,1,2.408421,-0.000039,1,0.60025,0.601702,0.107071,0,PSF-00232_20250828110622_9ee,PFA-00245,PSA-00257,PSF-00232,RHS-00222,3.0.0,2021-01-19T12:57:14.097Z,MEASUREMENT_END
80,11:07:02,2025-08-28,Manual gsw+F,LI-COR Default,,80,,,0.013598,2.92161,0.013535,0.366425,0.687453,0.679193,2.823223,2.135769,8.422087,8.524519,35.008354,0.441786,7.5,PSF-00232_20250828110702_682,0,0,0,41.213036,180.711868,0.771941,0.5,0.8,124.162514,1,22.37,22.1,24.43,23.02,23.02,80.64,156.7,153.3,2.1,402,3.943,10:59:59,2025-08-28,0.2,1,-0.001,0.004,0.005,-1.625,-7.92,-24.651,0,150,-9999,-9999,0.058905,0,0.02923,0,0,-0.000068,standard,0,mpf,7000,500,-9999,-9999,300,300,300,180.711868,25,-5.20093,168.857925,173.259415,-4.401489,2.440693,2.449126,1.643217,0.921216,0.279021,-0.016049,0.374466,0.442299,41.213036,0.000659,2.40043,-0.000041,1,2.408421,-0.000039,1,0.60025,0.601702,0.107071,0,PSF-00232_20250828110702_682,PFA-00245,PSA-00257,PSF-00232,RHS-00222,3.0.0,2021-01-19T12:57:14.097Z,MEASUREMENT_END
81,11:07:40,2025-08-28,Manual gsw+F,LI-COR Default,,81,,,0.018582,2.923592,0.018465,0.634951,0.64637,0.632072,3.350583,2.704212,7.838293,8.015603,41.5504,0.441786,7.5,PSF-00232_20250828110740_00d,0,0,0,111.377838,146.266922,0.23853,0.5,0.8,114.857704,1,20.98,20.52,24.47,25.88,25.88,80.64,156.9,150.5,4.1,1204,3.911,10:59:59,2025-08-28,0.2,1,-0.001,-0.001,0.001,-0.295,-0.713,-1.077,0,150,-9999,-9999,0.058905,0,0.02923,0,0,-0.000068,standard,0,mpf,7000,500,-9999,-9999,300,300,300,144.151566,25,-1.40475,144.81282,144.254044,0.558777,2.438073,2.446818,1.645303,0.914243,0.278565,0.016521,0.376297,1.110649,111.322044,0.000636,2.40043,-0.000041,1,2.408421,-0.000039,1,0.60025,0.601702,0.107071,0,PSF-00232_20250828110740_00d,PFA-00245,PSA-00257,PSF-00232,RHS-00222,3.0.0,2021-01-19T12:57:14.097Z,MEASUREMENT_END
82,11:09:03,2025-08-28,Manual gsw+F,LI-COR Default,,82,,,-0.071712,2.921989,-0.073516,-2.14595,0.579917,0.628348,2.883476,2.303558,7.791284,7.190767,35.754059,0.441786,7.5,PSF-00232_20250828110903_b00,0,0,0,82.242607,304.270874,0.729706,0.5,0.8,66.862137,1,18.77,20.34,24.52,23.37,23.37,80.65,156.7,-8.7,105.6,229,3.941,10:59:59,2025-08-28,0.2,1,-0.004,-0.002,-0.002,0.484,0.193,0.617,0,150,-9999,-9999,0.058905,0,0.02923,0,0,-0.000068,standard,0,mpf,7000,500,-9999,-9999,300,300,300,300.733582,25,-2.314346,300.565125,300.95462,-0.389496,2.437768,2.443086,1.643614,0.586634,0.278027,-0.01311,0.381109,0.298042,82.242607,0.000647,2.40043,-0.000041,1,2.408421,-0.000039,1,0.60025,0.601702,0.107071,0,PSF-00232_20250828110903_b00,PFA-00245,PSA-00257,PSF-00232,RHS-00222,3.0.0,2021-01-19T12:57:14.097Z,MEASUREMENT_END
83,11:09:24,2025-08-28,Manual gsw+F,LI-COR Default,,83,,,-0.062657,2.923022,-0.06403,-0.928035,0.611783,0.6327,1.763389,1.151605,7.845744,7.58636,21.866739,0.441786,7.5,PSF-00232_20250828110924_a3a,0,0,0,1.60861,1.6644,0.03352,0.5,0.8,8.570772,1,19.78,20.46,24.54,15.47,15.47,80.64,156.9,-10.3,106.6,639,3.941,10:59:59,2025-08-28,0.2,1,-9999,-9999,-9999,-9999,-9999,-9999,0,150,-9999,-9999,0.058905,0,0.02923,0,0,-0.000068,standard,0,mpf,7000,500,-9999,-9999,300,300,300,1.6644,25,-0.000241,1.632929,1.664055,-0.031126,2.437959,2.444791,1.644702,0.583905,0.277806,-0.099708,0.382234,0.639984,1.60861,0.000651,2.40043,-0.000041,1,2.408421,-0.000039,1,0.60025,0.601702,0.107071,0,PSF-00232_20250828110924_a3a,PFA-00245,PSA-00257,PSF-00232,RHS-00222,3.0.0,2021-01-19T12:57:14.097Z,MEASUREMENT_END
84,11:10:04,2025-08-28,Manual gsw+F,LI-COR Default,,84,,,0.014796,2.921914,0.014721,0.457548,0.738876,0.72857,3.18437,2.445495,9.034484,9.162276,39.487125,0.441786,7.5,PSF-00232_20250828111004_78b,0,0,0,206.075912,263.328918,0.21742,0.5,0.8,102.215408,1,23.76,23.43,24.63,25.02,25.02,80.64,156.7,152.1,3,1175,3.939,10:59:59,2025-08-28,0.2,1,0.001,-0.002,0.008,-2.516,1.025,9.65,0,150,-9999,-9999,0.058905,0,0.02923,0,0,-0.000068,standard,0,mpf,7000,500,-9999,-9999,300,300,300,263.328918,25,-1.864535,256.865509,260.657196,-3.791687,2.442829,2.451377,1.643535,0.91807,0.276815,0.004667,0.384811,1.086902,206.075912,0.000637,2.40043,-0.000041,1,2.408421,-0.000039,1,0.60025,0.601702,0.107071,0,PSF-00232_20250828111004_78b,PFA-00245,PSA-00257,PSF-00232,RHS-00222,3.0.0,2021-01-19T12:57:14.097Z,MEASUREMENT_END
85,11:10:47,2025-08-28,Manual gsw+F,LI-COR Default,,85,,,0.015253,2.922892,0.015174,0.477813,0.711632,0.700876,3.18943,2.477798,8.691791,8.825185,39.553188,0.441786,7.5,PSF-00232_20250828111047_b3d,0,0,0,144.448044,209.93718,0.311946,0.5,0.8,91.096077,1,22.66,22.32,24.79,25.05,25.05,80.64,156.8,152.9,2.5,730,3.938,11:10:35,2025-08-28,0.23,1,-0.003,-0.002,0.002,0.666,3.582,15.178,0,150,-9999,-9999,0.058905,0,0.02923,0,0,-0.000068,standard,0,mpf,7000,500,-9999,-9999,300,300,300,205.553772,25,-3.272006,204.010254,205.248688,-1.238434,2.441001,2.449508,1.644565,0.920043,0.27502,0.00307,0.387339,0.715702,144.448044,0.000641,2.40043,-0.000041,1,2.408421,-0.000039,1,0.60025,0.601702,0.107071,0,PSF-00232_20250828111047_b3d,PFA-00245,PSA-00257,PSF-00232,RHS-00222,3.0.0,2021-01-19T12:57:14.097Z,MEASUREMENT_END
86,11:11:11,2025-08-28,Manual gsw+F,LI-COR Default,,86,,,0.005689,2.922448,0.005678,0.170348,0.805697,0.801865,3.165467,2.359769,9.94349,9.991008,39.253201,0.441786,7.5,PSF-00232_20250828111111_7b5,0,0,0,51.820278,129.348953,0.599376,0.5,0.8,98.014572,1,25.49,25.37,24.9,24.92,24.92,80.64,156.8,140.7,10.2,409,3.935,11:10:35,2025-08-28,0.23,1,-0.004,0.004,0.011,0.089,0.862,1.691,0,150,-9999,-9999,0.058905,0,0.02923,0,0,-0.000068,standard,0,mpf,7000,500,-9999,-9999,300,300,300,124.941948,25,-3.144136,124.624725,124.843689,-0.218964,2.445911,2.454089,1.644097,0.890381,0.273811,0.000309,0.388733,0.447891,51.820278,0.000647,2.40043,-0.000041,1,2.408421,-0.000039,1,0.60025,0.601702,0.107071,0,PSF-00232_20250828111111_7b5,PFA-00245,PSA-00257,PSF-00232,RHS-00222,3.0.0,2021-01-19T12:57:14.097Z,MEASUREMENT_END
87,11:11:33,2025-08-28,Manual gsw+F,LI-COR Default,,87,,,0.028703,2.92202,0.028424,0.957166,0.812996,0.791461,3.456514,2.643518,9.81511,10.082174,42.865116,0.441786,7.5,PSF-00232_20250828111133_0f7,0,0,0,45.16983,95.752357,0.528264,0.5,0.8,370.745605,1,25.57,24.9,25,26.41,26.41,80.64,156.7,154.7,1.3,1755,3.936,11:10:35,2025-08-28,0.23,1,0.001,0.005,0.004,-3.483,17.287,-0.789,0,150,-9999,-9999,0.058905,0,0.02923,0,0,-0.000068,standard,0,mpf,7000,500,-9999,-9999,300,300,300,95.752357,25,46.838291,98.200676,162.867371,-64.666695,2.445141,2.45421,1.643647,0.924634,0.272765,0.016535,0.390103,1.569785,45.16983,0.000637,2.40043,-0.000041,1,2.408421,-0.000039,1,0.60025,0.601702,0.107071,0,PSF-00232_20250828111133_0f7,PFA-00245,PSA-00257,PSF-00232,RHS-00222,3.0.0,2021-01-19T12:57:14.097Z,MEASUREMENT_END
88,11:12:02,2025-08-28,Manual gsw+F,LI-COR Default,,88,,,0.002763,2.923289,0.00276,0.087193,0.938651,0.936694,3.417176,2.478524,11.614819,11.639084,42.372276,0.441786,7.5,PSF-00232_20250828111202_8d6,0,0,0,136.726852,198.885147,0.312534,0.5,0.8,90.017769,1,29.28,29.22,25.14,26.21,26.21,80.65,156.9,144.1,8.1,720,3.934,11:10:35,2025-08-28,0.23,1,0.001,0,0.003,-2.097,-5.146,-1.157,0,150,-9999,-9999,0.058905,0,0.02923,0,0,-0.000068,standard,0,mpf,7000,500,-9999,-9999,300,300,300,193.216675,25,-4.383835,190.656067,192.603516,-1.947449,2.451946,2.460073,1.644984,0.898643,0.271262,0.01262,0.391955,0.707368,136.726852,0.000641,2.40043,-0.000041,1,2.408421,-0.000039,1,0.60025,0.601702,0.107071,0,PSF-00232_20250828111202_8d6,PFA-00245,PSA-00257,PSF-00232,RHS-00222,3.0.0,2021-01-19T12:57:14.097Z,MEASUREMENT_END
89,11:12:11,2025-08-28,Manual gsw+F,LI-COR Default,,89,,,0.417374,2.924013,0.36524,4.613198,1.019413,0.916034,2.0189,0.999486,11.357968,12.63977,25.032465,0.441786,7.5,PSF-00232_20250828111211_4a3,0,0,0,1.598597,1.659751,0.036846,0.5,0.8,19.412727,1,31.71,28.5,25.18,17.59,17.59,80.65,157,-10.1,106.5,1317,3.935,11:10:35,2025-08-28,0.23,1,-9999,-9999,-9999,-9999,-9999,-9999,0,150,-9999,-9999,0.058905,0,0.02923,0,0,-0.000068,standard,0,mpf,7000,500,-9999,-9999,300,300,300,1.659751,25,-0.000737,1.614332,1.658695,-0.044363,2.450804,2.46384,1.645748,0.584164,0.270734,-0.084615,0.392467,1.205157,1.598597,0.00063,2.40043,-0.000041,1,2.408421,-0.000039,1,0.60025,0.601702,0.107071,0,PSF-00232_20250828111211_4a3,PFA-00245,PSA-00257,PSF-00232,RHS-00222,3.0.0,2021-01-19T12:57:14.097Z,MEASUREMENT_END
90,11:12:45,2025-08-28,Manual gsw+F,LI-COR Default,,90,,,0.016049,2.922631,0.015962,0.549404,0.811523,0.799165,3.513129,2.701607,9.908869,10.06209,43.55938,0.441786,7.5,PSF-00232_20250828111245_be1,0,0,0,115.004539,216.367401,0.468476,0.5,0.8,89.383865,1,24.93,24.55,25.39,26.68,26.68,80.65,156.8,120.3,23.3,477,3.935,11:10:35,2025-08-28,0.23,1,-0.002,-0.001,-0.002,0.361,0.735,1.461,0,150,-9999,-9999,0.058905,0,0.02923,0,0,-0.000068,standard,0,mpf,7000,500,-9999,-9999,300,300,300,212.079041,25,-3.016267,210.689667,212.045364,-1.355698,2.444532,2.453119,1.64429,0.842405,0.268486,0.015123,0.394377,0.504726,115.004539,0.000632,2.40043,-0.000041,1,2.408421,-0.000039,1,0.60025,0.601702,0.107071,0,PSF-00232_20250828111245_be1,PFA-00245,PSA-00257,PSF-00232,RHS-00222,3.0.0,2021-01-19T12:57:14.097Z,MEASUREMENT_END
91,11:13:32,2025-08-28,Manual gsw+F,LI-COR Default,,91,,,0.058881,2.922583,0.057718,2.286875,0.817684,0.76624,3.919831,3.102147,9.499251,10.137005,48.595005,0.441786,7.5,PSF-00232_20250828111332_359,0,0,0,92.78083,137.308746,0.32429,0.5,0.8,228.570389,1,24.68,23.12,25.69,28.56,28.56,80.66,156.8,-2.3,101.5,1762,3.934,11:10:35,2025-08-28,0.23,1,0.001,0.003,0.008,0.384,-0.116,-0.375,0,150,-9999,-9999,0.058905,0,0.02923,0,0,-0.000068,standard,0,mpf,7000,500,-9999,-9999,300,300,300,133.339767,25,-2.562829,133.302216,133.636444,-0.334229,2.442185,2.452662,1.644239,0.597727,0.265279,0.033963,0.396809,1.576065,92.78083,0.000632,2.40043,-0.000041,1,2.408421,-0.000039,1,0.60025,0.601702,0.107071,0,PSF-00232_20250828111332_359,PFA-00245,PSA-00257,PSF-00232,RHS-00222,3.0.0,2021-01-19T12:57:14.097Z,MEASUREMENT_END
92,11:13:46,2025-08-28,Manual gsw+F,LI-COR Default,,92,,,0.02611,2.922254,0.025879,0.861479,0.788836,0.769445,3.40419,2.615354,9.53904,9.779434,42.202747,0.441786,7.5,PSF-00232_20250828111346_917,0,0,0,65.639023,256.912598,0.744508,0.5,0.8,214.495651,1,23.68,23.1,25.78,26.15,26.15,80.66,156.8,144.4,7.9,720,3.934,11:10:35,2025-08-28,0.23,1,0,0.001,0.017,0.132,4.93,14.157,0,150,-9999,-9999,0.058905,0,0.02923,0,0,-0.000068,standard,0,mpf,7000,500,-9999,-9999,300,300,300,209.579941,25,-29.473446,201.074844,214.67984,-13.604996,2.442131,2.451036,1.643893,0.899154,0.26434,0.004222,0.397443,0.70753,65.639023,0.000637,2.40043,-0.000041,1,2.408421,-0.000039,1,0.60025,0.601702,0.107071,0,PSF-00232_20250828111346_917,PFA-00245,PSA-00257,PSF-00232,RHS-00222,3.0.0,2021-01-19T12:57:14.097Z,MEASUREMENT_END
93,11:14:19,2025-08-28,Manual gsw+F,LI-COR Default,,93,,,0.011856,2.923616,0.011808,0.503868,0.76873,0.757399,4.106359,3.337628,9.390958,9.531445,50.914528,0.441786,7.5,PSF-00232_20250828111419_7d3,0,0,0,88.27829,106.669754,0.172415,0.5,0.8,112.938133,1,22.8,22.46,25.99,29.36,29.36,80.65,156.9,153.4,2.3,1638,3.932,11:10:35,2025-08-28,0.23,1,-0.001,-0.001,0.004,-0.596,-1.061,-2.667,0,150,-9999,-9999,0.058905,0,0.02923,0,0,-0.000068,standard,0,mpf,7000,500,-9999,-9999,300,300,300,103.37162,25,-2.273536,103.016495,103.411987,-0.395493,2.441068,2.449567,1.645329,0.921277,0.262176,0.0402,0.399057,1.472282,88.27829,0.000625,2.40043,-0.000041,1,2.408421,-0.000039,1,0.60025,0.601702,0.107071,0,PSF-00232_20250828111419_7d3,PFA-00245,PSA-00257,PSF-00232,RHS-00222,3.0.0,2021-01-19T12:57:14.097Z,MEASUREMENT_END
94,11:14:45,2025-08-28,Manual gsw+F,LI-COR Default,,94,,,-0.000809,2.925082,-0.000809,-0.028268,0.786126,0.786761,3.529117,2.742991,9.755127,9.747256,43.757885,0.441786,7.5,PSF-00232_20250828111445_b36,0,0,0,101.957916,316.354034,0.677709,0.5,0.8,31.268133,1,23.11,23.12,26.14,26.76,26.76,80.65,157.1,145.6,7.4,115,3.931,11:10:35,2025-08-28,0.23,1,0,0.004,0.008,0.014,0.014,0.312,0,150,-9999,-9999,0.058905,0,0.02923,0,0,-0.000068,standard,0,mpf,7000,500,-9999,-9999,300,300,300,307.565338,25,-5.954543,306.234589,307.821716,-1.587128,2.442127,2.450054,1.646879,0.902069,0.26062,0.007212,0.400141,0.203231,101.957916,0.000632,2.40043,-0.000041,1,2.408421,-0.000039,1,0.60025,0.601702,0.107071,0,PSF-00232_20250828111445_b36,PFA-00245,PSA-00257,PSF-00232,RHS-00222,3.0.0,2021-01-19T12:57:14.097Z,MEASUREMENT_END
95,11:15:13,2025-08-28,Manual gsw+F,LI-COR Default,,95,,,0.036342,2.924093,0.035896,1.257689,0.825735,0.797487,3.57425,2.748515,9.888855,10.239138,44.320789,0.441786,7.5,PSF-00232_20250828111513_314,0,0,0,74.142693,158.248154,0.531478,0.5,0.8,101.753052,1,24.01,23.19,26.32,26.98,26.98,80.64,157,16.7,89.4,479,3.931,11:10:35,2025-08-28,0.23,1,-0.004,-0.001,0.019,-0.448,0.206,1.079,0,150,-9999,-9999,0.058905,0,0.02923,0,0,-0.000068,standard,0,mpf,7000,500,-9999,-9999,300,300,300,150.377869,25,-5.538287,148.106567,150.312286,-2.205719,2.442209,2.451502,1.645833,0.631384,0.258749,0.007623,0.401192,0.506092,74.142693,0.00062,2.40043,-0.000041,1,2.408421,-0.000039,1,0.60025,0.601702,0.107071,0,PSF-00232_20250828111513_314,PFA-00245,PSA-00257,PSF-00232,RHS-00222,3.0.0,2021-01-19T12:57:14.097Z,MEASUREMENT_END
96,11:15:45,2025-08-28,Manual gsw+F,LI-COR Default,,96,,,0.006127,2.92278,0.006114,0.258782,0.855411,0.849594,4.162903,3.307492,10.533751,10.605873,51.614025,0.441786,7.5,PSF-00232_20250828111545_682,0,0,0,88.129517,107.903595,0.183257,0.5,0.8,132.244904,1,24.56,24.39,26.54,29.6,29.6,80.65,156.8,154.1,1.7,1804,3.928,11:10:35,2025-08-28,0.23,1,0.001,-0.001,0.001,-0.04,-1.855,0.156,0,150,-9999,-9999,0.058905,0,0.02923,0,0,-0.000068,standard,0,mpf,7000,500,-9999,-9999,300,300,300,103.276848,25,-3.313722,102.089523,103.155334,-1.065811,2.444108,2.452352,1.644447,0.923188,0.256519,0.036539,0.40263,1.611089,88.129517,0.000617,2.40043,-0.000041,1,2.408421,-0.000039,1,0.60025,0.601702,0.107071,0,PSF-00232_20250828111545_682,PFA-00245,PSA-00257,PSF-00232,RHS-00222,3.0.0,2021-01-19T12:57:14.097Z,MEASUREMENT_END
97,11:16:14,2025-08-28,Manual gsw+F,LI-COR Default,,97,,,0.00188,2.923831,0.001879,0.066113,0.907737,0.906253,3.665311,2.757574,11.235463,11.253861,45.44149,0.441786,7.5,PSF-00232_20250828111614_d97,0,0,0,138.731354,243.476654,0.430207,0.5,0.8,193.873764,1,25.77,25.73,26.73,27.41,27.41,80.66,157,129.4,17.5,1127,3.929,11:10:35,2025-08-28,0.23,1,0,0,0,-7.993,-18.499,-49.936,0,150,-9999,-9999,0.058905,0,0.02923,0,0,-0.000068,standard,0,mpf,7000,500,-9999,-9999,300,300,300,233.676559,25,-7.494417,229.758026,232.737839,-2.979813,2.446208,2.454268,1.645556,0.863543,0.254588,0.007867,0.40395,1.04631,138.731354,0.000622,2.40043,-0.000041,1,2.408421,-0.000039,1,0.60025,0.601702,0.107071,0,PSF-00232_20250828111614_d97,PFA-00245,PSA-00257,PSF-00232,RHS-00222,3.0.0,2021-01-19T12:57:14.097Z,MEASUREMENT_END
98,11:16:38,2025-08-28,Manual gsw+F,LI-COR Default,,98,,,0.001818,2.923354,0.001817,0.070335,0.822322,0.820741,3.854324,3.032002,10.175036,10.194638,47.783497,0.441786,7.5,PSF-00232_20250828111638_bab,0,0,0,82.692505,119.066986,0.305496,0.5,0.8,92.196556,1,23.14,23.09,26.88,28.27,28.27,80.66,156.9,154.3,1.7,754,3.929,11:10:35,2025-08-28,0.23,1,0,0.002,0.001,0.277,0.308,0.39,0,150,-9999,-9999,0.058905,0,0.02923,0,0,-0.000068,standard,0,mpf,7000,500,-9999,-9999,300,300,300,115.214828,25,-2.961854,113.620163,114.822922,-1.202759,2.441977,2.450008,1.645052,0.923653,0.253067,0.016358,0.40497,0.736061,82.716461,0.00062,2.40043,-0.000041,1,2.408421,-0.000039,1,0.60025,0.601702,0.107071,0,PSF-00232_20250828111638_bab,PFA-00245,PSA-00257,PSF-00232,RHS-00222,3.0.0,2021-01-19T12:57:14.097Z,MEASUREMENT_END
99,11:16:57,2025-08-28,Manual gsw+F,LI-COR Default,,99,,,-0.058644,2.923278,-0.059845,-0.939524,0.797912,0.81904,2.041939,1.244027,10.15416,9.89223,25.315228,0.441786,7.5,PSF-00232_20250828111657_0af,0,0,0,1.563907,1.618266,0.033591,0.5,0.8,13.663775,1,22.29,22.88,27,17.77,17.77,80.66,156.9,-10.1,106.4,1017,3.929,11:10:35,2025-08-28,0.23,1,-9999,-9999,-9999,-9999,-9999,-9999,0,150,-9999,-9999,0.058905,0,0.02923,0,0,-0.000068,standard,0,mpf,7000,500,-9999,-9999,300,300,300,1.618266,25,-0.005385,1.594663,1.610551,-0.015888,2.441618,2.448611,1.644972,0.584295,0.251849,-0.103871,0.405705,0.954845,1.563907,0.000616,2.40043,-0.000041,1,2.408421,-0.000039,1,0.60025,0.601702,0.107071,0,PSF-00232_20250828111657_0af,PFA-00245,PSA-00257,PSF-00232,RHS-00222,3.0.0,2021-01-19T12:57:14.097Z,MEASUREMENT_END
100,11:17:10,2025-08-28,Manual gsw+F,LI-COR Default,,100,,,0.011595,2.924585,0.01155,0.445374,0.781112,0.771106,3.802945,3.021833,9.560459,9.684523,47.150333,0.441786,7.5,PSF-00232_20250828111710_1a1,0,0,0,299.181091,385.167175,0.223244,0.5,0.8,103.141602,1,21.72,21.44,27.08,28.04,28.04,80.66,157.1,141.1,10.2,1155,3.926,11:10:35,2025-08-28,0.23,1,0,0,0.005,-7.279,-13.115,-20.175,0,150,-9999,-9999,0.058905,0,0.02923,0,0,-0.000068,standard,0,mpf,7000,500,-9999,-9999,300,300,300,365.989197,25,-15.373349,355.938782,363.13858,-7.199799,2.439257,2.447653,1.646353,0.891249,0.251007,0.01114,0.406243,1.069989,299.181091,0.000627,2.40043,-0.000041,1,2.408421,-0.000039,1,0.60025,0.601702,0.107071,0,PSF-00232_20250828111710_1a1,PFA-00245,PSA-00257,PSF-00232,RHS-00222,3.0.0,2021-01-19T12:57:14.097Z,MEASUREMENT_END
101,11:17:42,2025-08-28,Manual gsw+F,LI-COR Default,,101,,,0.007763,2.922868,0.007743,0.272634,0.821872,0.815741,3.584584,2.762712,10.113135,10.189145,44.439838,0.441786,7.5,PSF-00232_20250828111742_cff,0,0,0,98.694565,271.829315,0.636925,0.5,0.8,96.328651,1,22.61,22.44,27.26,27.03,27.03,80.66,156.8,142,9.5,378,3.925,11:10:35,2025-08-28,0.23,1,-0.002,0,0.004,0.61,1.414,2.979,0,150,-9999,-9999,0.058905,0,0.02923,0,0,-0.000068,standard,0,mpf,7000,500,-9999,-9999,300,300,300,252.586121,25,-13.396361,250.852707,252.633545,-1.780838,2.440873,2.449101,1.64454,0.893331,0.249252,-0.002982,0.40755,0.422282,98.694565,0.000633,2.40043,-0.000041,1,2.408421,-0.000039,1,0.60025,0.601702,0.107071,0,PSF-00232_20250828111742_cff,PFA-00245,PSA-00257,PSF-00232,RHS-00222,3.0.0,2021-01-19T12:57:14.097Z,MEASUREMENT_END
102,11:18:00,2025-08-28,Manual gsw+F,LI-COR Default,,102,,,0.006931,2.923686,0.006915,0.250259,0.814753,0.809128,3.652952,2.8382,10.031782,10.101515,45.290241,0.441786,7.5,PSF-00232_20250828111800_372,0,0,0,79.669479,210.809113,0.622078,0.5,0.8,223.034012,1,22.28,22.13,27.37,27.35,27.35,80.66,156.9,151.9,3.2,896,3.894,11:10:35,2025-08-28,0.23,1,0.001,0.001,0.003,-2.749,1.778,38.345,0,150,-9999,-9999,0.058905,0,0.02923,0,0,-0.000068,standard,0,mpf,7000,500,-9999,-9999,300,300,300,210.809113,25,68.868103,257.80426,309.490845,-51.686584,2.440342,2.448541,1.645402,0.917766,0.248212,-0.000427,0.408292,0.854312,79.669479,0.00062,2.40043,-0.000041,1,2.408421,-0.000039,1,0.60025,0.601702,0.107071,0,PSF-00232_20250828111800_372,PFA-00245,PSA-00257,PSF-00232,RHS-00222,3.0.0,2021-01-19T12:57:14.097Z,MEASUREMENT_END
103,11:18:20,2025-08-28,Manual gsw+F,LI-COR Default,,103,,,0.001923,2.921653,0.001921,0.073523,0.796394,0.794738,3.795314,2.99892,9.852084,9.872609,47.049145,0.441786,7.5,PSF-00232_20250828111820_b8f,0,0,0,77.165009,225.969971,0.658517,0.5,0.8,56.945862,1,21.64,21.59,27.48,28,28,80.67,156.7,153.9,1.8,216,3.91,11:10:35,2025-08-28,0.23,1,0,0.004,0,0.354,0.877,1.724,0,150,-9999,-9999,0.058905,0,0.02923,0,0,-0.000068,standard,0,mpf,7000,500,-9999,-9999,300,300,300,219.515198,25,-4.42011,220.378525,219.636353,0.742172,2.439463,2.447479,1.643261,0.92268,0.247146,0.00606,0.409062,0.287302,78.100922,0.000636,2.40043,-0.000041,1,2.408421,-0.000039,1,0.60025,0.601702,0.107071,0,PSF-00232_20250828111820_b8f,PFA-00245,PSA-00257,PSF-00232,RHS-00222,3.0.0,2021-01-19T12:57:14.097Z,MEASUREMENT_END
104,11:31:54,2025-08-28,Manual gsw+F,LI-COR Default,,104,,,0.002079,2.922796,0.002078,0.065734,0.668189,0.666708,3.158357,2.490168,8.269893,8.288256,39.176453,0.441786,7.5,PSF-00232_20250828113154_729,0,0,0,115.048172,390.558685,0.705427,0.5,0.8,32.322166,1,19.09,19.05,26.62,24.89,24.89,80.62,156.8,154.5,1.5,115,3.907,11:31:27,2025-08-28,0.2,1,0,0,0.001,-0.042,0.031,-0.167,0,150,-9999,-9999,0.058905,0,0.02923,0,0,-0.000068,standard,0,mpf,7000,500,-9999,-9999,300,300,300,381.986267,25,-5.833022,380.475281,382.2005,-1.72522,2.435365,2.443389,1.644463,0.924173,0.255692,-0.020336,0.431145,0.202567,115.048172,0.000639,2.40043,-0.000041,1,2.408421,-0.000039,1,0.60025,0.601702,0.107071,0,PSF-00232_20250828113154_729,PFA-00245,PSA-00257,PSF-00232,RHS-00222,3.0.0,2021-01-19T12:57:14.097Z,MEASUREMENT_END
105,11:32:44,2025-08-28,Manual gsw+F,LI-COR Default,,105,,,0.029174,2.923596,0.028886,0.931242,0.683099,0.662144,3.219227,2.536128,8.21322,8.473147,39.931244,0.441786,7.5,PSF-00232_20250828113244_9bd,0,0,0,105.443718,286.761749,0.632295,0.5,0.8,34.365894,1,19.71,19.1,26.46,25.21,25.21,80.62,156.9,37,76.4,136,3.907,11:31:27,2025-08-28,0.2,1,0.003,0.006,0.003,-0.39,-0.747,-0.238,0,150,-9999,-9999,0.058905,0,0.02923,0,0,-0.000068,standard,0,mpf,7000,500,-9999,-9999,300,300,300,286.761749,25,0.533243,285.277954,287.525848,-2.247894,2.435474,2.444443,1.645307,0.668977,0.257368,-0.01469,0.432875,0.220348,105.443718,0.000646,2.40043,-0.000041,1,2.408421,-0.000039,1,0.60025,0.601702,0.107071,0,PSF-00232_20250828113244_9bd,PFA-00245,PSA-00257,PSF-00232,RHS-00222,3.0.0,2021-01-19T12:57:14.097Z,MEASUREMENT_END
106,11:33:11,2025-08-28,Manual gsw+F,LI-COR Default,,106,,,0.019066,2.922267,0.018942,0.54948,0.640158,0.627774,2.927114,2.286955,7.786603,7.940219,36.306522,0.441786,7.5,PSF-00232_20250828113311_f35,0,0,0,105.134369,377.73764,0.721674,0.5,0.8,42.055531,1,18.58,18.22,26.35,23.62,23.62,80.62,156.8,150.7,3.9,146,3.904,11:31:27,2025-08-28,0.2,1,0,0.002,0.006,4.805,3.918,-4.692,0,150,-9999,-9999,0.058905,0,0.02923,0,0,-0.000068,standard,0,mpf,7000,500,-9999,-9999,300,300,300,377.73764,25,5.800374,382.327423,386.049042,-3.721619,2.434002,2.442553,1.643907,0.914675,0.258405,-0.031747,0.433517,0.228526,103.35553,0.00063,2.40043,-0.000041,1,2.408421,-0.000039,1,0.60025,0.601702,0.107071,0,PSF-00232_20250828113311_f35,PFA-00245,PSA-00257,PSF-00232,RHS-00222,3.0.0,2021-01-19T12:57:14.097Z,MEASUREMENT_END
107,11:33:31,2025-08-28,Manual gsw+F,LI-COR Default,,107,,,0.015864,2.9238,0.015779,0.451914,0.638986,0.628812,2.897656,2.25867,7.798754,7.924942,35.937805,0.441786,7.5,PSF-00232_20250828113331_954,0,0,0,63.030125,234.063675,0.730714,0.5,0.8,35.022411,1,18.64,18.34,26.27,23.45,23.45,80.63,157,95.2,39.3,120,3.907,11:31:27,2025-08-28,0.2,1,-0.001,0.004,0.005,-2.817,1.196,-3.843,0,150,-9999,-9999,0.058905,0,0.02923,0,0,-0.000068,standard,0,mpf,7000,500,-9999,-9999,300,300,300,217.382309,25,-15.970073,209.829926,211.180008,-1.350082,2.434213,2.442658,1.645523,0.7866,0.259259,-0.032681,0.43409,0.206964,64.821838,0.000634,2.40043,-0.000041,1,2.408421,-0.000039,1,0.60025,0.601702,0.107071,0,PSF-00232_20250828113331_954,PFA-00245,PSA-00257,PSF-00232,RHS-00222,3.0.0,2021-01-19T12:57:14.097Z,MEASUREMENT_END
108,11:34:05,2025-08-28,Manual gsw+F,LI-COR Default,,108,,,0.001672,2.922084,0.001671,0.050577,0.663392,0.662252,3.04761,2.384218,8.213644,8.227781,37.79829,0.441786,7.5,PSF-00232_20250828113405_b38,0,0,0,126.920341,422.254761,0.699422,0.5,0.8,40.363274,1,19.5,19.47,26.14,24.29,24.29,80.63,156.7,153.8,1.9,144,3.906,11:31:27,2025-08-28,0.2,1,0,-0.001,0,-0.368,-0.146,0.732,0,150,-9999,-9999,0.058905,0,0.02923,0,0,-0.000068,standard,0,mpf,7000,500,-9999,-9999,300,300,300,409.941681,25,-7.802754,412.527679,411.074127,1.453552,2.436122,2.444136,1.643715,0.922341,0.260653,-0.021511,0.435212,0.227348,126.920341,0.000633,2.40043,-0.000041,1,2.408421,-0.000039,1,0.60025,0.601702,0.107071,0,PSF-00232_20250828113405_b38,PFA-00245,PSA-00257,PSF-00232,RHS-00222,3.0.0,2021-01-19T12:57:14.097Z,MEASUREMENT_END
109,11:34:54,2025-08-28,Manual gsw+F,LI-COR Default,,109,,,0.009186,2.924304,0.009157,0.260972,0.698779,0.69291,2.9447,2.245922,8.593699,8.666487,36.521152,0.441786,7.5,PSF-00232_20250828113454_746,0,0,0,130.644318,404.089539,0.676695,0.5,0.8,43.107231,1,20.75,20.58,25.96,23.72,23.72,80.63,157,149.9,4.5,159,3.902,11:31:27,2025-08-28,0.2,1,-0.001,-0.002,-0.001,1.686,3.761,5.144,0,150,-9999,-9999,0.058905,0,0.02923,0,0,-0.000068,standard,0,mpf,7000,500,-9999,-9999,300,300,300,404.079071,25,0.355495,404.771454,404.598938,0.172516,2.43799,2.446252,1.646056,0.91268,0.262463,-0.026012,0.436914,0.239838,130.644318,0.000639,2.40043,-0.000041,1,2.408421,-0.000039,1,0.60025,0.601702,0.107071,0,PSF-00232_20250828113454_746,PFA-00245,PSA-00257,PSF-00232,RHS-00222,3.0.0,2021-01-19T12:57:14.097Z,MEASUREMENT_END
110,11:35:14,2025-08-28,Manual gsw+F,LI-COR Default,,110,,,0.003425,2.921785,0.003421,0.094585,0.672005,0.669873,2.852465,2.180459,8.3075,8.333941,35.37513,0.441786,7.5,PSF-00232_20250828113514_914,0,0,0,73.93634,313.518188,0.764172,0.5,0.8,43.390419,1,20.05,19.98,25.89,23.19,23.19,80.63,156.7,145,7.5,142,3.904,11:31:27,2025-08-28,0.2,1,0,0,0,-0.014,-0.023,0.042,0,150,-9999,-9999,0.058905,0,0.02923,0,0,-0.000068,standard,0,mpf,7000,500,-9999,-9999,300,300,300,305.957092,25,-5.045854,305.942047,306.287933,-0.345886,2.437011,2.445081,1.643399,0.900641,0.263245,-0.031138,0.437644,0.225412,73.93634,0.000654,2.40043,-0.000041,1,2.408421,-0.000039,1,0.60025,0.601702,0.107071,0,PSF-00232_20250828113514_914,PFA-00245,PSA-00257,PSF-00232,RHS-00222,3.0.0,2021-01-19T12:57:14.097Z,MEASUREMENT_END
111,11:35:30,2025-08-28,Manual gsw+F,LI-COR Default,,111,,,-0.01156,2.922386,-0.011606,-0.237128,0.655394,0.660738,2.273005,1.617612,8.194103,8.127829,28.188559,0.441786,7.5,PSF-00232_20250828113530_23c,0,0,0,1.544237,1.62895,0.052004,0.5,0.8,27.653086,1,19.61,19.77,25.83,19.49,19.49,80.64,156.8,-10.3,106.6,1329,3.904,11:31:27,2025-08-28,0.2,1,-9999,-9999,-9999,-9999,-9999,-9999,0,150,-9999,-9999,0.058905,0,0.02923,0,0,-0.000068,standard,0,mpf,7000,500,-9999,-9999,300,300,300,1.625776,25,-0.012427,1.619339,1.611143,0.008196,2.436668,2.44436,1.644032,0.583895,0.263807,-0.07171,0.438251,1.21532,1.544237,0.000622,2.40043,-0.000041,1,2.408421,-0.000039,1,0.60025,0.601702,0.107071,0,PSF-00232_20250828113530_23c,PFA-00245,PSA-00257,PSF-00232,RHS-00222,3.0.0,2021-01-19T12:57:14.097Z,MEASUREMENT_END
112,11:35:44,2025-08-28,Manual gsw+F,LI-COR Default,,112,,,0.017488,2.923087,0.017384,0.556978,0.713132,0.700595,3.233653,2.520521,8.687824,8.843292,40.099369,0.441786,7.5,PSF-00232_20250828113544_e4c,0,0,0,184.551712,203.154953,0.091572,0.5,0.8,59.07423,1,21.37,20.99,25.82,25.28,25.28,80.64,156.9,140.6,10.4,1613,3.904,11:31:27,2025-08-28,0.2,1,-0.001,0.001,0.003,-7.369,-4.386,3.618,0,150,-9999,-9999,0.058905,0,0.02923,0,0,-0.000068,standard,0,mpf,7000,500,-9999,-9999,300,300,300,187.292938,25,-15.58193,177.728897,180.827469,-3.098572,2.438686,2.447285,1.64477,0.889966,0.264006,-0.006275,0.438773,1.451603,199.302795,0.00062,2.40043,-0.000041,1,2.408421,-0.000039,1,0.60025,0.601702,0.107071,0,PSF-00232_20250828113544_e4c,PFA-00245,PSA-00257,PSF-00232,RHS-00222,3.0.0,2021-01-19T12:57:14.097Z,MEASUREMENT_END
113,11:36:26,2025-08-28,Manual gsw+F,LI-COR Default,,113,,,0.054303,2.922962,0.053313,1.735858,0.714633,0.67556,3.275142,2.560509,8.378,8.862566,40.616879,0.441786,7.5,PSF-00232_20250828113626_7fd,0,0,0,73.882339,205.378555,0.640263,0.5,0.8,124.014183,1,21.42,20.25,25.81,25.5,25.5,80.64,156.9,12.8,91.8,484,3.903,11:31:27,2025-08-28,0.2,1,0.001,0.002,0.008,0.474,0.58,1.844,0,150,-9999,-9999,0.058905,0,0.02923,0,0,-0.000068,standard,0,mpf,7000,500,-9999,-9999,300,300,300,198.207382,25,-4.904381,196.7715,198.351028,-1.579529,2.437464,2.447379,1.644639,0.624419,0.264095,-0.003679,0.440859,0.510761,73.596954,0.000641,2.40043,-0.000041,1,2.408421,-0.000039,1,0.60025,0.601702,0.107071,0,PSF-00232_20250828113626_7fd,PFA-00245,PSA-00257,PSF-00232,RHS-00222,3.0.0,2021-01-19T12:57:14.097Z,MEASUREMENT_END
114,11:37:06,2025-08-28,Manual gsw+F,LI-COR Default,,114,,,0.116148,2.923198,0.111709,4.520791,0.696806,0.595054,3.86733,3.170524,7.38042,8.642447,47.966286,0.441786,7.5,PSF-00232_20250828113706_49e,0,0,0,132.957809,157.419922,0.155394,0.5,0.8,111.944443,1,20.87,17.83,25.82,28.32,28.32,80.63,156.9,5.8,96.3,1801,3.902,11:31:27,2025-08-28,0.2,1,0.002,0.003,0.01,-0.857,-1.496,-3.563,0,150,-9999,-9999,0.058905,0,0.02923,0,0,-0.000068,standard,0,mpf,7000,500,-9999,-9999,300,300,300,154.734131,25,-1.813751,154.973022,154.820984,0.152039,2.433396,2.446469,1.644888,0.611928,0.26398,0.029696,0.443094,1.608492,133.72171,0.000624,2.40043,-0.000041,1,2.408421,-0.000039,1,0.60025,0.601702,0.107071,0,PSF-00232_20250828113706_49e,PFA-00245,PSA-00257,PSF-00232,RHS-00222,3.0.0,2021-01-19T12:57:14.097Z,MEASUREMENT_END
115,11:37:42,2025-08-28,Manual gsw+F,LI-COR Default,,115,,,0.019203,2.923651,0.019078,0.675529,0.67338,0.658176,3.455356,2.781976,8.162659,8.351227,42.853146,0.441786,7.5,PSF-00232_20250828113742_07b,0,0,0,68.462135,95.151718,0.280495,0.5,0.8,181.674835,1,20.11,19.65,25.87,26.4,26.4,80.63,156.9,-10.2,106.5,1619,3.902,11:31:27,2025-08-28,0.2,1,0.006,0.005,0.006,2.16,-0.896,1.774,0,150,-9999,-9999,0.058905,0,0.02923,0,0,-0.000068,standard,0,mpf,7000,500,-9999,-9999,300,300,300,90.597153,25,-3.146857,90.326073,90.642555,-0.316483,2.43646,2.44518,1.645366,0.584047,0.263396,0.006132,0.445482,1.456978,68.462135,0.000616,2.40043,-0.000041,1,2.408421,-0.000039,1,0.60025,0.601702,0.107071,0,PSF-00232_20250828113742_07b,PFA-00245,PSA-00257,PSF-00232,RHS-00222,3.0.0,2021-01-19T12:57:14.097Z,MEASUREMENT_END
116,11:38:41,2025-08-28,Manual gsw+F,LI-COR Default,,116,,,0.049937,2.920901,0.049097,2.042598,0.727716,0.681668,3.984554,3.256838,8.453279,9.02431,49.411942,0.441786,7.5,PSF-00232_20250828113841_a0a,0,0,0,136.756546,155.006134,0.117735,0.5,0.8,77.880386,1,21.54,20.18,26.02,28.84,28.84,80.64,156.6,3.6,97.7,1654,3.9,11:31:27,2025-08-28,0.2,1,0,0,0.01,-0.835,-2.381,-5.465,0,150,-9999,-9999,0.058905,0,0.02923,0,0,-0.000068,standard,0,mpf,7000,500,-9999,-9999,300,300,300,154.578568,25,-0.488806,154.458038,154.305725,0.152313,2.437312,2.447543,1.642472,0.607986,0.26184,0.033482,0.449227,1.485735,136.756546,0.00062,2.40043,-0.000041,1,2.408421,-0.000039,1,0.60025,0.601702,0.107071,0,PSF-00232_20250828113841_a0a,PFA-00245,PSA-00257,PSF-00232,RHS-00222,3.0.0,2021-01-19T12:57:14.097Z,MEASUREMENT_END
117,11:39:36,2025-08-28,Manual gsw+F,LI-COR Default,,117,,,0.033274,2.92361,0.0329,1.245668,0.834092,0.806107,3.799615,2.965523,9.99624,10.343271,47.117653,0.441786,7.5,PSF-00232_20250828113936_013,0,0,0,238.181946,273.266266,0.128389,0.5,0.8,88.272606,1,24.44,23.62,26.2,28.02,28.02,80.64,156.9,154.3,1.7,1719,3.898,11:31:27,2025-08-28,0.2,1,-0.001,-0.001,0.006,-6.726,-14.441,-28.736,0,150,-9999,-9999,0.058905,0,0.02923,0,0,-0.000068,standard,0,mpf,7000,500,-9999,-9999,300,300,300,263.180847,25,-8.267075,258.197296,261.420288,-3.222992,2.442912,2.452251,1.645322,0.923504,0.260047,0.021565,0.452341,1.540028,238.181946,0.000608,2.40043,-0.000041,1,2.408421,-0.000039,1,0.60025,0.601702,0.107071,0,PSF-00232_20250828113936_013,PFA-00245,PSA-00257,PSF-00232,RHS-00222,3.0.0,2021-01-19T12:57:14.097Z,MEASUREMENT_END
118,11:40:00,2025-08-28,Manual gsw+F,LI-COR Default,,118,,,0.022815,2.92375,0.022638,0.91315,0.81815,0.797633,3.974468,3.156317,9.890698,10.145117,49.283649,0.441786,7.5,PSF-00232_20250828114000_58e,0,0,0,196.050522,153.945923,-0.273503,0.5,0.8,-174.916168,1,23.85,23.25,26.28,28.8,28.8,80.64,157,153.4,2.3,1599,3.871,11:31:27,2025-08-28,0.2,1,-0.002,-0.004,-0.003,-8.734,-2.181,-3.406,0,150,-9999,-9999,0.058905,0,0.02923,0,0,-0.000068,standard,0,mpf,7000,500,-9999,-9999,300,300,300,153.945923,25,7.854446,170.588852,165.200623,5.388229,2.442306,2.451284,1.64547,0.92133,0.259146,0.029853,0.453661,1.439988,87.221863,0.000609,2.40043,-0.000041,1,2.408421,-0.000039,1,0.60025,0.601702,0.107071,0,PSF-00232_20250828114000_58e,PFA-00245,PSA-00257,PSF-00232,RHS-00222,3.0.0,2021-01-19T12:57:14.097Z,MEASUREMENT_END
119,11:40:24,2025-08-28,Manual gsw+F,LI-COR Default,,119,,,0.014444,2.923403,0.014373,0.616636,0.751976,0.738108,4.107025,3.355049,9.154058,9.326051,50.935574,0.441786,7.5,PSF-00232_20250828114024_7bd,0,0,0,67.041992,78.837364,0.149617,0.5,0.8,75.403793,1,21.78,21.38,26.39,29.36,29.36,80.63,156.9,154.3,1.7,1260,3.895,11:31:27,2025-08-28,0.2,1,0.001,0.002,-0.012,-0.142,-0.258,14.212,0,150,-9999,-9999,0.058905,0,0.02923,0,0,-0.000068,standard,0,mpf,7000,500,-9999,-9999,300,300,300,77.605965,25,-0.865159,77.429291,77.597672,-0.168381,2.439245,2.447891,1.645104,0.923652,0.25803,0.035448,0.455022,1.157455,67.041992,0.000622,2.40043,-0.000041,1,2.408421,-0.000039,1,0.60025,0.601702,0.107071,0,PSF-00232_20250828114024_7bd,PFA-00245,PSA-00257,PSF-00232,RHS-00222,3.0.0,2021-01-19T12:57:14.097Z,MEASUREMENT_END
120,11:40:46,2025-08-28,Manual gsw+F,LI-COR Default,,120,,,0.014377,2.921903,0.014307,0.65818,0.708216,0.693383,4.303488,3.595272,8.596848,8.780748,53.356407,0.441786,7.5,PSF-00232_20250828114046_4fb,0,0,0,27.708292,48.010551,0.422871,0.5,0.8,285.373535,1,20.4,19.98,26.48,30.18,30.18,80.66,156.7,153.5,2.1,1687,3.896,11:31:27,2025-08-28,0.2,1,0.003,0.004,0.007,-4.198,-3.379,4.645,0,150,-9999,-9999,0.058905,0,0.02923,0,0,-0.000068,standard,0,mpf,7000,500,-9999,-9999,300,300,300,35.220623,25,-8.735703,31.445862,35.493084,-4.047222,2.436924,2.445602,1.643524,0.92155,0.257119,0.044328,0.45608,1.513573,27.708292,0.00061,2.40043,-0.000041,1,2.408421,-0.000039,1,0.60025,0.601702,0.107071,0,PSF-00232_20250828114046_4fb,PFA-00245,PSA-00257,PSF-00232,RHS-00222,3.0.0,2021-01-19T12:57:14.097Z,MEASUREMENT_END
121,11:41:13,2025-08-28,Manual gsw+F,LI-COR Default,,121,,,0.001342,2.9227,0.001342,0.042351,0.687194,0.68624,3.171683,2.48449,8.5091,8.520928,39.32761,0.441786,7.5,PSF-00232_20250828114113_c97,0,0,0,74.670197,272.522461,0.726004,0.5,0.8,37.659416,1,19.71,19.68,26.56,24.96,24.96,80.65,156.8,149,5,130,3.894,11:31:27,2025-08-28,0.2,1,-0.002,-0.002,0.003,-0.772,-0.25,-0.856,0,150,-9999,-9999,0.058905,0,0.02923,0,0,-0.000068,standard,0,mpf,7000,500,-9999,-9999,300,300,300,272.522461,25,6.948478,277.794952,282.479004,-4.684052,2.436424,2.444431,1.644363,0.910614,0.25633,-0.01878,0.457121,0.215182,74.670197,0.000629,2.40043,-0.000041,1,2.408421,-0.000039,1,0.60025,0.601702,0.107071,0,PSF-00232_20250828114113_c97,PFA-00245,PSA-00257,PSF-00232,RHS-00222,3.0.0,2021-01-19T12:57:14.097Z,MEASUREMENT_END
122,11:41:34,2025-08-28,Manual gsw+F,LI-COR Default,,122,,,0.003145,2.923682,0.003142,0.095849,0.681014,0.678857,3.083748,2.402734,8.418439,8.445191,38.241276,0.441786,7.5,PSF-00232_20250828114134_8ca,0,0,0,106.203674,388.794586,0.726839,0.5,0.8,25.069754,1,19.51,19.45,26.57,24.49,24.49,80.64,156.9,128.2,18.3,86,3.895,11:31:27,2025-08-28,0.2,1,-0.001,0,0.004,0.169,0.409,0.293,0,150,-9999,-9999,0.058905,0,0.02923,0,0,-0.000068,standard,0,mpf,7000,500,-9999,-9999,300,300,300,386.40152,25,-1.530805,385.800354,386.601074,-0.80072,2.436038,2.444099,1.645398,0.86053,0.256161,-0.0244,0.457825,0.178957,106.203674,0.000636,2.40043,-0.000041,1,2.408421,-0.000039,1,0.60025,0.601702,0.107071,0,PSF-00232_20250828114134_8ca,PFA-00245,PSA-00257,PSF-00232,RHS-00222,3.0.0,2021-01-19T12:57:14.097Z,MEASUREMENT_END
123,11:42:35,2025-08-28,Manual gsw+F,LI-COR Default,,123,,,0.007965,2.923654,0.007944,0.244608,0.715215,0.709712,3.138848,2.423632,8.801434,8.869678,38.926132,0.441786,7.5,PSF-00232_20250828114235_ede,0,0,0,96.768021,371.363892,0.739425,0.5,0.8,33.261555,1,20.48,20.33,26.58,24.78,24.78,80.64,156.9,152.5,2.8,112,3.894,11:41:54,2025-08-28,0.26,1,-0.001,-0.002,0.003,0.032,0.305,2.808,0,150,-9999,-9999,0.058905,0,0.02923,0,0,-0.000068,standard,0,mpf,7000,500,-9999,-9999,300,300,300,369.077698,25,-1.628748,370.099792,369.030029,1.069763,2.437495,2.445627,1.645369,0.919151,0.256114,-0.021044,0.459405,0.200823,96.768021,0.000642,2.40043,-0.000041,1,2.408421,-0.000039,1,0.60025,0.601702,0.107071,0,PSF-00232_20250828114235_ede,PFA-00245,PSA-00257,PSF-00232,RHS-00222,3.0.0,2021-01-19T12:57:14.097Z,MEASUREMENT_END
124,11:42:59,2025-08-28,Manual gsw+F,LI-COR Default,,124,,,0.009344,2.922817,0.009314,0.290851,0.691407,0.684857,3.149484,2.458077,8.492766,8.57399,39.056103,0.441786,7.5,PSF-00232_20250828114259_8f0,0,0,0,184.114334,359.799988,0.488287,0.5,0.8,28.13763,1,19.84,19.65,26.55,24.84,24.84,80.64,156.8,117.5,25.1,144,3.894,11:41:54,2025-08-28,0.26,1,0,0.002,-0.002,-0.75,7.819,24.1,0,150,-9999,-9999,0.058905,0,0.02923,0,0,-0.000068,standard,0,mpf,7000,500,-9999,-9999,300,300,300,351.337189,25,-8.314232,343.588837,347.886444,-4.297607,2.436374,2.444549,1.644486,0.835885,0.256412,-0.020044,0.459825,0.227172,184.114334,0.000633,2.40043,-0.000041,1,2.408421,-0.000039,1,0.60025,0.601702,0.107071,0,PSF-00232_20250828114259_8f0,PFA-00245,PSA-00257,PSF-00232,RHS-00222,3.0.0,2021-01-19T12:57:14.097Z,MEASUREMENT_END
125,11:43:22,2025-08-28,Manual gsw+F,LI-COR Default,,125,,,0.020899,2.922095,0.02075,0.666596,0.701856,0.686839,3.229106,2.52725,8.517875,8.704113,40.045963,0.441786,7.5,PSF-00232_20250828114322_5ab,0,0,0,246.697784,372.796234,0.33825,0.5,0.8,106.070938,1,20.16,19.73,26.53,25.26,25.26,80.64,156.8,7.8,95,784,3.893,11:41:54,2025-08-28,0.26,1,-0.002,-0.001,0.009,-2.719,-5.58,11.621,0,150,-9999,-9999,0.058905,0,0.02923,0,0,-0.000068,standard,0,mpf,7000,500,-9999,-9999,300,300,300,359.794006,25,-10.186023,354.02298,358.200592,-4.177612,2.436516,2.445099,1.643726,0.615502,0.256646,-0.014928,0.460344,0.760642,246.697784,0.000619,2.40043,-0.000041,1,2.408421,-0.000039,1,0.60025,0.601702,0.107071,0,PSF-00232_20250828114322_5ab,PFA-00245,PSA-00257,PSF-00232,RHS-00222,3.0.0,2021-01-19T12:57:14.097Z,MEASUREMENT_END
126,11:43:51,2025-08-28,Manual gsw+F,LI-COR Default,,126,,,0.014372,2.923464,0.014302,0.526429,0.706006,0.694157,3.595505,2.8895,8.606896,8.753807,44.580898,0.441786,7.5,PSF-00232_20250828114351_e39,0,0,0,99.224922,115.96685,0.144368,0.5,0.8,66.4207,1,20.32,19.98,26.49,27.08,27.08,80.65,156.9,120.1,23.4,1150,3.869,11:41:54,2025-08-28,0.26,1,0.002,0,-0.001,-0.188,-0.393,-0.27,0,150,-9999,-9999,0.058905,0,0.02923,0,0,-0.000068,standard,0,mpf,7000,500,-9999,-9999,300,300,300,114.672661,25,-0.844301,115.257385,114.757042,0.500343,2.43693,2.445364,1.645169,0.842003,0.256965,0.006754,0.460935,1.065955,99.872231,0.000626,2.40043,-0.000041,1,2.408421,-0.000039,1,0.60025,0.601702,0.107071,0,PSF-00232_20250828114351_e39,PFA-00245,PSA-00257,PSF-00232,RHS-00222,3.0.0,2021-01-19T12:57:14.097Z,MEASUREMENT_END
127,11:44:09,2025-08-28,Manual gsw+F,LI-COR Default,,127,,,0.020074,2.922776,0.019937,0.721865,0.695522,0.679264,3.539086,2.843563,8.422051,8.623639,43.880394,0.441786,7.5,PSF-00232_20250828114409_b21,0,0,0,177.78862,211.428879,0.159109,0.5,0.8,33.7584,1,20.04,19.57,26.48,26.81,26.81,80.65,156.8,145.7,7.1,530,3.892,11:41:54,2025-08-28,0.26,1,0,0,0.005,-3.747,-5.189,-7.991,0,150,-9999,-9999,0.058905,0,0.02923,0,0,-0.000068,standard,0,mpf,7000,500,-9999,-9999,300,300,300,204.774139,25,-5.114777,202.126266,204.099869,-1.973602,2.436248,2.444891,1.644443,0.902528,0.257118,0.003749,0.461297,0.549273,177.78862,0.000619,2.40043,-0.000041,1,2.408421,-0.000039,1,0.60025,0.601702,0.107071,0,PSF-00232_20250828114409_b21,PFA-00245,PSA-00257,PSF-00232,RHS-00222,3.0.0,2021-01-19T12:57:14.097Z,MEASUREMENT_END
128,11:44:46,2025-08-28,Manual gsw+F,LI-COR Default,,128,,,0.029895,2.924031,0.029592,1.197466,0.704558,0.677619,3.875219,3.170661,8.402498,8.736531,48.052814,0.441786,7.5,PSF-00232_20250828114446_afe,0,0,0,56.66399,67.514679,0.160716,0.5,0.8,113.755051,1,20.28,19.51,26.49,28.36,28.36,80.64,157,6.1,96.1,1770,3.891,11:41:54,2025-08-28,0.26,1,0.005,0.005,0.011,-0.652,-1.467,-3.929,0,150,-9999,-9999,0.058905,0,0.02923,0,0,-0.000068,standard,0,mpf,7000,500,-9999,-9999,300,300,300,63.873768,25,-2.50887,63.363075,63.919697,-0.556622,2.436147,2.445303,1.645766,0.612441,0.257008,0.022112,0.462546,1.582254,56.66399,0.000624,2.40043,-0.000041,1,2.408421,-0.000039,1,0.60025,0.601702,0.107071,0,PSF-00232_20250828114446_afe,PFA-00245,PSA-00257,PSF-00232,RHS-00222,3.0.0,2021-01-19T12:57:14.097Z,MEASUREMENT_END
129,11:45:47,2025-08-28,Manual gsw+F,LI-COR Default,,129,,,0.024709,2.923278,0.024502,0.798522,0.700558,0.682584,3.264037,2.563479,8.464666,8.687557,40.477028,0.441786,7.5,PSF-00232_20250828114547_7b2,0,0,0,116.22226,384.38446,0.697641,0.5,0.8,37.397118,1,20.12,19.6,26.53,25.44,25.44,80.64,156.9,79.8,49.1,134,3.89,11:41:54,2025-08-28,0.26,1,0.001,0.003,0,0.997,0.965,1.925,0,150,-9999,-9999,0.058905,0,0.02923,0,0,-0.000068,standard,0,mpf,7000,500,-9999,-9999,300,300,300,379.641998,25,-3.221221,378.670349,379.768738,-1.098389,2.4363,2.445024,1.644972,0.753925,0.256585,-0.012898,0.463985,0.218794,116.22226,0.000644,2.40043,-0.000041,1,2.408421,-0.000039,1,0.60025,0.601702,0.107071,0,PSF-00232_20250828114547_7b2,PFA-00245,PSA-00257,PSF-00232,RHS-00222,3.0.0,2021-01-19T12:57:14.097Z,MEASUREMENT_END
130,11:46:24,2025-08-28,Manual gsw+F,LI-COR Default,,130,,,0.025242,2.923526,0.025026,0.943006,0.739937,0.718725,3.695009,2.955073,8.912704,9.175744,45.820766,0.441786,7.5,PSF-00232_20250828114624_097,0,0,0,101.173279,170.905426,0.408016,0.5,0.8,94.196259,1,21.23,20.62,26.55,27.54,27.54,80.64,156.9,153.7,2.1,577,3.888,11:41:54,2025-08-28,0.26,1,0.003,0,0.008,2.077,2.119,10.106,0,150,-9999,-9999,0.058905,0,0.02923,0,0,-0.000068,standard,0,mpf,7000,500,-9999,-9999,300,300,300,166.860229,25,-2.780479,166.094177,166.921249,-0.827072,2.437979,2.446862,1.645233,0.92205,0.256387,0.011614,0.465027,0.588232,101.173279,0.00063,2.40043,-0.000041,1,2.408421,-0.000039,1,0.60025,0.601702,0.107071,0,PSF-00232_20250828114624_097,PFA-00245,PSA-00257,PSF-00232,RHS-00222,3.0.0,2021-01-19T12:57:14.097Z,MEASUREMENT_END
131,11:46:44,2025-08-28,Manual gsw+F,LI-COR Default,,131,,,0.010827,2.922043,0.010787,0.414523,0.755842,0.746509,3.767828,3.011986,9.257479,9.373218,46.724926,0.441786,7.5,PSF-00232_20250828114644_0b9,0,0,0,97.34845,107.510086,0.094518,0.5,0.8,63.414265,1,21.66,21.39,26.57,27.88,27.88,80.64,156.7,153.9,1.8,1677,3.889,11:41:54,2025-08-28,0.26,1,0,0.001,0.003,-2.005,-4.885,-20.686,0,150,-9999,-9999,0.058905,0,0.02923,0,0,-0.000068,standard,0,mpf,7000,500,-9999,-9999,300,300,300,107.510086,25,-0.245763,105.902191,107.157928,-1.255737,2.439241,2.447567,1.643672,0.922627,0.256167,0.015344,0.465718,1.505392,97.34845,0.000633,2.40043,-0.000041,1,2.408421,-0.000039,1,0.60025,0.601702,0.107071,0,PSF-00232_20250828114644_0b9,PFA-00245,PSA-00257,PSF-00232,RHS-00222,3.0.0,2021-01-19T12:57:14.097Z,MEASUREMENT_END
132,11:47:16,2025-08-28,Manual gsw+F,LI-COR Default,,132,,,0.010539,2.923018,0.010501,0.38264,0.771781,0.763174,3.630149,2.858368,9.46361,9.570343,45.015057,0.441786,7.5,PSF-00232_20250828114716_63e,0,0,0,109.781387,159.564957,0.311996,0.5,0.8,97.692932,1,22.06,21.81,26.61,27.24,27.24,80.64,156.9,139.3,11.2,783,3.888,11:41:54,2025-08-28,0.26,1,0.001,0.001,0.004,-0.959,-2.2,-3.304,0,150,-9999,-9999,0.058905,0,0.02923,0,0,-0.000068,standard,0,mpf,7000,500,-9999,-9999,300,300,300,152.639511,25,-5.208185,150.081757,152.102097,-2.02034,2.439935,2.44823,1.644698,0.886992,0.255769,0.007299,0.466938,0.759674,109.781387,0.00063,2.40043,-0.000041,1,2.408421,-0.000039,1,0.60025,0.601702,0.107071,0,PSF-00232_20250828114716_63e,PFA-00245,PSA-00257,PSF-00232,RHS-00222,3.0.0,2021-01-19T12:57:14.097Z,MEASUREMENT_END
133,11:48:02,2025-08-28,Manual gsw+F,LI-COR Default,,133,,,0.007299,2.923778,0.007281,0.262188,0.831155,0.825265,3.654379,2.823223,10.233407,10.306443,45.314808,0.441786,7.5,PSF-00232_20250828114802_f0c,0,0,0,138.616913,207.990433,0.333542,0.5,0.8,102.502548,1,23.63,23.46,26.71,27.35,27.35,80.64,157,153.9,1.9,768,3.885,11:41:54,2025-08-28,0.26,1,0.003,0.007,0.006,-0.919,-2.487,-5.921,0,150,-9999,-9999,0.058905,0,0.02923,0,0,-0.000068,standard,0,mpf,7000,500,-9999,-9999,300,300,300,204.098938,25,-2.75146,203.620789,204.047836,-0.427048,2.44259,2.450775,1.645499,0.922667,0.254818,0.007531,0.469012,0.74757,138.616913,0.000638,2.40043,-0.000041,1,2.408421,-0.000039,1,0.60025,0.601702,0.107071,0,PSF-00232_20250828114802_f0c,PFA-00245,PSA-00257,PSF-00232,RHS-00222,3.0.0,2021-01-19T12:57:14.097Z,MEASUREMENT_END
134,11:48:35,2025-08-28,Manual gsw+F,LI-COR Default,,134,,,-0.007803,2.921754,-0.007824,-0.289762,0.776512,0.783035,3.68016,2.903648,9.71143,9.630527,45.642422,0.441786,7.5,PSF-00232_20250828114835_c0d,0,0,0,69.345833,139.525925,0.50299,0.5,0.8,320.224762,1,21.97,22.15,26.79,27.47,27.47,80.63,156.7,-1.4,100.9,1592,3.885,11:41:54,2025-08-28,0.26,1,-0.012,-0.011,0.002,-0.607,-1.332,-2.384,0,150,-9999,-9999,0.058905,0,0.02923,0,0,-0.000068,standard,0,mpf,7000,500,-9999,-9999,300,300,300,132.124191,25,-5.083942,131.826645,132.241104,-0.414459,2.44046,2.448053,1.643367,0.599309,0.253982,0.007974,0.470467,1.433946,69.345833,0.000631,2.40043,-0.000041,1,2.408421,-0.000039,1,0.60025,0.601702,0.107071,0,PSF-00232_20250828114835_c0d,PFA-00245,PSA-00257,PSF-00232,RHS-00222,3.0.0,2021-01-19T12:57:14.097Z,MEASUREMENT_END
135,11:49:28,2025-08-28,Manual gsw+F,LI-COR Default,,135,,,0.063953,2.921731,0.062583,2.046695,0.663039,0.616903,3.235845,2.572806,7.651981,8.224244,40.136993,0.441786,7.5,PSF-00232_20250828114928_ad9,0,0,0,92.355255,285.621735,0.676652,0.5,0.8,244.60051,1,18.65,17.35,26.89,25.29,25.29,80.62,156.7,139.6,10.9,904,3.885,11:41:54,2025-08-28,0.26,1,0.002,0.005,0.002,0.313,1.08,2.393,0,150,-9999,-9999,0.058905,0,0.02923,0,0,-0.000068,standard,0,mpf,7000,500,-9999,-9999,300,300,300,268.360382,25,-12.161197,264.914276,268.195862,-3.281586,2.432472,2.442509,1.643343,0.887658,0.252985,-0.018798,0.472068,0.860472,92.355255,0.000622,2.40043,-0.000041,1,2.408421,-0.000039,1,0.60025,0.601702,0.107071,0,PSF-00232_20250828114928_ad9,PFA-00245,PSA-00257,PSF-00232,RHS-00222,3.0.0,2021-01-19T12:57:14.097Z,MEASUREMENT_END
136,11:50:10,2025-08-28,Manual gsw+F,LI-COR Default,,136,,,0.009245,2.921827,0.009216,0.350699,0.653579,0.645674,3.639927,2.986348,8.008778,8.106839,45.148769,0.441786,7.5,PSF-00232_20250828115010_f06,0,0,0,70.00029,134.739334,0.480476,0.5,0.8,173.091965,1,18.32,18.1,26.94,27.29,27.29,80.62,156.7,144.9,7.5,901,3.884,11:41:54,2025-08-28,0.26,1,0.002,0.001,0.004,0.384,0.918,1.604,0,150,-9999,-9999,0.058905,0,0.02923,0,0,-0.000068,standard,0,mpf,7000,500,-9999,-9999,300,300,300,130.511642,25,-2.918324,129.682663,130.557648,-0.874985,2.433736,2.44195,1.643445,0.900482,0.252427,0.003906,0.473339,0.857897,69.528938,0.000633,2.40043,-0.000041,1,2.408421,-0.000039,1,0.60025,0.601702,0.107071,0,PSF-00232_20250828115010_f06,PFA-00245,PSA-00257,PSF-00232,RHS-00222,3.0.0,2021-01-19T12:57:14.097Z,MEASUREMENT_END
137,11:50:45,2025-08-28,Manual gsw+F,LI-COR Default,,137,,,0.035035,2.923387,0.03462,1.170932,0.68827,0.661921,3.34651,2.65824,8.211172,8.538035,41.513668,0.441786,7.5,PSF-00232_20250828115045_595,0,0,0,111.245872,430.02536,0.741304,0.5,0.8,185.125305,1,19.24,18.5,26.99,25.86,25.86,80.61,156.9,154,1.8,624,3.883,11:41:54,2025-08-28,0.26,1,0,0.001,0.007,0.068,-0.178,0.333,0,150,-9999,-9999,0.058905,0,0.02923,0,0,-0.000068,standard,0,mpf,7000,500,-9999,-9999,300,300,300,421.66687,25,-5.724196,420.326843,421.82312,-1.496277,2.434404,2.443492,1.645087,0.922964,0.251925,-0.013465,0.474501,0.627551,111.245872,0.000641,2.40043,-0.000041,1,2.408421,-0.000039,1,0.60025,0.601702,0.107071,0,PSF-00232_20250828115045_595,PFA-00245,PSA-00257,PSF-00232,RHS-00222,3.0.0,2021-01-19T12:57:14.097Z,MEASUREMENT_END
138,11:51:24,2025-08-28,Manual gsw+F,LI-COR Default,,138,,,0.003905,2.922135,0.003899,0.167954,0.696963,0.693179,4.067499,3.370535,8.596561,8.643488,50.443653,0.441786,7.5,PSF-00232_20250828115124_6eb,0,0,0,83.610176,95.982498,0.128902,0.5,0.8,83.100983,1,19.39,19.28,27.07,29.2,29.2,80.63,156.8,153.1,2.4,1612,3.881,11:41:54,2025-08-28,0.26,1,-0.001,-0.002,-0.002,-0.411,-0.331,4.248,0,150,-9999,-9999,0.058905,0,0.02923,0,0,-0.000068,standard,0,mpf,7000,500,-9999,-9999,300,300,300,92.91172,25,-2.127529,92.241882,92.933945,-0.692062,2.435701,2.443734,1.643768,0.920565,0.251109,0.025222,0.475622,1.450706,83.610176,0.000628,2.40043,-0.000041,1,2.408421,-0.000039,1,0.60025,0.601702,0.107071,0,PSF-00232_20250828115124_6eb,PFA-00245,PSA-00257,PSF-00232,RHS-00222,3.0.0,2021-01-19T12:57:14.097Z,MEASUREMENT_END
139,11:51:47,2025-08-28,Manual gsw+F,LI-COR Default,,139,,,0.007071,2.924003,0.007054,0.303049,0.745238,0.738424,4.105512,3.360275,9.157216,9.241711,50.91256,0.441786,7.5,PSF-00232_20250828115147_c7d,0,0,0,75.961594,126.46817,0.399362,0.5,0.8,125.064049,1,20.61,20.42,27.17,29.36,29.36,80.64,157,109.1,30.5,783,3.881,11:41:54,2025-08-28,0.26,1,0,0.001,-0.003,0.364,1.018,2.615,0,150,-9999,-9999,0.058905,0,0.02923,0,0,-0.000068,standard,0,mpf,7000,500,-9999,-9999,300,300,300,119.875076,25,-4.569745,119.57753,119.920143,-0.342613,2.437584,2.44577,1.645737,0.816946,0.250149,0.026021,0.476452,0.759751,75.961594,0.000635,2.40043,-0.000041,1,2.408421,-0.000039,1,0.60025,0.601702,0.107071,0,PSF-00232_20250828115147_c7d,PFA-00245,PSA-00257,PSF-00232,RHS-00222,3.0.0,2021-01-19T12:57:14.097Z,MEASUREMENT_END
140,11:52:16,2025-08-28,Manual gsw+F,LI-COR Default,,140,,,0.01324,2.922887,0.01318,0.595284,0.748554,0.735159,4.277054,3.5285,9.11675,9.282864,53.040016,0.441786,7.5,PSF-00232_20250828115216_b36,0,0,0,64.17382,72.202309,0.111194,0.5,0.8,78.037872,1,20.54,20.18,27.31,30.07,30.07,80.64,156.8,151.8,3.2,1755,3.881,11:52:06,2025-08-28,0.23,1,-0.001,0.002,0.005,0.06,0.047,0.67,0,150,-9999,-9999,0.058905,0,0.02923,0,0,-0.000068,standard,0,mpf,7000,500,-9999,-9999,300,300,300,71.672913,25,-0.346426,71.935059,71.70591,0.229149,2.437156,2.44569,1.64456,0.917399,0.248822,0.033089,0.47739,1.569777,64.17382,0.000621,2.40043,-0.000041,1,2.408421,-0.000039,1,0.60025,0.601702,0.107071,0,PSF-00232_20250828115216_b36,PFA-00245,PSA-00257,PSF-00232,RHS-00222,3.0.0,2021-01-19T12:57:14.097Z,MEASUREMENT_END
141,11:53:00,2025-08-28,Manual gsw+F,LI-COR Default,,141,,,0.026329,2.924015,0.026094,0.971321,0.784402,0.762572,3.70278,2.918379,9.455857,9.72654,45.91428,0.441786,7.5,PSF-00232_20250828115300_d63,0,0,0,40.194153,66.859032,0.398822,0.5,0.8,49.117924,1,21.32,20.72,27.47,27.58,27.58,80.65,157,0.3,99.8,308,3.874,11:52:06,2025-08-28,0.23,1,-0.007,-0.01,-0.004,0.24,-0.626,-0.322,0,150,-9999,-9999,0.058905,0,0.02923,0,0,-0.000068,standard,0,mpf,7000,500,-9999,-9999,300,300,300,62.917473,25,-2.553307,63.302277,63.200375,0.101902,2.438041,2.446952,1.645751,0.602299,0.247184,0.001071,0.478894,0.363753,40.194153,0.000642,2.40043,-0.000041,1,2.408421,-0.000039,1,0.60025,0.601702,0.107071,0,PSF-00232_20250828115300_d63,PFA-00245,PSA-00257,PSF-00232,RHS-00222,3.0.0,2021-01-19T12:57:14.097Z,MEASUREMENT_END
142,11:53:24,2025-08-28,Manual gsw+F,LI-COR Default,,142,,,0.014688,2.92288,0.014614,0.534782,0.780404,0.768374,3.650363,2.869959,9.527921,9.677093,45.264877,0.441786,7.5,PSF-00232_20250828115324_6db,0,0,0,137.133484,365.829498,0.625144,0.5,0.8,133.489243,1,21.11,20.78,27.55,27.34,27.34,80.64,156.8,153.3,2.3,534,3.877,11:52:06,2025-08-28,0.23,1,0.004,0.006,0.008,7.758,8.361,13.652,0,150,-9999,-9999,0.058905,0,0.02923,0,0,-0.000068,standard,0,mpf,7000,500,-9999,-9999,300,300,300,350.976715,25,-10.933288,347.195496,350.163086,-2.96759,2.438129,2.446599,1.644552,0.921177,0.246397,-0.00278,0.479602,0.552113,137.133484,0.000643,2.40043,-0.000041,1,2.408421,-0.000039,1,0.60025,0.601702,0.107071,0,PSF-00232_20250828115324_6db,PFA-00245,PSA-00257,PSF-00232,RHS-00222,3.0.0,2021-01-19T12:57:14.097Z,MEASUREMENT_END
143,11:53:52,2025-08-28,Manual gsw+F,LI-COR Default,,143,,,0.00858,2.92246,0.008554,0.318325,0.716851,0.709682,3.636928,2.920077,8.799607,8.888501,45.095623,0.441786,7.5,PSF-00232_20250828115352_da3,0,0,0,63.485027,651.422302,0.902544,0.5,0.8,132.950027,1,19.29,19.09,27.65,27.27,27.27,80.65,156.8,154.2,1.6,368,3.877,11:52:06,2025-08-28,0.23,1,0.002,0.001,0.007,1.108,1.244,1.134,0,150,-9999,-9999,0.058905,0,0.02923,0,0,-0.000068,standard,0,mpf,7000,500,-9999,-9999,300,300,300,128.050812,25,-341.340576,0.83077,162.312347,-161.481583,2.435319,2.443552,1.64411,0.923433,0.245489,-0.004637,0.480432,0.414082,63.485027,0.000638,2.40043,-0.000041,1,2.408421,-0.000039,1,0.60025,0.601702,0.107071,0,PSF-00232_20250828115352_da3,PFA-00245,PSA-00257,PSF-00232,RHS-00222,3.0.0,2021-01-19T12:57:14.097Z,MEASUREMENT_END
144,11:54:18,2025-08-28,Manual gsw+F,LI-COR Default,,144,,,0.022257,2.922323,0.022089,0.84077,0.750559,0.731629,3.735035,2.984476,9.071601,9.306316,46.311371,0.441786,7.5,PSF-00232_20250828115418_0fd,0,0,0,93.923805,201.066513,0.532872,0.5,0.8,368.303894,1,20.1,19.59,27.72,27.73,27.73,80.65,156.8,51.3,67.3,1728,3.878,11:52:06,2025-08-28,0.23,1,0.006,0.008,0.004,1.628,4.398,24.761,0,150,-9999,-9999,0.058905,0,0.02923,0,0,-0.000068,standard,0,mpf,7000,500,-9999,-9999,300,300,300,190.426819,25,-7.146177,192.56366,190.826691,1.736969,2.436142,2.444904,1.643965,0.696304,0.244725,-0.000178,0.48113,1.547586,93.923805,0.000633,2.40043,-0.000041,1,2.408421,-0.000039,1,0.60025,0.601702,0.107071,0,PSF-00232_20250828115418_0fd,PFA-00245,PSA-00257,PSF-00232,RHS-00222,3.0.0,2021-01-19T12:57:14.097Z,MEASUREMENT_END
145,11:54:39,2025-08-28,Manual gsw+F,LI-COR Default,,145,,,0.014517,2.922291,0.014445,0.570166,0.726545,0.713704,3.82009,3.093544,8.849534,9.008758,47.367004,0.441786,7.5,PSF-00232_20250828115439_991,0,0,0,65.80603,164.135345,0.599075,0.5,0.8,159.258972,1,19.38,19.03,27.79,28.11,28.11,80.65,156.8,153.4,2.2,665,3.877,11:52:06,2025-08-28,0.23,1,0.001,0.003,0.007,-2.973,-3.576,-3.413,0,150,-9999,-9999,0.058905,0,0.02923,0,0,-0.000068,standard,0,mpf,7000,500,-9999,-9999,300,300,300,137.348419,25,-20.253244,135.71405,135.114288,0.599762,2.435205,2.443688,1.643933,0.921357,0.24404,0.003576,0.481818,0.661132,65.80603,0.000637,2.40043,-0.000041,1,2.408421,-0.000039,1,0.60025,0.601702,0.107071,0,PSF-00232_20250828115439_991,PFA-00245,PSA-00257,PSF-00232,RHS-00222,3.0.0,2021-01-19T12:57:14.097Z,MEASUREMENT_END
146,11:55:01,2025-08-28,Manual gsw+F,LI-COR Default,,146,,,0.008105,2.922957,0.008083,0.300535,0.736534,0.72977,3.653695,2.917161,9.048601,9.132473,45.303104,0.441786,7.5,PSF-00232_20250828115501_a7d,0,0,0,135.294922,233.288712,0.420054,0.5,0.8,113.628067,1,19.57,19.39,27.86,27.35,27.35,80.65,156.9,149.8,4.5,676,3.877,11:52:06,2025-08-28,0.23,1,0,-0.001,0.005,-5.937,-20.971,-24.123,0,150,-9999,-9999,0.058905,0,0.02923,0,0,-0.000068,standard,0,mpf,7000,500,-9999,-9999,300,300,300,226.592667,25,-5.352378,223.004944,225.619247,-2.614304,2.435784,2.443998,1.644633,0.912503,0.243394,-0.006292,0.482444,0.670858,135.294922,0.000641,2.40043,-0.000041,1,2.408421,-0.000039,1,0.60025,0.601702,0.107071,0,PSF-00232_20250828115501_a7d,PFA-00245,PSA-00257,PSF-00232,RHS-00222,3.0.0,2021-01-19T12:57:14.097Z,MEASUREMENT_END
147,11:55:32,2025-08-28,Manual gsw+F,LI-COR Default,,147,,,-0.00437,2.922738,-0.004377,-0.165256,0.785673,0.789391,3.745292,2.959619,9.787956,9.741858,46.43927,0.441786,7.5,PSF-00232_20250828115532_d62,0,0,0,89.800713,181.813202,0.506083,0.5,0.8,115.373489,1,20.76,20.86,27.95,27.77,27.77,80.65,156.8,152.1,3,570,3.874,11:52:06,2025-08-28,0.23,1,0,0,-0.001,0.502,0.944,1.329,0,150,-9999,-9999,0.058905,0,0.02923,0,0,-0.000068,standard,0,mpf,7000,500,-9999,-9999,300,300,300,179.367188,25,-1.621493,179.088943,179.489746,-0.400803,2.438197,2.445969,1.644403,0.918186,0.242493,-0.002389,0.483434,0.582208,89.800713,0.000638,2.40043,-0.000041,1,2.408421,-0.000039,1,0.60025,0.601702,0.107071,0,PSF-00232_20250828115532_d62,PFA-00245,PSA-00257,PSF-00232,RHS-00222,3.0.0,2021-01-19T12:57:14.097Z,MEASUREMENT_END
148,11:56:04,2025-08-28,Manual gsw+F,LI-COR Default,,148,,,0.009886,2.923694,0.009853,0.38595,0.780273,0.771597,3.848563,3.068289,9.567792,9.675379,47.722126,0.441786,7.5,PSF-00232_20250828115604_812,0,0,0,53.804398,132.647415,0.59438,0.5,0.8,238.945923,1,20.48,20.25,28.07,28.24,28.24,80.65,156.9,153.4,2.2,1005,3.875,11:52:06,2025-08-28,0.23,1,-0.001,0,0.01,-0.53,0.236,1.428,0,150,-9999,-9999,0.058905,0,0.02923,0,0,-0.000068,standard,0,mpf,7000,500,-9999,-9999,300,300,300,118.846535,25,-9.486822,119.08078,119.053665,0.027115,2.437186,2.445489,1.645411,0.921476,0.241386,0.001789,0.484547,0.944927,53.804398,0.000637,2.40043,-0.000041,1,2.408421,-0.000039,1,0.60025,0.601702,0.107071,0,PSF-00232_20250828115604_812,PFA-00245,PSA-00257,PSF-00232,RHS-00222,3.0.0,2021-01-19T12:57:14.097Z,MEASUREMENT_END
149,11:56:50,2025-08-28,Manual gsw+F,LI-COR Default,,149,,,0.012116,2.924674,0.012066,0.390367,0.625568,0.616782,3.17332,2.547751,7.64759,7.756535,39.346561,0.441786,7.5,PSF-00232_20250828115650_18c,0,0,0,104.376556,368.675873,0.716888,0.5,0.8,31.158484,1,16.33,16.1,28.16,24.97,24.97,80.65,157.1,152.2,3.1,109,3.846,11:52:06,2025-08-28,0.23,1,0,0,0.006,0.03,0.045,18.436,0,150,-9999,-9999,0.058905,0,0.02923,0,0,-0.000068,standard,0,mpf,7000,500,-9999,-9999,300,300,300,363.284821,25,-3.573088,362.294922,363.555969,-1.261047,2.430208,2.438471,1.646447,0.918447,0.240506,-0.037744,0.485338,0.197657,104.376556,0.000642,2.40043,-0.000041,1,2.408421,-0.000039,1,0.60025,0.601702,0.107071,0,PSF-00232_20250828115650_18c,PFA-00245,PSA-00257,PSF-00232,RHS-00222,3.0.0,2021-01-19T12:57:14.097Z,MEASUREMENT_END
150,11:57:27,2025-08-28,Manual gsw+F,LI-COR Default,,150,,,-0.003285,2.92316,-0.003288,-0.123186,0.672165,0.67494,3.612926,2.940761,8.369139,8.334738,44.799683,0.441786,7.5,PSF-00232_20250828115727_0e6,0,0,0,99.470612,299.440613,0.667812,0.5,0.8,36.864525,1,17.58,17.65,28.13,27.16,27.16,80.65,156.9,150.4,4.1,138,3.87,11:52:06,2025-08-28,0.23,1,0,-0.001,-0.001,0.04,0.124,-0.593,0,150,-9999,-9999,0.058905,0,0.02923,0,0,-0.000068,standard,0,mpf,7000,500,-9999,-9999,300,300,300,293.957245,25,-3.774415,292.890778,294.032227,-1.141449,2.432848,2.440614,1.644848,0.914007,0.240811,-0.011781,0.485693,0.222122,99.470612,0.000632,2.40043,-0.000041,1,2.408421,-0.000039,1,0.60025,0.601702,0.107071,0,PSF-00232_20250828115727_0e6,PFA-00245,PSA-00257,PSF-00232,RHS-00222,3.0.0,2021-01-19T12:57:14.097Z,MEASUREMENT_END
151,11:57:52,2025-08-28,Manual gsw+F,LI-COR Default,,151,,,0.014255,2.923089,0.014185,0.488111,0.642874,0.631877,3.349014,2.70614,7.835656,7.972021,41.529781,0.441786,7.5,PSF-00232_20250828115752_2c0,0,0,0,109.847549,406.007965,0.729445,0.5,0.8,37.314476,1,16.85,16.56,28.1,25.87,25.87,80.64,156.9,148.6,5.3,128,3.841,11:52:06,2025-08-28,0.23,1,0.001,0.003,0.008,0.132,0.648,1.05,0,150,-9999,-9999,0.058905,0,0.02923,0,0,-0.000068,standard,0,mpf,7000,500,-9999,-9999,300,300,300,387.972961,25,-12.318994,385.380859,388.355957,-2.975098,2.430996,2.439365,1.644773,0.9096,0.241131,-0.026463,0.485671,0.213686,109.847549,0.000623,2.40043,-0.000041,1,2.408421,-0.000039,1,0.60025,0.601702,0.107071,0,PSF-00232_20250828115752_2c0,PFA-00245,PSA-00257,PSF-00232,RHS-00222,3.0.0,2021-01-19T12:57:14.097Z,MEASUREMENT_END
152,11:58:10,2025-08-28,Manual gsw+F,LI-COR Default,,152,,,0.007857,2.925493,0.007836,0.239776,0.699181,0.693793,3.108414,2.409233,8.603424,8.670236,38.546082,0.441786,7.5,PSF-00232_20250828115810_d65,0,0,0,96.17543,404.943542,0.762497,0.5,0.8,38.151649,1,18.35,18.21,28.07,24.62,24.62,80.64,157.2,145,7.7,125,3.872,11:52:06,2025-08-28,0.23,1,-0.003,-0.001,0.008,0.698,2.09,5.286,0,150,-9999,-9999,0.058905,0,0.02923,0,0,-0.000068,standard,0,mpf,7000,500,-9999,-9999,300,300,300,397.033447,25,-4.556141,399.08017,398.415009,0.665161,2.4338,2.441937,1.647315,0.900832,0.241428,-0.040572,0.485807,0.211353,96.17543,0.000649,2.40043,-0.000041,1,2.408421,-0.000039,1,0.60025,0.601702,0.107071,0,PSF-00232_20250828115810_d65,PFA-00245,PSA-00257,PSF-00232,RHS-00222,3.0.0,2021-01-19T12:57:14.097Z,MEASUREMENT_END
153,11:58:29,2025-08-28,Manual gsw+F,LI-COR Default,,153,,,0.013376,2.922228,0.013315,0.431036,0.709312,0.699602,3.25575,2.546438,8.675327,8.79573,40.372509,0.441786,7.5,PSF-00232_20250828115829_58c,0,0,0,81.657532,272.033936,0.699826,0.5,0.8,97.388054,1,18.65,18.4,28.03,25.4,25.4,80.64,156.8,148.7,5.1,348,3.871,11:52:06,2025-08-28,0.23,1,-0.003,-0.001,0.011,2.487,8.685,9.358,0,150,-9999,-9999,0.058905,0,0.02923,0,0,-0.000068,standard,0,mpf,7000,500,-9999,-9999,300,300,300,272.033936,25,30.383947,281.124817,315.57135,-34.446533,2.434114,2.442445,1.643866,0.909819,0.241722,-0.03125,0.486066,0.397106,81.657532,0.000649,2.40043,-0.000041,1,2.408421,-0.000039,1,0.60025,0.601702,0.107071,0,PSF-00232_20250828115829_58c,PFA-00245,PSA-00257,PSF-00232,RHS-00222,3.0.0,2021-01-19T12:57:14.097Z,MEASUREMENT_END
154,11:58:55,2025-08-28,Manual gsw+F,LI-COR Default,,154,,,0.028269,2.922592,0.027998,0.943047,0.642746,0.621492,3.292698,2.649952,7.706821,7.970388,40.831188,0.441786,7.5,PSF-00232_20250828115855_7ee,0,0,0,81.89106,241.444885,0.660829,0.5,0.8,64.491341,1,16.94,16.38,28,25.59,25.59,80.64,156.8,153.9,1.8,244,3.871,11:52:06,2025-08-28,0.23,1,0.003,0.005,-0.002,0.813,0.948,-0.139,0,150,-9999,-9999,0.058905,0,0.02923,0,0,-0.000068,standard,0,mpf,7000,500,-9999,-9999,300,300,300,237.011078,25,-1.913507,241.831543,238.703003,3.12854,2.430697,2.439531,1.644249,0.922709,0.242049,-0.028641,0.486546,0.310469,81.89106,0.000642,2.40043,-0.000041,1,2.408421,-0.000039,1,0.60025,0.601702,0.107071,0,PSF-00232_20250828115855_7ee,PFA-00245,PSA-00257,PSF-00232,RHS-00222,3.0.0,2021-01-19T12:57:14.097Z,MEASUREMENT_END
155,11:59:17,2025-08-28,Manual gsw+F,LI-COR Default,,155,,,0.007661,2.923423,0.007641,0.297887,0.657961,0.651253,3.716455,3.058494,8.076076,8.15926,46.087132,0.441786,7.5,PSF-00232_20250828115917_b80,0,0,0,50.376175,89.314934,0.435971,0.5,0.8,121.804115,1,17.36,17.18,27.98,27.64,27.64,80.64,156.9,153.8,2,698,3.87,11:52:06,2025-08-28,0.23,1,-0.001,-0.001,0,2.455,3.781,2.135,0,150,-9999,-9999,0.058905,0,0.02923,0,0,-0.000068,standard,0,mpf,7000,500,-9999,-9999,300,300,300,84.458115,25,-3.569914,87.211136,84.19957,3.011566,2.432068,2.440253,1.645125,0.922291,0.242241,-0.004277,0.486967,0.68936,50.376175,0.000633,2.40043,-0.000041,1,2.408421,-0.000039,1,0.60025,0.601702,0.107071,0,PSF-00232_20250828115917_b80,PFA-00245,PSA-00257,PSF-00232,RHS-00222,3.0.0,2021-01-19T12:57:14.097Z,MEASUREMENT_END
156,11:59:36,2025-08-28,Manual gsw+F,LI-COR Default,,156,,,0.013738,2.923983,0.013674,0.475879,0.722813,0.71211,3.45652,2.733707,8.830536,8.963257,42.862659,0.441786,7.5,PSF-00232_20250828115936_68b,0,0,0,103.721382,424.024261,0.755388,0.5,0.8,278.75946,1,19.06,18.78,27.99,26.41,26.41,80.64,157,154.4,1.7,923,3.87,11:52:06,2025-08-28,0.23,1,0.001,0.005,0.01,0.201,0.623,3.543,0,150,-9999,-9999,0.058905,0,0.02923,0,0,-0.000068,standard,0,mpf,7000,500,-9999,-9999,300,300,300,408.241882,25,-11.042113,407.61853,408.201904,-0.583374,2.43476,2.44314,1.645716,0.92383,0.242193,-0.018898,0.487486,0.87619,103.827957,0.000646,2.40043,-0.000041,1,2.408421,-0.000039,1,0.60025,0.601702,0.107071,0,PSF-00232_20250828115936_68b,PFA-00245,PSA-00257,PSF-00232,RHS-00222,3.0.0,2021-01-19T12:57:14.097Z,MEASUREMENT_END
157,11:59:57,2025-08-28,Manual gsw+F,LI-COR Default,,157,,,0.010178,2.924029,0.010143,0.424752,0.693221,0.683664,3.972607,3.279386,8.477559,8.596061,49.261032,0.441786,7.5,PSF-00232_20250828115957_8dc,0,0,0,37.31525,69.102287,0.46,0.5,0.8,294.931152,1,18.28,18.02,27.99,28.79,28.79,80.64,157,131.9,16,1603,3.87,11:52:06,2025-08-28,0.23,1,0,-0.001,0.004,0.531,0.213,-3.835,0,150,-9999,-9999,0.058905,0,0.02923,0,0,-0.000068,standard,0,mpf,7000,500,-9999,-9999,300,300,300,69.102287,25,1.612424,66.428307,71.412743,-4.984436,2.433491,2.441812,1.645765,0.869403,0.242132,0.009278,0.487921,1.443351,37.31525,0.000634,2.40043,-0.000041,1,2.408421,-0.000039,1,0.60025,0.601702,0.107071,0,PSF-00232_20250828115957_8dc,PFA-00245,PSA-00257,PSF-00232,RHS-00222,3.0.0,2021-01-19T12:57:14.097Z,MEASUREMENT_END
158,12:00:27,2025-08-28,Manual gsw+F,LI-COR Default,,158,,,0.011076,2.923491,0.011034,0.433669,0.599733,0.589961,3.684869,3.085136,7.316027,7.43721,45.69558,0.441786,7.5,PSF-00232_20250828120027_d3f,0,0,0,71.974754,94.848152,0.241158,0.5,0.8,64.512238,1,15.8,15.54,28.01,27.5,27.5,80.64,156.9,150.6,4,669,3.869,11:52:06,2025-08-28,0.23,1,0,0,0.004,1.046,-0.404,-0.59,0,150,-9999,-9999,0.058905,0,0.02923,0,0,-0.000068,standard,0,mpf,7000,500,-9999,-9999,300,300,300,92.095253,25,-1.937086,91.456535,92.072487,-0.615952,2.429262,2.437567,1.645197,0.914542,0.242001,-0.006309,0.488641,0.664609,71.974754,0.000649,2.40043,-0.000041,1,2.408421,-0.000039,1,0.60025,0.601702,0.107071,0,PSF-00232_20250828120027_d3f,PFA-00245,PSA-00257,PSF-00232,RHS-00222,3.0.0,2021-01-19T12:57:14.097Z,MEASUREMENT_END
159,12:00:46,2025-08-28,Manual gsw+F,LI-COR Default,,159,,,0.006182,2.923733,0.006169,0.224878,0.713263,0.708204,3.574662,2.861399,8.782232,8.84497,44.328373,0.441786,7.5,PSF-00232_20250828120046_3be,0,0,0,76.478722,260.53421,0.706454,0.5,0.8,166.593277,1,18.78,18.65,28.01,26.98,26.98,80.64,157,153.4,2.3,590,3.847,11:52:06,2025-08-28,0.23,1,-0.001,0.002,0.009,1.703,-1.326,-0.826,0,150,-9999,-9999,0.058905,0,0.02923,0,0,-0.000068,standard,0,mpf,7000,500,-9999,-9999,300,300,300,228.124374,25,-21.37505,224.471207,229.905716,-5.434509,2.434538,2.442666,1.645453,0.921371,0.241947,-0.012498,0.489094,0.598553,76.478722,0.000657,2.40043,-0.000041,1,2.408421,-0.000039,1,0.60025,0.601702,0.107071,0,PSF-00232_20250828120046_3be,PFA-00245,PSA-00257,PSF-00232,RHS-00222,3.0.0,2021-01-19T12:57:14.097Z,MEASUREMENT_END
160,12:16:40,2025-08-28,Manual gsw+F,LI-COR Default,,160,,,0.005154,2.922889,0.005145,0.210832,0.605756,0.601006,3.818322,3.212565,7.455859,7.514797,47.368725,0.441786,7.5,PSF-00232_20250828121640_485,0,0,0,116.171478,303.944031,0.617787,0.5,0.8,26.637051,1,14.23,14.12,29.98,28.11,28.11,80.61,156.8,148.4,5.4,108,3.846,12:16:10,2025-08-28,0.24,1,0.002,0.002,-0.001,-0.2,0.597,-0.235,0,150,-9999,-9999,0.058905,0,0.02923,0,0,-0.000068,standard,0,mpf,7000,500,-9999,-9999,300,300,300,301.961304,25,-1.296832,301.257843,302.085785,-0.827942,2.426616,2.434637,1.644561,0.908995,0.223808,-0.022935,0.511427,0.196934,116.171478,0.000648,2.40043,-0.000041,1,2.408421,-0.000039,1,0.60025,0.601702,0.107071,0,PSF-00232_20250828121640_485,PFA-00245,PSA-00257,PSF-00232,RHS-00222,3.0.0,2021-01-19T12:57:14.097Z,MEASUREMENT_END
161,12:17:28,2025-08-28,Manual gsw+F,LI-COR Default,,161,,,0.004882,2.922941,0.004874,0.173387,0.575376,0.571468,3.372773,2.797396,7.089557,7.138043,41.842182,0.441786,7.5,PSF-00232_20250828121728_8a2,0,0,0,88.753578,372.866058,0.761969,0.5,0.8,27.890839,1,13.66,13.57,29.8,25.99,25.99,80.61,156.9,153.6,2.1,92,3.844,12:16:10,2025-08-28,0.24,1,0.001,0.001,0.003,-0.04,0.469,4.433,0,150,-9999,-9999,0.058905,0,0.02923,0,0,-0.000068,standard,0,mpf,7000,500,-9999,-9999,300,300,300,365.92984,25,-5.154679,365.617279,365.479858,0.137421,2.425665,2.433644,1.644616,0.921907,0.225415,-0.045581,0.511252,0.183359,88.753578,0.000642,2.40043,-0.000041,1,2.408421,-0.000039,1,0.60025,0.601702,0.107071,0,PSF-00232_20250828121728_8a2,PFA-00245,PSA-00257,PSF-00232,RHS-00222,3.0.0,2021-01-19T12:57:14.097Z,MEASUREMENT_END
162,12:17:55,2025-08-28,Manual gsw+F,LI-COR Default,,162,,,0.003015,2.922425,0.003012,0.119875,0.61247,0.609768,3.734465,3.121995,7.564376,7.597896,46.327282,0.441786,7.5,PSF-00232_20250828121755_69b,0,0,0,57.153938,259.198151,0.779497,0.5,0.8,29.533045,1,14.67,14.6,29.65,27.73,27.73,80.61,156.8,150.5,4,95,3.844,12:16:10,2025-08-28,0.24,1,0.001,0.001,0.005,0.221,-3.008,-19.495,0,150,-9999,-9999,0.058905,0,0.02923,0,0,-0.000068,standard,0,mpf,7000,500,-9999,-9999,300,300,300,229.189758,25,-20.051012,227.695587,230.466873,-2.771286,2.427481,2.435425,1.644073,0.914312,0.226737,-0.023451,0.511116,0.186035,57.153938,0.00064,2.40043,-0.000041,1,2.408421,-0.000039,1,0.60025,0.601702,0.107071,0,PSF-00232_20250828121755_69b,PFA-00245,PSA-00257,PSF-00232,RHS-00222,3.0.0,2021-01-19T12:57:14.097Z,MEASUREMENT_END
163,12:18:17,2025-08-28,Manual gsw+F,LI-COR Default,,163,,,0.005925,2.92303,0.005913,0.222229,0.615882,0.610876,3.566903,2.95102,7.57821,7.640319,44.249161,0.441786,7.5,PSF-00232_20250828121817_20f,0,0,0,84.433792,390.920807,0.784013,0.5,0.8,25.995813,1,14.85,14.73,29.53,26.94,26.94,80.61,156.9,65,58.6,83,3.843,12:16:10,2025-08-28,0.24,1,0.001,0.001,0.002,-1.194,-1.088,5.966,0,150,-9999,-9999,0.058905,0,0.02923,0,0,-0.000068,standard,0,mpf,7000,500,-9999,-9999,300,300,300,376.58609,25,-9.924843,377.473358,376.699402,0.773956,2.427716,2.43576,1.644711,0.723554,0.227829,-0.031222,0.511047,0.176177,84.433792,0.000641,2.40043,-0.000041,1,2.408421,-0.000039,1,0.60025,0.601702,0.107071,0,PSF-00232_20250828121817_20f,PFA-00245,PSA-00257,PSF-00232,RHS-00222,3.0.0,2021-01-19T12:57:14.097Z,MEASUREMENT_END
164,12:18:51,2025-08-28,Manual gsw+F,LI-COR Default,,164,,,0.007369,2.924227,0.00735,0.275066,0.596058,0.589865,3.535401,2.939343,7.317585,7.394406,43.858498,0.441786,7.5,PSF-00232_20250828121851_45e,0,0,0,137.099503,419.168488,0.672925,0.5,0.8,27.372143,1,14.53,14.38,29.35,26.79,26.79,80.61,157,154.1,1.9,102,3.84,12:16:10,2025-08-28,0.24,1,-0.001,-0.004,0,0.521,0.977,0.626,0,150,-9999,-9999,0.058905,0,0.02923,0,0,-0.000068,standard,0,mpf,7000,500,-9999,-9999,300,300,300,414.721741,25,-2.909256,414.181,414.999786,-0.818787,2.427118,2.43521,1.645975,0.923055,0.229497,-0.03076,0.51044,0.191848,137.099503,0.000642,2.40043,-0.000041,1,2.408421,-0.000039,1,0.60025,0.601702,0.107071,0,PSF-00232_20250828121851_45e,PFA-00245,PSA-00257,PSF-00232,RHS-00222,3.0.0,2021-01-19T12:57:14.097Z,MEASUREMENT_END
165,12:19:15,2025-08-28,Manual gsw+F,LI-COR Default,,165,,,-0.009754,2.92257,-0.009787,-0.365307,0.616062,0.624295,3.547285,2.931223,7.744629,7.642497,44.005516,0.441786,7.5,PSF-00232_20250828121915_91d,0,0,0,66.549538,217.676468,0.694273,0.5,0.8,28.741571,1,15.13,15.34,29.21,26.85,26.85,80.61,156.8,152.9,2.5,103,3.841,12:16:10,2025-08-28,0.24,1,-0.001,-0.003,-0.004,4.503,4.116,5.146,0,150,-9999,-9999,0.058905,0,0.02923,0,0,-0.000068,standard,0,mpf,7000,500,-9999,-9999,300,300,300,207.03363,25,-9.808763,201.780792,203.621399,-1.840607,2.428793,2.436283,1.644226,0.920167,0.230747,-0.028431,0.510455,0.193352,66.549538,0.000649,2.40043,-0.000041,1,2.408421,-0.000039,1,0.60025,0.601702,0.107071,0,PSF-00232_20250828121915_91d,PFA-00245,PSA-00257,PSF-00232,RHS-00222,3.0.0,2021-01-19T12:57:14.097Z,MEASUREMENT_END
166,12:19:38,2025-08-28,Manual gsw+F,LI-COR Default,,166,,,0.005545,2.92343,0.005534,0.21173,0.60656,0.601791,3.609641,3.003081,7.465976,7.525138,44.782124,0.441786,7.5,PSF-00232_20250828121938_12c,0,0,0,97.792267,356.700897,0.725842,0.5,0.8,29.544428,1,15.01,14.89,29.08,27.14,27.14,80.6,156.9,80.3,48.8,102,3.841,12:16:10,2025-08-28,0.24,1,0,0,-0.003,0.284,0.521,0.93,0,150,-9999,-9999,0.058905,0,0.02923,0,0,-0.000068,standard,0,mpf,7000,500,-9999,-9999,300,300,300,356.700897,25,0.355495,359.77829,357.210297,2.567993,2.428042,2.436082,1.645133,0.754875,0.231926,-0.023385,0.510258,0.191905,97.792267,0.000646,2.40043,-0.000041,1,2.408421,-0.000039,1,0.60025,0.601702,0.107071,0,PSF-00232_20250828121938_12c,PFA-00245,PSA-00257,PSF-00232,RHS-00222,3.0.0,2021-01-19T12:57:14.097Z,MEASUREMENT_END
167,12:20:32,2025-08-28,Manual gsw+F,LI-COR Default,,167,,,0.001748,2.922113,0.001747,0.068397,0.623869,0.622327,3.69412,3.070251,7.721444,7.740571,45.834316,0.441786,7.5,PSF-00232_20250828122032_497,0,0,0,55.822849,165.49649,0.662695,0.5,0.8,23.724852,1,15.7,15.67,28.79,27.54,27.54,80.6,156.8,153.9,1.8,90,3.839,12:16:10,2025-08-28,0.24,1,0,0.003,0.002,-0.734,-0.293,-3.721,0,150,-9999,-9999,0.058905,0,0.02923,0,0,-0.000068,standard,0,mpf,7000,500,-9999,-9999,300,300,300,144.68158,25,-15.044153,139.128693,143.93959,-4.810898,2.4294,2.437313,1.643745,0.92261,0.234622,-0.015198,0.510269,0.181686,55.822849,0.000643,2.40043,-0.000041,1,2.408421,-0.000039,1,0.60025,0.601702,0.107071,0,PSF-00232_20250828122032_497,PFA-00245,PSA-00257,PSF-00232,RHS-00222,3.0.0,2021-01-19T12:57:14.097Z,MEASUREMENT_END
168,12:21:21,2025-08-28,Manual gsw+F,LI-COR Default,,168,,,0.005889,2.921714,0.005877,0.226862,0.586388,0.58127,3.616629,3.030242,7.211854,7.275347,44.871746,0.441786,7.5,PSF-00232_20250828122121_bbd,0,0,0,126.741531,364.659607,0.652439,0.5,0.8,43.239464,1,14.94,14.81,28.57,27.18,27.18,80.6,156.7,107.7,31.2,166,3.836,12:16:10,2025-08-28,0.24,1,0,0,0.004,0.792,2.016,3.329,0,150,-9999,-9999,0.058905,0,0.02923,0,0,-0.000068,standard,0,mpf,7000,500,-9999,-9999,300,300,300,356.721283,25,-5.492036,355.256073,356.790009,-1.533936,2.427951,2.436011,1.643325,0.814001,0.236617,-0.016901,0.510434,0.245197,126.741531,0.000657,2.40043,-0.000041,1,2.408421,-0.000039,1,0.60025,0.601702,0.107071,0,PSF-00232_20250828122121_bbd,PFA-00245,PSA-00257,PSF-00232,RHS-00222,3.0.0,2021-01-19T12:57:14.097Z,MEASUREMENT_END
169,12:21:48,2025-08-28,Manual gsw+F,LI-COR Default,,169,,,0.003751,2.92152,0.003746,0.148793,0.56241,0.559052,3.679905,3.117495,6.935179,6.976841,45.650154,0.441786,7.5,PSF-00232_20250828122148_04e,0,0,0,36.448715,61.301708,0.405421,0.5,0.8,67.788139,1,14.43,14.34,28.46,27.47,27.47,80.61,156.7,130,17,418,3.838,12:16:10,2025-08-28,0.24,1,0,0.004,0.002,3.71,-1.722,-0.356,0,150,-9999,-9999,0.058905,0,0.02923,0,0,-0.000068,standard,0,mpf,7000,500,-9999,-9999,300,300,300,61.301708,25,3.298759,63.805817,66.028526,-2.22271,2.427138,2.435113,1.643121,0.864926,0.23767,-0.012053,0.510455,0.455554,37.114262,0.000637,2.40043,-0.000041,1,2.408421,-0.000039,1,0.60025,0.601702,0.107071,0,PSF-00232_20250828122148_04e,PFA-00245,PSA-00257,PSF-00232,RHS-00222,3.0.0,2021-01-19T12:57:14.097Z,MEASUREMENT_END
170,12:22:22,2025-08-28,Manual gsw+F,LI-COR Default,,170,,,0.009384,2.921843,0.009354,0.372322,0.603056,0.594659,3.725352,3.122296,7.377212,7.481383,46.215942,0.441786,7.5,PSF-00232_20250828122222_03e,0,0,0,64.243912,93.660942,0.31408,0.5,0.8,121.50515,1,15.53,15.31,28.4,27.68,27.68,80.61,156.7,154.2,1.6,967,3.835,12:16:10,2025-08-28,0.24,1,0,0.001,-0.001,-0.235,-0.146,-0.399,0,150,-9999,-9999,0.058905,0,0.02923,0,0,-0.000068,standard,0,mpf,7000,500,-9999,-9999,300,300,300,90.108994,25,-2.367851,89.587212,90.268028,-0.680817,2.428829,2.437044,1.643461,0.923332,0.238276,-0.008792,0.511208,0.913356,64.243912,0.000636,2.40043,-0.000041,1,2.408421,-0.000039,1,0.60025,0.601702,0.107071,0,PSF-00232_20250828122222_03e,PFA-00245,PSA-00257,PSF-00232,RHS-00222,3.0.0,2021-01-19T12:57:14.097Z,MEASUREMENT_END
171,12:22:41,2025-08-28,Manual gsw+F,LI-COR Default,,171,,,0.022786,2.921177,0.02261,1.113434,0.604839,0.579712,4.45042,3.845581,7.190823,7.502506,55.203629,0.441786,7.5,PSF-00232_20250828122241_2fc,0,0,0,83.481071,92.179863,0.094368,0.5,0.8,73.723976,1,15.6,14.95,28.37,30.76,30.76,80.62,156.6,14.6,90.7,1953,3.837,12:16:10,2025-08-28,0.24,1,0.002,0.005,0.009,-0.449,-0.97,-1.264,0,150,-9999,-9999,0.058905,0,0.02923,0,0,-0.000068,standard,0,mpf,7000,500,-9999,-9999,300,300,300,91.707588,25,-0.311058,91.794495,91.734146,0.060349,2.428203,2.437166,1.642762,0.627568,0.238514,0.028723,0.511971,1.735318,83.481071,0.000613,2.40043,-0.000041,1,2.408421,-0.000039,1,0.60025,0.601702,0.107071,0,PSF-00232_20250828122241_2fc,PFA-00245,PSA-00257,PSF-00232,RHS-00222,3.0.0,2021-01-19T12:57:14.097Z,MEASUREMENT_END
172,12:22:49,2025-08-28,Manual gsw+F,LI-COR Default,,172,,,-0.064033,2.923143,-0.065467,-1.959925,0.596436,0.640603,2.956789,2.360354,7.946,7.398155,36.675858,0.441786,7.5,PSF-00232_20250828122249_f1e,0,0,0,1.52564,1.570702,0.028689,0.5,0.8,23.379213,1,15.39,16.53,28.37,23.79,23.79,80.62,156.9,-9.9,106.3,2037,3.837,12:16:10,2025-08-28,0.24,1,-9999,-9999,-9999,-9999,-9999,-9999,0,150,-9999,-9999,0.058905,0,0.02923,0,0,-0.000068,standard,0,mpf,7000,500,-9999,-9999,300,300,300,1.570702,25,-0.015162,1.548529,1.548976,-0.000447,2.430915,2.4368,1.644829,0.584595,0.23858,-0.053675,0.512288,1.805534,1.527429,0.00063,2.40043,-0.000041,1,2.408421,-0.000039,1,0.60025,0.601702,0.107071,0,PSF-00232_20250828122249_f1e,PFA-00245,PSA-00257,PSF-00232,RHS-00222,3.0.0,2021-01-19T12:57:14.097Z,MEASUREMENT_END
173,12:23:01,2025-08-28,Manual gsw+F,LI-COR Default,,173,,,0.037678,2.923695,0.037199,1.784942,0.673516,0.633352,4.419513,3.745996,7.856597,8.354831,54.823143,0.441786,7.5,PSF-00232_20250828122301_084,0,0,0,72.122452,91.727272,0.213729,0.5,0.8,164.623688,1,17.38,16.34,28.36,30.64,30.64,80.61,156.9,36,77.1,1926,3.837,12:16:10,2025-08-28,0.24,1,0.002,0.001,0.014,-0.313,-0.674,-0.417,0,150,-9999,-9999,0.058905,0,0.02923,0,0,-0.000068,standard,0,mpf,7000,500,-9999,-9999,300,300,300,88.018654,25,-2.592756,87.928535,88.012085,-0.083549,2.430603,2.440234,1.645412,0.666968,0.238617,0.027354,0.512838,1.712393,72.122452,0.000619,2.40043,-0.000041,1,2.408421,-0.000039,1,0.60025,0.601702,0.107071,0,PSF-00232_20250828122301_084,PFA-00245,PSA-00257,PSF-00232,RHS-00222,3.0.0,2021-01-19T12:57:14.097Z,MEASUREMENT_END
174,12:23:28,2025-08-28,Manual gsw+F,LI-COR Default,,174,,,0.036543,2.922638,0.036092,1.706968,0.696546,0.658122,4.388222,3.691676,8.165413,8.642142,54.445286,0.441786,7.5,PSF-00232_20250828122328_e9b,0,0,0,51.163673,58.72126,0.128703,0.5,0.8,99.135933,1,17.96,16.97,28.37,30.52,30.52,80.6,156.8,15.7,90,1926,3.836,12:16:10,2025-08-28,0.24,1,0.007,0.007,0.003,-0.498,-0.673,-1.989,0,150,-9999,-9999,0.058905,0,0.02923,0,0,-0.000068,standard,0,mpf,7000,500,-9999,-9999,300,300,300,56.8074,25,-1.322224,56.586384,56.826633,-0.24025,2.431671,2.441223,1.644297,0.629544,0.238513,0.025694,0.513996,1.71245,51.163673,0.000617,2.40043,-0.000041,1,2.408421,-0.000039,1,0.60025,0.601702,0.107071,0,PSF-00232_20250828122328_e9b,PFA-00245,PSA-00257,PSF-00232,RHS-00222,3.0.0,2021-01-19T12:57:14.097Z,MEASUREMENT_END
175,12:23:48,2025-08-28,Manual gsw+F,LI-COR Default,,175,,,0.03097,2.922984,0.030646,1.414699,0.677528,0.645684,4.283775,3.606246,8.010944,8.406034,53.148407,0.441786,7.5,PSF-00232_20250828122348_9e7,0,0,0,91.533783,122.671288,0.253829,0.5,0.8,214.361038,1,17.45,16.63,28.39,30.1,30.1,80.6,156.9,153.6,2,2111,3.835,12:16:10,2025-08-28,0.24,1,0,0.001,0.014,-1.513,-3.083,-4.817,0,150,-9999,-9999,0.058905,0,0.02923,0,0,-0.000068,standard,0,mpf,7000,500,-9999,-9999,300,300,300,115.768791,25,-4.81188,115.631821,115.776299,-0.144478,2.431088,2.44035,1.644662,0.922009,0.238308,0.020285,0.51493,1.867179,91.533783,0.000618,2.40043,-0.000041,1,2.408421,-0.000039,1,0.60025,0.601702,0.107071,0,PSF-00232_20250828122348_9e7,PFA-00245,PSA-00257,PSF-00232,RHS-00222,3.0.0,2021-01-19T12:57:14.097Z,MEASUREMENT_END
176,12:24:10,2025-08-28,Manual gsw+F,LI-COR Default,,176,,,0.019898,2.922694,0.019764,0.886797,0.639414,0.619441,4.148251,3.508837,7.685963,7.933797,51.471127,0.441786,7.5,PSF-00232_20250828122410_b37,0,0,0,294.317017,353.694824,0.167879,0.5,0.8,115.341347,1,16.43,15.92,28.43,29.54,29.54,80.59,156.8,148.3,5.4,1718,3.834,12:16:10,2025-08-28,0.24,1,-0.001,-0.002,-0.006,-10.518,-20.824,-28.656,0,150,-9999,-9999,0.058905,0,0.02923,0,0,-0.000068,standard,0,mpf,7000,500,-9999,-9999,300,300,300,337.50058,25,-13.537834,328.865295,334.296326,-5.43103,2.429869,2.438603,1.644356,0.908828,0.237949,0.013022,0.516039,1.539008,294.317017,0.000616,2.40043,-0.000041,1,2.408421,-0.000039,1,0.60025,0.601702,0.107071,0,PSF-00232_20250828122410_b37,PFA-00245,PSA-00257,PSF-00232,RHS-00222,3.0.0,2021-01-19T12:57:14.097Z,MEASUREMENT_END
177,12:24:32,2025-08-28,Manual gsw+F,LI-COR Default,,177,,,0.01749,2.922689,0.017386,0.804783,0.640594,0.622469,4.257381,3.616788,7.724353,7.949265,52.830776,0.441786,7.5,PSF-00232_20250828122432_028,0,0,0,36.298515,34.86657,-0.041069,0.5,0.8,-22.33473,1,16.4,15.94,28.49,29.99,29.99,80.59,156.8,151.8,3.2,1360,3.834,12:16:10,2025-08-28,0.24,1,0.001,0.001,0.001,-7.437,-12.933,21.011,0,150,-9999,-9999,0.058905,0,0.02923,0,0,-0.000068,standard,0,mpf,7000,500,-9999,-9999,300,300,300,34.86657,25,-1.268945,39.12735,33.048286,6.079063,2.429898,2.438548,1.644351,0.917446,0.237371,0.017768,0.51719,1.240509,36.298515,0.000627,2.40043,-0.000041,1,2.408421,-0.000039,1,0.60025,0.601702,0.107071,0,PSF-00232_20250828122432_028,PFA-00245,PSA-00257,PSF-00232,RHS-00222,3.0.0,2021-01-19T12:57:14.097Z,MEASUREMENT_END
178,12:25:21,2025-08-28,Manual gsw+F,LI-COR Default,,178,,,0.008105,2.923413,0.008082,0.384808,0.657923,0.649261,4.376029,3.718106,8.054193,8.161649,54.285416,0.441786,7.5,PSF-00232_20250828122521_53b,0,0,0,131.594543,285.450745,0.538994,0.5,0.8,126.377151,1,16.7,16.48,28.65,30.47,30.47,80.61,156.9,142.1,9.5,586,3.802,12:16:10,2025-08-28,0.24,1,0.001,0.002,0.006,2.762,0.187,14.386,0,150,-9999,-9999,0.058905,0,0.02923,0,0,-0.000068,standard,0,mpf,7000,500,-9999,-9999,300,300,300,271.725647,25,-10.108031,267.37262,270.966858,-3.594238,2.430805,2.43904,1.645114,0.893572,0.235939,0.021776,0.519593,0.595745,131.594543,0.000627,2.40043,-0.000041,1,2.408421,-0.000039,1,0.60025,0.601702,0.107071,0,PSF-00232_20250828122521_53b,PFA-00245,PSA-00257,PSF-00232,RHS-00222,3.0.0,2021-01-19T12:57:14.097Z,MEASUREMENT_END
179,12:25:48,2025-08-28,Manual gsw+F,LI-COR Default,,179,,,0.032564,2.924674,0.032205,1.424802,0.714148,0.682137,4.171683,3.457534,8.463866,8.861061,51.761707,0.441786,7.5,PSF-00232_20250828122548_dee,0,0,0,84.514977,183.590134,0.539654,0.5,0.8,152.698822,1,17.98,17.18,28.78,29.63,29.63,80.59,157.1,153.2,2.5,707,3.833,12:16:10,2025-08-28,0.24,1,0.001,0.002,0.011,1.274,6.886,15.955,0,150,-9999,-9999,0.058905,0,0.02923,0,0,-0.000068,standard,0,mpf,7000,500,-9999,-9999,300,300,300,164.350037,25,-12.824122,162.537216,165.21434,-2.677124,2.43198,2.441218,1.646446,0.920793,0.234692,0.009996,0.521218,0.696803,84.514977,0.000631,2.40043,-0.000041,1,2.408421,-0.000039,1,0.60025,0.601702,0.107071,0,PSF-00232_20250828122548_dee,PFA-00245,PSA-00257,PSF-00232,RHS-00222,3.0.0,2021-01-19T12:57:14.097Z,MEASUREMENT_END
180,12:26:10,2025-08-28,Manual gsw+F,LI-COR Default,,180,,,0.013517,2.922513,0.013454,0.553243,0.693232,0.680774,3.913386,3.220154,8.444837,8.599371,48.544594,0.441786,7.5,PSF-00232_20250828122610_a64,0,0,0,120.127914,347.064667,0.653875,0.5,0.8,33.412022,1,17.37,17.06,28.87,28.53,28.53,80.61,156.8,147.1,6.2,128,3.832,12:16:10,2025-08-28,0.24,1,-0.001,-0.001,0.006,3.129,-1.939,6.219,0,150,-9999,-9999,0.058905,0,0.02923,0,0,-0.000068,standard,0,mpf,7000,500,-9999,-9999,300,300,300,333.436493,25,-9.384345,331.765289,333.617767,-1.852478,2.431766,2.440165,1.644166,0.905932,0.23388,-0.004383,0.522271,0.213569,120.127914,0.000643,2.40043,-0.000041,1,2.408421,-0.000039,1,0.60025,0.601702,0.107071,0,PSF-00232_20250828122610_a64,PFA-00245,PSA-00257,PSF-00232,RHS-00222,3.0.0,2021-01-19T12:57:14.097Z,MEASUREMENT_END
181,12:26:51,2025-08-28,Manual gsw+F,LI-COR Default,,181,,,0.034987,2.92234,0.034573,1.619676,0.714325,0.677869,4.370716,3.656391,8.411278,8.863634,54.233639,0.441786,7.5,PSF-00232_20250828122651_307,0,0,0,45.393349,86.511841,0.475293,0.5,0.8,207.553146,1,17.68,16.78,29.08,30.45,30.45,80.59,156.8,100.2,36.1,1092,3.802,12:26:38,2025-08-28,0.21,1,0.003,0,0.01,0.219,0.596,4.655,0,150,-9999,-9999,0.058905,0,0.02923,0,0,-0.000068,standard,0,mpf,7000,500,-9999,-9999,300,300,300,80.768112,25,-4.233294,79.740997,80.445915,-0.704918,2.431276,2.440723,1.643983,0.797373,0.231964,0.0163,0.524105,1.017198,45.393349,0.000637,2.40043,-0.000041,1,2.408421,-0.000039,1,0.60025,0.601702,0.107071,0,PSF-00232_20250828122651_307,PFA-00245,PSA-00257,PSF-00232,RHS-00222,3.0.0,2021-01-19T12:57:14.097Z,MEASUREMENT_END
182,12:27:13,2025-08-28,Manual gsw+F,LI-COR Default,,182,,,0.068608,2.92343,0.067034,3.021119,0.712369,0.644393,4.234782,3.522413,7.991871,8.834929,52.520523,0.441786,7.5,PSF-00232_20250828122713_b56,0,0,0,264.396423,328.051483,0.19404,0.5,0.8,131.310043,1,17.49,15.82,29.22,29.89,29.89,80.63,156.9,153.3,2.3,1692,3.83,12:26:38,2025-08-28,0.21,1,0.003,0.004,0,-4.559,-10.048,-4.465,0,150,-9999,-9999,0.058905,0,0.02923,0,0,-0.000068,standard,0,mpf,7000,500,-9999,-9999,300,300,300,312.971588,25,-11.61163,307.88504,311.413086,-3.528046,2.429631,2.440387,1.645132,0.921192,0.23069,0.007891,0.525145,1.517468,264.396423,0.000615,2.40043,-0.000041,1,2.408421,-0.000039,1,0.60025,0.601702,0.107071,0,PSF-00232_20250828122713_b56,PFA-00245,PSA-00257,PSF-00232,RHS-00222,3.0.0,2021-01-19T12:57:14.097Z,MEASUREMENT_END
183,12:27:49,2025-08-28,Manual gsw+F,LI-COR Default,,183,,,0.016771,2.922442,0.016675,0.885459,0.685743,0.665799,4.820963,4.13522,8.257738,8.505106,59.793221,0.441786,7.5,PSF-00232_20250828122749_f88,0,0,0,96.368912,105.71846,0.088438,0.5,0.8,68.18232,1,16.66,16.17,29.4,32.17,32.17,80.63,156.8,152,3,1927,3.829,12:26:38,2025-08-28,0.21,1,0.001,0.004,0.005,-0.49,-0.615,-0.912,0,150,-9999,-9999,0.058905,0,0.02923,0,0,-0.000068,standard,0,mpf,7000,500,-9999,-9999,300,300,300,103.323341,25,-1.668651,103.202461,103.327438,-0.124977,2.430208,2.438941,1.644091,0.918032,0.228974,0.033603,0.526363,1.713888,96.368912,0.000606,2.40043,-0.000041,1,2.408421,-0.000039,1,0.60025,0.601702,0.107071,0,PSF-00232_20250828122749_f88,PFA-00245,PSA-00257,PSF-00232,RHS-00222,3.0.0,2021-01-19T12:57:14.097Z,MEASUREMENT_END
184,12:28:03,2025-08-28,Manual gsw+F,LI-COR Default,,184,,,0.023794,2.923595,0.023602,1.137956,0.701,0.675397,4.463745,3.762744,8.376967,8.694523,55.363926,0.441786,7.5,PSF-00232_20250828122803_5ed,0,0,0,145.089981,175.26265,0.172157,0.5,0.8,128.563568,1,16.96,16.34,29.47,30.81,30.81,80.63,156.9,99,36.9,1867,3.829,12:26:38,2025-08-28,0.21,1,0.001,0,0.004,-1.779,-2.857,74.844,0,150,-9999,-9999,0.058905,0,0.02923,0,0,-0.000068,standard,0,mpf,7000,500,-9999,-9999,300,300,300,169.38472,25,-5.678853,164.461975,167.125366,-2.663391,2.430485,2.43945,1.645306,0.794731,0.228342,0.015969,0.526711,1.663495,145.089981,0.000616,2.40043,-0.000041,1,2.408421,-0.000039,1,0.60025,0.601702,0.107071,0,PSF-00232_20250828122803_5ed,PFA-00245,PSA-00257,PSF-00232,RHS-00222,3.0.0,2021-01-19T12:57:14.097Z,MEASUREMENT_END
185,12:28:45,2025-08-28,Manual gsw+F,LI-COR Default,,185,,,0.01616,2.923206,0.016071,0.827801,0.65042,0.631777,4.666555,4.016135,7.835633,8.066855,57.877064,0.441786,7.5,PSF-00232_20250828122845_502,0,0,0,28.269409,47.6861,0.407177,0.5,0.8,296.347321,1,15.54,15.09,29.69,31.59,31.59,80.63,156.9,152.8,2.6,1820,3.828,12:26:38,2025-08-28,0.21,1,0,0.001,0.005,-8.752,-44.443,9.495,0,150,-9999,-9999,0.058905,0,0.02923,0,0,-0.000068,standard,0,mpf,7000,500,-9999,-9999,300,300,300,47.6861,25,16.639347,61.442257,71.52877,-10.086514,2.428329,2.436989,1.644896,0.920015,0.226387,0.022935,0.527534,1.623953,28.269409,0.00062,2.40043,-0.000041,1,2.408421,-0.000039,1,0.60025,0.601702,0.107071,0,PSF-00232_20250828122845_502,PFA-00245,PSA-00257,PSF-00232,RHS-00222,3.0.0,2021-01-19T12:57:14.097Z,MEASUREMENT_END
186,12:29:11,2025-08-28,Manual gsw+F,LI-COR Default,,186,,,0.020992,2.923576,0.020843,1.059527,0.701981,0.67814,4.664527,3.962546,8.410154,8.705825,57.848507,0.441786,7.5,PSF-00232_20250828122911_142,0,0,0,68.128464,110.052879,0.380948,0.5,0.8,308.802734,1,16.65,16.08,29.82,31.59,31.59,80.63,156.9,153.9,2,2027,3.795,12:26:38,2025-08-28,0.21,1,0.003,0.004,0.011,-1.307,-6.139,-0.356,0,150,-9999,-9999,0.058905,0,0.02923,0,0,-0.000068,standard,0,mpf,7000,500,-9999,-9999,300,300,300,94.224571,25,-11.201723,91.777679,94.001831,-2.224152,2.430016,2.438888,1.645286,0.922534,0.225265,0.0213,0.52796,1.796539,68.128464,0.000618,2.40043,-0.000041,1,2.408421,-0.000039,1,0.60025,0.601702,0.107071,0,PSF-00232_20250828122911_142,PFA-00245,PSA-00257,PSF-00232,RHS-00222,3.0.0,2021-01-19T12:57:14.097Z,MEASUREMENT_END
187,12:29:29,2025-08-28,Manual gsw+F,LI-COR Default,,187,,,0.013346,2.924303,0.013286,0.710104,0.680958,0.664984,4.843398,4.162439,8.246324,8.444423,60.061977,0.441786,7.5,PSF-00232_20250828122929_f72,0,0,0,67.882774,117.255081,0.421068,0.5,0.8,348.319946,1,16.07,15.69,29.9,32.25,32.25,80.64,157,153.9,2,2068,3.827,12:26:38,2025-08-28,0.21,1,-0.002,-0.001,0.008,-0.955,-0.527,6.972,0,150,-9999,-9999,0.058905,0,0.02923,0,0,-0.000068,standard,0,mpf,7000,500,-9999,-9999,300,300,300,106.631042,25,-7.219634,107.000473,106.910004,0.090469,2.429343,2.437888,1.646055,0.922708,0.224507,0.028513,0.52833,1.831165,67.882774,0.000629,2.40043,-0.000041,1,2.408421,-0.000039,1,0.60025,0.601702,0.107071,0,PSF-00232_20250828122929_f72,PFA-00245,PSA-00257,PSF-00232,RHS-00222,3.0.0,2021-01-19T12:57:14.097Z,MEASUREMENT_END
188,12:29:49,2025-08-28,Manual gsw+F,LI-COR Default,,188,,,0.00123,2.923261,0.00123,0.058035,0.723641,0.722335,4.408418,3.684777,8.957915,8.97411,54.670258,0.441786,7.5,PSF-00232_20250828122949_12c,0,0,0,128.521088,203.377441,0.368066,0.5,0.8,34.515907,1,16.99,16.96,30,30.6,30.6,80.64,156.9,39.9,74.6,234,3.826,12:26:38,2025-08-28,0.21,1,-0.009,-0.011,0.001,-9.817,-1.275,-12.986,0,150,-9999,-9999,0.058905,0,0.02923,0,0,-0.000068,standard,0,mpf,7000,500,-9999,-9999,300,300,300,192.022919,25,-8.678796,188.241364,190.941513,-2.70015,2.431479,2.439446,1.644954,0.674464,0.223679,0.006913,0.528724,0.302517,131.569855,0.000624,2.40043,-0.000041,1,2.408421,-0.000039,1,0.60025,0.601702,0.107071,0,PSF-00232_20250828122949_12c,PFA-00245,PSA-00257,PSF-00232,RHS-00222,3.0.0,2021-01-19T12:57:14.097Z,MEASUREMENT_END
189,12:30:16,2025-08-28,Manual gsw+F,LI-COR Default,,189,,,0.014222,2.925106,0.014153,0.735548,0.694545,0.678016,4.742947,4.048402,8.41047,8.6155,58.833996,0.441786,7.5,PSF-00232_20250828123016_b50,0,0,0,93.940971,119.731148,0.215401,0.5,0.8,173.058792,1,16.19,15.81,30.12,31.88,31.88,80.62,157.1,60.3,61.6,2009,3.826,12:26:38,2025-08-28,0.21,1,0,0.002,0.008,-0.802,-2.722,-1.778,0,150,-9999,-9999,0.058905,0,0.02923,0,0,-0.000068,standard,0,mpf,7000,500,-9999,-9999,300,300,300,115.646484,25,-2.796803,115.793465,115.723587,0.069878,2.42951,2.438071,1.646905,0.714054,0.222602,0.021251,0.529061,1.781554,93.940971,0.000608,2.40043,-0.000041,1,2.408421,-0.000039,1,0.60025,0.601702,0.107071,0,PSF-00232_20250828123016_b50,PFA-00245,PSA-00257,PSF-00232,RHS-00222,3.0.0,2021-01-19T12:57:14.097Z,MEASUREMENT_END
190,12:30:41,2025-08-28,Manual gsw+F,LI-COR Default,,190,,,0.003039,2.92429,0.003036,0.155467,0.750412,0.74692,4.73771,3.987298,9.267193,9.310527,58.781796,0.441786,7.5,PSF-00232_20250828123041_683,0,0,0,23.121716,37.889942,0.389766,0.5,0.8,187.07132,1,17.36,17.28,30.25,31.86,31.86,80.6,157,-8.2,105.2,1200,3.825,12:26:38,2025-08-28,0.21,1,0.001,0.006,0.01,0.437,-0.341,-0.834,0,150,-9999,-9999,0.058905,0,0.02923,0,0,-0.000068,standard,0,mpf,7000,500,-9999,-9999,300,300,300,36.634327,25,-0.864932,36.954044,36.650574,0.303471,2.431999,2.440056,1.646041,0.587428,0.221455,0.019399,0.5297,1.107387,23.121716,0.000615,2.40043,-0.000041,1,2.408421,-0.000039,1,0.60025,0.601702,0.107071,0,PSF-00232_20250828123041_683,PFA-00245,PSA-00257,PSF-00232,RHS-00222,3.0.0,2021-01-19T12:57:14.097Z,MEASUREMENT_END
191,12:31:07,2025-08-28,Manual gsw+F,LI-COR Default,,191,,,0.003584,2.924343,0.00358,0.192884,0.725364,0.721029,4.916276,4.190912,8.945828,8.999606,60.996357,0.441786,7.5,PSF-00232_20250828123107_4d6,0,0,0,86.550591,142.480042,0.392542,0.5,0.8,176.673965,1,16.64,16.54,30.4,32.52,32.52,80.6,157,152.6,2.8,1125,3.824,12:26:38,2025-08-28,0.21,1,0,0.002,0.004,-2.231,-6.263,8.908,0,150,-9999,-9999,0.058905,0,0.02923,0,0,-0.000068,standard,0,mpf,7000,500,-9999,-9999,300,300,300,132.076263,25,-7.678513,128.977066,131.477432,-2.500366,2.43073,2.43881,1.646096,0.91939,0.220145,0.0257,0.530146,1.045109,86.550591,0.000624,2.40043,-0.000041,1,2.408421,-0.000039,1,0.60025,0.601702,0.107071,0,PSF-00232_20250828123107_4d6,PFA-00245,PSA-00257,PSF-00232,RHS-00222,3.0.0,2021-01-19T12:57:14.097Z,MEASUREMENT_END
192,12:31:30,2025-08-28,Manual gsw+F,LI-COR Default,,192,,,0.001313,2.923405,0.001313,0.08209,0.619173,0.617323,5.470269,4.851097,7.656416,7.679351,67.845566,0.441786,7.5,PSF-00232_20250828123130_d9d,0,0,0,72.080612,77.298042,0.067498,0.5,0.8,53.406227,1,14.1,14.06,30.53,34.42,34.42,80.63,156.9,153.4,2.3,1978,3.822,12:26:38,2025-08-28,0.21,1,0,0,0.002,0.366,-0.149,-1.032,0,150,-9999,-9999,0.058905,0,0.02923,0,0,-0.000068,standard,0,mpf,7000,500,-9999,-9999,300,300,300,77.298042,25,0.214929,77.847359,77.606018,0.241341,2.426456,2.434402,1.645106,0.921265,0.219037,0.04823,0.530423,1.756137,72.080612,0.0006,2.40043,-0.000041,1,2.408421,-0.000039,1,0.60025,0.601702,0.107071,0,PSF-00232_20250828123130_d9d,PFA-00245,PSA-00257,PSF-00232,RHS-00222,3.0.0,2021-01-19T12:57:14.097Z,MEASUREMENT_END
193,12:31:42,2025-08-28,Manual gsw+F,LI-COR Default,,193,,,0.050039,2.922549,0.049197,2.737266,0.685722,0.624075,5.01299,4.327268,7.740628,8.505264,62.177959,0.441786,7.5,PSF-00232_20250828123142_10a,0,0,0,55.436611,91.57634,0.39464,0.5,0.8,305.904114,1,15.55,14.16,30.6,32.86,32.86,80.62,156.8,150.3,4.1,1938,3.823,12:26:38,2025-08-28,0.21,1,0.001,0.002,0.035,0.75,-1.46,17.56,0,150,-9999,-9999,0.058905,0,0.02923,0,0,-0.000068,standard,0,mpf,7000,500,-9999,-9999,300,300,300,91.57634,25,3.937652,93.924881,97.218636,-3.293755,2.426622,2.43693,1.644203,0.913789,0.218459,0.027627,0.530658,1.722612,54.875492,0.000618,2.40043,-0.000041,1,2.408421,-0.000039,1,0.60025,0.601702,0.107071,0,PSF-00232_20250828123142_10a,PFA-00245,PSA-00257,PSF-00232,RHS-00222,3.0.0,2021-01-19T12:57:14.097Z,MEASUREMENT_END
194,12:32:06,2025-08-28,Manual gsw+F,LI-COR Default,,194,,,0.027481,2.923423,0.027225,1.547259,0.684136,0.649312,5.101933,4.417797,8.053303,8.485228,63.278423,0.441786,7.5,PSF-00232_20250828123206_d97,0,0,0,79.612968,130.064835,0.387898,0.5,0.8,315.366333,1,15.41,14.63,30.71,33.17,33.17,80.63,156.9,152.5,2.8,2033,3.823,12:26:38,2025-08-28,0.21,1,0.002,0.003,0.021,-1.088,-3.698,20.63,0,150,-9999,-9999,0.058905,0,0.02923,0,0,-0.000068,standard,0,mpf,7000,500,-9999,-9999,300,300,300,103.79541,25,-16.513292,101.865295,106.402794,-4.537498,2.427434,2.436678,1.645125,0.919241,0.217455,0.030116,0.530978,1.801535,79.612968,0.000621,2.40043,-0.000041,1,2.408421,-0.000039,1,0.60025,0.601702,0.107071,0,PSF-00232_20250828123206_d97,PFA-00245,PSA-00257,PSF-00232,RHS-00222,3.0.0,2021-01-19T12:57:14.097Z,MEASUREMENT_END
195,12:32:32,2025-08-28,Manual gsw+F,LI-COR Default,,195,,,0.015354,2.924527,0.015274,0.904818,0.705531,0.685192,5.303497,4.597965,8.499052,8.751348,65.784088,0.441786,7.5,PSF-00232_20250828123232_3de,0,0,0,68.723206,86.130585,0.202105,0.5,0.8,148.905884,1,15.78,15.32,30.85,33.87,33.87,80.62,157.1,54.1,65.6,1842,3.822,12:26:38,2025-08-28,0.21,1,0.002,0.005,-0.002,-0.25,-0.151,-0.364,0,150,-9999,-9999,0.058905,0,0.02923,0,0,-0.000068,standard,0,mpf,7000,500,-9999,-9999,300,300,300,83.970306,25,-1.417899,84.358337,84.098862,0.259476,2.428615,2.437292,1.646292,0.701853,0.216332,0.037238,0.53135,1.642643,68.723206,0.000614,2.40043,-0.000041,1,2.408421,-0.000039,1,0.60025,0.601702,0.107071,0,PSF-00232_20250828123232_3de,PFA-00245,PSA-00257,PSF-00232,RHS-00222,3.0.0,2021-01-19T12:57:14.097Z,MEASUREMENT_END
196,12:33:04,2025-08-28,Manual gsw+F,LI-COR Default,,196,,,0.037382,2.923162,0.03691,2.017102,0.698093,0.652694,4.949767,4.251673,8.095527,8.658628,61.393215,0.441786,7.5,PSF-00232_20250828123304_2e9,0,0,0,92.713593,155.812561,0.404967,0.5,0.8,276.943726,1,15.46,14.46,31.01,32.64,32.64,80.62,156.9,144,8.2,1710,3.821,12:26:38,2025-08-28,0.21,1,0.001,0,0.009,-1.625,-1.41,13.037,0,150,-9999,-9999,0.058905,0,0.02923,0,0,-0.000068,standard,0,mpf,7000,500,-9999,-9999,300,300,300,145.413635,25,-7.507113,143.194199,145.055557,-1.861359,2.427109,2.436735,1.64485,0.898341,0.214917,0.019676,0.531886,1.53237,92.713593,0.000616,2.40043,-0.000041,1,2.408421,-0.000039,1,0.60025,0.601702,0.107071,0,PSF-00232_20250828123304_2e9,PFA-00245,PSA-00257,PSF-00232,RHS-00222,3.0.0,2021-01-19T12:57:14.097Z,MEASUREMENT_END
197,12:33:32,2025-08-28,Manual gsw+F,LI-COR Default,,197,,,-0.003575,2.923075,-0.003579,-0.210232,0.684703,0.689436,5.24612,4.561417,8.551511,8.492807,65.070976,0.441786,7.5,PSF-00232_20250828123332_a41,0,0,0,85.776329,94.725609,0.094476,0.5,0.8,65.503494,1,15.05,15.15,31.15,33.67,33.67,80.62,156.9,153.5,2.1,1733,3.819,12:26:38,2025-08-28,0.21,1,-0.002,0,0.005,0.67,3.251,0.555,0,150,-9999,-9999,0.058905,0,0.02923,0,0,-0.000068,standard,0,mpf,7000,500,-9999,-9999,300,300,300,92.808365,25,-1.484555,91.944695,92.598373,-0.653679,2.428294,2.436005,1.644758,0.921676,0.21376,0.031002,0.532096,1.552105,85.046051,0.000604,2.40043,-0.000041,1,2.408421,-0.000039,1,0.60025,0.601702,0.107071,0,PSF-00232_20250828123332_a41,PFA-00245,PSA-00257,PSF-00232,RHS-00222,3.0.0,2021-01-19T12:57:14.097Z,MEASUREMENT_END
198,12:36:02,2025-08-28,Manual gsw+F,LI-COR Default,,198,,,0.023538,2.921552,0.023349,1.17915,0.732781,0.706219,4.667845,3.935064,8.759637,9.08909,57.897903,0.441786,7.5,PSF-00232_20250828123602_3a1,0,0,0,37.711143,86.733505,0.565207,0.5,0.8,346.771423,1,16.06,15.48,31.2,31.6,31.6,80.62,156.7,52.3,66.6,1534,3.816,12:26:38,2025-08-28,0.21,1,0,0,0.01,0.841,0.672,0.496,0,150,-9999,-9999,0.058905,0,0.02923,0,0,-0.000068,standard,0,mpf,7000,500,-9999,-9999,300,300,300,75.209854,25,-8.0857,72.809097,75.14743,-2.338333,2.428851,2.437748,1.643155,0.698332,0.21337,0.004528,0.531674,1.385776,37.711143,0.000626,2.40043,-0.000041,1,2.408421,-0.000039,1,0.60025,0.601702,0.107071,0,PSF-00232_20250828123602_3a1,PFA-00245,PSA-00257,PSF-00232,RHS-00222,3.0.0,2021-01-19T12:57:14.097Z,MEASUREMENT_END
199,12:36:19,2025-08-28,Manual gsw+F,LI-COR Default,,199,,,-0.002839,2.921911,-0.002842,-0.141806,0.751392,0.754584,4.640001,3.888609,9.360025,9.320426,57.55558,0.441786,7.5,PSF-00232_20250828123619_65e,0,0,0,80.564262,281.174133,0.713472,0.5,0.8,318.844727,1,16.46,16.53,31.21,31.49,31.49,80.62,156.7,153.9,1.8,1117,3.815,12:26:38,2025-08-28,0.21,1,-0.001,0.002,0,0.239,0.388,1.356,0,150,-9999,-9999,0.058905,0,0.02923,0,0,-0.000068,standard,0,mpf,7000,500,-9999,-9999,300,300,300,262.848267,25,-13.924163,256.987091,261.222076,-4.234985,2.430631,2.438423,1.643532,0.922511,0.213256,0.003062,0.531931,1.038472,80.564262,0.000618,2.40043,-0.000041,1,2.408421,-0.000039,1,0.60025,0.601702,0.107071,0,PSF-00232_20250828123619_65e,PFA-00245,PSA-00257,PSF-00232,RHS-00222,3.0.0,2021-01-19T12:57:14.097Z,MEASUREMENT_END
200,12:36:40,2025-08-28,Manual gsw+F,LI-COR Default,,200,,,-0.000572,2.922784,-0.000572,-0.031447,0.765808,0.766516,5.035903,4.270095,9.507171,9.498397,62.460815,0.441786,7.5,PSF-00232_20250828123640_030,0,0,0,54.67701,77.66301,0.295971,0.5,0.8,200.03212,1,16.74,16.76,31.24,32.94,32.94,80.62,156.8,150.5,4,1690,3.786,12:26:38,2025-08-28,0.21,1,0.003,0.004,-0.002,0.115,0.153,-1.173,0,150,-9999,-9999,0.058905,0,0.02923,0,0,-0.000068,standard,0,mpf,7000,500,-9999,-9999,300,300,300,74.765327,25,-2.038202,73.998932,74.742455,-0.743523,2.431015,2.438903,1.644451,0.91426,0.212976,0.020658,0.532459,1.515662,54.67701,0.000619,2.40043,-0.000041,1,2.408421,-0.000039,1,0.60025,0.601702,0.107071,0,PSF-00232_20250828123640_030,PFA-00245,PSA-00257,PSF-00232,RHS-00222,3.0.0,2021-01-19T12:57:14.097Z,MEASUREMENT_END
201,12:37:06,2025-08-28,Manual gsw+F,LI-COR Default,,201,,,0.002181,2.922363,0.00218,0.11412,0.730957,0.728388,4.807064,4.076107,9.034889,9.066754,59.626568,0.441786,7.5,PSF-00232_20250828123706_f47,0,0,0,88.912369,249.036682,0.642975,0.5,0.8,178.006317,1,15.91,15.86,31.32,32.12,32.12,80.62,156.8,154.2,1.6,692,3.815,12:36:56,2025-08-28,0.39,1,0,0,-0.003,0.344,0.955,2.737,0,150,-9999,-9999,0.058905,0,0.02923,0,0,-0.000068,standard,0,mpf,7000,500,-9999,-9999,300,300,300,224.292755,25,-18.710649,213.759186,222.226028,-8.466843,2.429484,2.437179,1.644007,0.923442,0.212369,0.00947,0.533035,0.684071,88.912369,0.000613,2.40043,-0.000041,1,2.408421,-0.000039,1,0.60025,0.601702,0.107071,0,PSF-00232_20250828123706_f47,PFA-00245,PSA-00257,PSF-00232,RHS-00222,3.0.0,2021-01-19T12:57:14.097Z,MEASUREMENT_END
202,12:37:34,2025-08-28,Manual gsw+F,LI-COR Default,,202,,,0.005498,2.923042,0.005488,0.324426,0.768034,0.760738,5.353072,4.585038,9.435923,9.526421,66.397575,0.441786,7.5,PSF-00232_20250828123734_023,0,0,0,71.25235,98.666962,0.27785,0.5,0.8,218.401443,1,16.63,16.47,31.42,34.03,34.03,80.62,156.9,144.3,8,1965,3.814,12:36:56,2025-08-28,0.39,1,0,0.001,0.001,-1.544,-3.437,-8.838,0,150,-9999,-9999,0.058905,0,0.02923,0,0,-0.000068,standard,0,mpf,7000,500,-9999,-9999,300,300,300,93.326927,25,-3.754463,92.826607,93.287155,-0.460548,2.43051,2.438389,1.644723,0.89912,0.211536,0.032278,0.534097,1.745318,71.25235,0.000606,2.40043,-0.000041,1,2.408421,-0.000039,1,0.60025,0.601702,0.107071,0,PSF-00232_20250828123734_023,PFA-00245,PSA-00257,PSF-00232,RHS-00222,3.0.0,2021-01-19T12:57:14.097Z,MEASUREMENT_END
203,12:38:08,2025-08-28,Manual gsw+F,LI-COR Default,,203,,,0.03485,2.922446,0.034439,1.624952,0.763945,0.727383,4.444847,3.680902,9.022593,9.476104,55.134678,0.441786,7.5,PSF-00232_20250828123808_826,0,0,0,98.555443,261.369049,0.622926,0.5,0.8,430.527893,1,16.44,15.66,31.52,30.74,30.74,80.62,156.8,61.1,61.1,1728,3.813,12:36:56,2025-08-28,0.39,1,-0.003,-0.002,0.017,-1.079,-3.109,-25.575,0,150,-9999,-9999,0.058905,0,0.02923,0,0,-0.000068,standard,0,mpf,7000,500,-9999,-9999,300,300,300,251.555084,25,-6.645582,251.306885,251.846542,-0.539658,2.429122,2.438068,1.644095,0.715667,0.210707,-0.009971,0.535309,1.547524,98.555443,0.000629,2.40043,-0.000041,1,2.408421,-0.000039,1,0.60025,0.601702,0.107071,0,PSF-00232_20250828123808_826,PFA-00245,PSA-00257,PSF-00232,RHS-00222,3.0.0,2021-01-19T12:57:14.097Z,MEASUREMENT_END
204,12:38:33,2025-08-28,Manual gsw+F,LI-COR Default,,204,,,0.019569,2.922145,0.019439,1.286544,0.69855,0.669572,5.8186,5.12005,8.305337,8.664782,72.173607,0.441786,7.5,PSF-00232_20250828123833_49e,0,0,0,75.284599,87.51712,0.139773,0.5,0.8,108.078781,1,14.99,14.36,31.58,35.54,35.54,80.62,156.8,153.7,1.9,1933,3.81,12:36:56,2025-08-28,0.39,1,0.002,0.002,0.008,-1.991,-2.045,1.727,0,150,-9999,-9999,0.058905,0,0.02923,0,0,-0.000068,standard,0,mpf,7000,500,-9999,-9999,300,300,300,84.700584,25,-1.891288,84.3097,84.807076,-0.497375,2.426896,2.435551,1.643779,0.922182,0.210214,0.049545,0.535914,1.718651,75.284599,0.000612,2.40043,-0.000041,1,2.408421,-0.000039,1,0.60025,0.601702,0.107071,0,PSF-00232_20250828123833_49e,PFA-00245,PSA-00257,PSF-00232,RHS-00222,3.0.0,2021-01-19T12:57:14.097Z,MEASUREMENT_END
205,12:38:50,2025-08-28,Manual gsw+F,LI-COR Default,,205,,,0.01045,2.922129,0.010412,0.56209,0.665552,0.652887,4.868153,4.202601,8.098646,8.255754,60.386372,0.441786,7.5,PSF-00232_20250828123850_cc6,0,0,0,92.815521,103.563187,0.103779,0.5,0.8,72.610054,1,14.23,13.96,31.63,32.34,32.34,80.62,156.8,150,4.3,1749,3.777,12:36:56,2025-08-28,0.39,1,0.002,0.001,0.007,-0.131,-0.236,3.776,0,150,-9999,-9999,0.058905,0,0.02923,0,0,-0.000068,standard,0,mpf,7000,500,-9999,-9999,300,300,300,102.809433,25,-0.477016,102.980377,102.879669,0.100708,2.426197,2.434236,1.643762,0.912957,0.20977,0.008368,0.535988,1.565289,92.815521,0.000596,2.40043,-0.000041,1,2.408421,-0.000039,1,0.60025,0.601702,0.107071,0,PSF-00232_20250828123850_cc6,PFA-00245,PSA-00257,PSF-00232,RHS-00222,3.0.0,2021-01-19T12:57:14.097Z,MEASUREMENT_END
206,12:39:09,2025-08-28,Manual gsw+F,LI-COR Default,,206,,,-0.004676,2.923617,-0.004683,-0.311041,0.64907,0.656072,5.789254,5.140184,8.13823,8.051376,71.812721,0.441786,7.5,PSF-00232_20250828123909_004,0,0,0,21.442652,22.609949,0.051628,0.5,0.8,41.843292,1,13.84,13.99,31.69,35.45,35.45,80.62,156.9,-8.6,105.4,2026,3.811,12:36:56,2025-08-28,0.39,1,-0.004,-0.005,-0.01,0.041,-0.068,-0.088,0,150,-9999,-9999,0.058905,0,0.02923,0,0,-0.000068,standard,0,mpf,7000,500,-9999,-9999,300,300,300,22.609949,25,-0.018818,22.650719,22.582985,0.067734,2.42623,2.433532,1.64533,0.586897,0.209292,0.046962,0.536344,1.79626,21.442652,0.000593,2.40043,-0.000041,1,2.408421,-0.000039,1,0.60025,0.601702,0.107071,0,PSF-00232_20250828123909_004,PFA-00245,PSA-00257,PSF-00232,RHS-00222,3.0.0,2021-01-19T12:57:14.097Z,MEASUREMENT_END
207,12:39:35,2025-08-28,Manual gsw+F,LI-COR Default,,207,,,0.02726,2.922522,0.027008,1.598523,0.724959,0.688979,5.317435,4.592476,8.546668,8.992994,65.961891,0.441786,7.5,PSF-00232_20250828123935_7bf,0,0,0,63.260796,72.825417,0.131336,0.5,0.8,103.502441,1,15.38,14.62,31.77,33.91,33.91,80.61,156.8,138.1,12,1970,3.811,12:36:56,2025-08-28,0.39,1,0.002,0,0.007,-0.096,-0.621,-1.944,0,150,-9999,-9999,0.058905,0,0.02923,0,0,-0.000068,standard,0,mpf,7000,500,-9999,-9999,300,300,300,70.167664,25,-1.918495,69.468498,70.076385,-0.607887,2.427321,2.436223,1.644175,0.883953,0.208634,0.026385,0.536519,1.749551,63.260796,0.000602,2.40043,-0.000041,1,2.408421,-0.000039,1,0.60025,0.601702,0.107071,0,PSF-00232_20250828123935_7bf,PFA-00245,PSA-00257,PSF-00232,RHS-00222,3.0.0,2021-01-19T12:57:14.097Z,MEASUREMENT_END
208,12:40:09,2025-08-28,Manual gsw+F,LI-COR Default,,208,,,0.015331,2.924806,0.015251,0.81091,0.708521,0.690299,4.846928,4.138407,8.563393,8.789444,60.127754,0.441786,7.5,PSF-00232_20250828124009_fae,0,0,0,82.111,253.757294,0.676419,0.5,0.8,261.135956,1,14.95,14.56,31.87,32.26,32.26,80.61,157.1,142.6,9.2,965,3.809,12:36:56,2025-08-28,0.39,1,0.003,0.005,-0.001,0.333,0.509,18.173,0,150,-9999,-9999,0.058905,0,0.02923,0,0,-0.000068,standard,0,mpf,7000,500,-9999,-9999,300,300,300,240.529419,25,-9.046988,239.209412,240.793777,-1.584366,2.427212,2.435458,1.646587,0.894835,0.207791,0.004411,0.537485,0.91168,82.111,0.000617,2.40043,-0.000041,1,2.408421,-0.000039,1,0.60025,0.601702,0.107071,0,PSF-00232_20250828124009_fae,PFA-00245,PSA-00257,PSF-00232,RHS-00222,3.0.0,2021-01-19T12:57:14.097Z,MEASUREMENT_END
209,12:40:27,2025-08-28,Manual gsw+F,LI-COR Default,,209,,,0.008307,2.923495,0.008284,0.373041,0.847796,0.839419,4.360885,3.513089,10.41282,10.516737,54.095879,0.441786,7.5,PSF-00232_20250828124027_573,0,0,0,31.354309,151.362946,0.792853,0.5,0.8,359.91925,1,17.84,17.66,31.92,30.41,30.41,80.61,156.9,114.2,27.2,1135,3.809,12:36:56,2025-08-28,0.39,1,-0.005,0,0.011,-0.013,0.303,0.263,0,150,-9999,-9999,0.058905,0,0.02923,0,0,-0.000068,standard,0,mpf,7000,500,-9999,-9999,300,300,300,143.687729,25,-6.068809,143.850082,142.666901,1.183182,2.432457,2.440386,1.645201,0.828524,0.20739,-0.019033,0.537946,1.053192,30.190229,0.000618,2.40043,-0.000041,1,2.408421,-0.000039,1,0.60025,0.601702,0.107071,0,PSF-00232_20250828124027_573,PFA-00245,PSA-00257,PSF-00232,RHS-00222,3.0.0,2021-01-19T12:57:14.097Z,MEASUREMENT_END
210,12:40:58,2025-08-28,Manual gsw+F,LI-COR Default,,210,,,0.056227,2.923915,0.055166,3.185502,0.828861,0.757335,5.306559,4.477698,9.394877,10.282168,65.828804,0.441786,7.5,PSF-00232_20250828124058_02f,0,0,0,71.382523,85.652428,0.166602,0.5,0.8,128.482513,1,17.36,15.86,32,33.88,33.88,80.61,157,9.9,93.7,1928,3.809,12:36:56,2025-08-28,0.39,1,0.003,0.006,0.02,-1.79,-2.171,-5.37,0,150,-9999,-9999,0.058905,0,0.02923,0,0,-0.000068,standard,0,mpf,7000,500,-9999,-9999,300,300,300,83.211067,25,-1.714448,84.420563,83.195778,1.224785,2.429424,2.439576,1.645644,0.619261,0.206754,0.023045,0.538697,1.714371,68.049789,0.000605,2.40043,-0.000041,1,2.408421,-0.000039,1,0.60025,0.601702,0.107071,0,PSF-00232_20250828124058_02f,PFA-00245,PSA-00257,PSF-00232,RHS-00222,3.0.0,2021-01-19T12:57:14.097Z,MEASUREMENT_END
211,12:41:18,2025-08-28,Manual gsw+F,LI-COR Default,,211,,,0.013222,2.924363,0.013163,0.710088,0.741954,0.725998,4.937433,4.195479,9.006419,9.204352,61.251629,0.441786,7.5,PSF-00232_20250828124118_9ba,0,0,0,50.873638,102.69548,0.504617,0.5,0.8,162.186981,1,15.49,15.16,32.05,32.59,32.59,80.61,157,141.7,9.8,804,3.808,12:36:56,2025-08-28,0.39,1,-0.003,-0.004,0.006,0.479,1.031,2.094,0,150,-9999,-9999,0.058905,0,0.02923,0,0,-0.000068,standard,0,mpf,7000,500,-9999,-9999,300,300,300,97.827675,25,-3.56402,96.716881,97.588562,-0.871681,2.428222,2.436386,1.646117,0.892719,0.206326,0.006249,0.539124,0.776938,50.873638,0.000608,2.40043,-0.000041,1,2.408421,-0.000039,1,0.60025,0.601702,0.107071,0,PSF-00232_20250828124118_9ba,PFA-00245,PSA-00257,PSF-00232,RHS-00222,3.0.0,2021-01-19T12:57:14.097Z,MEASUREMENT_END
212,12:41:38,2025-08-28,Manual gsw+F,LI-COR Default,,212,,,0.019121,2.924134,0.018996,1.278592,0.743942,0.71521,5.944253,5.200311,8.872852,9.229309,73.744095,0.441786,7.5,PSF-00232_20250828124138_e12,0,0,0,53.153873,60.425823,0.120345,0.5,0.8,99.396568,1,15.49,14.89,32.1,35.93,35.93,80.61,157,152.6,2.8,2065,3.807,12:36:56,2025-08-28,0.39,1,0,0.001,0.014,-0.251,0.545,3.098,0,150,-9999,-9999,0.058905,0,0.02923,0,0,-0.000068,standard,0,mpf,7000,500,-9999,-9999,300,300,300,59.869049,25,-0.372272,60.078979,59.892391,0.186588,2.427754,2.436372,1.645876,0.91943,0.205895,0.047939,0.539575,1.828454,53.527237,0.000609,2.40043,-0.000041,1,2.408421,-0.000039,1,0.60025,0.601702,0.107071,0,PSF-00232_20250828124138_e12,PFA-00245,PSA-00257,PSF-00232,RHS-00222,3.0.0,2021-01-19T12:57:14.097Z,MEASUREMENT_END
213,12:42:15,2025-08-28,Manual gsw+F,LI-COR Default,,213,,,0.048419,2.922477,0.04763,2.260347,0.744839,0.693973,4.447266,3.702426,8.608595,9.239574,55.167412,0.441786,7.5,PSF-00232_20250828124215_460,0,0,0,82.052704,301.940002,0.728248,0.5,0.8,505.775696,1,15.43,14.38,32.19,30.75,30.75,80.61,156.8,85.5,45.5,1736,3.806,12:36:56,2025-08-28,0.39,1,-0.002,0.001,0.01,0.126,0.272,0.766,0,150,-9999,-9999,0.058905,0,0.02923,0,0,-0.000068,standard,0,mpf,7000,500,-9999,-9999,300,300,300,275.708923,25,-19.298306,271.818634,274.287292,-2.468658,2.426862,2.436265,1.644128,0.765736,0.20519,-0.018225,0.540124,1.554552,81.975464,0.000628,2.40043,-0.000041,1,2.408421,-0.000039,1,0.60025,0.601702,0.107071,0,PSF-00232_20250828124215_460,PFA-00245,PSA-00257,PSF-00232,RHS-00222,3.0.0,2021-01-19T12:57:14.097Z,MEASUREMENT_END
214,12:42:38,2025-08-28,Manual gsw+F,LI-COR Default,,214,,,0.00338,2.922741,0.003376,0.161895,0.760707,0.757066,4.500236,3.739529,9.391449,9.436625,55.825706,0.441786,7.5,PSF-00232_20250828124238_d95,0,0,0,49.683453,144.466766,0.656091,0.5,0.8,201.777191,1,15.73,15.66,32.22,30.96,30.96,80.61,156.8,118.3,24.6,769,3.805,12:36:56,2025-08-28,0.39,1,0.002,0,-0.006,-0.866,-2.181,-3.117,0,150,-9999,-9999,0.058905,0,0.02923,0,0,-0.000068,standard,0,mpf,7000,500,-9999,-9999,300,300,300,136.018402,25,-6.28918,137.925629,135.454941,2.470688,2.429053,2.43678,1.644406,0.837716,0.204943,-0.016071,0.540372,0.748048,49.683453,0.000618,2.40043,-0.000041,1,2.408421,-0.000039,1,0.60025,0.601702,0.107071,0,PSF-00232_20250828124238_d95,PFA-00245,PSA-00257,PSF-00232,RHS-00222,3.0.0,2021-01-19T12:57:14.097Z,MEASUREMENT_END
215,12:42:43,2025-08-28,Manual gsw+F,LI-COR Default,,215,,,-0.034472,2.92333,-0.034884,-0.5764,0.751988,0.764948,2.0607,1.308712,9.489552,9.328772,25.563986,0.441786,7.5,PSF-00232_20250828124243_311,0,0,0,1.485944,1.523495,0.024648,0.5,0.8,14.747988,1,15.55,15.81,32.23,17.92,17.92,80.61,156.9,-9.9,106.3,1496,3.805,12:36:56,2025-08-28,0.39,1,-9999,-9999,-9999,-9999,-9999,-9999,0,150,-9999,-9999,0.058905,0,0.02923,0,0,-0.000068,standard,0,mpf,7000,500,-9999,-9999,300,300,300,1.523495,25,-0.001743,1.520634,1.520997,-0.000364,2.429322,2.436462,1.645027,0.584523,0.204903,-0.165629,0.540422,1.354131,1.485944,0.000613,2.40043,-0.000041,1,2.408421,-0.000039,1,0.60025,0.601702,0.107071,0,PSF-00232_20250828124243_311,PFA-00245,PSA-00257,PSF-00232,RHS-00222,3.0.0,2021-01-19T12:57:14.097Z,MEASUREMENT_END
216,12:42:58,2025-08-28,Manual gsw+F,LI-COR Default,,216,,,0.005072,2.923614,0.005064,0.278039,0.777876,0.771628,5.044634,4.266758,9.571672,9.649185,62.576286,0.441786,7.5,PSF-00232_20250828124258_1be,0,0,0,47.471523,77.974808,0.391194,0.5,0.8,296.768494,1,16.07,15.94,32.24,32.97,32.97,80.62,156.9,136.3,13.2,1897,3.805,12:36:56,2025-08-28,0.39,1,0,0.001,0.007,0.569,1.215,2.232,0,150,-9999,-9999,0.058905,0,0.02923,0,0,-0.000068,standard,0,mpf,7000,500,-9999,-9999,300,300,300,70.626495,25,-5.477527,68.011879,70.126007,-2.114128,2.42953,2.437355,1.645326,0.879764,0.204775,0.00862,0.540594,1.688173,47.471523,0.000624,2.40043,-0.000041,1,2.408421,-0.000039,1,0.60025,0.601702,0.107071,0,PSF-00232_20250828124258_1be,PFA-00245,PSA-00257,PSF-00232,RHS-00222,3.0.0,2021-01-19T12:57:14.097Z,MEASUREMENT_END
217,12:43:32,2025-08-28,Manual gsw+F,LI-COR Default,,217,,,0.016215,2.923727,0.016126,0.795633,0.720713,0.702823,4.567143,3.846431,8.719592,8.941542,56.662376,0.441786,7.5,PSF-00232_20250828124332_c27,0,0,0,103.4832,267.140533,0.612626,0.5,0.8,131.205322,1,14.87,14.5,32.26,31.22,31.22,80.6,157,117.8,24.9,535,3.804,12:36:56,2025-08-28,0.39,1,0.002,0.003,0.013,3.373,5.068,14.996,0,150,-9999,-9999,0.058905,0,0.02923,0,0,-0.000068,standard,0,mpf,7000,500,-9999,-9999,300,300,300,260.594116,25,-3.817945,264.663574,261.669769,2.993805,2.427077,2.435296,1.645446,0.836649,0.20465,-0.013352,0.539998,0.553436,103.4832,0.00062,2.40043,-0.000041,1,2.408421,-0.000039,1,0.60025,0.601702,0.107071,0,PSF-00232_20250828124332_c27,PFA-00245,PSA-00257,PSF-00232,RHS-00222,3.0.0,2021-01-19T12:57:14.097Z,MEASUREMENT_END
218,12:43:54,2025-08-28,Manual gsw+F,LI-COR Default,,218,,,0.022339,2.922762,0.022169,1.114604,0.801055,0.776,4.714773,3.913718,9.627704,9.938558,58.495399,0.441786,7.5,PSF-00232_20250828124354_b65,0,0,0,160.774475,317.809174,0.494116,0.5,0.8,117.512497,1,16.52,16.01,32.27,31.78,31.78,80.6,156.8,154.1,1.7,595,3.802,12:36:56,2025-08-28,0.39,1,-0.001,-0.003,0.012,-1.044,1.92,79.367,0,150,-9999,-9999,0.058905,0,0.02923,0,0,-0.000068,standard,0,mpf,7000,500,-9999,-9999,300,300,300,300.876984,25,-12.953806,294.318787,299.247559,-4.928772,2.429641,2.438128,1.644428,0.923129,0.204568,-0.00659,0.540252,0.602737,160.774475,0.000633,2.40043,-0.000041,1,2.408421,-0.000039,1,0.60025,0.601702,0.107071,0,PSF-00232_20250828124354_b65,PFA-00245,PSA-00257,PSF-00232,RHS-00222,3.0.0,2021-01-19T12:57:14.097Z,MEASUREMENT_END
219,12:44:17,2025-08-28,Manual gsw+F,LI-COR Default,,219,,,0.012167,2.903028,0.012116,0.602799,0.705949,0.692171,4.584453,3.878504,8.587702,8.75864,56.878887,0.441786,7.5,PSF-00232_20250828124417_51d,0,0,0,73.395966,216.854202,0.661542,0.5,0.8,119.391029,1,14.54,14.26,32.29,31.28,31.28,80.6,154.4,145.9,5.5,451,3.801,12:36:56,2025-08-28,0.39,1,0,-0.003,-0.002,0.468,1.791,4.242,0,150,-9999,-9999,0.058905,0,0.02923,0,0,-0.000068,standard,0,mpf,7000,500,-9999,-9999,300,300,300,206.933502,25,-6.926713,205.040573,206.928848,-1.888275,2.426651,2.434719,1.624115,0.902869,0.2044,-0.012925,0.540346,0.48321,73.790428,0.000622,2.40043,-0.000041,1,2.408421,-0.000039,1,0.60025,0.601702,0.107071,0,PSF-00232_20250828124417_51d,PFA-00245,PSA-00257,PSF-00232,RHS-00222,3.0.0,2021-01-19T12:57:14.097Z,MEASUREMENT_END
220,12:44:47,2025-08-28,Manual gsw+F,LI-COR Default,,220,,,0.014701,2.923652,0.014628,0.786098,0.77565,0.757986,4.953036,4.177387,9.404501,9.623652,61.4534,0.441786,7.5,PSF-00232_20250828124447_2df,0,0,0,93.165276,164.215958,0.432666,0.5,0.8,323.452301,1,15.96,15.6,32.31,32.65,32.65,80.6,156.9,122.1,22.2,1869,3.8,12:36:56,2025-08-28,0.39,1,0,0.001,0.006,-6.485,-8.182,-34.889,0,150,-9999,-9999,0.058905,0,0.02923,0,0,-0.000068,standard,0,mpf,7000,500,-9999,-9999,300,300,300,157.204987,25,-5.407697,156.042694,156.467224,-0.42453,2.428948,2.43717,1.645367,0.846451,0.204258,0.003749,0.540713,1.665158,93.165276,0.000636,2.40043,-0.000041,1,2.408421,-0.000039,1,0.60025,0.601702,0.107071,0,PSF-00232_20250828124447_2df,PFA-00245,PSA-00257,PSF-00232,RHS-00222,3.0.0,2021-01-19T12:57:14.097Z,MEASUREMENT_END
221,12:45:09,2025-08-28,Manual gsw+F,LI-COR Default,,221,,,0.026991,2.922175,0.026744,1.422416,0.728361,0.696345,4.866246,4.137885,8.639832,9.037078,60.377514,0.441786,7.5,PSF-00232_20250828124509_ba2,0,0,0,69.689156,159.907944,0.564192,0.5,0.8,314.613342,1,14.98,14.32,32.32,32.33,32.33,80.6,156.8,115.1,26.6,1394,3.801,12:36:56,2025-08-28,0.39,1,0.001,0.002,0.026,4.568,1.845,11.769,0,150,-9999,-9999,0.058905,0,0.02923,0,0,-0.000068,standard,0,mpf,7000,500,-9999,-9999,300,300,300,159.907944,25,9.170322,188.284271,173.048187,15.236084,2.426752,2.435471,1.64381,0.830503,0.20414,-0.000334,0.540943,1.269281,69.689156,0.000632,2.40043,-0.000041,1,2.408421,-0.000039,1,0.60025,0.601702,0.107071,0,PSF-00232_20250828124509_ba2,PFA-00245,PSA-00257,PSF-00232,RHS-00222,3.0.0,2021-01-19T12:57:14.097Z,MEASUREMENT_END
222,12:45:33,2025-08-28,Manual gsw+F,LI-COR Default,,222,,,0.046927,2.922336,0.046185,2.644624,0.819223,0.759769,5.260385,4.441161,9.426508,10.164154,65.265923,0.441786,7.5,PSF-00232_20250828124533_b4a,0,0,0,86.307053,125.716896,0.313481,0.5,0.8,231.203766,1,16.8,15.58,32.37,33.72,33.72,80.6,156.8,150.3,4.1,1844,3.8,12:36:56,2025-08-28,0.39,1,0,0.001,0.008,-2.207,-3.477,-3.217,0,150,-9999,-9999,0.058905,0,0.02923,0,0,-0.000068,standard,0,mpf,7000,500,-9999,-9999,300,300,300,116.539474,25,-6.335431,115.52346,116.638802,-1.115341,2.428912,2.438593,1.643979,0.913776,0.203764,0.016432,0.54124,1.644228,86.307053,0.000609,2.40043,-0.000041,1,2.408421,-0.000039,1,0.60025,0.601702,0.107071,0,PSF-00232_20250828124533_b4a,PFA-00245,PSA-00257,PSF-00232,RHS-00222,3.0.0,2021-01-19T12:57:14.097Z,MEASUREMENT_END
223,12:46:08,2025-08-28,Manual gsw+F,LI-COR Default,,223,,,-0.000227,2.924152,-0.000227,-0.005495,0.695222,0.695345,2.602385,1.907163,8.627142,8.625608,32.287754,0.441786,7.5,PSF-00232_20250828124608_df5,0,0,0,1.4956,1.514554,0.012515,0.5,0.8,5.569108,1,14.2,14.2,32.44,21.68,21.68,80.6,157,-9.1,105.8,1113,3.8,12:36:56,2025-08-28,0.39,1,-0.007,-0.016,0,0.074,-0.023,-0.016,0,150,-9999,-9999,0.058905,0,0.02923,0,0,-0.000068,standard,0,mpf,7000,500,-9999,-9999,300,300,300,1.514554,25,-0.017103,1.490951,1.490047,0.000904,2.426536,2.434103,1.645895,0.58593,0.203165,-0.127067,0.541125,1.034536,1.4956,0.00062,2.40043,-0.000041,1,2.408421,-0.000039,1,0.60025,0.601702,0.107071,0,PSF-00232_20250828124608_df5,PFA-00245,PSA-00257,PSF-00232,RHS-00222,3.0.0,2021-01-19T12:57:14.097Z,MEASUREMENT_END
224,12:46:38,2025-08-28,Manual gsw+F,LI-COR Default,,224,,,0.007997,2.922807,0.007975,0.484555,0.760781,0.749883,5.468802,4.708021,9.303304,9.438505,67.847778,0.441786,7.5,PSF-00232_20250828124638_74f,0,0,0,95.206978,119.513756,0.203381,0.5,0.8,156.87088,1,15.5,15.28,32.49,34.42,34.42,80.6,156.8,147.8,5.7,1928,3.799,12:36:56,2025-08-28,0.39,1,-0.001,-0.001,-0.003,-0.67,-2.828,-9.411,0,150,-9999,-9999,0.058905,0,0.02923,0,0,-0.000068,standard,0,mpf,7000,500,-9999,-9999,300,300,300,114.999176,25,-3.079748,114.536407,115.100754,-0.564346,2.428386,2.436361,1.644476,0.907655,0.202845,0.023818,0.541922,1.714631,95.206978,0.000612,2.40043,-0.000041,1,2.408421,-0.000039,1,0.60025,0.601702,0.107071,0,PSF-00232_20250828124638_74f,PFA-00245,PSA-00257,PSF-00232,RHS-00222,3.0.0,2021-01-19T12:57:14.097Z,MEASUREMENT_END
225,12:47:02,2025-08-28,Manual gsw+F,LI-COR Default,,225,,,0.025366,2.922839,0.025148,1.44803,0.793094,0.760542,5.260045,4.466951,9.435649,9.839509,65.258675,0.441786,7.5,PSF-00232_20250828124702_dd0,0,0,0,145.12825,173.642349,0.164212,0.5,0.8,133.596146,1,16.14,15.48,32.51,33.72,33.72,80.6,156.8,7.5,95.2,2034,3.799,12:36:56,2025-08-28,0.39,1,-0.001,-0.001,0.017,-1.734,-4.699,-15.062,0,150,-9999,-9999,0.058905,0,0.02923,0,0,-0.000068,standard,0,mpf,7000,500,-9999,-9999,300,300,300,170.620316,25,-2.0314,171.413544,170.731537,0.682007,2.428724,2.437456,1.644509,0.61493,0.202685,0.014724,0.542572,1.802674,147.086258,0.000608,2.40043,-0.000041,1,2.408421,-0.000039,1,0.60025,0.601702,0.107071,0,PSF-00232_20250828124702_dd0,PFA-00245,PSA-00257,PSF-00232,RHS-00222,3.0.0,2021-01-19T12:57:14.097Z,MEASUREMENT_END
226,12:47:50,2025-08-28,Manual gsw+F,LI-COR Default,,226,,,0.005156,2.92359,0.005147,0.313365,0.781601,0.774559,5.498235,4.716634,9.609233,9.696591,68.211441,0.441786,7.5,PSF-00232_20250828124750_f72,0,0,0,18.522263,22.16032,0.16417,0.5,0.8,124.028915,1,15.85,15.71,32.56,34.51,34.51,80.61,156.9,81,48.4,1889,3.796,12:47:27,2025-08-28,0.29,1,0,0.004,0.01,-0.034,-0.212,-0.38,0,150,-9999,-9999,0.058905,0,0.02923,0,0,-0.000068,standard,0,mpf,7000,500,-9999,-9999,300,300,300,21.776676,25,-0.254719,21.826744,21.795332,0.031412,2.429114,2.437132,1.645301,0.756259,0.202216,0.024053,0.543457,1.681647,18.522263,0.000622,2.40043,-0.000041,1,2.408421,-0.000039,1,0.60025,0.601702,0.107071,0,PSF-00232_20250828124750_f72,PFA-00245,PSA-00257,PSF-00232,RHS-00222,3.0.0,2021-01-19T12:57:14.097Z,MEASUREMENT_END
227,12:48:12,2025-08-28,Manual gsw+F,LI-COR Default,,227,,,0.019305,2.923732,0.019178,1.13761,0.75025,0.724683,5.3502,4.599949,8.991349,9.308578,66.381508,0.441786,7.5,PSF-00232_20250828124812_9cf,0,0,0,62.749027,109.183601,0.425289,0.5,0.8,137.786591,1,15.19,14.67,32.6,34.02,34.02,80.6,157,43.1,72.5,810,3.797,12:47:27,2025-08-28,0.29,1,0.004,0.005,0.002,0.075,0.593,1.617,0,150,-9999,-9999,0.058905,0,0.02923,0,0,-0.000068,standard,0,mpf,7000,500,-9999,-9999,300,300,300,101.580978,25,-5.410418,100.22628,101.430969,-1.204689,2.427329,2.43598,1.645451,0.680509,0.201918,0.01736,0.543799,0.78231,62.749027,0.00062,2.40043,-0.000041,1,2.408421,-0.000039,1,0.60025,0.601702,0.107071,0,PSF-00232_20250828124812_9cf,PFA-00245,PSA-00257,PSF-00232,RHS-00222,3.0.0,2021-01-19T12:57:14.097Z,MEASUREMENT_END
228,12:48:26,2025-08-28,Manual gsw+F,LI-COR Default,,228,,,0.019839,2.921011,0.019705,1.05496,0.784531,0.760778,4.946359,4.161828,9.438582,9.733272,61.36694,0.441786,7.5,PSF-00232_20250828124826_6fb,0,0,0,67.455765,170.480011,0.604319,0.5,0.8,138.764206,1,15.86,15.38,32.63,32.62,32.62,80.6,156.6,149.9,4.3,574,3.796,12:47:27,2025-08-28,0.29,1,0.004,0.005,0.013,1.912,2.968,30.755,0,150,-9999,-9999,0.058905,0,0.02923,0,0,-0.000068,standard,0,mpf,7000,500,-9999,-9999,300,300,300,159.951569,25,-9.974721,153.63765,156.187149,-2.5495,2.428537,2.437129,1.642588,0.912727,0.201706,-0.000552,0.544078,0.585641,67.455765,0.000632,2.40043,-0.000041,1,2.408421,-0.000039,1,0.60025,0.601702,0.107071,0,PSF-00232_20250828124826_6fb,PFA-00245,PSA-00257,PSF-00232,RHS-00222,3.0.0,2021-01-19T12:57:14.097Z,MEASUREMENT_END
229,12:48:49,2025-08-28,Manual gsw+F,LI-COR Default,,229,,,0.026211,2.923166,0.025978,1.436614,0.848494,0.816229,5.140336,4.291842,10.126602,10.526896,63.773899,0.441786,7.5,PSF-00232_20250828124849_49e,0,0,0,64.293625,171.108459,0.624252,0.5,0.8,281.43042,1,17.12,16.47,32.66,33.31,33.31,80.6,156.9,32.3,79.4,1127,3.795,12:47:27,2025-08-28,0.29,1,-0.003,0.001,-0.008,-1.143,2.345,1.853,0,150,-9999,-9999,0.058905,0,0.02923,0,0,-0.000068,standard,0,mpf,7000,500,-9999,-9999,300,300,300,159.279587,25,-8.975345,157.543655,158.247604,-0.703949,2.430381,2.439269,1.644854,0.660096,0.201444,0.00759,0.544694,1.046676,64.293625,0.000628,2.40043,-0.000041,1,2.408421,-0.000039,1,0.60025,0.601702,0.107071,0,PSF-00232_20250828124849_49e,PFA-00245,PSA-00257,PSF-00232,RHS-00222,3.0.0,2021-01-19T12:57:14.097Z,MEASUREMENT_END
230,12:49:06,2025-08-28,Manual gsw+F,LI-COR Default,,230,,,0.010222,2.923273,0.010186,0.543323,0.837583,0.825379,4.981869,4.144287,10.239836,10.391233,61.806149,0.441786,7.5,PSF-00232_20250828124906_99d,0,0,0,66.001297,116.546227,0.43369,0.5,0.8,162.415268,1,16.87,16.62,32.69,32.75,32.75,80.6,156.9,73.8,52.9,936,3.795,12:47:27,2025-08-28,0.29,1,0.002,0.001,-0.005,0.031,0.358,0.853,0,150,-9999,-9999,0.058905,0,0.02923,0,0,-0.000068,standard,0,mpf,7000,500,-9999,-9999,300,300,300,108.154892,25,-5.745962,107.478622,108.31279,-0.834167,2.430644,2.438848,1.644967,0.741496,0.201219,0.00026,0.544978,0.887587,65.730217,0.00061,2.40043,-0.000041,1,2.408421,-0.000039,1,0.60025,0.601702,0.107071,0,PSF-00232_20250828124906_99d,PFA-00245,PSA-00257,PSF-00232,RHS-00222,3.0.0,2021-01-19T12:57:14.097Z,MEASUREMENT_END
231,12:49:47,2025-08-28,Manual gsw+F,LI-COR Default,,231,,,0.014378,2.925824,0.014308,0.769934,0.806571,0.789308,4.987823,4.181252,9.792957,10.00715,61.884033,0.441786,7.5,PSF-00232_20250828124947_746,0,0,0,54.459572,97.74675,0.44285,0.5,0.8,157.929474,1,16.19,15.85,32.75,32.77,32.77,80.6,157.2,55.8,64.5,892,3.794,12:47:27,2025-08-28,0.29,1,0.004,0.006,0.02,0.186,0.456,15.73,0,150,-9999,-9999,0.058905,0,0.02923,0,0,-0.000068,standard,0,mpf,7000,500,-9999,-9999,300,300,300,89.699509,25,-5.634416,87.775467,89.673141,-1.897675,2.429328,2.437696,1.647665,0.705308,0.200783,-0.000167,0.545628,0.850331,54.459572,0.000613,2.40043,-0.000041,1,2.408421,-0.000039,1,0.60025,0.601702,0.107071,0,PSF-00232_20250828124947_746,PFA-00245,PSA-00257,PSF-00232,RHS-00222,3.0.0,2021-01-19T12:57:14.097Z,MEASUREMENT_END
232,12:50:08,2025-08-28,Manual gsw+F,LI-COR Default,,232,,,0.03764,2.908586,0.037159,2.015209,0.885255,0.839495,5.094315,4.20906,10.415348,10.98307,63.203529,0.441786,7.5,PSF-00232_20250828125008_8ea,0,0,0,33.521889,58.310509,0.425114,0.5,0.8,343.797791,1,17.76,16.84,32.76,33.15,33.15,80.6,155.1,147.4,5,2022,3.791,12:47:27,2025-08-28,0.29,1,-0.004,-0.002,0.008,-6.067,0.726,-2.057,0,150,-9999,-9999,0.058905,0,0.02923,0,0,-0.000068,standard,0,mpf,7000,500,-9999,-9999,300,300,300,58.310509,25,-0.779459,58.397057,57.193615,1.203442,2.430995,2.440333,1.629742,0.906493,0.200636,0.004297,0.545954,1.792583,33.521889,0.000612,2.40043,-0.000041,1,2.408421,-0.000039,1,0.60025,0.601702,0.107071,0,PSF-00232_20250828125008_8ea,PFA-00245,PSA-00257,PSF-00232,RHS-00222,3.0.0,2021-01-19T12:57:14.097Z,MEASUREMENT_END
233,12:50:24,2025-08-28,Manual gsw+F,LI-COR Default,,233,,,0.03897,2.925016,0.038458,1.92049,0.876494,0.833442,4.760629,3.884135,10.340668,10.874813,59.065975,0.441786,7.5,PSF-00232_20250828125024_dd6,0,0,0,89.679123,245.025406,0.634001,0.5,0.8,290.909485,1,17.55,16.69,32.79,31.95,31.95,80.6,157.1,107.8,31.4,1147,3.791,12:47:27,2025-08-28,0.29,1,0.001,-0.001,0.032,-0.947,-1.367,33.948,0,150,-9999,-9999,0.058905,0,0.02923,0,0,-0.000068,standard,0,mpf,7000,500,-9999,-9999,300,300,300,232.253555,25,-8.626198,236.176727,232.664856,3.511871,2.430747,2.439992,1.646809,0.81401,0.200429,-0.010983,0.546365,1.063389,92.211845,0.000609,2.40043,-0.000041,1,2.408421,-0.000039,1,0.60025,0.601702,0.107071,0,PSF-00232_20250828125024_dd6,PFA-00245,PSA-00257,PSF-00232,RHS-00222,3.0.0,2021-01-19T12:57:14.097Z,MEASUREMENT_END
234,12:51:47,2025-08-28,Manual gsw+F,LI-COR Default,,234,,,0.011602,2.915075,0.011556,0.625219,0.797118,0.782978,5.000996,4.203878,9.714422,9.88986,62.047474,0.441786,7.5,PSF-00232_20250828125147_e69,0,0,0,55.812477,107.948975,0.482974,0.5,0.8,129.347443,1,15.87,15.59,32.9,32.82,32.82,80.6,155.9,153.4,1.6,670,3.791,12:47:27,2025-08-28,0.29,1,-0.001,0,0.01,0.327,0.361,-0.517,0,150,-9999,-9999,0.058905,0,0.02923,0,0,-0.000068,standard,0,mpf,7000,500,-9999,-9999,300,300,300,102.246521,25,-3.986624,101.155403,102.236504,-1.0811,2.428872,2.437126,1.636404,0.921365,0.199602,-0.001469,0.547298,0.665244,55.812477,0.000607,2.40043,-0.000041,1,2.408421,-0.000039,1,0.60025,0.601702,0.107071,0,PSF-00232_20250828125147_e69,PFA-00245,PSA-00257,PSF-00232,RHS-00222,3.0.0,2021-01-19T12:57:14.097Z,MEASUREMENT_END
235,12:52:37,2025-08-28,Manual gsw+F,LI-COR Default,,235,,,0.01367,2.916844,0.013606,0.733545,0.794172,0.777606,4.983227,4.189055,9.648765,9.854321,61.833355,0.441786,7.5,PSF-00232_20250828125237_8c8,0,0,0,83.137749,196.605988,0.577135,0.5,0.8,404.312195,1,15.78,15.45,32.93,32.76,32.76,80.59,156.1,152.2,2.5,1751,3.791,12:47:27,2025-08-28,0.29,1,0,0.002,0.007,0.818,1.524,3.122,0,150,-9999,-9999,0.058905,0,0.02923,0,0,-0.000068,standard,0,mpf,7000,500,-9999,-9999,300,300,300,182.123428,25,-9.87043,183.171631,182.462555,0.709076,2.428637,2.436971,1.638237,0.918502,0.199336,-0.002684,0.547014,1.567141,83.137749,0.000618,2.40043,-0.000041,1,2.408421,-0.000039,1,0.60025,0.601702,0.107071,0,PSF-00232_20250828125237_8c8,PFA-00245,PSA-00257,PSF-00232,RHS-00222,3.0.0,2021-01-19T12:57:14.097Z,MEASUREMENT_END
236,12:52:57,2025-08-28,Manual gsw+F,LI-COR Default,,236,,,0.006301,2.884031,0.006287,0.337209,0.716237,0.708418,4.888384,4.172147,8.790101,8.887113,60.655384,0.441786,7.5,PSF-00232_20250828125257_5f5,0,0,0,124.631882,198.637115,0.372565,0.5,0.8,98.320107,1,14.23,14.07,32.93,32.41,32.41,80.59,152.2,144.3,5.2,660,3.788,12:47:27,2025-08-28,0.29,1,0.001,0.003,0.008,0.69,2.734,15.988,0,150,-9999,-9999,0.058905,0,0.02923,0,0,-0.000068,standard,0,mpf,7000,500,-9999,-9999,300,300,300,187.653427,25,-9.032477,181.629181,185.694397,-4.065216,2.426274,2.434292,1.605396,0.899042,0.199314,-0.006962,0.547023,0.657086,124.631882,0.000622,2.40043,-0.000041,1,2.408421,-0.000039,1,0.60025,0.601702,0.107071,0,PSF-00232_20250828125257_5f5,PFA-00245,PSA-00257,PSF-00232,RHS-00222,3.0.0,2021-01-19T12:57:14.097Z,MEASUREMENT_END
237,12:53:14,2025-08-28,Manual gsw+F,LI-COR Default,,237,,,0.005253,2.885671,0.005244,0.303034,0.698916,0.691898,5.18573,4.486814,8.58588,8.672972,64.350655,0.441786,7.5,PSF-00232_20250828125314_bf2,0,0,0,131.035919,142.477798,0.080306,0.5,0.8,55.890217,1,13.88,13.74,32.95,33.47,33.47,80.59,152.4,149.2,2.1,1740,3.785,12:47:27,2025-08-28,0.29,1,0,0.003,0.002,-0.892,-1.849,-3.074,0,150,-9999,-9999,0.058905,0,0.02923,0,0,-0.000068,standard,0,mpf,7000,500,-9999,-9999,300,300,300,141.835922,25,-0.407187,142.291183,141.894333,0.396851,2.425689,2.433674,1.606982,0.911024,0.199222,0.006012,0.546929,1.557578,131.393906,0.000599,2.40043,-0.000041,1,2.408421,-0.000039,1,0.60025,0.601702,0.107071,0,PSF-00232_20250828125314_bf2,PFA-00245,PSA-00257,PSF-00232,RHS-00222,3.0.0,2021-01-19T12:57:14.097Z,MEASUREMENT_END
238,12:53:27,2025-08-28,Manual gsw+F,LI-COR Default,,238,,,0.015576,2.883127,0.015492,0.889166,0.803497,0.782891,5.254813,4.451316,9.715066,9.970767,65.208122,0.441786,7.5,PSF-00232_20250828125327_6f2,0,0,0,80.551025,98.122078,0.179073,0.5,0.8,122.273788,1,15.95,15.54,32.95,33.7,33.7,80.59,152.1,138.9,8.6,1707,3.786,12:47:27,2025-08-28,0.29,1,0.003,0.003,0.011,-0.271,-0.301,-0.057,0,150,-9999,-9999,0.058905,0,0.02923,0,0,-0.000068,standard,0,mpf,7000,500,-9999,-9999,300,300,300,97.304466,25,-0.458879,98.189232,97.464546,0.724686,2.428785,2.437256,1.604524,0.886082,0.199184,0.008929,0.547134,1.530175,80.551025,0.000604,2.40043,-0.000041,1,2.408421,-0.000039,1,0.60025,0.601702,0.107071,0,PSF-00232_20250828125327_6f2,PFA-00245,PSA-00257,PSF-00232,RHS-00222,3.0.0,2021-01-19T12:57:14.097Z,MEASUREMENT_END
239,12:53:51,2025-08-28,Manual gsw+F,LI-COR Default,,239,,,0.003382,2.865745,0.003378,0.138051,0.767341,0.764098,3.964041,3.1967,9.480598,9.520838,49.184093,0.441786,7.5,PSF-00232_20250828125351_af9,0,0,0,153.406616,445.326721,0.655519,0.5,0.8,20.330164,1,15.25,15.18,32.93,28.75,28.75,80.6,150.1,140.3,6.6,78,3.753,12:47:27,2025-08-28,0.29,1,-0.002,-0.002,0.015,-1.339,-1.822,3.037,0,150,-9999,-9999,0.058905,0,0.02923,0,0,-0.000068,standard,0,mpf,7000,500,-9999,-9999,300,300,300,434.52359,25,-7.831775,431.326019,434.104492,-2.778473,2.428175,2.436051,1.588071,0.88929,0.199316,-0.051586,0.547387,0.171709,153.406616,0.000627,2.40043,-0.000041,1,2.408421,-0.000039,1,0.60025,0.601702,0.107071,0,PSF-00232_20250828125351_af9,PFA-00245,PSA-00257,PSF-00232,RHS-00222,3.0.0,2021-01-19T12:57:14.097Z,MEASUREMENT_END
240,12:54:23,2025-08-28,Manual gsw+F,LI-COR Default,,240,,,0.004907,2.862456,0.004899,0.208352,0.740792,0.735884,4.066453,3.325661,9.130469,9.19137,50.454468,0.441786,7.5,PSF-00232_20250828125423_7cc,0,0,0,95.733765,371.573914,0.742356,0.5,0.8,18.793201,1,14.8,14.7,32.84,29.19,29.19,80.6,149.8,144.2,3.7,63,3.783,12:47:27,2025-08-28,0.29,1,-0.001,-0.001,-0.002,-1.508,-0.946,16.909,0,150,-9999,-9999,0.058905,0,0.02923,0,0,-0.000068,standard,0,mpf,7000,500,-9999,-9999,300,300,300,371.573914,25,20.974211,368.509399,401.628052,-33.118652,2.427361,2.435288,1.585022,0.898722,0.200075,-0.045098,0.547341,0.159833,95.733765,0.000648,2.40043,-0.000041,1,2.408421,-0.000039,1,0.60025,0.601702,0.107071,0,PSF-00232_20250828125423_7cc,PFA-00245,PSA-00257,PSF-00232,RHS-00222,3.0.0,2021-01-19T12:57:14.097Z,MEASUREMENT_END
241,12:54:44,2025-08-28,Manual gsw+F,LI-COR Default,,241,,,0.017755,2.869736,0.017646,0.771467,0.660394,0.642302,4.080053,3.419659,7.970165,8.194667,50.628391,0.441786,7.5,PSF-00232_20250828125444_20e,0,0,0,92.778687,388.693817,0.761307,0.5,0.8,22.976946,1,13.26,12.89,32.75,29.25,29.25,80.59,150.6,147.2,2.2,75,3.786,12:47:27,2025-08-28,0.29,1,0,0.003,0.013,-0.217,-0.001,3.942,0,150,-9999,-9999,0.058905,0,0.02923,0,0,-0.000068,standard,0,mpf,7000,500,-9999,-9999,300,300,300,380.844727,25,-5.390467,383.020508,380.969757,2.050751,2.424235,2.432603,1.591797,0.906164,0.200766,-0.043306,0.546892,0.169973,92.778687,0.000643,2.40043,-0.000041,1,2.408421,-0.000039,1,0.60025,0.601702,0.107071,0,PSF-00232_20250828125444_20e,PFA-00245,PSA-00257,PSF-00232,RHS-00222,3.0.0,2021-01-19T12:57:14.097Z,MEASUREMENT_END
242,12:55:09,2025-08-28,Manual gsw+F,LI-COR Default,,242,,,0.005477,2.908465,0.005467,0.246909,0.662292,0.65667,4.192286,3.529994,8.148583,8.218344,52.021862,0.441786,7.5,PSF-00232_20250828125509_dca,0,0,0,80.140472,305.484344,0.737661,0.5,0.8,23.514383,1,13.39,13.28,32.62,29.72,29.72,80.59,155.1,135.8,12.4,80,3.804,12:47:27,2025-08-28,0.29,1,0.001,0.002,0.002,0.02,0.05,0.288,0,150,-9999,-9999,0.058905,0,0.02923,0,0,-0.000068,standard,0,mpf,7000,500,-9999,-9999,300,300,300,297.333252,25,-5.807629,295.186401,297.162537,-1.976135,2.424915,2.432847,1.62962,0.878528,0.201755,-0.036077,0.546353,0.173508,80.140472,0.000641,2.40043,-0.000041,1,2.408421,-0.000039,1,0.60025,0.601702,0.107071,0,PSF-00232_20250828125509_dca,PFA-00245,PSA-00257,PSF-00232,RHS-00222,3.0.0,2021-01-19T12:57:14.097Z,MEASUREMENT_END
243,13:06:18,2025-08-28,Manual gsw+F,LI-COR Default,,243,,,0.001585,2.92254,0.001584,0.090303,0.646587,0.644554,5.076154,4.429567,7.999974,8.025212,63.003422,0.441786,7.5,PSF-00232_20250828130618_981,0,0,0,63.520073,67.777351,0.062813,0.5,0.8,44.563377,1,15.2,15.15,29.97,33.08,33.08,80.57,156.8,152.6,2.7,1774,3.788,13:04:40,2025-08-28,0.2,1,0,0,0.002,0.024,-0.088,0.034,0,150,-9999,-9999,0.058905,0,0.02923,0,0,-0.000068,standard,0,mpf,7000,500,-9999,-9999,300,300,300,67.188263,25,-0.365924,67.48259,67.253014,0.229576,2.428401,2.436391,1.644194,0.919336,0.223877,0.038088,0.543371,1.585719,63.520073,0.0006,2.40043,-0.000041,1,2.408421,-0.000039,1,0.60025,0.601702,0.107071,0,PSF-00232_20250828130618_981,PFA-00245,PSA-00257,PSF-00232,RHS-00222,3.0.0,2021-01-19T12:57:14.097Z,MEASUREMENT_END
244,13:08:55,2025-08-28,Manual gsw+F,LI-COR Default,,244,,,0.000353,2.924796,0.000353,0.015333,0.666287,0.665942,4.064614,3.398328,8.266002,8.270279,50.451992,0.441786,7.5,PSF-00232_20250828130855_409,0,0,0,76.892494,233.945312,0.671323,0.5,0.8,102.818703,1,15.83,15.82,29.79,29.18,29.18,80.56,157.1,148,5.8,383,3.783,13:04:40,2025-08-28,0.2,1,-0.002,-0.001,0.011,-0.075,-0.066,1.497,0,150,-9999,-9999,0.058905,0,0.02923,0,0,-0.000068,standard,0,mpf,7000,500,-9999,-9999,300,300,300,219.34819,25,-10.037295,219.239838,219.56279,-0.322952,2.429569,2.437499,1.646576,0.908063,0.225514,-0.007702,0.546816,0.42628,76.892494,0.000648,2.40043,-0.000041,1,2.408421,-0.000039,1,0.60025,0.601702,0.107071,0,PSF-00232_20250828130855_409,PFA-00245,PSA-00257,PSF-00232,RHS-00222,3.0.0,2021-01-19T12:57:14.097Z,MEASUREMENT_END
245,13:09:43,2025-08-28,Manual gsw+F,LI-COR Default,,245,,,0.017454,2.922042,0.017351,0.691667,0.642904,0.627324,3.766673,3.123769,7.786575,7.979968,46.753357,0.441786,7.5,PSF-00232_20250828130943_fe5,0,0,0,82.565903,250.455383,0.670337,0.5,0.8,46.742119,1,15.34,14.97,29.71,27.87,27.87,80.56,156.7,135.8,13.3,174,3.782,13:04:40,2025-08-28,0.2,1,0.001,0.002,0.001,-2.088,-2.14,-1.56,0,150,-9999,-9999,0.058905,0,0.02923,0,0,-0.000068,standard,0,mpf,7000,500,-9999,-9999,300,300,300,250.455383,25,-6.032534,195.792313,241.81131,-46.018997,2.428117,2.436667,1.64367,0.87867,0.226226,-0.022402,0.547641,0.252399,82.565903,0.000628,2.40043,-0.000041,1,2.408421,-0.000039,1,0.60025,0.601702,0.107071,0,PSF-00232_20250828130943_fe5,PFA-00245,PSA-00257,PSF-00232,RHS-00222,3.0.0,2021-01-19T12:57:14.097Z,MEASUREMENT_END
246,13:10:40,2025-08-28,Manual gsw+F,LI-COR Default,,246,,,-0.002505,2.922599,-0.002507,-0.104861,0.654395,0.656756,3.92863,3.274235,8.15132,8.122019,48.760155,0.441786,7.5,PSF-00232_20250828131040_5c0,0,0,0,177.090164,369.192596,0.520331,0.5,0.8,31.636311,1,15.73,15.79,29.59,28.6,28.6,80.57,156.8,150.1,4.3,152,3.783,13:04:40,2025-08-28,0.2,1,-0.002,-0.001,0.002,-3.95,-8.257,-16.955,0,150,-9999,-9999,0.058905,0,0.02923,0,0,-0.000068,standard,0,mpf,7000,500,-9999,-9999,300,300,300,357.60141,25,-8.872868,352.58783,356.478577,-3.890747,2.429531,2.437347,1.644256,0.913161,0.227339,-0.012274,0.548124,0.23379,177.090164,0.000631,2.40043,-0.000041,1,2.408421,-0.000039,1,0.60025,0.601702,0.107071,0,PSF-00232_20250828131040_5c0,PFA-00245,PSA-00257,PSF-00232,RHS-00222,3.0.0,2021-01-19T12:57:14.097Z,MEASUREMENT_END
247,13:12:53,2025-08-28,Manual gsw+F,LI-COR Default,,247,,,0.030372,2.923349,0.030059,1.240846,0.63297,0.605044,3.865834,3.232864,7.510013,7.856641,47.984039,0.441786,7.5,PSF-00232_20250828131253_cac,0,0,0,102.866653,309.875427,0.668039,0.5,0.8,32.881275,1,15.48,14.8,29.28,28.32,28.32,80.57,156.9,24.1,84.6,123,3.779,13:04:40,2025-08-28,0.2,1,0.001,-0.001,-0.003,-0.4,-0.487,-0.509,0,150,-9999,-9999,0.058905,0,0.02923,0,0,-0.000068,standard,0,mpf,7000,500,-9999,-9999,300,300,300,297.519562,25,-8.444822,294.461487,297.77478,-3.313293,2.427863,2.436952,1.645047,0.644912,0.230091,-0.011895,0.548889,0.209655,102.866653,0.000646,2.40043,-0.000041,1,2.408421,-0.000039,1,0.60025,0.601702,0.107071,0,PSF-00232_20250828131253_cac,PFA-00245,PSA-00257,PSF-00232,RHS-00222,3.0.0,2021-01-19T12:57:14.097Z,MEASUREMENT_END
248,13:15:46,2025-08-28,Manual gsw+F,LI-COR Default,,248,,,0.003905,2.923791,0.0039,0.154767,0.685871,0.682392,3.793647,3.107776,8.471213,8.514403,47.094315,0.441786,7.5,PSF-00232_20250828131546_fbd,0,0,0,119.054672,389.513977,0.694351,0.5,0.8,47.849327,1,17.26,17.17,28.79,27.99,27.99,80.55,157,148.4,5.4,172,3.775,13:04:40,2025-08-28,0.2,1,0.002,0.002,0.001,0.446,0.884,1.189,0,150,-9999,-9999,0.058905,0,0.02923,0,0,-0.000068,standard,0,mpf,7000,500,-9999,-9999,300,300,300,384.034027,25,-3.529558,383.195404,384.456451,-1.261047,2.431973,2.440054,1.645514,0.909065,0.234596,-0.009827,0.549814,0.250696,119.054672,0.000634,2.40043,-0.000041,1,2.408421,-0.000039,1,0.60025,0.601702,0.107071,0,PSF-00232_20250828131546_fbd,PFA-00245,PSA-00257,PSF-00232,RHS-00222,3.0.0,2021-01-19T12:57:14.097Z,MEASUREMENT_END
249,13:16:49,2025-08-28,Manual gsw+F,LI-COR Default,,249,,,-0.001001,2.923862,-0.001001,-0.039049,0.686664,0.687542,3.742095,3.055431,8.536198,8.525301,46.460114,0.441786,7.5,PSF-00232_20250828131649_935,0,0,0,141.339539,447.443054,0.684117,0.5,0.8,49.875412,1,17.41,17.44,28.66,27.76,27.76,80.54,157,151.3,3.6,182,3.774,13:16:27,2025-08-28,0.24,1,0,-0.002,-0.001,-0.21,-0.982,-1.695,0,150,-9999,-9999,0.058905,0,0.02923,0,0,-0.000068,standard,0,mpf,7000,500,-9999,-9999,300,300,300,433.608765,25,-9.416992,431.303497,433.949371,-2.645874,2.432427,2.44025,1.645588,0.916102,0.235811,-0.011041,0.550452,0.259017,141.339539,0.000649,2.40043,-0.000041,1,2.408421,-0.000039,1,0.60025,0.601702,0.107071,0,PSF-00232_20250828131649_935,PFA-00245,PSA-00257,PSF-00232,RHS-00222,3.0.0,2021-01-19T12:57:14.097Z,MEASUREMENT_END
250,13:17:21,2025-08-28,Manual gsw+F,LI-COR Default,,250,,,0.002251,2.921294,0.002249,0.085338,0.694643,0.692721,3.668513,2.97387,8.599493,8.623352,45.541187,0.441786,7.5,PSF-00232_20250828131721_1be,0,0,0,127.475021,367.501892,0.653131,0.5,0.8,44.287827,1,17.69,17.64,28.59,27.42,27.42,80.55,156.7,86.1,45,170,3.773,13:16:27,2025-08-28,0.24,1,-0.001,0.001,0,-0.388,-0.801,-1.446,0,150,-9999,-9999,0.058905,0,0.02923,0,0,-0.000068,standard,0,mpf,7000,500,-9999,-9999,300,300,300,359.123108,25,-5.611744,357.485168,359.460785,-1.975616,2.432775,2.440722,1.642885,0.767036,0.236458,-0.014234,0.550833,0.248396,127.475021,0.000646,2.40043,-0.000041,1,2.408421,-0.000039,1,0.60025,0.601702,0.107071,0,PSF-00232_20250828131721_1be,PFA-00245,PSA-00257,PSF-00232,RHS-00222,3.0.0,2021-01-19T12:57:14.097Z,MEASUREMENT_END
251,13:17:58,2025-08-28,Manual gsw+F,LI-COR Default,,251,,,0.012801,2.923223,0.012745,0.466498,0.697516,0.687026,3.568061,2.870545,8.528551,8.658774,44.292927,0.441786,7.5,PSF-00232_20250828131758_062,0,0,0,111.502289,413.493256,0.730341,0.5,0.8,56.90443,1,17.84,17.57,28.51,26.95,26.95,80.56,156.9,151.7,3.3,195,3.772,13:16:27,2025-08-28,0.24,1,-0.001,-0.001,0.005,0.183,0.282,3.821,0,150,-9999,-9999,0.058905,0,0.02923,0,0,-0.000068,standard,0,mpf,7000,500,-9999,-9999,300,300,300,408.691406,25,-2.960041,410.501709,409.251801,1.249908,2.432677,2.440995,1.644914,0.91706,0.237207,-0.018859,0.551292,0.269459,111.502289,0.000643,2.40043,-0.000041,1,2.408421,-0.000039,1,0.60025,0.601702,0.107071,0,PSF-00232_20250828131758_062,PFA-00245,PSA-00257,PSF-00232,RHS-00222,3.0.0,2021-01-19T12:57:14.097Z,MEASUREMENT_END
252,13:18:30,2025-08-28,Manual gsw+F,LI-COR Default,,252,,,0.005186,2.922465,0.005177,0.196582,0.677111,0.672686,3.654062,2.976951,8.35044,8.405363,45.359951,0.441786,7.5,PSF-00232_20250828131830_7cb,0,0,0,101.99511,366.336853,0.721581,0.5,0.8,64.326157,1,17.38,17.27,28.45,27.35,27.35,80.56,156.8,138.3,11.8,223,3.771,13:16:27,2025-08-28,0.24,1,-0.001,-0.002,-0.002,0.261,0.131,1.505,0,150,-9999,-9999,0.058905,0,0.02923,0,0,-0.000068,standard,0,mpf,7000,500,-9999,-9999,300,300,300,353.580597,25,-8.687865,353.53125,353.887939,-0.356689,2.432162,2.440213,1.644115,0.884443,0.237754,-0.013371,0.551782,0.292867,101.99511,0.000639,2.40043,-0.000041,1,2.408421,-0.000039,1,0.60025,0.601702,0.107071,0,PSF-00232_20250828131830_7cb,PFA-00245,PSA-00257,PSF-00232,RHS-00222,3.0.0,2021-01-19T12:57:14.097Z,MEASUREMENT_END
253,13:19:14,2025-08-28,Manual gsw+F,LI-COR Default,,253,,,0.013328,2.922351,0.013267,0.518484,0.693207,0.681538,3.754596,3.061389,8.459851,8.604694,46.605335,0.441786,7.5,PSF-00232_20250828131914_7d5,0,0,0,100.132225,285.220734,0.648931,0.5,0.8,56.947155,1,17.86,17.56,28.38,27.82,27.82,80.56,156.8,153.4,2.2,219,3.77,13:16:27,2025-08-28,0.24,1,0,0.002,0.006,-0.203,0.104,-0.049,0,150,-9999,-9999,0.058905,0,0.02923,0,0,-0.000068,standard,0,mpf,7000,500,-9999,-9999,300,300,300,276.841156,25,-6.08876,274.179352,276.496094,-2.316742,2.43267,2.441043,1.643996,0.92132,0.238395,-0.00705,0.552404,0.289969,100.132225,0.000633,2.40043,-0.000041,1,2.408421,-0.000039,1,0.60025,0.601702,0.107071,0,PSF-00232_20250828131914_7d5,PFA-00245,PSA-00257,PSF-00232,RHS-00222,3.0.0,2021-01-19T12:57:14.097Z,MEASUREMENT_END
254,13:20:18,2025-08-28,Manual gsw+F,LI-COR Default,,254,,,0.003552,2.920774,0.003548,0.135566,0.740589,0.737536,3.733628,2.993039,9.155139,9.193036,46.346073,0.441786,7.5,PSF-00232_20250828132018_be6,0,0,0,49.314735,126.297356,0.609535,0.5,0.8,49.313194,1,19.17,19.1,28.3,27.72,27.72,80.56,156.6,123.2,21.3,202,3.768,13:16:27,2025-08-28,0.24,1,0,0,-0.006,2.174,2.652,-18.429,0,150,-9999,-9999,0.058905,0,0.02923,0,0,-0.000068,standard,0,mpf,7000,500,-9999,-9999,300,300,300,126.297356,25,18.294394,157.39917,152.511551,4.887619,2.435248,2.443264,1.642338,0.849002,0.23917,-0.007205,0.553525,0.275687,49.314735,0.000639,2.40043,-0.000041,1,2.408421,-0.000039,1,0.60025,0.601702,0.107071,0,PSF-00232_20250828132018_be6,PFA-00245,PSA-00257,PSF-00232,RHS-00222,3.0.0,2021-01-19T12:57:14.097Z,MEASUREMENT_END
255,13:21:33,2025-08-28,Manual gsw+F,LI-COR Default,,255,,,0.000703,2.923522,0.000703,0.027179,0.741059,0.740449,3.769341,3.028281,9.191298,9.19888,46.789375,0.441786,7.5,PSF-00232_20250828132133_3f2,0,0,0,102.124573,240.543243,0.575442,0.5,0.8,50.198444,1,19.25,19.24,28.24,27.88,27.88,80.56,156.9,152,3.1,218,3.766,13:16:27,2025-08-28,0.24,1,-0.001,-0.002,-0.005,0.536,1.087,27.913,0,150,-9999,-9999,0.058905,0,0.02923,0,0,-0.000068,standard,0,mpf,7000,500,-9999,-9999,300,300,300,235.228653,25,-3.574902,234.70903,235.420731,-0.7117,2.435492,2.443404,1.64523,0.917951,0.239741,-0.004542,0.555097,0.288883,102.124573,0.000629,2.40043,-0.000041,1,2.408421,-0.000039,1,0.60025,0.601702,0.107071,0,PSF-00232_20250828132133_3f2,PFA-00245,PSA-00257,PSF-00232,RHS-00222,3.0.0,2021-01-19T12:57:14.097Z,MEASUREMENT_END
256,13:22:15,2025-08-28,Manual gsw+F,LI-COR Default,,256,,,0.009039,2.923906,0.009011,0.359434,0.617914,0.609827,3.744238,3.126324,7.569659,7.670041,46.476475,0.441786,7.5,PSF-00232_20250828132215_953,0,0,0,128.815414,215.543167,0.402368,0.5,0.8,56.72353,1,16.06,15.85,28.24,27.77,27.77,80.56,157,130.4,16.9,352,3.765,13:16:27,2025-08-28,0.24,1,0.001,0.003,0,-7.25,-3.416,-5.326,0,150,-9999,-9999,0.058905,0,0.02923,0,0,-0.000068,standard,0,mpf,7000,500,-9999,-9999,300,300,300,207.05545,25,-6.351754,204.038498,206.441681,-2.403183,2.42977,2.437969,1.645635,0.865734,0.239791,-0.00584,0.555317,0.400886,128.815414,0.000666,2.40043,-0.000041,1,2.408421,-0.000039,1,0.60025,0.601702,0.107071,0,PSF-00232_20250828132215_953,PFA-00245,PSA-00257,PSF-00232,RHS-00222,3.0.0,2021-01-19T12:57:14.097Z,MEASUREMENT_END
257,13:24:09,2025-08-28,Manual gsw+F,LI-COR Default,,257,,,0.001918,2.924228,0.001917,0.091217,0.645138,0.643087,4.360093,3.714955,7.983003,8.008462,54.124325,0.441786,7.5,PSF-00232_20250828132409_22b,0,0,0,62.725067,75.019478,0.163883,0.5,0.8,125.675781,1,16.68,16.63,28.33,30.4,30.4,80.56,157,149.9,4.5,1917,3.73,13:16:27,2025-08-28,0.24,1,0,-0.002,-0.001,0.081,0.12,-3.875,0,150,-9999,-9999,0.058905,0,0.02923,0,0,-0.000068,standard,0,mpf,7000,500,-9999,-9999,300,300,300,73.432091,25,-1.081902,73.421005,73.469208,-0.048203,2.43109,2.439029,1.645975,0.912752,0.238938,0.024859,0.559161,1.705349,62.725067,0.000634,2.40043,-0.000041,1,2.408421,-0.000039,1,0.60025,0.601702,0.107071,0,PSF-00232_20250828132409_22b,PFA-00245,PSA-00257,PSF-00232,RHS-00222,3.0.0,2021-01-19T12:57:14.097Z,MEASUREMENT_END
258,13:25:01,2025-08-28,Manual gsw+F,LI-COR Default,,258,,,0.03706,2.921751,0.036596,1.826252,0.637421,0.596268,4.529212,3.89179,7.400548,7.911326,56.214096,0.441786,7.5,PSF-00232_20250828132501_ffc,0,0,0,65.059303,74.624825,0.128181,0.5,0.8,102.246536,1,16.38,15.32,28.43,31.07,31.07,80.57,156.7,19.2,87.8,1994,3.761,13:16:27,2025-08-28,0.24,1,0.001,0.006,0.009,-0.263,-0.321,-4.702,0,150,-9999,-9999,0.058905,0,0.02923,0,0,-0.000068,standard,0,mpf,7000,500,-9999,-9999,300,300,300,73.63343,25,-0.68061,73.736069,73.649574,0.086494,2.428847,2.438507,1.643365,0.63589,0.23797,0.031817,0.561221,1.769556,65.059303,0.00061,2.40043,-0.000041,1,2.408421,-0.000039,1,0.60025,0.601702,0.107071,0,PSF-00232_20250828132501_ffc,PFA-00245,PSA-00257,PSF-00232,RHS-00222,3.0.0,2021-01-19T12:57:14.097Z,MEASUREMENT_END
259,13:25:37,2025-08-28,Manual gsw+F,LI-COR Default,,259,,,0.00323,2.927966,0.003226,0.159767,0.597824,0.59424,4.462501,3.864676,7.375425,7.419911,55.386456,0.441786,7.5,PSF-00232_20250828132537_812,0,0,0,77.600952,87.58699,0.114013,0.5,0.8,91.689407,1,15.27,15.18,28.53,30.81,30.81,80.57,157.5,120.7,23.4,2011,3.761,13:16:27,2025-08-28,0.24,1,0,-0.001,-0.002,-0.135,-0.174,-0.012,0,150,-9999,-9999,0.058905,0,0.02923,0,0,-0.000068,standard,0,mpf,7000,500,-9999,-9999,300,300,300,86.988686,25,-0.398118,87.443947,87.016525,0.427422,2.428593,2.436578,1.649945,0.843275,0.237018,0.027379,0.562458,1.783171,77.600952,0.000607,2.40043,-0.000041,1,2.408421,-0.000039,1,0.60025,0.601702,0.107071,0,PSF-00232_20250828132537_812,PFA-00245,PSA-00257,PSF-00232,RHS-00222,3.0.0,2021-01-19T12:57:14.097Z,MEASUREMENT_END
260,13:26:16,2025-08-28,Manual gsw+F,LI-COR Default,,260,,,0.010594,2.92368,0.010555,0.550539,0.750092,0.737721,4.807829,4.057738,9.155536,9.309063,59.667885,0.441786,7.5,PSF-00232_20250828132616_af8,0,0,0,109.788895,123.338699,0.109858,0.5,0.8,84.623146,1,19.02,18.71,28.66,32.12,32.12,80.58,156.9,102.6,34.6,1926,3.758,13:16:27,2025-08-28,0.24,1,0.002,0.005,0.007,-0.423,-0.355,-3.739,0,150,-9999,-9999,0.058905,0,0.02923,0,0,-0.000068,standard,0,mpf,7000,500,-9999,-9999,300,300,300,123.338699,25,0.100663,124.391556,123.482941,0.908615,2.434558,2.442964,1.645397,0.802644,0.235793,0.042068,0.564859,1.712495,109.788895,0.000608,2.40043,-0.000041,1,2.408421,-0.000039,1,0.60025,0.601702,0.107071,0,PSF-00232_20250828132616_af8,PFA-00245,PSA-00257,PSF-00232,RHS-00222,3.0.0,2021-01-19T12:57:14.097Z,MEASUREMENT_END
261,13:26:55,2025-08-28,Manual gsw+F,LI-COR Default,,261,,,0.003773,2.924021,0.003768,0.191124,0.678578,0.674281,4.631131,3.952553,8.367976,8.421308,57.473354,0.441786,7.5,PSF-00232_20250828132655_ce9,0,0,0,134.67157,146.842728,0.082886,0.5,0.8,50.293205,1,17.04,16.93,28.83,31.46,31.46,80.58,157,60.9,61.2,1517,3.758,13:16:27,2025-08-28,0.24,1,-0.004,-0.007,0.003,-0.162,-0.133,1.417,0,150,-9999,-9999,0.058905,0,0.02923,0,0,-0.000068,standard,0,mpf,7000,500,-9999,-9999,300,300,300,146.168945,25,-0.447996,146.273376,146.20079,0.072586,2.431561,2.439599,1.645756,0.715268,0.234253,0.031822,0.566809,1.371703,134.67157,0.000609,2.40043,-0.000041,1,2.408421,-0.000039,1,0.60025,0.601702,0.107071,0,PSF-00232_20250828132655_ce9,PFA-00245,PSA-00257,PSF-00232,RHS-00222,3.0.0,2021-01-19T12:57:14.097Z,MEASUREMENT_END
262,13:28:46,2025-08-28,Manual gsw+F,LI-COR Default,,262,,,-0.001825,2.923619,-0.001826,-0.099555,0.742447,0.744685,4.980372,4.237925,9.24007,9.212304,61.796581,0.441786,7.5,PSF-00232_20250828132846_074,0,0,0,153.474564,181.266861,0.153323,0.5,0.8,121.964127,1,17.99,18.04,29.45,32.75,32.75,80.59,156.9,153.1,2.5,1989,3.755,13:27:23,2025-08-28,0,1,-0.005,-0.002,0.005,-2.123,-4.942,-13.112,0,150,-9999,-9999,0.058905,0,0.02923,0,0,-0.000068,standard,0,mpf,7000,500,-9999,-9999,300,300,300,176.040527,25,-3.627501,175.585266,176.068985,-0.483719,2.433359,2.441547,1.645332,0.920562,0.228554,0.040259,0.571717,1.764979,153.474564,0.000605,2.40043,-0.000041,1,2.408421,-0.000039,1,0.60025,0.601702,0.107071,0,PSF-00232_20250828132846_074,PFA-00245,PSA-00257,PSF-00232,RHS-00222,3.0.0,2021-01-19T12:57:14.097Z,MEASUREMENT_END
263,13:30:30,2025-08-28,Manual gsw+F,LI-COR Default,,263,,,0.006448,2.922381,0.006434,0.364913,0.594976,0.586749,5.007629,4.412653,7.279589,7.381654,62.127857,0.441786,7.5,PSF-00232_20250828133030_853,0,0,0,93.650223,101.369789,0.076153,0.5,0.8,57.368549,1,14.06,13.86,29.88,32.84,32.84,80.6,156.8,153.7,2,1883,3.75,13:27:23,2025-08-28,0,1,-0.001,0,0,-0.369,-1.319,-3.105,0,150,-9999,-9999,0.058905,0,0.02923,0,0,-0.000068,standard,0,mpf,7000,500,-9999,-9999,300,300,300,100.632545,25,-0.496061,100.628258,100.658981,-0.030724,2.426177,2.434753,1.644027,0.922029,0.224676,0.036156,0.573875,1.677158,93.650223,0.000598,2.40043,-0.000041,1,2.408421,-0.000039,1,0.60025,0.601702,0.107071,0,PSF-00232_20250828133030_853,PFA-00245,PSA-00257,PSF-00232,RHS-00222,3.0.0,2021-01-19T12:57:14.097Z,MEASUREMENT_END
264,13:31:09,2025-08-28,Manual gsw+F,LI-COR Default,,264,,,-0.039127,2.923631,-0.039657,-1.981687,0.581844,0.626484,4.483099,3.901255,7.772339,7.218526,55.618645,0.441786,7.5,PSF-00232_20250828133109_809,0,0,0,1.551747,1.577497,0.016323,0.5,0.8,8.94348,1,13.65,14.7,30,30.89,30.89,80.6,156.9,-9.7,106.2,1370,3.722,13:27:23,2025-08-28,0,1,0.013,0.004,-0.022,-0.071,0.019,-0.001,0,150,-9999,-9999,0.058905,0,0.02923,0,0,-0.000068,standard,0,mpf,7000,500,-9999,-9999,300,300,300,1.577497,25,-0.010854,1.522422,1.561944,-0.039522,2.427622,2.43403,1.645344,0.584879,0.223615,0.010427,0.57417,1.249017,1.551747,0.000614,2.40043,-0.000041,1,2.408421,-0.000039,1,0.60025,0.601702,0.107071,0,PSF-00232_20250828133109_809,PFA-00245,PSA-00257,PSF-00232,RHS-00222,3.0.0,2021-01-19T12:57:14.097Z,MEASUREMENT_END
265,13:33:46,2025-08-28,Manual gsw+F,LI-COR Default,,265,,,0.00403,2.922514,0.004024,0.250881,0.723598,0.717953,5.552006,4.828408,8.908679,8.978729,68.891777,0.441786,7.5,PSF-00232_20250828133346_829,0,0,0,112.537979,128.803329,0.126281,0.5,0.8,85.46067,1,16.27,16.15,30.75,34.69,34.69,80.59,156.8,103.6,33.9,1692,3.746,13:27:23,2025-08-28,0,1,0.001,0.005,0.001,-0.231,-0.544,-1.215,0,150,-9999,-9999,0.058905,0,0.02923,0,0,-0.000068,standard,0,mpf,7000,500,-9999,-9999,300,300,300,127.442123,25,-0.902341,127.928856,127.510361,0.418495,2.430031,2.438509,1.644167,0.804766,0.217179,0.048964,0.579672,1.517542,112.537979,0.000596,2.40043,-0.000041,1,2.408421,-0.000039,1,0.60025,0.601702,0.107071,0,PSF-00232_20250828133346_829,PFA-00245,PSA-00257,PSF-00232,RHS-00222,3.0.0,2021-01-19T12:57:14.097Z,MEASUREMENT_END
266,13:34:16,2025-08-28,Manual gsw+F,LI-COR Default,,266,,,0.003745,2.922499,0.003741,0.222637,0.65776,0.652746,5.277963,4.620203,8.099059,8.161275,65.487274,0.441786,7.5,PSF-00232_20250828133416_757,0,0,0,80.08075,90.306198,0.113231,0.5,0.8,80.40358,1,14.64,14.53,30.93,33.78,33.78,80.6,156.8,153,2.5,1775,3.746,13:27:23,2025-08-28,0,1,0.001,0.002,0.003,-0.04,0.021,-0.103,0,150,-9999,-9999,0.058905,0,0.02923,0,0,-0.000068,standard,0,mpf,7000,500,-9999,-9999,300,300,300,90.032104,25,-0.169586,90.578201,90.063194,0.515007,2.427236,2.435674,1.644151,0.92029,0.215613,0.035093,0.580111,1.587014,80.180885,0.000602,2.40043,-0.000041,1,2.408421,-0.000039,1,0.60025,0.601702,0.107071,0,PSF-00232_20250828133416_757,PFA-00245,PSA-00257,PSF-00232,RHS-00222,3.0.0,2021-01-19T12:57:14.097Z,MEASUREMENT_END
267,13:35:41,2025-08-28,Manual gsw+F,LI-COR Default,,267,,,-0.010598,2.924832,-0.010637,-0.674528,0.770539,0.785682,5.677136,4.906597,9.748459,9.560575,70.439865,0.441786,7.5,PSF-00232_20250828133541_dec,0,0,0,80.770966,83.383438,0.031331,0.5,0.8,20.541523,1,16.73,17.05,31.37,35.09,35.09,80.6,157.1,104.8,33.3,1639,3.742,13:27:23,2025-08-28,0,1,0,0.001,-0.002,0.055,0.356,1.575,0,150,-9999,-9999,0.058905,0,0.02923,0,0,-0.000068,standard,0,mpf,7000,500,-9999,-9999,300,300,300,83.383438,25,0.485632,83.766464,84.079308,-0.312843,2.431502,2.439217,1.646615,0.807501,0.21193,0.046386,0.582623,1.473525,80.770966,0.000602,2.40043,-0.000041,1,2.408421,-0.000039,1,0.60025,0.601702,0.107071,0,PSF-00232_20250828133541_dec,PFA-00245,PSA-00257,PSF-00232,RHS-00222,3.0.0,2021-01-19T12:57:14.097Z,MEASUREMENT_END
268,13:37:04,2025-08-28,Manual gsw+F,LI-COR Default,,268,,,-0.001293,2.922449,-0.001293,-0.083028,0.735604,0.737472,5.704096,4.968493,9.149576,9.126396,70.768875,0.441786,7.5,PSF-00232_20250828133704_8c3,0,0,0,83.158852,87.584839,0.050534,0.5,0.8,36.441505,1,15.64,15.68,31.73,35.18,35.18,80.6,156.8,149.7,4.6,1803,3.739,13:27:23,2025-08-28,0,1,-0.002,0,0.004,-0.099,-0.342,-0.731,0,150,-9999,-9999,0.058905,0,0.02923,0,0,-0.000068,standard,0,mpf,7000,500,-9999,-9999,300,300,300,87.540863,25,-0.009069,87.682129,87.571846,0.110283,2.429137,2.437326,1.644098,0.912128,0.2089,0.04291,0.584288,1.610038,83.158852,0.000603,2.40043,-0.000041,1,2.408421,-0.000039,1,0.60025,0.601702,0.107071,0,PSF-00232_20250828133704_8c3,PFA-00245,PSA-00257,PSF-00232,RHS-00222,3.0.0,2021-01-19T12:57:14.097Z,MEASUREMENT_END
269,13:38:07,2025-08-28,Manual gsw+F,LI-COR Default,,269,,,0.00345,2.923972,0.003446,0.214553,0.820863,0.816045,5.638218,4.817355,10.123529,10.183294,69.945488,0.441786,7.5,PSF-00232_20250828133807_1b3,0,0,0,86.325287,102.385078,0.156857,0.5,0.8,112.914574,1,17.15,17.05,32.05,34.97,34.97,80.61,157,76.3,51.4,1800,3.732,13:37:47,2025-08-28,0.22,1,-0.001,0.002,0.004,-0.675,-1.039,-5.888,0,150,-9999,-9999,0.058905,0,0.02923,0,0,-0.000068,standard,0,mpf,7000,500,-9999,-9999,300,300,300,101.146461,25,-0.82707,101.344231,101.199959,0.144272,2.431417,2.439485,1.645705,0.74667,0.20637,0.036334,0.584837,1.607381,86.325287,0.000603,2.40043,-0.000041,1,2.408421,-0.000039,1,0.60025,0.601702,0.107071,0,PSF-00232_20250828133807_1b3,PFA-00245,PSA-00257,PSF-00232,RHS-00222,3.0.0,2021-01-19T12:57:14.097Z,MEASUREMENT_END
270,13:43:39,2025-08-28,Manual gsw+F,LI-COR Default,,270,,,0.006374,2.923028,0.00636,0.283213,0.645038,0.638663,4.126452,3.481415,7.927526,8.006649,51.220348,0.441786,7.5,PSF-00232_20250828134339_ae8,0,0,0,96.560242,343.799164,0.719138,0.5,0.8,35.37764,1,13.8,13.66,31.62,29.44,29.44,80.56,156.9,131,16.5,123,3.731,13:37:47,2025-08-28,0.22,1,0,-0.001,0,0.029,-0.24,-0.753,0,150,-9999,-9999,0.058905,0,0.02923,0,0,-0.000068,standard,0,mpf,7000,500,-9999,-9999,300,300,300,334.548706,25,-6.373519,332.931519,334.666504,-1.734985,2.425673,2.433757,1.644708,0.867189,0.209804,-0.027025,0.576932,0.209601,96.560242,0.000632,2.40043,-0.000041,1,2.408421,-0.000039,1,0.60025,0.601702,0.107071,0,PSF-00232_20250828134339_ae8,PFA-00245,PSA-00257,PSF-00232,RHS-00222,3.0.0,2021-01-19T12:57:14.097Z,MEASUREMENT_END
271,13:44:21,2025-08-28,Manual gsw+F,LI-COR Default,,271,,,0.015498,2.922762,0.015416,0.714499,0.715326,0.699252,4.333166,3.61784,8.677408,8.87689,53.772705,0.441786,7.5,PSF-00232_20250828134421_59c,0,0,0,73.195335,288.31073,0.746123,0.5,0.8,54.209545,1,15.44,15.09,31.47,30.29,30.29,80.58,156.8,153.2,2.3,182,3.73,13:37:47,2025-08-28,0.22,1,0,0,0.003,-0.675,1.233,1.007,0,150,-9999,-9999,0.058905,0,0.02923,0,0,-0.000068,standard,0,mpf,7000,500,-9999,-9999,300,300,300,277.799255,25,-9.326305,274.11496,274.946991,-0.832031,2.428159,2.436625,1.644428,0.920994,0.211095,-0.014813,0.576209,0.258497,73.195335,0.000638,2.40043,-0.000041,1,2.408421,-0.000039,1,0.60025,0.601702,0.107071,0,PSF-00232_20250828134421_59c,PFA-00245,PSA-00257,PSF-00232,RHS-00222,3.0.0,2021-01-19T12:57:14.097Z,MEASUREMENT_END
272,13:45:15,2025-08-28,Manual gsw+F,LI-COR Default,,272,,,0.017972,2.923568,0.017862,0.819995,0.668876,0.650431,4.25479,3.585914,8.072363,8.301285,52.805344,0.441786,7.5,PSF-00232_20250828134515_363,0,0,0,94.639061,336.161804,0.718472,0.5,0.8,39.624065,1,14.59,14.19,31.28,29.98,29.98,80.57,156.9,149.3,4.9,138,3.728,13:37:47,2025-08-28,0.22,1,0,0,0,-0.065,-0.218,-0.571,0,150,-9999,-9999,0.058905,0,0.02923,0,0,-0.000068,standard,0,mpf,7000,500,-9999,-9999,300,300,300,318.973663,25,-12.328062,317.004211,318.496826,-1.492615,2.426623,2.435178,1.645278,0.911301,0.212683,-0.016322,0.575698,0.222014,94.639061,0.000644,2.40043,-0.000041,1,2.408421,-0.000039,1,0.60025,0.601702,0.107071,0,PSF-00232_20250828134515_363,PFA-00245,PSA-00257,PSF-00232,RHS-00222,3.0.0,2021-01-19T12:57:14.097Z,MEASUREMENT_END
273,13:45:49,2025-08-28,Manual gsw+F,LI-COR Default,,273,,,0.010363,2.92211,0.010327,0.467753,0.667501,0.656966,4.206936,3.539435,8.153196,8.283935,52.209652,0.441786,7.5,PSF-00232_20250828134549_113,0,0,0,104.44558,375.207153,0.721632,0.5,0.8,18.354128,1,14.67,14.44,31.15,29.78,29.78,80.58,156.8,103.1,34.2,64,3.727,13:37:47,2025-08-28,0.22,1,0,0.006,0.01,0.026,0.018,0.492,0,150,-9999,-9999,0.058905,0,0.02923,0,0,-0.000068,standard,0,mpf,7000,500,-9999,-9999,300,300,300,359.20752,25,-11.484668,356.313599,358.750671,-2.437073,2.42707,2.435329,1.643741,0.803676,0.213792,-0.017075,0.575524,0.16008,104.44558,0.00064,2.40043,-0.000041,1,2.408421,-0.000039,1,0.60025,0.601702,0.107071,0,PSF-00232_20250828134549_113,PFA-00245,PSA-00257,PSF-00232,RHS-00222,3.0.0,2021-01-19T12:57:14.097Z,MEASUREMENT_END
274,13:46:29,2025-08-28,Manual gsw+F,LI-COR Default,,274,,,0.004098,2.918674,0.004093,0.182692,0.60708,0.602952,4.098713,3.491632,7.483204,7.534445,50.868927,0.441786,7.5,PSF-00232_20250828134629_2f0,0,0,0,68.369148,314.884949,0.782876,0.5,0.8,32.724304,1,13.46,13.36,31,29.33,29.33,80.57,156.3,140.9,9.9,105,3.727,13:37:47,2025-08-28,0.22,1,0.001,0.004,-0.001,0,-0.075,0.133,0,150,-9999,-9999,0.058905,0,0.02923,0,0,-0.000068,standard,0,mpf,7000,500,-9999,-9999,300,300,300,302.647949,25,-8.441195,301.805725,302.78949,-0.983765,2.425205,2.433205,1.640142,0.890835,0.215009,-0.020758,0.575225,0.19419,68.369148,0.000623,2.40043,-0.000041,1,2.408421,-0.000039,1,0.60025,0.601702,0.107071,0,PSF-00232_20250828134629_2f0,PFA-00245,PSA-00257,PSF-00232,RHS-00222,3.0.0,2021-01-19T12:57:14.097Z,MEASUREMENT_END
275,13:48:12,2025-08-28,Manual gsw+F,LI-COR Default,,275,,,0.007858,2.921664,0.007837,0.35234,0.638877,0.630937,4.153343,3.514466,7.83155,7.9301,51.55365,0.441786,7.5,PSF-00232_20250828134812_8a5,0,0,0,89.453461,287.927612,0.68932,0.5,0.8,20.515587,1,14.47,14.29,30.62,29.56,29.56,80.56,156.7,127,19,74,3.725,13:37:47,2025-08-28,0.22,1,0.003,0.006,-0.005,0.031,0.15,-8.536,0,150,-9999,-9999,0.058905,0,0.02923,0,0,-0.000068,standard,0,mpf,7000,500,-9999,-9999,300,300,300,281.459564,25,-4.180695,282.745605,281.937042,0.808563,2.42686,2.435026,1.643273,0.857822,0.21827,-0.013301,0.574287,0.1691,89.453461,0.00063,2.40043,-0.000041,1,2.408421,-0.000039,1,0.60025,0.601702,0.107071,0,PSF-00232_20250828134812_8a5,PFA-00245,PSA-00257,PSF-00232,RHS-00222,3.0.0,2021-01-19T12:57:14.097Z,MEASUREMENT_END
276,13:48:57,2025-08-28,Manual gsw+F,LI-COR Default,,276,,,0.005419,2.923492,0.005409,0.227281,0.60626,0.601144,3.896653,3.290393,7.462137,7.525642,48.370029,0.441786,7.5,PSF-00232_20250828134857_fa5,0,0,0,57.575226,233.193161,0.753101,0.5,0.8,40.486492,1,13.85,13.73,30.47,28.45,28.45,80.56,156.9,140,10.8,134,3.724,13:48:45,2025-08-28,0.24,1,0.003,0.003,-0.002,0.071,0.55,0.389,0,150,-9999,-9999,0.058905,0,0.02923,0,0,-0.000068,standard,0,mpf,7000,500,-9999,-9999,300,300,300,225.500824,25,-5.049481,230.505463,225.957718,4.547745,2.425893,2.43391,1.645198,0.888639,0.219513,-0.024768,0.573856,0.219116,58.53474,0.000656,2.40043,-0.000041,1,2.408421,-0.000039,1,0.60025,0.601702,0.107071,0,PSF-00232_20250828134857_fa5,PFA-00245,PSA-00257,PSF-00232,RHS-00222,3.0.0,2021-01-19T12:57:14.097Z,MEASUREMENT_END
277,13:49:41,2025-08-28,Manual gsw+F,LI-COR Default,,277,,,0.004118,2.922151,0.004112,0.178751,0.697083,0.69306,4.094533,3.39745,8.603538,8.653479,50.828876,0.441786,7.5,PSF-00232_20250828134941_b4d,0,0,0,50.244926,147.059052,0.658335,0.5,0.8,26.744221,1,16.08,15.99,30.3,29.31,29.31,80.56,156.8,152,3,102,3.722,13:48:45,2025-08-28,0.24,1,0.002,0.004,0.004,0.085,0.002,0.006,0,150,-9999,-9999,0.058905,0,0.02923,0,0,-0.000068,standard,0,mpf,7000,500,-9999,-9999,300,300,300,145.589233,25,-0.953126,145.406845,145.693314,-0.286469,2.4298,2.437805,1.643785,0.917868,0.220988,-0.012441,0.573535,0.191739,50.244926,0.000648,2.40043,-0.000041,1,2.408421,-0.000039,1,0.60025,0.601702,0.107071,0,PSF-00232_20250828134941_b4d,PFA-00245,PSA-00257,PSF-00232,RHS-00222,3.0.0,2021-01-19T12:57:14.097Z,MEASUREMENT_END
278,13:50:24,2025-08-28,Manual gsw+F,LI-COR Default,,278,,,0.003794,2.922469,0.003789,0.165171,0.649405,0.645687,4.057984,3.408579,8.015975,8.062139,50.378448,0.441786,7.5,PSF-00232_20250828135024_c92,0,0,0,145.942215,664.613586,0.78041,0.5,0.8,291.635834,1,15.12,15.03,30.15,29.15,29.15,80.55,156.8,151.5,3.3,934,3.72,13:48:45,2025-08-28,0.24,1,0.002,0.001,0.003,1.073,21.979,34.44,0,150,-9999,-9999,0.058905,0,0.02923,0,0,-0.000068,standard,0,mpf,7000,500,-9999,-9999,300,300,300,637.30896,25,-18.743298,639.758728,637.756165,2.002563,2.428175,2.436156,1.64412,0.916787,0.22237,-0.012379,0.573592,0.885918,145.942215,0.000649,2.40043,-0.000041,1,2.408421,-0.000039,1,0.60025,0.601702,0.107071,0,PSF-00232_20250828135024_c92,PFA-00245,PSA-00257,PSF-00232,RHS-00222,3.0.0,2021-01-19T12:57:14.097Z,MEASUREMENT_END
279,13:50:53,2025-08-28,Manual gsw+F,LI-COR Default,,279,,,0.001766,2.922358,0.001765,0.07762,0.658051,0.656304,4.096635,3.438584,8.14677,8.168463,50.851978,0.441786,7.5,PSF-00232_20250828135053_3e8,0,0,0,84.989548,167.106964,0.491406,0.5,0.8,232.531326,1,15.39,15.35,30.06,29.32,29.32,80.56,156.8,150.2,4.2,1183,3.718,13:48:45,2025-08-28,0.24,1,0.001,0.003,0.004,0.288,0.612,1.488,0,150,-9999,-9999,0.058905,0,0.02923,0,0,-0.000068,standard,0,mpf,7000,500,-9999,-9999,300,300,300,158.089035,25,-6.870487,154.640442,157.262177,-2.621735,2.42874,2.436646,1.644003,0.913345,0.223132,-0.009346,0.573923,1.093294,84.989548,0.000651,2.40043,-0.000041,1,2.408421,-0.000039,1,0.60025,0.601702,0.107071,0,PSF-00232_20250828135053_3e8,PFA-00245,PSA-00257,PSF-00232,RHS-00222,3.0.0,2021-01-19T12:57:14.097Z,MEASUREMENT_END
280,13:50:58,2025-08-28,Manual gsw+F,LI-COR Default,,280,,,-0.028333,2.923422,-0.028611,-0.371636,0.65572,0.66408,1.686862,1.031142,8.243886,8.140106,20.940697,0.441786,7.5,PSF-00232_20250828135058_5fc,0,0,0,1.540661,1.547456,0.004391,0.5,0.8,0.756484,1,15.35,15.54,30.05,14.78,14.78,80.55,156.9,-9.9,106.3,431,3.72,13:48:45,2025-08-28,0.24,1,-9999,-9999,-9999,-9999,-9999,-9999,0,150,-9999,-9999,0.058905,0,0.02923,0,0,-0.000068,standard,0,mpf,7000,500,-9999,-9999,300,300,300,1.547456,25,-0.00299,1.533151,1.543172,-0.010021,2.42907,2.436569,1.645124,0.584551,0.223228,-0.172044,0.57404,0.466131,1.540661,0.000642,2.40043,-0.000041,1,2.408421,-0.000039,1,0.60025,0.601702,0.107071,0,PSF-00232_20250828135058_5fc,PFA-00245,PSA-00257,PSF-00232,RHS-00222,3.0.0,2021-01-19T12:57:14.097Z,MEASUREMENT_END
281,13:51:45,2025-08-28,Manual gsw+F,LI-COR Default,,281,,,0.007655,2.923299,0.007635,0.339803,0.704561,0.696921,4.181186,3.476625,8.650547,8.745389,51.899101,0.441786,7.5,PSF-00232_20250828135145_bbf,0,0,0,89.915512,263.283234,0.658484,0.5,0.8,330.235168,1,16.53,16.35,30,29.67,29.67,80.56,156.9,93,40.7,1254,3.72,13:48:45,2025-08-28,0.24,1,-0.002,-0.003,0.004,0.257,0.455,1.232,0,150,-9999,-9999,0.058905,0,0.02923,0,0,-0.000068,standard,0,mpf,7000,500,-9999,-9999,300,300,300,257.735962,25,-3.86873,256.384491,257.739685,-1.355194,2.430459,2.438616,1.644994,0.781812,0.223627,-0.00438,0.57486,1.152303,89.74028,0.000638,2.40043,-0.000041,1,2.408421,-0.000039,1,0.60025,0.601702,0.107071,0,PSF-00232_20250828135145_bbf,PFA-00245,PSA-00257,PSF-00232,RHS-00222,3.0.0,2021-01-19T12:57:14.097Z,MEASUREMENT_END
282,13:52:37,2025-08-28,Manual gsw+F,LI-COR Default,,282,,,0.009146,2.924243,0.009117,0.405908,0.66241,0.653286,4.141742,3.479331,8.109965,8.223233,51.416039,0.441786,7.5,PSF-00232_20250828135237_198,0,0,0,97.771523,321.970551,0.696334,0.5,0.8,313.335114,1,15.53,15.31,30.02,29.51,29.51,80.55,157,99.1,36.9,1125,3.719,13:48:45,2025-08-28,0.24,1,0,0.001,0.005,-0.072,-0.087,-0.75,0,150,-9999,-9999,0.058905,0,0.02923,0,0,-0.000068,standard,0,mpf,7000,500,-9999,-9999,300,300,300,305.809723,25,-11.031231,303.40683,306.163788,-2.756958,2.428674,2.436879,1.645991,0.794932,0.223436,-0.006634,0.575895,1.044905,97.75901,0.000659,2.40043,-0.000041,1,2.408421,-0.000039,1,0.60025,0.601702,0.107071,0,PSF-00232_20250828135237_198,PFA-00245,PSA-00257,PSF-00232,RHS-00222,3.0.0,2021-01-19T12:57:14.097Z,MEASUREMENT_END
283,13:53:18,2025-08-28,Manual gsw+F,LI-COR Default,,283,,,0.002288,2.923238,0.002286,0.107051,0.74666,0.744255,4.39846,3.651799,9.238742,9.268607,54.599915,0.441786,7.5,PSF-00232_20250828135318_ee5,0,0,0,74.114799,170.738586,0.565917,0.5,0.8,259.702667,1,17.46,17.41,30.06,30.56,30.56,80.56,156.9,136.6,12.9,1147,3.717,13:48:45,2025-08-28,0.24,1,0,-0.002,0.012,0.248,0.406,0.996,0,150,-9999,-9999,0.058905,0,0.02923,0,0,-0.000068,standard,0,mpf,7000,500,-9999,-9999,300,300,300,162.067657,25,-6.005328,161.925323,162.133499,-0.208176,2.43223,2.440192,1.64493,0.880479,0.223108,0.005637,0.57672,1.063512,74.295403,0.000643,2.40043,-0.000041,1,2.408421,-0.000039,1,0.60025,0.601702,0.107071,0,PSF-00232_20250828135318_ee5,PFA-00245,PSA-00257,PSF-00232,RHS-00222,3.0.0,2021-01-19T12:57:14.097Z,MEASUREMENT_END
284,13:53:56,2025-08-28,Manual gsw+F,LI-COR Default,,284,,,0.004021,2.923471,0.004015,0.177822,0.714317,0.71032,4.17404,3.459723,8.817169,8.866788,51.812168,0.441786,7.5,PSF-00232_20250828135356_47d,0,0,0,100.689407,273.671082,0.632079,0.5,0.8,259.910828,1,16.66,16.57,30.11,29.64,29.64,80.56,156.9,148.3,5.5,1028,3.717,13:48:45,2025-08-28,0.24,1,0.001,0,0.008,0.447,0.606,6.398,0,150,-9999,-9999,0.058905,0,0.02923,0,0,-0.000068,standard,0,mpf,7000,500,-9999,-9999,300,300,300,261.498199,25,-8.450264,259.871002,261.562622,-1.69162,2.43081,2.438824,1.645176,0.908795,0.222697,-0.006029,0.578069,0.964084,100.689407,0.000641,2.40043,-0.000041,1,2.408421,-0.000039,1,0.60025,0.601702,0.107071,0,PSF-00232_20250828135356_47d,PFA-00245,PSA-00257,PSF-00232,RHS-00222,3.0.0,2021-01-19T12:57:14.097Z,MEASUREMENT_END
285,13:54:56,2025-08-28,Manual gsw+F,LI-COR Default,,285,,,0.017159,2.922656,0.017059,0.845923,0.707439,0.688408,4.571612,3.864173,8.544592,8.780809,56.743336,0.441786,7.5,PSF-00232_20250828135456_b0d,0,0,0,68.830849,190.688004,0.639039,0.5,0.8,309.794373,1,16.42,15.98,30.19,31.23,31.23,80.57,156.8,153.2,2.3,1212,3.715,13:48:45,2025-08-28,0.24,1,0,0.001,0.008,0.031,0.204,0.818,0,150,-9999,-9999,0.058905,0,0.02923,0,0,-0.000068,standard,0,mpf,7000,500,-9999,-9999,300,300,300,179.340012,25,-7.813637,178.822876,179.491776,-0.6689,2.4298,2.438403,1.644316,0.920993,0.221949,0.012323,0.579711,1.11744,68.830849,0.000635,2.40043,-0.000041,1,2.408421,-0.000039,1,0.60025,0.601702,0.107071,0,PSF-00232_20250828135456_b0d,PFA-00245,PSA-00257,PSF-00232,RHS-00222,3.0.0,2021-01-19T12:57:14.097Z,MEASUREMENT_END
286,13:55:47,2025-08-28,Manual gsw+F,LI-COR Default,,286,,,0.00158,2.923795,0.001579,0.075942,0.66655,0.664842,4.418288,3.751738,8.251583,8.272781,54.836861,0.441786,7.5,PSF-00232_20250828135547_aac,0,0,0,101.308823,259.505737,0.609609,0.5,0.8,328.095062,1,15.35,15.31,30.33,30.63,30.63,80.57,157,83.4,46.8,1346,3.713,13:48:45,2025-08-28,0.24,1,-0.001,0.001,0.006,0.239,1.666,3.192,0,150,-9999,-9999,0.058905,0,0.02923,0,0,-0.000068,standard,0,mpf,7000,500,-9999,-9999,300,300,300,248.876816,25,-7.73746,245.801208,248.418655,-2.617447,2.428645,2.436548,1.645518,0.761461,0.22076,0.003315,0.58152,1.228787,101.308823,0.00062,2.40043,-0.000041,1,2.408421,-0.000039,1,0.60025,0.601702,0.107071,0,PSF-00232_20250828135547_aac,PFA-00245,PSA-00257,PSF-00232,RHS-00222,3.0.0,2021-01-19T12:57:14.097Z,MEASUREMENT_END
287,13:56:33,2025-08-28,Manual gsw+F,LI-COR Default,,287,,,0.004307,2.92319,0.004301,0.207077,0.694885,0.690227,4.450356,3.755471,8.566962,8.624772,55.236919,0.441786,7.5,PSF-00232_20250828135633_992,0,0,0,84.401962,156.686661,0.461333,0.5,0.8,232.032013,1,15.87,15.77,30.47,30.76,30.76,80.57,156.9,125.4,20.1,1257,3.713,13:48:45,2025-08-28,0.24,1,-0.001,0.002,0.001,-0.435,-0.079,-0.41,0,150,-9999,-9999,0.058905,0,0.02923,0,0,-0.000068,standard,0,mpf,7000,500,-9999,-9999,300,300,300,150.474426,25,-4.763816,147.722122,149.86055,-2.138428,2.429411,2.437437,1.644879,0.854099,0.219525,0.003118,0.582936,1.155328,84.401962,0.000627,2.40043,-0.000041,1,2.408421,-0.000039,1,0.60025,0.601702,0.107071,0,PSF-00232_20250828135633_992,PFA-00245,PSA-00257,PSF-00232,RHS-00222,3.0.0,2021-01-19T12:57:14.097Z,MEASUREMENT_END
288,13:59:05,2025-08-28,Manual gsw+F,LI-COR Default,,288,,,0.0066,2.923328,0.006585,0.305131,0.742233,0.735373,4.357748,3.615515,9.125832,9.210955,54.07877,0.441786,7.5,PSF-00232_20250828135905_140,0,0,0,109.661934,265.302185,0.586653,0.5,0.8,36.537922,1,16.8,16.64,30.64,30.39,30.39,80.58,156.9,145.9,7,156,3.709,13:48:45,2025-08-28,0.24,1,0,0.008,0.009,0.197,4.254,60.277,0,150,-9999,-9999,0.058905,0,0.02923,0,0,-0.000068,standard,0,mpf,7000,500,-9999,-9999,300,300,300,259.298431,25,-3.988437,262.320404,259.587128,2.733276,2.43088,2.439001,1.645025,0.902997,0.218107,-0.00339,0.583883,0.236878,109.661934,0.000643,2.40043,-0.000041,1,2.408421,-0.000039,1,0.60025,0.601702,0.107071,0,PSF-00232_20250828135905_140,PFA-00245,PSA-00257,PSF-00232,RHS-00222,3.0.0,2021-01-19T12:57:14.097Z,MEASUREMENT_END
289,13:59:53,2025-08-28,Manual gsw+F,LI-COR Default,,289,,,0.000954,2.923734,0.000954,0.041694,0.813882,0.812946,4.225515,3.411633,10.089056,10.100673,52.440708,0.441786,7.5,PSF-00232_20250828135953_4c1,0,0,0,88.805077,135.397903,0.344118,0.5,0.8,187.962311,1,18.36,18.34,30.69,29.86,29.86,80.58,157,152.8,2.6,1366,3.708,13:59:37,2025-08-28,0.27,1,-0.002,-0.005,0.003,0.092,0.225,0.113,0,150,-9999,-9999,0.058905,0,0.02923,0,0,-0.000068,standard,0,mpf,7000,500,-9999,-9999,300,300,300,132.601257,25,-2.068583,131.594894,132.433807,-0.838913,2.433717,2.441581,1.645453,0.91989,0.217616,-0.010616,0.584503,1.245479,88.805077,0.000623,2.40043,-0.000041,1,2.408421,-0.000039,1,0.60025,0.601702,0.107071,0,PSF-00232_20250828135953_4c1,PFA-00245,PSA-00257,PSF-00232,RHS-00222,3.0.0,2021-01-19T12:57:14.097Z,MEASUREMENT_END
290,14:00:25,2025-08-28,Manual gsw+F,LI-COR Default,,290,,,0.00506,2.925848,0.005051,0.238749,0.769833,0.764479,4.454872,3.685039,9.487822,9.55427,55.288685,0.441786,7.5,PSF-00232_20250828140025_3c8,0,0,0,113.937737,311.40802,0.634121,0.5,0.8,280.035126,1,17.31,17.19,30.75,30.78,30.78,80.57,157.2,139.7,11.1,1104,3.707,13:59:37,2025-08-28,0.27,1,-0.002,0,-0.003,1.395,11.233,11.983,0,150,-9999,-9999,0.058905,0,0.02923,0,0,-0.000068,standard,0,mpf,7000,500,-9999,-9999,300,300,300,290.983917,25,-13.731905,289.069885,291.731445,-2.66156,2.4318,2.439816,1.647691,0.887924,0.217181,-0.00001,0.585379,1.027467,113.937737,0.000648,2.40043,-0.000041,1,2.408421,-0.000039,1,0.60025,0.601702,0.107071,0,PSF-00232_20250828140025_3c8,PFA-00245,PSA-00257,PSF-00232,RHS-00222,3.0.0,2021-01-19T12:57:14.097Z,MEASUREMENT_END
291,14:01:05,2025-08-28,Manual gsw+F,LI-COR Default,,291,,,0.00711,2.924596,0.007093,0.338346,0.669134,0.661529,4.392218,3.723084,8.209666,8.304047,54.508057,0.441786,7.5,PSF-00232_20250828140105_a5d,0,0,0,72.313431,115.70163,0.375001,0.5,0.8,78.662102,1,15.01,14.83,30.8,30.53,30.53,80.58,157.1,122.1,22.3,524,3.706,13:59:37,2025-08-28,0.27,1,0.001,0.001,0.009,0.018,-0.08,-0.072,0,150,-9999,-9999,0.058905,0,0.02923,0,0,-0.000068,standard,0,mpf,7000,500,-9999,-9999,300,300,300,111.403229,25,-2.941903,110.579971,111.486153,-0.906181,2.42778,2.43585,1.646365,0.846502,0.216744,-0.003666,0.586257,0.544258,72.414635,0.000628,2.40043,-0.000041,1,2.408421,-0.000039,1,0.60025,0.601702,0.107071,0,PSF-00232_20250828140105_a5d,PFA-00245,PSA-00257,PSF-00232,RHS-00222,3.0.0,2021-01-19T12:57:14.097Z,MEASUREMENT_END
292,14:01:34,2025-08-28,Manual gsw+F,LI-COR Default,,292,,,0.00723,2.922608,0.007212,0.309973,0.766581,0.759611,4.124864,3.358283,9.426057,9.512553,51.185703,0.441786,7.5,PSF-00232_20250828140134_495,0,0,0,139.149429,333.691986,0.583,0.5,0.8,43.649147,1,17.17,17.01,30.82,29.44,29.44,80.59,156.8,151.8,3.2,187,3.706,13:59:37,2025-08-28,0.27,1,0.001,0,0.007,-0.216,-0.152,1.875,0,150,-9999,-9999,0.058905,0,0.02923,0,0,-0.000068,standard,0,mpf,7000,500,-9999,-9999,300,300,300,321.588287,25,-8.687865,317.888977,321.243073,-3.354095,2.431487,2.439561,1.644266,0.917446,0.216549,-0.017205,0.586648,0.263113,139.149429,0.000634,2.40043,-0.000041,1,2.408421,-0.000039,1,0.60025,0.601702,0.107071,0,PSF-00232_20250828140134_495,PFA-00245,PSA-00257,PSF-00232,RHS-00222,3.0.0,2021-01-19T12:57:14.097Z,MEASUREMENT_END
293,14:02:06,2025-08-28,Manual gsw+F,LI-COR Default,,293,,,0.002318,2.923758,0.002316,0.108326,0.671333,0.668897,4.323431,3.652098,8.300462,8.330698,53.650238,0.441786,7.5,PSF-00232_20250828140206_cd9,0,0,0,92.412476,172.956985,0.465691,0.5,0.8,33.919132,1,15.04,14.98,30.82,30.26,30.26,80.59,157,153.1,2.4,182,3.703,13:59:37,2025-08-28,0.27,1,0,0,-0.006,0.015,0.051,5.541,0,150,-9999,-9999,0.058905,0,0.02923,0,0,-0.000068,standard,0,mpf,7000,500,-9999,-9999,300,300,300,165.449387,25,-5.278014,164.880753,165.394073,-0.513321,2.428032,2.435903,1.645478,0.92076,0.216569,-0.007277,0.58695,0.258874,92.422844,0.000629,2.40043,-0.000041,1,2.408421,-0.000039,1,0.60025,0.601702,0.107071,0,PSF-00232_20250828140206_cd9,PFA-00245,PSA-00257,PSF-00232,RHS-00222,3.0.0,2021-01-19T12:57:14.097Z,MEASUREMENT_END
294,14:05:11,2025-08-28,Manual gsw+F,LI-COR Default,,294,,,0.080288,2.923733,0.078142,3.12714,0.665594,0.595267,3.800241,3.134647,7.38889,8.261828,47.171337,0.441786,7.5,PSF-00232_20250828140511_55a,0,0,0,149.75882,448.284271,0.665929,0.5,0.8,47.917034,1,15.17,13.57,30.52,28.02,28.02,80.56,157,25.7,83.6,180,3.702,13:59:37,2025-08-28,0.27,1,0.001,0.003,0.004,-0.457,-0.126,-1.892,0,150,-9999,-9999,0.058905,0,0.02923,0,0,-0.000068,standard,0,mpf,7000,500,-9999,-9999,300,300,300,436.883209,25,-7.748342,434.92984,437.18161,-2.25177,2.425599,2.436158,1.645452,0.647812,0.219158,-0.030394,0.585204,0.257038,149.75882,0.00064,2.40043,-0.000041,1,2.408421,-0.000039,1,0.60025,0.601702,0.107071,0,PSF-00232_20250828140511_55a,PFA-00245,PSA-00257,PSF-00232,RHS-00222,3.0.0,2021-01-19T12:57:14.097Z,MEASUREMENT_END
295,14:05:28,2025-08-28,Manual gsw+F,LI-COR Default,,295,,,0.071858,2.922532,0.070134,2.730807,0.621914,0.560409,3.675131,3.053216,6.956179,7.719625,45.618237,0.441786,7.5,PSF-00232_20250828140528_fdc,0,0,0,95.29567,286.3909,0.667253,0.5,0.8,58.176411,1,14.22,12.82,30.45,27.45,27.45,80.56,156.8,10.6,93.2,218,3.675,13:59:37,2025-08-28,0.27,1,0,0.001,0.008,-2.581,-2.979,-1.303,0,150,-9999,-9999,0.058905,0,0.02923,0,0,-0.000068,standard,0,mpf,7000,500,-9999,-9999,300,300,300,286.3909,25,0.941337,298.209778,287.739746,10.470032,2.424289,2.434517,1.644186,0.620488,0.219708,-0.0364,0.585148,0.288786,95.29567,0.000631,2.40043,-0.000041,1,2.408421,-0.000039,1,0.60025,0.601702,0.107071,0,PSF-00232_20250828140528_fdc,PFA-00245,PSA-00257,PSF-00232,RHS-00222,3.0.0,2021-01-19T12:57:14.097Z,MEASUREMENT_END
296,14:05:34,2025-08-28,Manual gsw+F,LI-COR Default,,296,,,0.01256,2.923436,0.012507,0.279726,0.566842,0.560542,2.336177,1.769335,6.958154,7.036355,28.999575,0.441786,7.5,PSF-00232_20250828140534_02e,0,0,0,1.469135,1.574278,0.066788,0.5,0.8,5.971101,1,12.98,12.84,30.43,19.93,19.93,80.56,156.9,-9.7,106.2,224,3.675,13:59:37,2025-08-28,0.27,1,-9999,-9999,-9999,-9999,-9999,-9999,0,150,-9999,-9999,0.058905,0,0.02923,0,0,-0.000068,standard,0,mpf,7000,500,-9999,-9999,300,300,300,1.574278,25,-0.005186,1.54388,1.566846,-0.022967,2.424331,2.432327,1.645138,0.584945,0.21994,-0.121529,0.585037,0.293405,1.469135,0.000644,2.40043,-0.000041,1,2.408421,-0.000039,1,0.60025,0.601702,0.107071,0,PSF-00232_20250828140534_02e,PFA-00245,PSA-00257,PSF-00232,RHS-00222,3.0.0,2021-01-19T12:57:14.097Z,MEASUREMENT_END
297,14:05:50,2025-08-28,Manual gsw+F,LI-COR Default,,297,,,0.016329,2.92318,0.016238,0.637022,0.588179,0.573834,3.664994,3.076816,7.12348,7.301554,45.496655,0.441786,7.5,PSF-00232_20250828140550_913,0,0,0,137.320526,409.490814,0.664655,0.5,0.8,48.336117,1,13.52,13.19,30.36,27.4,27.4,80.56,156.9,150.9,3.8,182,3.699,13:59:37,2025-08-28,0.27,1,0.003,0.002,-0.001,2.123,2.933,17.623,0,150,-9999,-9999,0.058905,0,0.02923,0,0,-0.000068,standard,0,mpf,7000,500,-9999,-9999,300,300,300,404.66629,25,-2.843961,404.786469,405.41568,-0.629211,2.424954,2.433284,1.644869,0.915225,0.220467,-0.03589,0.584699,0.25864,137.320526,0.000643,2.40043,-0.000041,1,2.408421,-0.000039,1,0.60025,0.601702,0.107071,0,PSF-00232_20250828140550_913,PFA-00245,PSA-00257,PSF-00232,RHS-00222,3.0.0,2021-01-19T12:57:14.097Z,MEASUREMENT_END
298,14:06:10,2025-08-28,Manual gsw+F,LI-COR Default,,298,,,0.012323,2.923906,0.012271,0.510217,0.629481,0.618004,3.884999,3.255518,7.671803,7.814274,48.227753,0.441786,7.5,PSF-00232_20250828140610_445,0,0,0,135.777359,358.352539,0.621107,0.5,0.8,36.305412,1,14.54,14.27,30.29,28.4,28.4,80.56,157,150,4.4,146,3.7,13:59:37,2025-08-28,0.27,1,0,0,0.013,-1.354,-5.273,-7.421,0,150,-9999,-9999,0.058905,0,0.02923,0,0,-0.000068,standard,0,mpf,7000,500,-9999,-9999,300,300,300,351.822845,25,-4.414669,350.834717,352.026733,-1.192017,2.426849,2.435076,1.645635,0.91308,0.221154,-0.023077,0.584444,0.228897,135.777359,0.000644,2.40043,-0.000041,1,2.408421,-0.000039,1,0.60025,0.601702,0.107071,0,PSF-00232_20250828140610_445,PFA-00245,PSA-00257,PSF-00232,RHS-00222,3.0.0,2021-01-19T12:57:14.097Z,MEASUREMENT_END
299,14:06:56,2025-08-28,Manual gsw+F,LI-COR Default,,299,,,0.008495,2.92314,0.008471,0.334369,0.597744,0.590215,3.692887,3.095142,7.32677,7.420232,45.842476,0.441786,7.5,PSF-00232_20250828140656_29f,0,0,0,95.925453,357.040375,0.731332,0.5,0.8,52.681831,1,13.94,13.77,30.11,27.53,27.53,80.56,156.9,150.3,4.2,180,3.7,13:59:37,2025-08-28,0.27,1,0.004,0.003,0.004,-0.041,-0.049,-0.677,0,150,-9999,-9999,0.058905,0,0.02923,0,0,-0.000068,standard,0,mpf,7000,500,-9999,-9999,300,300,300,349.638092,25,-4.962421,349.967834,349.929688,0.038147,2.425989,2.434053,1.644826,0.91369,0.222706,-0.03124,0.583879,0.257206,95.925453,0.000637,2.40043,-0.000041,1,2.408421,-0.000039,1,0.60025,0.601702,0.107071,0,PSF-00232_20250828140656_29f,PFA-00245,PSA-00257,PSF-00232,RHS-00222,3.0.0,2021-01-19T12:57:14.097Z,MEASUREMENT_END
300,14:07:31,2025-08-28,Manual gsw+F,LI-COR Default,,300,,,0.00502,2.923192,0.005011,0.21686,0.600625,0.595742,3.987374,3.386749,7.395218,7.45583,49.497089,0.441786,7.5,PSF-00232_20250828140731_bd7,0,0,0,97.257614,210.589172,0.538164,0.5,0.8,38.659061,1,14.1,13.99,30,28.85,28.85,80.56,156.9,147.5,6,180,3.699,13:59:37,2025-08-28,0.27,1,0.001,0,0.001,-0.718,1.74,-5.047,0,150,-9999,-9999,0.058905,0,0.02923,0,0,-0.000068,standard,0,mpf,7000,500,-9999,-9999,300,300,300,210.589172,25,-0.631185,203.116898,209.684738,-6.567841,2.42638,2.434339,1.644881,0.906795,0.223684,-0.014201,0.583813,0.256788,97.257614,0.00065,2.40043,-0.000041,1,2.408421,-0.000039,1,0.60025,0.601702,0.107071,0,PSF-00232_20250828140731_bd7,PFA-00245,PSA-00257,PSF-00232,RHS-00222,3.0.0,2021-01-19T12:57:14.097Z,MEASUREMENT_END
301,14:07:59,2025-08-28,Manual gsw+F,LI-COR Default,,301,,,-0.001946,2.923389,-0.001947,-0.079783,0.628313,0.630109,3.837826,3.209512,7.821391,7.799103,47.63802,0.441786,7.5,PSF-00232_20250828140759_ad0,0,0,0,54.0812,112.719475,0.520214,0.5,0.8,18.979244,1,14.81,14.85,29.92,28.19,28.19,80.56,156.9,153.2,2.4,91,3.665,13:59:37,2025-08-28,0.27,1,-0.003,-0.003,-0.002,-0.112,0.367,4.278,0,150,-9999,-9999,0.058905,0,0.02923,0,0,-0.000068,standard,0,mpf,7000,500,-9999,-9999,300,300,300,110.283852,25,-1.61061,113.883736,110.411613,3.472122,2.427894,2.435591,1.645089,0.92081,0.22432,-0.02119,0.584112,0.183109,50.809978,0.000646,2.40043,-0.000041,1,2.408421,-0.000039,1,0.60025,0.601702,0.107071,0,PSF-00232_20250828140759_ad0,PFA-00245,PSA-00257,PSF-00232,RHS-00222,3.0.0,2021-01-19T12:57:14.097Z,MEASUREMENT_END
302,14:08:24,2025-08-28,Manual gsw+F,LI-COR Default,,302,,,0.006098,2.923393,0.006085,0.260629,0.591984,0.586116,3.945068,3.353085,7.275949,7.34879,48.97345,0.441786,7.5,PSF-00232_20250828140824_591,0,0,0,144.262787,365.288696,0.605072,0.5,0.8,194.94812,1,14,13.86,29.87,28.67,28.67,80.56,156.9,152.4,2.8,805,3.698,13:59:37,2025-08-28,0.27,1,-0.002,-0.002,0.005,-8.775,11.982,56.162,0,150,-9999,-9999,0.058905,0,0.02923,0,0,-0.000068,standard,0,mpf,7000,500,-9999,-9999,300,300,300,328.151459,25,-27.030323,315.978882,326.556702,-10.57782,2.426178,2.434178,1.645093,0.919019,0.224842,-0.014812,0.584337,0.778572,144.262787,0.000622,2.40043,-0.000041,1,2.408421,-0.000039,1,0.60025,0.601702,0.107071,0,PSF-00232_20250828140824_591,PFA-00245,PSA-00257,PSF-00232,RHS-00222,3.0.0,2021-01-19T12:57:14.097Z,MEASUREMENT_END
303,14:09:01,2025-08-28,Manual gsw+F,LI-COR Default,,303,,,0.000538,2.922897,0.000538,0.023149,0.616554,0.616033,3.986113,3.369559,7.646838,7.653308,49.479748,0.441786,7.5,PSF-00232_20250828140901_e13,0,0,0,108.168839,161.41214,0.329859,0.5,0.8,76.54335,1,14.62,14.61,29.82,28.85,28.85,80.56,156.8,147.9,5.7,580,3.697,13:59:37,2025-08-28,0.27,1,0.001,0.001,0.003,6.674,-29.938,-24.455,0,150,-9999,-9999,0.058905,0,0.02923,0,0,-0.000068,standard,0,mpf,7000,500,-9999,-9999,300,300,300,148.70668,25,-11.169076,147.104858,145.407867,1.696991,2.427476,2.435265,1.64457,0.907784,0.22522,-0.012156,0.584557,0.590701,108.168839,0.000647,2.40043,-0.000041,1,2.408421,-0.000039,1,0.60025,0.601702,0.107071,0,PSF-00232_20250828140901_e13,PFA-00245,PSA-00257,PSF-00232,RHS-00222,3.0.0,2021-01-19T12:57:14.097Z,MEASUREMENT_END
304,14:09:30,2025-08-28,Manual gsw+F,LI-COR Default,,304,,,-0.027474,2.923591,-0.027735,-0.856737,0.527611,0.546913,2.96216,2.434549,6.789032,6.549435,36.770412,0.441786,7.5,PSF-00232_20250828140930_75c,0,0,0,1.418352,1.530647,0.073364,0.5,0.8,54.436523,1,12.51,12.97,29.82,23.82,23.82,80.56,156.9,-9.9,106.3,1855,3.697,13:59:37,2025-08-28,0.27,1,-9999,-9999,-9999,-9999,-9999,-9999,0,150,-9999,-9999,0.058905,0,0.02923,0,0,-0.000068,standard,0,mpf,7000,500,-9999,-9999,300,300,300,1.530647,25,0.004279,1.52564,1.536779,-0.011139,2.424615,2.431535,1.645303,0.584563,0.225268,-0.070791,0.584472,1.653531,1.418352,0.000621,2.40043,-0.000041,1,2.408421,-0.000039,1,0.60025,0.601702,0.107071,0,PSF-00232_20250828140930_75c,PFA-00245,PSA-00257,PSF-00232,RHS-00222,3.0.0,2021-01-19T12:57:14.097Z,MEASUREMENT_END
305,14:09:50,2025-08-28,Manual gsw+F,LI-COR Default,,305,,,0.021855,2.922236,0.021693,1.055721,0.573643,0.549852,4.372842,3.799199,6.827179,7.122572,54.294888,0.441786,7.5,PSF-00232_20250828140950_6b5,0,0,0,116.851685,150.725128,0.224737,0.5,0.8,112.654663,1,13.59,13.03,29.84,30.45,30.45,80.54,156.8,152.8,2.5,1253,3.694,13:59:37,2025-08-28,0.27,1,0,0,0.01,6.361,3.695,27.912,0,150,-9999,-9999,0.058905,0,0.02923,0,0,-0.000068,standard,0,mpf,7000,500,-9999,-9999,300,300,300,150.725128,25,13.806269,146.784073,170.508255,-23.724182,2.424708,2.43345,1.643875,0.919966,0.225076,0.00711,0.584871,1.151815,116.851685,0.000629,2.40043,-0.000041,1,2.408421,-0.000039,1,0.60025,0.601702,0.107071,0,PSF-00232_20250828140950_6b5,PFA-00245,PSA-00257,PSF-00232,RHS-00222,3.0.0,2021-01-19T12:57:14.097Z,MEASUREMENT_END
306,14:10:23,2025-08-28,Manual gsw+F,LI-COR Default,,306,,,0.002266,2.923106,0.002264,0.110393,0.629532,0.627047,4.433517,3.803985,7.784814,7.81566,55.042267,0.441786,7.5,PSF-00232_20250828141023_95c,0,0,0,127.827644,149.596832,0.145519,0.5,0.8,81.813065,1,14.85,14.79,29.91,30.7,30.7,80.55,156.9,149.6,4.7,1406,3.695,14:10:09,2025-08-28,0.23,1,-0.003,0.001,0.006,-1.668,-3.633,-9.65,0,150,-9999,-9999,0.058905,0,0.02923,0,0,-0.000068,standard,0,mpf,7000,500,-9999,-9999,300,300,300,146.201141,25,-2.210962,145.486954,146.428726,-0.941772,2.427793,2.43574,1.644791,0.911912,0.224457,0.009205,0.586247,1.278827,127.827644,0.000614,2.40043,-0.000041,1,2.408421,-0.000039,1,0.60025,0.601702,0.107071,0,PSF-00232_20250828141023_95c,PFA-00245,PSA-00257,PSF-00232,RHS-00222,3.0.0,2021-01-19T12:57:14.097Z,MEASUREMENT_END
307,14:10:49,2025-08-28,Manual gsw+F,LI-COR Default,,307,,,0.015948,2.922853,0.015862,0.738643,0.559979,0.54334,4.199393,3.639414,6.746734,6.953341,52.144505,0.441786,7.5,PSF-00232_20250828141049_1b5,0,0,0,181.985016,268.079407,0.321153,0.5,0.8,135.710052,1,13.16,12.77,29.97,29.75,29.75,80.53,156.8,150.8,3.9,1056,3.664,14:10:09,2025-08-28,0.23,1,0,0,0.013,-10.495,-14.187,67.64,0,150,-9999,-9999,0.058905,0,0.02923,0,0,-0.000068,standard,0,mpf,7000,500,-9999,-9999,300,300,300,243.328934,25,-21.512896,228.141907,237.253387,-9.111481,2.424248,2.432757,1.644525,0.914905,0.223881,-0.003115,0.587394,0.987785,181.985016,0.000625,2.40043,-0.000041,1,2.408421,-0.000039,1,0.60025,0.601702,0.107071,0,PSF-00232_20250828141049_1b5,PFA-00245,PSA-00257,PSF-00232,RHS-00222,3.0.0,2021-01-19T12:57:14.097Z,MEASUREMENT_END
308,14:11:10,2025-08-28,Manual gsw+F,LI-COR Default,,308,,,0.01344,2.924057,0.013379,0.690794,0.711381,0.695858,4.730859,4.019478,8.637117,8.829792,58.720295,0.441786,7.5,PSF-00232_20250828141110_439,0,0,0,69.639442,78.469109,0.112524,0.5,0.8,76.25399,1,16.67,16.31,30.02,31.84,31.84,80.57,157,129.4,17.6,1694,3.693,14:10:09,2025-08-28,0.23,1,0.001,0.004,0.006,-1.732,-2.507,-3.623,0,150,-9999,-9999,0.058905,0,0.02923,0,0,-0.000068,standard,0,mpf,7000,500,-9999,-9999,300,300,300,77.807663,25,-0.312872,77.865959,78.02079,-0.154831,2.430382,2.438873,1.645794,0.863459,0.22345,0.021874,0.588369,1.51945,69.639442,0.000622,2.40043,-0.000041,1,2.408421,-0.000039,1,0.60025,0.601702,0.107071,0,PSF-00232_20250828141110_439,PFA-00245,PSA-00257,PSF-00232,RHS-00222,3.0.0,2021-01-19T12:57:14.097Z,MEASUREMENT_END
309,14:11:39,2025-08-28,Manual gsw+F,LI-COR Default,,309,,,0.004571,2.923083,0.004564,0.239293,0.679401,0.674017,4.761004,4.081604,8.365818,8.43264,59.092995,0.441786,7.5,PSF-00232_20250828141139_bb0,0,0,0,82.351326,101.607796,0.189518,0.5,0.8,80.367874,1,15.83,15.7,30.13,31.95,31.95,80.57,156.9,144.5,7.9,1060,3.692,14:10:09,2025-08-28,0.23,1,0,0.001,0.008,0.348,0.345,-0.21,0,150,-9999,-9999,0.058905,0,0.02923,0,0,-0.000068,standard,0,mpf,7000,500,-9999,-9999,300,300,300,99.530342,25,-1.473672,99.168777,99.496155,-0.327377,2.429331,2.437406,1.644766,0.899593,0.222499,0.021939,0.589854,0.990898,81.792358,0.000617,2.40043,-0.000041,1,2.408421,-0.000039,1,0.60025,0.601702,0.107071,0,PSF-00232_20250828141139_bb0,PFA-00245,PSA-00257,PSF-00232,RHS-00222,3.0.0,2021-01-19T12:57:14.097Z,MEASUREMENT_END
310,14:11:57,2025-08-28,Manual gsw+F,LI-COR Default,,310,,,0.007554,2.923243,0.007535,0.400076,0.702254,0.693257,4.833325,4.131071,8.604404,8.716078,59.989143,0.441786,7.5,PSF-00232_20250828141157_1a4,0,0,0,79.035042,90.558586,0.12725,0.5,0.8,65.472458,1,16.29,16.08,30.21,32.21,32.21,80.57,156.9,-8,105.1,1286,3.694,14:10:09,2025-08-28,0.23,1,-0.004,-0.008,0.003,-1.809,-5.266,-17.75,0,150,-9999,-9999,0.058905,0,0.02923,0,0,-0.000068,standard,0,mpf,7000,500,-9999,-9999,300,300,300,88.487152,25,-1.662756,87.530495,88.17601,-0.645515,2.429973,2.438196,1.644935,0.587801,0.221853,0.02435,0.59091,1.179421,79.035042,0.000625,2.40043,-0.000041,1,2.408421,-0.000039,1,0.60025,0.601702,0.107071,0,PSF-00232_20250828141157_1a4,PFA-00245,PSA-00257,PSF-00232,RHS-00222,3.0.0,2021-01-19T12:57:14.097Z,MEASUREMENT_END
311,14:12:21,2025-08-28,Manual gsw+F,LI-COR Default,,311,,,0.012117,2.923775,0.012067,0.682749,0.711368,0.696024,5.104553,4.393185,8.64017,8.830644,63.365929,0.441786,7.5,PSF-00232_20250828141221_17a,0,0,0,120.262024,138.115341,0.129264,0.5,0.8,86.674225,1,16.4,16.05,30.31,33.18,33.18,80.56,157,152.1,3.1,1676,3.694,14:10:09,2025-08-28,0.23,1,0.002,0.001,-0.006,-0.539,-1.147,-3.855,0,150,-9999,-9999,0.058905,0,0.02923,0,0,-0.000068,standard,0,mpf,7000,500,-9999,-9999,300,300,300,136.388901,25,-1.15808,136.331314,136.455917,-0.124603,2.429906,2.438377,1.645497,0.918187,0.220932,0.035203,0.592168,1.504557,120.262024,0.000618,2.40043,-0.000041,1,2.408421,-0.000039,1,0.60025,0.601702,0.107071,0,PSF-00232_20250828141221_17a,PFA-00245,PSA-00257,PSF-00232,RHS-00222,3.0.0,2021-01-19T12:57:14.097Z,MEASUREMENT_END
312,14:12:45,2025-08-28,Manual gsw+F,LI-COR Default,,312,,,0.005545,2.923892,0.005535,0.298694,0.568606,0.561882,4.772065,4.203458,6.974921,7.058392,59.237991,0.441786,7.5,PSF-00232_20250828141245_c27,0,0,0,65.018173,77.148102,0.157229,0.5,0.8,99.674759,1,13.03,12.88,30.42,31.99,31.99,80.56,157,150.3,4.3,1585,3.692,14:10:09,2025-08-28,0.23,1,-0.002,-0.001,0.003,-0.291,-0.763,-1.575,0,150,-9999,-9999,0.058905,0,0.02923,0,0,-0.000068,standard,0,mpf,7000,500,-9999,-9999,300,300,300,75.454475,25,-1.153999,75.261711,75.49453,-0.232819,2.424398,2.432487,1.645621,0.913658,0.220021,0.018957,0.592815,1.428326,65.518501,0.000601,2.40043,-0.000041,1,2.408421,-0.000039,1,0.60025,0.601702,0.107071,0,PSF-00232_20250828141245_c27,PFA-00245,PSA-00257,PSF-00232,RHS-00222,3.0.0,2021-01-19T12:57:14.097Z,MEASUREMENT_END
313,14:13:10,2025-08-28,Manual gsw+F,LI-COR Default,,313,,,0.000346,2.92254,0.000346,0.019341,0.599284,0.598848,4.951128,4.351844,7.433012,7.438421,61.454311,0.441786,7.5,PSF-00232_20250828141310_c0e,0,0,0,62.777637,78.486938,0.200152,0.5,0.8,102.837143,1,13.65,13.64,30.52,32.64,32.64,80.57,156.8,151.7,3.3,1284,3.692,14:10:09,2025-08-28,0.23,1,0,-0.001,-0.002,-2.608,-2.029,-1.619,0,150,-9999,-9999,0.058905,0,0.02923,0,0,-0.000068,standard,0,mpf,7000,500,-9999,-9999,300,300,300,76.719406,25,-0.994842,78.583359,77.061417,1.521942,2.425737,2.433582,1.644194,0.917084,0.219131,0.025825,0.593643,1.177912,62.777637,0.000635,2.40043,-0.000041,1,2.408421,-0.000039,1,0.60025,0.601702,0.107071,0,PSF-00232_20250828141310_c0e,PFA-00245,PSA-00257,PSF-00232,RHS-00222,3.0.0,2021-01-19T12:57:14.097Z,MEASUREMENT_END
314,14:13:44,2025-08-28,Manual gsw+F,LI-COR Default,,314,,,-0.001137,2.923412,-0.001138,-0.065729,0.658132,0.65961,5.144947,4.486815,8.187053,8.168698,63.858837,0.441786,7.5,PSF-00232_20250828141344_e44,0,0,0,62.139275,65.630295,0.053192,0.5,0.8,33.18095,1,14.87,14.9,30.66,33.32,33.32,80.57,156.9,150.1,4.3,1559,3.691,14:10:09,2025-08-28,0.23,1,0.001,0.003,-0.001,0.144,0.264,-0.441,0,150,-9999,-9999,0.058905,0,0.02923,0,0,-0.000068,standard,0,mpf,7000,500,-9999,-9999,300,300,300,65.459488,25,-0.113813,65.485596,65.467209,0.018387,2.427913,2.435703,1.645113,0.91334,0.217886,0.032625,0.595026,1.407166,62.139275,0.000618,2.40043,-0.000041,1,2.408421,-0.000039,1,0.60025,0.601702,0.107071,0,PSF-00232_20250828141344_e44,PFA-00245,PSA-00257,PSF-00232,RHS-00222,3.0.0,2021-01-19T12:57:14.097Z,MEASUREMENT_END
315,14:14:10,2025-08-28,Manual gsw+F,LI-COR Default,,315,,,0.004129,2.923095,0.004123,0.24219,0.574095,0.568639,5.138607,4.564512,7.05836,7.126079,63.7841,0.441786,7.5,PSF-00232_20250828141410_34e,0,0,0,105.563881,105.753067,0.001789,0.5,0.8,1.092808,1,12.88,12.75,30.8,33.3,33.3,80.56,156.9,153,2.5,1527,3.688,14:10:09,2025-08-28,0.23,1,0,-0.001,-0.001,5.55,6.645,6.423,0,150,-9999,-9999,0.058905,0,0.02923,0,0,-0.000068,standard,0,mpf,7000,500,-9999,-9999,300,300,300,105.753067,25,9.300913,109.634758,119.080429,-9.445671,2.424146,2.432178,1.644779,0.920462,0.216758,0.030717,0.595921,1.380229,105.563881,0.00061,2.40043,-0.000041,1,2.408421,-0.000039,1,0.60025,0.601702,0.107071,0,PSF-00232_20250828141410_34e,PFA-00245,PSA-00257,PSF-00232,RHS-00222,3.0.0,2021-01-19T12:57:14.097Z,MEASUREMENT_END
316,14:14:29,2025-08-28,Manual gsw+F,LI-COR Default,,316,,,0.002778,2.921868,0.002775,0.148098,0.575939,0.572599,4.733809,4.157871,7.106518,7.147967,58.751259,0.441786,7.5,PSF-00232_20250828141429_b36,0,0,0,111.08136,121.605278,0.086542,0.5,0.8,37.719196,1,12.85,12.77,30.89,31.85,31.85,80.57,156.7,151.7,3.2,1090,3.691,14:10:09,2025-08-28,0.23,1,0,0.001,0.003,-3.684,-2.301,6.218,0,150,-9999,-9999,0.058905,0,0.02923,0,0,-0.000068,standard,0,mpf,7000,500,-9999,-9999,300,300,300,121.605278,25,0.934988,130.616074,122.94503,7.671043,2.424178,2.432125,1.643487,0.917105,0.21598,0.0114,0.596489,1.01546,111.08136,0.000623,2.40043,-0.000041,1,2.408421,-0.000039,1,0.60025,0.601702,0.107071,0,PSF-00232_20250828141429_b36,PFA-00245,PSA-00257,PSF-00232,RHS-00222,3.0.0,2021-01-19T12:57:14.097Z,MEASUREMENT_END
317,14:14:57,2025-08-28,Manual gsw+F,LI-COR Default,,317,,,0.007296,2.922912,0.007278,0.412177,0.613664,0.604382,5.016673,4.403008,7.501891,7.6171,62.269405,0.441786,7.5,PSF-00232_20250828141457_e3e,0,0,0,55.956959,65.03093,0.139533,0.5,0.8,89.460251,1,13.6,13.39,31.01,32.87,32.87,80.56,156.9,143.3,8.6,1603,3.69,14:10:09,2025-08-28,0.23,1,0.001,0.001,0.015,-0.081,-0.408,17.756,0,150,-9999,-9999,0.058905,0,0.02923,0,0,-0.000068,standard,0,mpf,7000,500,-9999,-9999,300,300,300,64.148422,25,-0.65431,63.982128,64.093361,-0.111233,2.425256,2.433444,1.644586,0.896699,0.214977,0.022748,0.597058,1.443319,55.956959,0.000618,2.40043,-0.000041,1,2.408421,-0.000039,1,0.60025,0.601702,0.107071,0,PSF-00232_20250828141457_e3e,PFA-00245,PSA-00257,PSF-00232,RHS-00222,3.0.0,2021-01-19T12:57:14.097Z,MEASUREMENT_END
318,14:15:25,2025-08-28,Manual gsw+F,LI-COR Default,,318,,,0.007412,2.923051,0.007393,0.444059,0.630525,0.620529,5.291741,4.661217,7.702449,7.82653,65.684921,0.441786,7.5,PSF-00232_20250828141525_5f9,0,0,0,62.281609,65.517784,0.049394,0.5,0.8,36.522133,1,13.88,13.66,31.12,33.83,33.83,80.56,156.9,-7.1,104.5,1849,3.69,14:10:09,2025-08-28,0.23,1,-0.006,-0.006,0.007,-0.07,-0.132,-0.189,0,150,-9999,-9999,0.058905,0,0.02923,0,0,-0.000068,standard,0,mpf,7000,500,-9999,-9999,300,300,300,65.517784,25,0.133311,65.629723,65.708809,-0.079086,2.425712,2.433928,1.644733,0.589374,0.213992,0.033306,0.598115,1.648124,62.281609,0.000612,2.40043,-0.000041,1,2.408421,-0.000039,1,0.60025,0.601702,0.107071,0,PSF-00232_20250828141525_5f9,PFA-00245,PSA-00257,PSF-00232,RHS-00222,3.0.0,2021-01-19T12:57:14.097Z,MEASUREMENT_END
319,14:15:53,2025-08-28,Manual gsw+F,LI-COR Default,,319,,,-0.007367,2.923155,-0.007386,-0.418268,0.702455,0.711861,5.100645,4.39819,8.836083,8.719324,63.312492,0.441786,7.5,PSF-00232_20250828141553_32d,0,0,0,35.619019,26.899464,-0.324153,0.5,0.8,-225.626755,1,15.36,15.57,31.24,33.17,33.17,80.56,156.9,16.2,89.7,1740,3.689,14:10:09,2025-08-28,0.23,1,-0.003,-0.007,-0.008,3.297,-7.175,-8.472,0,150,-9999,-9999,0.058905,0,0.02923,0,0,-0.000068,standard,0,mpf,7000,500,-9999,-9999,300,300,300,25.879025,25,-0.484725,26.895046,26.204897,0.690149,2.428996,2.436501,1.644842,0.630532,0.213024,0.023585,0.599389,1.55776,35.619019,0.000622,2.40043,-0.000041,1,2.408421,-0.000039,1,0.60025,0.601702,0.107071,0,PSF-00232_20250828141553_32d,PFA-00245,PSA-00257,PSF-00232,RHS-00222,3.0.0,2021-01-19T12:57:14.097Z,MEASUREMENT_END
320,14:16:15,2025-08-28,Manual gsw+F,LI-COR Default,,320,,,0.001745,2.922997,0.001744,0.095248,0.721076,0.718934,4.965126,4.24405,8.923955,8.950541,61.63092,0.441786,7.5,PSF-00232_20250828141615_0bd,0,0,0,77.750084,93.26899,0.166389,0.5,0.8,97.426544,1,15.68,15.63,31.34,32.69,32.69,80.56,156.9,74.5,52.5,1464,3.688,14:10:09,2025-08-28,0.23,1,0,0.002,-0.008,-0.144,0.149,3.148,0,150,-9999,-9999,0.058905,0,0.02923,0,0,-0.000068,standard,0,mpf,7000,500,-9999,-9999,300,300,300,92.334511,25,-0.60942,92.712875,92.395744,0.317131,2.42909,2.437032,1.644675,0.742919,0.212149,0.016284,0.600103,1.327431,77.987549,0.000616,2.40043,-0.000041,1,2.408421,-0.000039,1,0.60025,0.601702,0.107071,0,PSF-00232_20250828141615_0bd,PFA-00245,PSA-00257,PSF-00232,RHS-00222,3.0.0,2021-01-19T12:57:14.097Z,MEASUREMENT_END
321,14:16:22,2025-08-28,Manual gsw+F,LI-COR Default,,321,,,0.032616,2.92343,0.032256,1.091012,0.700042,0.675511,3.356331,2.65629,8.385063,8.68956,41.661858,0.441786,7.5,PSF-00232_20250828141622_fb5,0,0,0,1.457691,1.540661,0.053853,0.5,0.8,39.557747,1,15.19,14.66,31.37,25.91,25.91,80.56,156.9,-9.5,106.1,1836,3.688,14:10:09,2025-08-28,0.23,1,-9999,-9999,-9999,-9999,-9999,-9999,0,150,-9999,-9999,0.058905,0,0.02923,0,0,-0.000068,standard,0,mpf,7000,500,-9999,-9999,300,300,300,1.540661,25,-0.014581,1.503468,1.519768,-0.0163,2.427423,2.436192,1.645133,0.585265,0.211883,-0.065718,0.600259,1.637995,1.483083,0.000606,2.40043,-0.000041,1,2.408421,-0.000039,1,0.60025,0.601702,0.107071,0,PSF-00232_20250828141622_fb5,PFA-00245,PSA-00257,PSF-00232,RHS-00222,3.0.0,2021-01-19T12:57:14.097Z,MEASUREMENT_END
322,14:16:37,2025-08-28,Manual gsw+F,LI-COR Default,,322,,,0.010998,2.922855,0.010956,0.668048,0.668574,0.65354,5.395923,4.727349,8.112036,8.298644,66.976646,0.441786,7.5,PSF-00232_20250828141637_e0e,0,0,0,57.39534,35.601139,-0.612177,0.5,0.8,-377.507141,1,14.45,14.12,31.45,34.18,34.18,80.56,156.8,146.6,6.5,1542,3.688,14:10:09,2025-08-28,0.23,1,-0.001,-0.002,0,-22.034,-14.581,-6.218,0,150,-9999,-9999,0.058905,0,0.02923,0,0,-0.000068,standard,0,mpf,7000,500,-9999,-9999,300,300,300,35.601139,25,14.019384,46.209812,55.68964,-9.479828,2.426487,2.434893,1.644526,0.904625,0.211263,0.033687,0.60081,1.392306,57.39534,0.000632,2.40043,-0.000041,1,2.408421,-0.000039,1,0.60025,0.601702,0.107071,0,PSF-00232_20250828141637_e0e,PFA-00245,PSA-00257,PSF-00232,RHS-00222,3.0.0,2021-01-19T12:57:14.097Z,MEASUREMENT_END
323,14:17:02,2025-08-28,Manual gsw+F,LI-COR Default,,323,,,0.008755,2.92367,0.008728,0.520384,0.711571,0.699875,5.334291,4.622719,8.687652,8.83284,66.215332,0.441786,7.5,PSF-00232_20250828141702_5f9,0,0,0,55.696964,62.58239,0.110022,0.5,0.8,64.065468,1,15.27,15.02,31.57,33.97,33.97,80.56,156.9,148.8,5.2,1456,3.685,14:10:09,2025-08-28,0.23,1,0.002,0.001,0.004,-0.083,-0.089,-0.218,0,150,-9999,-9999,0.058905,0,0.02923,0,0,-0.000068,standard,0,mpf,7000,500,-9999,-9999,300,300,300,62.149643,25,-0.303803,62.168598,62.147068,0.02153,2.428021,2.436308,1.645386,0.910118,0.21024,0.029533,0.601665,1.320683,55.696964,0.000601,2.40043,-0.000041,1,2.408421,-0.000039,1,0.60025,0.601702,0.107071,0,PSF-00232_20250828141702_5f9,PFA-00245,PSA-00257,PSF-00232,RHS-00222,3.0.0,2021-01-19T12:57:14.097Z,MEASUREMENT_END
324,14:17:23,2025-08-28,Manual gsw+F,LI-COR Default,,324,,,0.007328,2.923257,0.007309,0.45204,0.643666,0.633495,5.436836,4.793171,7.865159,7.991427,67.501022,0.441786,7.5,PSF-00232_20250828141723_9e8,0,0,0,113.881943,122.149612,0.067685,0.5,0.8,41.362823,1,13.72,13.5,31.69,34.31,34.31,80.54,156.9,149.3,4.8,1528,3.687,14:10:09,2025-08-28,0.23,1,-0.002,0.001,0.008,-0.556,-4.174,-7.089,0,150,-9999,-9999,0.058905,0,0.02923,0,0,-0.000068,standard,0,mpf,7000,500,-9999,-9999,300,300,300,121.83094,25,-0.251204,121.766571,121.789658,-0.023087,2.425393,2.433603,1.64495,0.911323,0.209299,0.032452,0.602254,1.380731,113.881943,0.000606,2.40043,-0.000041,1,2.408421,-0.000039,1,0.60025,0.601702,0.107071,0,PSF-00232_20250828141723_9e8,PFA-00245,PSA-00257,PSF-00232,RHS-00222,3.0.0,2021-01-19T12:57:14.097Z,MEASUREMENT_END
325,14:17:49,2025-08-28,Manual gsw+F,LI-COR Default,,325,,,0.000758,2.922696,0.000758,0.047748,0.603667,0.602591,5.489913,4.886246,7.479332,7.492682,68.140541,0.441786,7.5,PSF-00232_20250828141749_8a0,0,0,0,83.242889,87.878822,0.052754,0.5,0.8,39.780033,1,12.8,12.77,31.79,34.49,34.49,80.57,156.8,142.7,9,1885,3.686,14:10:09,2025-08-28,0.23,1,-0.001,-0.002,-0.003,-0.007,-0.039,0.384,0,150,-9999,-9999,0.058905,0,0.02923,0,0,-0.000068,standard,0,mpf,7000,500,-9999,-9999,300,300,300,87.878822,25,0.531429,88.492157,88.640312,-0.148155,2.424102,2.431959,1.644358,0.895163,0.208485,0.033439,0.602689,1.678687,83.242889,0.000602,2.40043,-0.000041,1,2.408421,-0.000039,1,0.60025,0.601702,0.107071,0,PSF-00232_20250828141749_8a0,PFA-00245,PSA-00257,PSF-00232,RHS-00222,3.0.0,2021-01-19T12:57:14.097Z,MEASUREMENT_END
326,14:18:15,2025-08-28,Manual gsw+F,LI-COR Default,,326,,,0.003629,2.924191,0.003625,0.206605,0.60776,0.603112,5.038766,4.431006,7.486494,7.544188,62.546753,0.441786,7.5,PSF-00232_20250828141815_51e,0,0,0,64.132332,72.323578,0.113258,0.5,0.8,59.93515,1,12.81,12.71,31.88,32.95,32.95,80.56,157,145.9,7.1,1323,3.686,14:10:09,2025-08-28,0.23,1,-0.001,0.001,0.007,-0.742,-1.68,10.202,0,150,-9999,-9999,0.058905,0,0.02923,0,0,-0.000068,standard,0,mpf,7000,500,-9999,-9999,300,300,300,71.602821,25,-0.559995,71.340683,71.521156,-0.180473,2.423988,2.431979,1.645936,0.902834,0.207684,0.012837,0.603303,1.209996,64.132332,0.000611,2.40043,-0.000041,1,2.408421,-0.000039,1,0.60025,0.601702,0.107071,0,PSF-00232_20250828141815_51e,PFA-00245,PSA-00257,PSF-00232,RHS-00222,3.0.0,2021-01-19T12:57:14.097Z,MEASUREMENT_END
327,14:18:32,2025-08-28,Manual gsw+F,LI-COR Default,,327,,,0.01054,2.922754,0.010502,0.574616,0.642831,0.629895,4.898909,4.256078,7.818907,7.979481,60.81031,0.441786,7.5,PSF-00232_20250828141832_fea,0,0,0,118.568298,136.913345,0.13399,0.5,0.8,90.715439,1,13.52,13.24,31.93,32.45,32.45,80.56,156.8,138.1,12,1693,3.686,14:10:09,2025-08-28,0.23,1,-0.001,0.003,0.007,-6.104,-15.065,-22.135,0,150,-9999,-9999,0.058905,0,0.02923,0,0,-0.000068,standard,0,mpf,7000,500,-9999,-9999,300,300,300,126.597763,25,-6.920365,124.366165,126.997093,-2.630928,2.424917,2.433221,1.64442,0.884016,0.207313,0.006032,0.60361,1.518121,118.568298,0.000616,2.40043,-0.000041,1,2.408421,-0.000039,1,0.60025,0.601702,0.107071,0,PSF-00232_20250828141832_fea,PFA-00245,PSA-00257,PSF-00232,RHS-00222,3.0.0,2021-01-19T12:57:14.097Z,MEASUREMENT_END
328,14:18:59,2025-08-28,Manual gsw+F,LI-COR Default,,328,,,0.00926,2.924421,0.009231,0.554047,0.672418,0.659966,5.327786,4.655369,8.192022,8.346586,66.132751,0.441786,7.5,PSF-00232_20250828141859_e69,0,0,0,79.105141,92.862007,0.148143,0.5,0.8,101.264786,1,14.06,13.8,32.02,33.95,33.95,80.56,157,152.6,2.8,1709,3.685,14:10:09,2025-08-28,0.23,1,0,-0.001,0,-1.143,1.361,2.478,0,150,-9999,-9999,0.058905,0,0.02923,0,0,-0.000068,standard,0,mpf,7000,500,-9999,-9999,300,300,300,92.862007,25,0.816188,94.414833,94.031532,0.383301,2.425881,2.434172,1.64618,0.91935,0.206539,0.02362,0.604124,1.531731,79.105141,0.000598,2.40043,-0.000041,1,2.408421,-0.000039,1,0.60025,0.601702,0.107071,0,PSF-00232_20250828141859_e69,PFA-00245,PSA-00257,PSF-00232,RHS-00222,3.0.0,2021-01-19T12:57:14.097Z,MEASUREMENT_END
329,14:19:23,2025-08-28,Manual gsw+F,LI-COR Default,,329,,,0.001051,2.922865,0.001051,0.065947,0.609069,0.607585,5.474078,4.865008,7.543417,7.561852,67.962975,0.441786,7.5,PSF-00232_20250828141923_ae7,0,0,0,106.192589,117.65921,0.097456,0.5,0.8,49.00256,1,12.67,12.64,32.12,34.44,34.44,80.54,156.8,147.9,5.7,1257,3.684,14:10:09,2025-08-28,0.23,1,-0.002,-0.002,0.006,0.234,0.62,56.399,0,150,-9999,-9999,0.058905,0,0.02923,0,0,-0.000068,standard,0,mpf,7000,500,-9999,-9999,300,300,300,117.65921,25,0.573145,118.315102,118.480476,-0.165375,2.423832,2.431702,1.644537,0.907931,0.205748,0.028573,0.60436,1.155028,106.192589,0.000608,2.40043,-0.000041,1,2.408421,-0.000039,1,0.60025,0.601702,0.107071,0,PSF-00232_20250828141923_ae7,PFA-00245,PSA-00257,PSF-00232,RHS-00222,3.0.0,2021-01-19T12:57:14.097Z,MEASUREMENT_END
330,14:19:37,2025-08-28,Manual gsw+F,LI-COR Default,,330,,,0.0081,2.924117,0.008078,0.516633,0.619296,0.607676,5.572901,4.953605,7.544016,7.688273,69.184967,0.441786,7.5,PSF-00232_20250828141937_b41,0,0,0,80.277084,92.088142,0.128258,0.5,0.8,64.331894,1,12.83,12.59,32.19,34.76,34.76,80.55,157,77,50.9,1254,3.684,14:10:09,2025-08-28,0.23,1,-0.001,0.003,0.013,-0.268,-0.537,6.261,0,150,-9999,-9999,0.058905,0,0.02923,0,0,-0.000068,standard,0,mpf,7000,500,-9999,-9999,300,300,300,90.048195,25,-1.479114,89.517471,89.968704,-0.451233,2.423743,2.431986,1.645857,0.748101,0.205197,0.031825,0.604689,1.152454,80.277084,0.000622,2.40043,-0.000041,1,2.408421,-0.000039,1,0.60025,0.601702,0.107071,0,PSF-00232_20250828141937_b41,PFA-00245,PSA-00257,PSF-00232,RHS-00222,3.0.0,2021-01-19T12:57:14.097Z,MEASUREMENT_END
331,14:20:07,2025-08-28,Manual gsw+F,LI-COR Default,,331,,,0.008032,2.923696,0.00801,0.502614,0.589142,0.577829,5.454025,4.864882,7.173505,7.313948,67.709389,0.441786,7.5,PSF-00232_20250828142007_4b8,0,0,0,114.494202,135.12645,0.152688,0.5,0.8,79.644882,1,12.12,11.88,32.32,34.37,34.37,80.55,156.9,153.2,2.4,1304,3.683,14:10:09,2025-08-28,0.23,1,-0.001,0,-0.002,-0.058,-0.787,3.574,0,150,-9999,-9999,0.058905,0,0.02923,0,0,-0.000068,standard,0,mpf,7000,500,-9999,-9999,300,300,300,133.450272,25,-1.134501,133.24678,133.500809,-0.254028,2.422484,2.430705,1.645412,0.920925,0.204168,0.025275,0.604964,1.194212,114.494202,0.000606,2.40043,-0.000041,1,2.408421,-0.000039,1,0.60025,0.601702,0.107071,0,PSF-00232_20250828142007_4b8,PFA-00245,PSA-00257,PSF-00232,RHS-00222,3.0.0,2021-01-19T12:57:14.097Z,MEASUREMENT_END
332,14:20:38,2025-08-28,Manual gsw+F,LI-COR Default,,332,,,0.003551,2.923861,0.003546,0.224943,0.602048,0.596986,5.518332,4.916284,7.409992,7.472828,68.495399,0.441786,7.5,PSF-00232_20250828142038_3fa,0,0,0,85.251328,117.955238,0.277257,0.5,0.8,199.915497,1,12.3,12.19,32.44,34.58,34.58,80.57,157,148.3,5.5,1803,3.66,14:20:30,2025-08-28,0.19,1,-0.001,-0.001,0.004,-0.668,-1.733,-3.827,0,150,-9999,-9999,0.058905,0,0.02923,0,0,-0.000068,standard,0,mpf,7000,500,-9999,-9999,300,300,300,115.538475,25,-1.657768,115.181923,115.579811,-0.397888,2.423021,2.431094,1.645587,0.908782,0.20317,0.026394,0.605041,1.609861,85.149048,0.00062,2.40043,-0.000041,1,2.408421,-0.000039,1,0.60025,0.601702,0.107071,0,PSF-00232_20250828142038_3fa,PFA-00245,PSA-00257,PSF-00232,RHS-00222,3.0.0,2021-01-19T12:57:14.097Z,MEASUREMENT_END
333,14:21:09,2025-08-28,Manual gsw+F,LI-COR Default,,333,,,0.005406,2.92377,0.005396,0.353997,0.591394,0.583426,5.671084,5.07969,7.241908,7.340815,70.393593,0.441786,7.5,PSF-00232_20250828142109_f5c,0,0,0,76.049568,82.900909,0.082645,0.5,0.8,49.144432,1,11.98,11.82,32.58,35.07,35.07,80.56,157,150.2,4.3,1487,3.653,14:20:30,2025-08-28,0.19,1,0,0.001,0.006,1.459,1.822,5.142,0,150,-9999,-9999,0.058905,0,0.02923,0,0,-0.000068,standard,0,mpf,7000,500,-9999,-9999,300,300,300,82.552673,25,-0.226719,83.001137,82.576042,0.425095,2.422354,2.430527,1.645491,0.913546,0.202075,0.030957,0.605578,1.346416,76.049568,0.000605,2.40043,-0.000041,1,2.408421,-0.000039,1,0.60025,0.601702,0.107071,0,PSF-00232_20250828142109_f5c,PFA-00245,PSA-00257,PSF-00232,RHS-00222,3.0.0,2021-01-19T12:57:14.097Z,MEASUREMENT_END
334,14:21:38,2025-08-28,Manual gsw+F,LI-COR Default,,334,,,0.000931,2.923421,0.000931,0.057655,0.626557,0.625259,5.430781,4.804224,7.760667,7.776773,67.406395,0.441786,7.5,PSF-00232_20250828142138_03b,0,0,0,63.000084,63.703537,0.011043,0.5,0.8,2.113271,1,12.61,12.58,32.71,34.29,34.29,80.57,156.9,134.4,14.3,478,3.681,14:20:30,2025-08-28,0.19,1,0,0.001,0.001,0.344,0.056,-2.802,0,150,-9999,-9999,0.058905,0,0.02923,0,0,-0.000068,standard,0,mpf,7000,500,-9999,-9999,300,300,300,63.703537,25,-0.241682,62.877773,63.357227,-0.479454,2.423684,2.431626,1.645123,0.875289,0.201064,0.019404,0.605768,0.505929,63.000084,0.000612,2.40043,-0.000041,1,2.408421,-0.000039,1,0.60025,0.601702,0.107071,0,PSF-00232_20250828142138_03b,PFA-00245,PSA-00257,PSF-00232,RHS-00222,3.0.0,2021-01-19T12:57:14.097Z,MEASUREMENT_END
335,14:22:43,2025-08-28,Manual gsw+F,LI-COR Default,,335,,,0.004374,2.923849,0.004368,0.218641,0.697253,0.692339,4.597034,3.899782,8.594954,8.655957,57.069332,0.441786,7.5,PSF-00232_20250828142243_052,0,0,0,98.959206,261.912811,0.622167,0.5,0.8,59.633923,1,13.94,13.84,32.83,31.33,31.33,80.55,157,118.3,24.7,240,3.681,14:20:30,2025-08-28,0.19,1,0.001,0.005,0.007,1.398,2.934,-0.915,0,150,-9999,-9999,0.058905,0,0.02923,0,0,-0.000068,standard,0,mpf,7000,500,-9999,-9999,300,300,300,235.516907,25,-20.148954,222.871185,233.041199,-10.170013,2.425874,2.43396,1.645575,0.837699,0.200146,-0.019022,0.605337,0.306836,98.959206,0.000634,2.40043,-0.000041,1,2.408421,-0.000039,1,0.60025,0.601702,0.107071,0,PSF-00232_20250828142243_052,PFA-00245,PSA-00257,PSF-00232,RHS-00222,3.0.0,2021-01-19T12:57:14.097Z,MEASUREMENT_END
336,14:23:06,2025-08-28,Manual gsw+F,LI-COR Default,,336,,,0.015012,2.923874,0.014935,0.669379,0.593601,0.578538,4.098632,3.505031,7.182347,7.36935,50.88308,0.441786,7.5,PSF-00232_20250828142306_b63,0,0,0,105.759499,389.497192,0.728472,0.5,0.8,99.345917,1,11.89,11.58,32.79,29.33,29.33,80.55,157,153.9,2,341,3.68,14:20:30,2025-08-28,0.19,1,0.002,0.006,0.002,0.179,0.537,0.899,0,150,-9999,-9999,0.058905,0,0.02923,0,0,-0.000068,standard,0,mpf,7000,500,-9999,-9999,300,300,300,372.141479,25,-11.934478,372.227325,372.396179,-0.168854,2.421913,2.430335,1.645601,0.922598,0.200402,-0.042938,0.604626,0.391302,105.759499,0.000622,2.40043,-0.000041,1,2.408421,-0.000039,1,0.60025,0.601702,0.107071,0,PSF-00232_20250828142306_b63,PFA-00245,PSA-00257,PSF-00232,RHS-00222,3.0.0,2021-01-19T12:57:14.097Z,MEASUREMENT_END
337,14:23:36,2025-08-28,Manual gsw+F,LI-COR Default,,337,,,0.008839,2.923427,0.008812,0.429683,0.632037,0.622369,4.436004,3.803967,7.726708,7.846734,55.072968,0.441786,7.5,PSF-00232_20250828142336_9d2,0,0,0,71.297409,268.325531,0.734288,0.5,0.8,58.556602,1,12.71,12.51,32.72,30.7,30.7,80.55,156.9,84.4,46.2,199,3.68,14:20:30,2025-08-28,0.19,1,0.003,0.003,0.003,-0.028,0.143,2.041,0,150,-9999,-9999,0.058905,0,0.02923,0,0,-0.000068,standard,0,mpf,7000,500,-9999,-9999,300,300,300,257.143738,25,-7.577849,255.975723,257.467163,-1.49144,2.423568,2.431808,1.645129,0.763502,0.200985,-0.025341,0.603768,0.273276,71.297409,0.000644,2.40043,-0.000041,1,2.408421,-0.000039,1,0.60025,0.601702,0.107071,0,PSF-00232_20250828142336_9d2,PFA-00245,PSA-00257,PSF-00232,RHS-00222,3.0.0,2021-01-19T12:57:14.097Z,MEASUREMENT_END
338,14:24:05,2025-08-28,Manual gsw+F,LI-COR Default,,338,,,0.014692,2.922266,0.014618,0.806607,0.596501,0.57833,4.889033,4.292532,7.18086,7.40648,60.704865,0.441786,7.5,PSF-00232_20250828142405_8fa,0,0,0,88.508965,231.592346,0.617824,0.5,0.8,389.648529,1,12.04,11.67,32.65,32.42,32.42,80.54,156.8,46.6,70.3,1577,3.679,14:20:30,2025-08-28,0.19,1,-0.003,-0.004,0.011,0.715,1.54,3.331,0,150,-9999,-9999,0.058905,0,0.02923,0,0,-0.000068,standard,0,mpf,7000,500,-9999,-9999,300,300,300,204.160095,25,-18.616335,204.292419,204.91684,-0.62442,2.42208,2.430619,1.643906,0.687341,0.201505,-0.003441,0.602834,1.421516,88.508965,0.000626,2.40043,-0.000041,1,2.408421,-0.000039,1,0.60025,0.601702,0.107071,0,PSF-00232_20250828142405_8fa,PFA-00245,PSA-00257,PSF-00232,RHS-00222,3.0.0,2021-01-19T12:57:14.097Z,MEASUREMENT_END
339,14:24:49,2025-08-28,Manual gsw+F,LI-COR Default,,339,,,0.005145,2.92326,0.005136,0.294941,0.583204,0.576564,5.047109,4.463904,7.158525,7.240973,62.664112,0.441786,7.5,PSF-00232_20250828142449_5f4,0,0,0,70.273521,121.649666,0.422329,0.5,0.8,225.921844,1,11.82,11.68,32.58,32.98,32.98,80.54,156.9,151.4,3.5,1337,3.644,14:20:30,2025-08-28,0.19,1,-0.002,-0.002,0.004,-0.882,1.408,1.604,0,150,-9999,-9999,0.058905,0,0.02923,0,0,-0.000068,standard,0,mpf,7000,500,-9999,-9999,300,300,300,118.332268,25,-2.496628,116.861343,118.072227,-1.210884,2.422103,2.430226,1.644953,0.916416,0.202055,0.004472,0.601814,1.221987,70.273521,0.00065,2.40043,-0.000041,1,2.408421,-0.000039,1,0.60025,0.601702,0.107071,0,PSF-00232_20250828142449_5f4,PFA-00245,PSA-00257,PSF-00232,RHS-00222,3.0.0,2021-01-19T12:57:14.097Z,MEASUREMENT_END
340,14:25:12,2025-08-28,Manual gsw+F,LI-COR Default,,340,,,-0.001025,2.923473,-0.001025,-0.057474,0.723288,0.72458,5.077574,4.354286,8.995934,8.979897,63.040016,0.441786,7.5,PSF-00232_20250828142512_19f,0,0,0,79.698441,178.961197,0.554661,0.5,0.8,385.95755,1,14.66,14.69,32.58,33.09,33.09,80.55,156.9,146.1,6.9,1740,3.677,14:20:30,2025-08-28,0.19,1,0,0,0.01,0.416,1.289,2.224,0,150,-9999,-9999,0.058905,0,0.02923,0,0,-0.000068,standard,0,mpf,7000,500,-9999,-9999,300,300,300,163.858292,25,-10.856204,160.274155,163.405243,-3.131088,2.427362,2.435243,1.645177,0.903507,0.202109,0.005898,0.602101,1.557333,79.698441,0.000641,2.40043,-0.000041,1,2.408421,-0.000039,1,0.60025,0.601702,0.107071,0,PSF-00232_20250828142512_19f,PFA-00245,PSA-00257,PSF-00232,RHS-00222,3.0.0,2021-01-19T12:57:14.097Z,MEASUREMENT_END
341,14:25:42,2025-08-28,Manual gsw+F,LI-COR Default,,341,,,0.006404,2.923947,0.00639,0.359194,0.652976,0.644902,5.019605,4.366629,8.009043,8.10931,62.338501,0.441786,7.5,PSF-00232_20250828142542_c77,0,0,0,102.609512,347.829987,0.705001,0.5,0.8,269.330048,1,13.24,13.07,32.58,32.89,32.89,80.52,157,154.1,1.8,955,3.677,14:20:30,2025-08-28,0.19,1,0,0,0.01,0.25,0.559,0.457,0,150,-9999,-9999,0.058905,0,0.02923,0,0,-0.000068,standard,0,mpf,7000,500,-9999,-9999,300,300,300,318.480499,25,-20.752934,312.184814,318.092926,-5.908112,2.42456,2.432752,1.645678,0.923213,0.202111,0.003344,0.602183,0.903284,102.609512,0.000638,2.40043,-0.000041,1,2.408421,-0.000039,1,0.60025,0.601702,0.107071,0,PSF-00232_20250828142542_c77,PFA-00245,PSA-00257,PSF-00232,RHS-00222,3.0.0,2021-01-19T12:57:14.097Z,MEASUREMENT_END
342,14:26:10,2025-08-28,Manual gsw+F,LI-COR Default,,342,,,0.028471,2.922798,0.028197,1.521628,0.665844,0.631605,4.863437,4.197593,7.841301,8.266376,60.378983,0.441786,7.5,PSF-00232_20250828142610_eac,0,0,0,90.000626,267.751648,0.663865,0.5,0.8,352.543518,1,13.48,12.79,32.6,32.32,32.32,80.55,156.8,130.3,16.9,1328,3.676,14:20:30,2025-08-28,0.19,1,0,-0.002,0.014,1.068,2.416,5.972,0,150,-9999,-9999,0.058905,0,0.02923,0,0,-0.000068,standard,0,mpf,7000,500,-9999,-9999,300,300,300,247.571823,25,-13.951369,247.271423,247.760605,-0.489182,2.424064,2.433186,1.644466,0.865629,0.201972,-0.003858,0.601925,1.213866,90.000626,0.000646,2.40043,-0.000041,1,2.408421,-0.000039,1,0.60025,0.601702,0.107071,0,PSF-00232_20250828142610_eac,PFA-00245,PSA-00257,PSF-00232,RHS-00222,3.0.0,2021-01-19T12:57:14.097Z,MEASUREMENT_END
343,14:27:03,2025-08-28,Manual gsw+F,LI-COR Default,,343,,,0.003611,2.923392,0.003606,0.191956,0.715969,0.711655,4.85494,4.138971,8.83519,8.888755,60.274055,0.441786,7.5,PSF-00232_20250828142703_31e,0,0,0,70.403694,215.512344,0.673319,0.5,0.8,343.499878,1,14.46,14.37,32.65,32.29,32.29,80.55,156.9,152.9,2.5,1275,3.675,14:20:30,2025-08-28,0.19,1,0,0.001,0.009,-0.269,-0.401,-0.773,0,150,-9999,-9999,0.058905,0,0.02923,0,0,-0.000068,standard,0,mpf,7000,500,-9999,-9999,300,300,300,198.103668,25,-12.714391,194.833511,197.293777,-2.460266,2.42681,2.434884,1.645092,0.920233,0.201574,-0.004871,0.602962,1.170332,70.403694,0.000633,2.40043,-0.000041,1,2.408421,-0.000039,1,0.60025,0.601702,0.107071,0,PSF-00232_20250828142703_31e,PFA-00245,PSA-00257,PSF-00232,RHS-00222,3.0.0,2021-01-19T12:57:14.097Z,MEASUREMENT_END
344,14:27:39,2025-08-28,Manual gsw+F,LI-COR Default,,344,,,0.00145,2.92346,0.00145,0.080205,0.663475,0.661672,4.964258,4.300783,8.214599,8.236993,61.630863,0.441786,7.5,PSF-00232_20250828142739_4ef,0,0,0,75.209137,151.231796,0.50269,0.5,0.8,245.261765,1,13.35,13.31,32.71,32.69,32.69,80.55,156.9,151.7,3.3,1220,3.675,14:20:30,2025-08-28,0.19,1,0,0.001,0.001,-0.58,2.512,0.764,0,150,-9999,-9999,0.058905,0,0.02923,0,0,-0.000068,standard,0,mpf,7000,500,-9999,-9999,300,300,300,141.07132,25,-9.193901,134.479874,138.05777,-3.577896,2.42497,2.43294,1.645165,0.91709,0.201068,-0.000764,0.603322,1.123938,75.209137,0.000623,2.40043,-0.000041,1,2.408421,-0.000039,1,0.60025,0.601702,0.107071,0,PSF-00232_20250828142739_4ef,PFA-00245,PSA-00257,PSF-00232,RHS-00222,3.0.0,2021-01-19T12:57:14.097Z,MEASUREMENT_END
345,14:28:22,2025-08-28,Manual gsw+F,LI-COR Default,,345,,,-0.001042,2.9238,-0.001043,-0.057266,0.631957,0.633245,4.904338,4.272381,7.861906,7.845914,60.88866,0.441786,7.5,PSF-00232_20250828142822_575,0,0,0,79.159142,144.52327,0.452274,0.5,0.8,208.062866,1,12.65,12.68,32.8,32.47,32.47,80.55,157,152.9,2.6,1150,3.673,14:20:30,2025-08-28,0.19,1,0.002,0.003,-0.005,0.182,0.211,4.138,0,150,-9999,-9999,0.058905,0,0.02923,0,0,-0.000068,standard,0,mpf,7000,500,-9999,-9999,300,300,300,134.037491,25,-8.121975,129.472382,132.885223,-3.412842,2.423851,2.431702,1.645523,0.920204,0.200385,-0.004531,0.60368,1.065869,79.159142,0.000634,2.40043,-0.000041,1,2.408421,-0.000039,1,0.60025,0.601702,0.107071,0,PSF-00232_20250828142822_575,PFA-00245,PSA-00257,PSF-00232,RHS-00222,3.0.0,2021-01-19T12:57:14.097Z,MEASUREMENT_END
346,14:28:45,2025-08-28,Manual gsw+F,LI-COR Default,,346,,,-0.00005,2.922996,-0.00005,-0.003172,0.619186,0.619257,5.567994,4.948808,7.688695,7.687809,69.132195,0.441786,7.5,PSF-00232_20250828142845_c32,0,0,0,68.526146,82.280052,0.16716,0.5,0.8,115.162048,1,12.37,12.37,32.84,34.74,34.74,80.54,156.9,152.2,2.9,1722,3.67,14:20:30,2025-08-28,0.19,1,0,0.001,0.001,0.085,-0.411,-0.27,0,150,-9999,-9999,0.058905,0,0.02923,0,0,-0.000068,standard,0,mpf,7000,500,-9999,-9999,300,300,300,79.922318,25,-1.816018,78.953506,79.677864,-0.724358,2.423298,2.431188,1.644674,0.918505,0.20003,0.023463,0.604193,1.542931,68.526146,0.000612,2.40043,-0.000041,1,2.408421,-0.000039,1,0.60025,0.601702,0.107071,0,PSF-00232_20250828142845_c32,PFA-00245,PSA-00257,PSF-00232,RHS-00222,3.0.0,2021-01-19T12:57:14.097Z,MEASUREMENT_END
347,14:29:17,2025-08-28,Manual gsw+F,LI-COR Default,,347,,,0.001338,2.922654,0.001337,0.072857,0.656066,0.654427,4.893713,4.237647,8.12531,8.145668,60.75996,0.441786,7.5,PSF-00232_20250828142917_b95,0,0,0,41.220901,67.491013,0.389239,0.5,0.8,223.618973,1,13.06,13.03,32.9,32.43,32.43,80.54,156.8,49.7,68.3,1436,3.673,14:20:30,2025-08-28,0.19,1,0,0.006,0.009,0.692,-0.87,-0.558,0,150,-9999,-9999,0.058905,0,0.02923,0,0,-0.000068,standard,0,mpf,7000,500,-9999,-9999,300,300,300,63.991428,25,-2.442215,63.317299,63.991543,-0.674244,2.424459,2.43242,1.644314,0.693349,0.19961,-0.006247,0.60497,1.304437,42.23156,0.000634,2.40043,-0.000041,1,2.408421,-0.000039,1,0.60025,0.601702,0.107071,0,PSF-00232_20250828142917_b95,PFA-00245,PSA-00257,PSF-00232,RHS-00222,3.0.0,2021-01-19T12:57:14.097Z,MEASUREMENT_END
348,14:29:59,2025-08-28,Manual gsw+F,LI-COR Default,,348,,,0.010144,2.925009,0.010109,0.577669,0.673097,0.660124,5.110445,4.437348,8.195685,8.356762,63.448132,0.441786,7.5,PSF-00232_20250828142959_03c,0,0,0,85.951569,182.281387,0.528468,0.5,0.8,331.593079,1,13.34,13.08,32.98,33.2,33.2,80.55,157.1,53.6,65.9,1569,3.672,14:20:30,2025-08-28,0.19,1,-0.001,0,0.002,0.223,0.755,28.91,0,150,-9999,-9999,0.058905,0,0.02923,0,0,-0.000068,standard,0,mpf,7000,500,-9999,-9999,300,300,300,171.044113,25,-7.923369,168.48671,170.927917,-2.441208,2.424542,2.432899,1.646802,0.700862,0.198951,0.002303,0.605911,1.414811,85.951569,0.000634,2.40043,-0.000041,1,2.408421,-0.000039,1,0.60025,0.601702,0.107071,0,PSF-00232_20250828142959_03c,PFA-00245,PSA-00257,PSF-00232,RHS-00222,3.0.0,2021-01-19T12:57:14.097Z,MEASUREMENT_END
349,14:30:39,2025-08-28,Manual gsw+F,LI-COR Default,,349,,,-0.003889,2.922347,-0.003894,-0.225839,0.637198,0.642283,5.140913,4.503715,7.973964,7.91083,63.824608,0.441786,7.5,PSF-00232_20250828143039_bea,0,0,0,50.50206,71.258072,0.291279,0.5,0.8,139.037445,1,12.55,12.65,33.09,33.31,33.31,80.55,156.8,148.1,5.6,1193,3.671,14:20:30,2025-08-28,0.19,1,0,-0.003,0.001,1.917,3.46,26.204,0,150,-9999,-9999,0.058905,0,0.02923,0,0,-0.000068,standard,0,mpf,7000,500,-9999,-9999,300,300,300,71.258072,25,0.734569,74.956657,72.310646,2.646011,2.423781,2.431501,1.643991,0.908189,0.198134,0.002313,0.606401,1.101918,50.50206,0.000628,2.40043,-0.000041,1,2.408421,-0.000039,1,0.60025,0.601702,0.107071,0,PSF-00232_20250828143039_bea,PFA-00245,PSA-00257,PSF-00232,RHS-00222,3.0.0,2021-01-19T12:57:14.097Z,MEASUREMENT_END
350,14:31:13,2025-08-28,Manual gsw+F,LI-COR Default,,350,,,0.019914,2.923109,0.019779,1.075814,0.613536,0.58932,4.845814,4.232278,7.316911,7.617568,60.164864,0.441786,7.5,PSF-00232_20250828143113_92e,0,0,0,95.588211,153.108322,0.375682,0.5,0.8,249.311493,1,12.01,11.54,33.2,32.26,32.26,80.54,156.9,-4.3,102.7,1659,3.671,14:31:02,2025-08-28,0.27,1,0.003,0.005,0.011,-0.461,-2.059,33.863,0,150,-9999,-9999,0.058905,0,0.02923,0,0,-0.000068,standard,0,mpf,7000,500,-9999,-9999,300,300,300,140.491241,25,-10.030947,134.45842,138.734894,-4.276474,2.421795,2.430373,1.644793,0.594293,0.197265,-0.012193,0.606289,1.490178,96.84169,0.000633,2.40043,-0.000041,1,2.408421,-0.000039,1,0.60025,0.601702,0.107071,0,PSF-00232_20250828143113_92e,PFA-00245,PSA-00257,PSF-00232,RHS-00222,3.0.0,2021-01-19T12:57:14.097Z,MEASUREMENT_END
351,14:31:35,2025-08-28,Manual gsw+F,LI-COR Default,,351,,,-0.000416,2.922101,-0.000416,-0.023899,0.65988,0.660418,5.120402,4.460522,8.201149,8.194468,63.585766,0.441786,7.5,PSF-00232_20250828143135_55b,0,0,0,86.781624,107.497574,0.192711,0.5,0.8,69.340988,1,12.85,12.86,33.29,33.24,33.24,80.53,156.8,146.8,6.4,900,3.67,14:31:02,2025-08-28,0.27,1,-0.002,-0.002,0.003,-0.276,-0.788,-6.018,0,150,-9999,-9999,0.058905,0,0.02923,0,0,-0.000068,standard,0,mpf,7000,500,-9999,-9999,300,300,300,107.497574,25,1.040186,107.381348,108.988068,-1.60672,2.424137,2.431869,1.643732,0.905016,0.196589,-0.001093,0.606446,0.856997,86.781624,0.000603,2.40043,-0.000041,1,2.408421,-0.000039,1,0.60025,0.601702,0.107071,0,PSF-00232_20250828143135_55b,PFA-00245,PSA-00257,PSF-00232,RHS-00222,3.0.0,2021-01-19T12:57:14.097Z,MEASUREMENT_END
352,14:32:02,2025-08-28,Manual gsw+F,LI-COR Default,,352,,,-0.001379,2.923404,-0.00138,-0.085481,0.656594,0.658517,5.457805,4.80121,8.174145,8.150274,67.747482,0.441786,7.5,PSF-00232_20250828143202_aa7,0,0,0,49.423454,68.639351,0.279955,0.5,0.8,114.873734,1,12.73,12.77,33.36,34.38,34.38,80.56,156.9,136,13.3,1026,3.67,14:31:02,2025-08-28,0.27,1,-0.002,0.001,-0.002,0.317,-0.177,1.885,0,150,-9999,-9999,0.058905,0,0.02923,0,0,-0.000068,standard,0,mpf,7000,500,-9999,-9999,300,300,300,66.206573,25,-2.184663,64.57901,65.508926,-0.929916,2.423967,2.431649,1.645105,0.879053,0.195987,0.012321,0.606577,0.962271,49.423454,0.000642,2.40043,-0.000041,1,2.408421,-0.000039,1,0.60025,0.601702,0.107071,0,PSF-00232_20250828143202_aa7,PFA-00245,PSA-00257,PSF-00232,RHS-00222,3.0.0,2021-01-19T12:57:14.097Z,MEASUREMENT_END
353,14:32:26,2025-08-28,Manual gsw+F,LI-COR Default,,353,,,0.008679,2.922109,0.008653,0.495563,0.670177,0.659019,5.118046,4.447869,8.180374,8.318881,63.530071,0.441786,7.5,PSF-00232_20250828143226_3c3,0,0,0,85.273865,152.106613,0.439381,0.5,0.8,211.927414,1,12.95,12.73,33.43,33.23,33.23,80.56,156.8,145,7.5,1206,3.669,14:31:02,2025-08-28,0.27,1,0.001,0.003,0.007,0.223,0.315,0.935,0,150,-9999,-9999,0.058905,0,0.02923,0,0,-0.000068,standard,0,mpf,7000,500,-9999,-9999,300,300,300,145.691162,25,-4.486312,144.362564,145.678131,-1.315567,2.423899,2.432029,1.643741,0.900796,0.1955,-0.002982,0.606762,1.112335,85.273865,0.000627,2.40043,-0.000041,1,2.408421,-0.000039,1,0.60025,0.601702,0.107071,0,PSF-00232_20250828143226_3c3,PFA-00245,PSA-00257,PSF-00232,RHS-00222,3.0.0,2021-01-19T12:57:14.097Z,MEASUREMENT_END
354,14:32:52,2025-08-28,Manual gsw+F,LI-COR Default,,354,,,0.004864,2.923429,0.004856,0.284851,0.67886,0.672454,5.230689,4.551829,8.347375,8.426897,64.930122,0.441786,7.5,PSF-00232_20250828143252_586,0,0,0,98.23716,160.660706,0.388543,0.5,0.8,150.097473,1,13.07,12.95,33.49,33.62,33.62,80.56,156.9,150.7,4,966,3.669,14:31:02,2025-08-28,0.27,1,0,0,-0.002,0.157,0.759,17.233,0,150,-9999,-9999,0.058905,0,0.02923,0,0,-0.000068,standard,0,mpf,7000,500,-9999,-9999,300,300,300,149.345398,25,-8.926373,144.249557,147.870026,-3.620468,2.424273,2.432243,1.645131,0.914608,0.195044,0.001144,0.607112,0.912206,98.23716,0.000638,2.40043,-0.000041,1,2.408421,-0.000039,1,0.60025,0.601702,0.107071,0,PSF-00232_20250828143252_586,PFA-00245,PSA-00257,PSF-00232,RHS-00222,3.0.0,2021-01-19T12:57:14.097Z,MEASUREMENT_END
355,14:33:19,2025-08-28,Manual gsw+F,LI-COR Default,,355,,,0.007415,2.923064,0.007396,0.48987,0.707251,0.696235,5.826334,5.119083,8.64309,8.779838,72.328308,0.441786,7.5,PSF-00232_20250828143319_6c3,0,0,0,90.562462,193.600494,0.53222,0.5,0.8,181.643478,1,13.57,13.36,33.55,35.56,35.56,80.55,156.9,134.2,14.5,853,3.666,14:31:02,2025-08-28,0.27,1,0,0.001,-0.003,-0.027,0.063,7.879,0,150,-9999,-9999,0.058905,0,0.02923,0,0,-0.000068,standard,0,mpf,7000,500,-9999,-9999,300,300,300,176.873444,25,-11.704132,174.360748,176.829544,-2.468796,2.424985,2.433116,1.644746,0.874752,0.194569,0.025043,0.607443,0.818388,90.409042,0.000639,2.40043,-0.000041,1,2.408421,-0.000039,1,0.60025,0.601702,0.107071,0,PSF-00232_20250828143319_6c3,PFA-00245,PSA-00257,PSF-00232,RHS-00222,3.0.0,2021-01-19T12:57:14.097Z,MEASUREMENT_END
356,14:33:41,2025-08-28,Manual gsw+F,LI-COR Default,,356,,,0.007815,2.923285,0.007794,0.42247,0.665321,0.655818,4.881525,4.216203,8.141397,8.259371,60.599785,0.441786,7.5,PSF-00232_20250828143341_574,0,0,0,78.14312,191.114563,0.591119,0.5,0.8,246.717682,1,12.74,12.55,33.6,32.39,32.39,80.55,156.9,153.9,1.9,1043,3.668,14:31:02,2025-08-28,0.27,1,0,0.004,0.009,0.595,1.486,4.958,0,150,-9999,-9999,0.058905,0,0.02923,0,0,-0.000068,standard,0,mpf,7000,500,-9999,-9999,300,300,300,176.986816,25,-9.837783,174.754852,177.017914,-2.263062,2.423568,2.431636,1.64498,0.922519,0.194222,-0.015575,0.607496,0.976952,77.582718,0.000628,2.40043,-0.000041,1,2.408421,-0.000039,1,0.60025,0.601702,0.107071,0,PSF-00232_20250828143341_574,PFA-00245,PSA-00257,PSF-00232,RHS-00222,3.0.0,2021-01-19T12:57:14.097Z,MEASUREMENT_END
357,14:34:10,2025-08-28,Manual gsw+F,LI-COR Default,,357,,,-0.007961,2.923873,-0.007983,-0.388993,0.668618,0.677364,4.468657,3.800039,8.409075,8.300504,55.47578,0.441786,7.5,PSF-00232_20250828143410_761,0,0,0,39.59906,62.793568,0.369377,0.5,0.8,67.345818,1,12.78,12.95,33.62,30.83,30.83,80.55,157,-9.1,105.8,456,3.667,14:31:02,2025-08-28,0.27,1,-0.003,0.003,0.008,0.587,-1.644,-3.164,0,150,-9999,-9999,0.058905,0,0.02923,0,0,-0.000068,standard,0,mpf,7000,500,-9999,-9999,300,300,300,58.033707,25,-3.388086,56.738018,57.938747,-1.200729,2.424253,2.43171,1.6456,0.58604,0.194006,-0.035091,0.607516,0.487063,39.59906,0.000617,2.40043,-0.000041,1,2.408421,-0.000039,1,0.60025,0.601702,0.107071,0,PSF-00232_20250828143410_761,PFA-00245,PSA-00257,PSF-00232,RHS-00222,3.0.0,2021-01-19T12:57:14.097Z,MEASUREMENT_END
358,14:34:29,2025-08-28,Manual gsw+F,LI-COR Default,,358,,,0.007648,2.923086,0.007628,0.380807,0.654611,0.646043,4.546295,3.891684,8.02032,8.126691,56.440132,0.441786,7.5,PSF-00232_20250828143429_2e9,0,0,0,105.799194,328.54715,0.677979,0.5,0.8,57.358135,1,12.5,12.34,33.63,31.14,31.14,80.55,156.9,152.5,2.8,212,3.631,14:31:02,2025-08-28,0.27,1,0.001,-0.001,0,1.596,6.51,12.516,0,150,-9999,-9999,0.058905,0,0.02923,0,0,-0.000068,standard,0,mpf,7000,500,-9999,-9999,300,300,300,323.720825,25,-7.173383,315.11557,318.268341,-3.152771,2.42319,2.431223,1.644769,0.919128,0.193938,-0.031511,0.607126,0.283396,105.799194,0.000633,2.40043,-0.000041,1,2.408421,-0.000039,1,0.60025,0.601702,0.107071,0,PSF-00232_20250828143429_2e9,PFA-00245,PSA-00257,PSF-00232,RHS-00222,3.0.0,2021-01-19T12:57:14.097Z,MEASUREMENT_END
359,14:34:53,2025-08-28,Manual gsw+F,LI-COR Default,,359,,,0.000198,2.92332,0.000198,0.010767,0.672141,0.671899,4.907261,4.23512,8.341183,8.34419,60.92041,0.441786,7.5,PSF-00232_20250828143453_7a7,0,0,0,91.423271,153.104385,0.40287,0.5,0.8,33.14917,1,12.85,12.84,33.62,32.48,32.48,80.55,156.9,152.6,2.7,206,3.666,14:31:02,2025-08-28,0.27,1,0.002,0.003,0.002,0.51,0.377,5.449,0,150,-9999,-9999,0.058905,0,0.02923,0,0,-0.000068,standard,0,mpf,7000,500,-9999,-9999,300,300,300,146.181107,25,-4.947911,143.929123,146.014481,-2.085358,2.424073,2.431831,1.645016,0.919517,0.19402,-0.014755,0.606688,0.278562,91.423271,0.000624,2.40043,-0.000041,1,2.408421,-0.000039,1,0.60025,0.601702,0.107071,0,PSF-00232_20250828143453_7a7,PFA-00245,PSA-00257,PSF-00232,RHS-00222,3.0.0,2021-01-19T12:57:14.097Z,MEASUREMENT_END
360,14:35:24,2025-08-28,Manual gsw+F,LI-COR Default,,360,,,0.00275,2.922885,0.002748,0.137598,0.668333,0.665238,4.57092,3.902586,8.259051,8.297486,56.748833,0.441786,7.5,PSF-00232_20250828143524_32b,0,0,0,102.330925,351.928986,0.709228,0.5,0.8,51.414185,1,12.78,12.73,33.61,31.23,31.23,80.55,156.8,125.9,19.8,181,3.665,14:31:02,2025-08-28,0.27,1,0.001,0.002,0.001,0.114,0.312,1.074,0,150,-9999,-9999,0.058905,0,0.02923,0,0,-0.000068,standard,0,mpf,7000,500,-9999,-9999,300,300,300,343.154663,25,-5.745962,344.622009,343.695557,0.926453,2.423868,2.431721,1.644557,0.855199,0.194126,-0.030036,0.606481,0.258159,102.330925,0.000629,2.40043,-0.000041,1,2.408421,-0.000039,1,0.60025,0.601702,0.107071,0,PSF-00232_20250828143524_32b,PFA-00245,PSA-00257,PSF-00232,RHS-00222,3.0.0,2021-01-19T12:57:14.097Z,MEASUREMENT_END
