Obs,Time,Date,configName,configAuthor,remark,Observation,,,gsw,gbw,gtw,E_apparent,VPcham,VPref,VPleaf,VPDleaf,H2O_r,H2O_s,H2O_leaf,leaf_area,leaf_width,flashID,Fo,Fm,Fv/Fm,Fs,Fm',PhiPS2,PS2/1,abs,ETR,TRANS,rh_s,rh_r,Tref,Tmeas,Tleaf,P_atm,flow,flow_s,leak_pct,Qamb,batt,match_time,match_date,rh_adj,type,gsw1sec,gsw2sec,gsw4sec,flr1sec,flr2sec,flr4sec,auto,flow_set,gsw_limit,gsw_period,aw,Bla,Blb,Blc,Bld,Ble,chamber,dark,flash_type,flash_intensity,modrate,flr_limit,flr_period,P1_dur,P2_dur,P3_dur,P1_Fmax,P2_ramp,P2_slp,P3_Fmax,P3_Pred,P3_DeltaF,v_humA,v_humB,v_flowIn,v_flowOut,v_temp,v_irt,v_pres,v_par,v_F,i_LED,b_rhr,m_rhr,span_rhr,b_rhs,m_rhs,span_rhs,z_flowIn,z_flowOut,z_quantum,z_flr,flashId,lciSerNum,lcpSerNum,lcfSerNum,lcrhSerNum,version,configUpdatedAt
1,09:35:46,2025-09-04,Manual gsw+F,LI-COR Default,,001,,,0.107284,2.921264,0.103484,1.435902,1.162391,1.130376,2.251805,1.089414,14.090991,14.490085,28.070452,0.441786,7.500000,PSF-00177_20250904093546_89b,0.000000,0.000000,0.000000,112.462875,251.535782,0.552895,0.5,0.80,100.375778,1.000000,39.98,38.87,23.51,19.34,19.34,80.22,156.6,86.1,45.0,454,4.126,09:35:04,2025-09-04,0.07,1,0.000,-0.000,0.001,-0.210,-0.215,-0.836,0,150,-9999.000,-9999.000000,0.058905,0.000000,0.029230,0.000000,0.000000,-0.000068,standard,0,mpf,7000,500,-9999.000000,-9999.000000,300,300,300,246.654160,25,-3.887415,243.651505,245.930161,-2.278656,2.444688,2.439427,1.640748,0.766613,0.289463,-0.047031,0.071397,0.497973,112.462875,0.000481,2.381104,-0.000086,1.000000,2.374053,-0.000062,1.000000,0.601405,0.601525,0.107465,0.000000,PSF-00177_20250904093546_89b,PFA-00163,PSA-00175,PSF-00177,RHS-00523,3.0.0,2020-08-19T15:15:59.596Z
2,09:36:10,2025-09-04,Manual gsw+F,LI-COR Default,,002,,,0.235675,2.920258,0.218076,3.470702,1.216585,1.139191,2.464040,1.247455,14.200477,15.165229,30.715267,0.441786,7.500000,PSF-00177_20250904093610_4f5,0.000000,0.000000,0.000000,158.084747,237.187012,0.333502,0.5,0.80,24.395678,1.000000,42.00,39.33,23.44,20.79,20.79,80.22,156.5,23.0,85.3,183,4.126,09:35:04,2025-09-04,0.07,1,0.003,0.008,-0.000,-3.664,-2.737,-0.934,0,150,-9999.000,-9999.000000,0.058905,0.000000,0.029230,0.000000,0.000000,-0.000068,standard,0,mpf,7000,500,-9999.000000,-9999.000000,300,300,300,233.910797,25,-2.358234,232.255692,233.786453,-1.530762,2.445366,2.442350,1.639689,0.642817,0.290209,-0.030025,0.074362,0.264812,158.084747,0.000481,2.381104,-0.000086,1.000000,2.374053,-0.000062,1.000000,0.601405,0.601525,0.107465,0.000000,PSF-00177_20250904093610_4f5,PFA-00163,PSA-00175,PSF-00177,RHS-00523,3.0.0,2020-08-19T15:15:59.596Z
3,09:36:31,2025-09-04,Manual gsw+F,LI-COR Default,,003,,,0.151507,2.921891,0.144038,2.015778,1.159184,1.114262,2.257897,1.098713,13.890504,14.450513,28.147192,0.441786,7.500000,PSF-00177_20250904093631_91f,0.000000,0.000000,0.000000,173.203827,321.274719,0.460886,0.5,0.80,69.440170,1.000000,40.20,38.64,23.37,19.38,19.38,80.22,156.7,156.9,-0.1,377,4.125,09:35:04,2025-09-04,0.07,1,-0.002,0.001,0.006,-2.710,5.946,22.721,0,150,-9999.000,-9999.000000,0.058905,0.000000,0.029230,0.000000,0.000000,-0.000068,standard,0,mpf,7000,500,-9999.000000,-9999.000000,300,300,300,317.768097,25,-2.442393,316.474915,317.752808,-1.277893,2.444373,2.439774,1.641410,0.930787,0.291053,-0.044966,0.077044,0.431552,173.203827,0.000481,2.381104,-0.000086,1.000000,2.374053,-0.000062,1.000000,0.601405,0.601525,0.107465,0.000000,PSF-00177_20250904093631_91f,PFA-00163,PSA-00175,PSF-00177,RHS-00523,3.0.0,2020-08-19T15:15:59.596Z
4,09:37:06,2025-09-04,Manual gsw+F,LI-COR Default,,004,,,0.341228,2.920442,0.305530,3.917152,1.238602,1.151297,2.244697,1.006095,14.352643,15.441031,27.983509,0.441786,7.500000,PSF-00177_20250904093706_3b5,0.000000,0.000000,0.000000,72.553757,248.489777,0.708021,0.5,0.80,94.080788,1.000000,43.32,40.27,23.23,19.28,19.28,80.21,156.5,154.1,1.6,332,4.123,09:35:04,2025-09-04,0.07,1,-0.013,-0.025,-0.023,-0.286,0.560,1.599,0,150,-9999.000,-9999.000000,0.058905,0.000000,0.029230,0.000000,0.000000,-0.000068,standard,0,mpf,7000,500,-9999.000000,-9999.000000,300,300,300,234.754089,25,-9.606626,230.560898,234.637115,-4.076218,2.446782,2.444284,1.639882,0.923818,0.292729,-0.044353,0.081320,0.393289,72.553757,0.000487,2.381104,-0.000086,1.000000,2.374053,-0.000062,1.000000,0.601405,0.601525,0.107465,0.000000,PSF-00177_20250904093706_3b5,PFA-00163,PSA-00175,PSF-00177,RHS-00523,3.0.0,2020-08-19T15:15:59.596Z
5,09:37:55,2025-09-04,Manual gsw+F,LI-COR Default,,005,,,0.120968,2.921974,0.116159,1.583042,1.164035,1.128760,2.234107,1.070072,14.071206,14.510939,27.850529,0.441786,7.500000,PSF-00177_20250904093755_085,0.000000,0.000000,0.000000,80.917595,275.257904,0.706030,0.5,0.80,42.624325,1.000000,41.18,39.93,23.04,19.21,19.21,80.22,156.7,146.8,6.3,151,4.123,09:35:04,2025-09-04,0.07,1,-0.007,-0.011,-0.012,0.354,0.125,0.362,0,150,-9999.000,-9999.000000,0.058905,0.000000,0.029230,0.000000,0.000000,-0.000068,standard,0,mpf,7000,500,-9999.000000,-9999.000000,300,300,300,271.211029,25,-2.739634,269.644989,271.307373,-1.662384,2.446330,2.441257,1.641499,0.905649,0.294925,-0.043040,0.087032,0.237326,80.917595,0.000487,2.381104,-0.000086,1.000000,2.374053,-0.000062,1.000000,0.601405,0.601525,0.107465,0.000000,PSF-00177_20250904093755_085,PFA-00163,PSA-00175,PSF-00177,RHS-00523,3.0.0,2020-08-19T15:15:59.596Z
6,09:38:17,2025-09-04,Manual gsw+F,LI-COR Default,,006,,,0.085504,2.921617,0.083073,1.256533,1.160680,1.132671,2.347533,1.186853,14.119560,14.468710,29.263691,0.441786,7.500000,PSF-00177_20250904093817_18a,0.000000,0.000000,0.000000,123.281837,119.655846,-0.030304,0.5,0.80,-8.109026,1.000000,41.26,40.26,22.96,20.01,20.01,80.22,156.7,154.4,1.5,669,4.122,09:35:04,2025-09-04,0.07,1,-0.000,0.000,-0.006,0.268,-1.208,-2.640,0,150,-9999.000,-9999.000000,0.058905,0.000000,0.029230,0.000000,0.000000,-0.000068,standard,0,mpf,7000,500,-9999.000000,-9999.000000,300,300,300,119.655846,25,0.155783,119.650482,119.880486,-0.230003,2.446834,2.441393,1.641121,0.924531,0.295878,-0.033236,0.089632,0.683063,123.281837,0.000495,2.381104,-0.000086,1.000000,2.374053,-0.000062,1.000000,0.601405,0.601525,0.107465,0.000000,PSF-00177_20250904093817_18a,PFA-00163,PSA-00175,PSF-00177,RHS-00523,3.0.0,2020-08-19T15:15:59.596Z
7,09:38:37,2025-09-04,Manual gsw+F,LI-COR Default,,007,,,0.119618,2.921443,0.114913,1.421993,1.202277,1.170592,2.174066,0.971789,14.592322,14.987295,27.101383,0.441786,7.500000,PSF-00177_20250904093837_69f,0.000000,0.000000,0.000000,92.088104,232.847885,0.604514,0.5,0.80,49.501354,1.000000,42.92,41.78,22.89,18.77,18.77,80.22,156.7,143.5,8.4,205,4.121,09:35:04,2025-09-04,0.07,1,0.001,0.000,0.010,-0.036,-0.211,-0.824,0,150,-9999.000,-9999.000000,0.058905,0.000000,0.029230,0.000000,0.000000,-0.000068,standard,0,mpf,7000,500,-9999.000000,-9999.000000,300,300,300,231.492523,25,-0.769962,231.398102,231.737610,-0.339508,2.449051,2.443777,1.640937,0.897431,0.296687,-0.046154,0.091846,0.283604,92.088104,0.000491,2.381104,-0.000086,1.000000,2.374053,-0.000062,1.000000,0.601405,0.601525,0.107465,0.000000,PSF-00177_20250904093837_69f,PFA-00163,PSA-00175,PSF-00177,RHS-00523,3.0.0,2020-08-19T15:15:59.596Z
8,09:38:59,2025-09-04,Manual gsw+F,LI-COR Default,,008,,,0.204332,2.921133,0.190974,2.335550,1.202674,1.150624,2.163107,0.960433,14.344115,14.992992,26.966108,0.441786,7.500000,PSF-00177_20250904093859_c76,0.000000,0.000000,0.000000,96.445084,274.462830,0.648604,0.5,0.80,42.105049,1.000000,43.12,41.25,22.82,18.69,18.69,80.22,156.6,156.8,-0.1,162,4.120,09:35:04,2025-09-04,0.07,1,0.002,0.000,0.009,0.083,-0.150,-0.309,0,150,-9999.000,-9999.000000,0.058905,0.000000,0.029230,0.000000,0.000000,-0.000068,standard,0,mpf,7000,500,-9999.000000,-9999.000000,300,300,300,269.912476,25,-2.845280,268.682953,270.359955,-1.677002,2.448303,2.444087,1.640610,0.930640,0.297560,-0.046200,0.094451,0.247101,96.445084,0.000501,2.381104,-0.000086,1.000000,2.374053,-0.000062,1.000000,0.601405,0.601525,0.107465,0.000000,PSF-00177_20250904093859_c76,PFA-00163,PSA-00175,PSF-00177,RHS-00523,3.0.0,2020-08-19T15:15:59.596Z
9,09:39:44,2025-09-04,Manual gsw+F,LI-COR Default,,009,,,0.177525,2.921834,0.167357,2.062926,1.200679,1.154725,2.168783,0.968104,14.393936,14.966768,27.034426,0.441786,7.500000,PSF-00177_20250904093944_3cb,0.000000,0.000000,0.000000,78.164932,272.612244,0.713274,0.5,0.80,21.586643,1.000000,43.40,41.73,22.69,18.73,18.73,80.22,156.7,156.9,-0.1,76,4.120,09:35:04,2025-09-04,0.07,1,0.001,-0.010,-0.016,-1.728,-0.382,2.552,0,150,-9999.000,-9999.000000,0.058905,0.000000,0.029230,0.000000,0.000000,-0.000068,standard,0,mpf,7000,500,-9999.000000,-9999.000000,300,300,300,265.251862,25,-10.270942,254.786606,257.801636,-3.015030,2.449026,2.444507,1.641351,0.930924,0.299136,-0.044221,0.099536,0.172564,78.164932,0.000501,2.381104,-0.000086,1.000000,2.374053,-0.000062,1.000000,0.601405,0.601525,0.107465,0.000000,PSF-00177_20250904093944_3cb,PFA-00163,PSA-00175,PSF-00177,RHS-00523,3.0.0,2020-08-19T15:15:59.596Z
10,09:40:08,2025-09-04,Manual gsw+F,LI-COR Default,,010,,,0.030141,2.921798,0.029834,0.383709,1.176292,1.167741,2.186497,1.010205,14.555783,14.662367,27.254471,0.441786,7.500000,PSF-00177_20250904094008_021,0.000000,0.000000,0.000000,104.580757,233.340240,0.551810,0.5,0.80,25.582254,1.000000,42.71,42.40,22.61,18.86,18.86,80.23,156.7,156.9,-0.1,116,4.118,09:35:04,2025-09-04,0.07,1,-0.003,-0.002,0.002,-0.897,-2.648,8.837,0,150,-9999.000,-9999.000000,0.058905,0.000000,0.029230,0.000000,0.000000,-0.000068,standard,0,mpf,7000,500,-9999.000000,-9999.000000,300,300,300,223.743790,25,-6.908175,225.213287,223.378708,1.834579,2.449997,2.443540,1.641312,0.930828,0.300027,-0.041931,0.102227,0.207187,104.580757,0.000500,2.381104,-0.000086,1.000000,2.374053,-0.000062,1.000000,0.601405,0.601525,0.107465,0.000000,PSF-00177_20250904094008_021,PFA-00163,PSA-00175,PSF-00177,RHS-00523,3.0.0,2020-08-19T15:15:59.596Z
11,09:40:42,2025-09-04,Manual gsw+F,LI-COR Default,,011,,,0.063103,2.919890,0.061768,0.894797,1.221643,1.201685,2.357860,1.136218,14.979303,15.228086,29.391327,0.441786,7.500000,PSF-00177_20250904094042_cfb,0.000000,0.000000,0.000000,87.380287,260.544525,0.664624,0.5,0.80,29.454899,1.000000,44.60,43.87,22.52,20.08,20.08,80.22,156.5,144.8,7.5,111,4.118,09:35:04,2025-09-04,0.07,1,-0.002,-0.002,-0.003,-0.009,0.082,0.301,0,150,-9999.000,-9999.000000,0.058905,0.000000,0.029230,0.000000,0.000000,-0.000068,standard,0,mpf,7000,500,-9999.000000,-9999.000000,300,300,300,259.884949,25,-0.565833,259.017334,259.728607,-0.711273,2.452136,2.446253,1.639302,0.900634,0.301116,-0.027394,0.106040,0.202794,87.380287,0.000507,2.381104,-0.000086,1.000000,2.374053,-0.000062,1.000000,0.601405,0.601525,0.107465,0.000000,PSF-00177_20250904094042_cfb,PFA-00163,PSA-00175,PSF-00177,RHS-00523,3.0.0,2020-08-19T15:15:59.596Z
12,09:41:05,2025-09-04,Manual gsw+F,LI-COR Default,,012,,,0.098380,2.921532,0.095175,1.103860,1.185943,1.161342,2.097380,0.911438,14.475920,14.782569,26.143480,0.441786,7.500000,PSF-00177_20250904094105_647,0.000000,0.000000,0.000000,63.872337,177.641983,0.640443,0.5,0.80,15.080683,1.000000,43.45,42.55,22.46,18.20,18.20,80.23,156.7,156.8,-0.1,59,4.118,09:35:04,2025-09-04,0.07,1,-0.000,0.003,0.007,-0.131,0.689,4.525,0,150,-9999.000,-9999.000000,0.058905,0.000000,0.029230,0.000000,0.000000,-0.000068,standard,0,mpf,7000,500,-9999.000000,-9999.000000,300,300,300,173.456665,25,-2.784399,172.421692,173.626907,-1.205215,2.450248,2.444630,1.641032,0.930689,0.301818,-0.047544,0.108579,0.158116,62.661053,0.000490,2.381104,-0.000086,1.000000,2.374053,-0.000062,1.000000,0.601405,0.601525,0.107465,0.000000,PSF-00177_20250904094105_647,PFA-00163,PSA-00175,PSF-00177,RHS-00523,3.0.0,2020-08-19T15:15:59.596Z
13,09:41:24,2025-09-04,Manual gsw+F,LI-COR Default,,013,,,0.099544,2.920707,0.096264,1.343511,1.193203,1.163244,2.288590,1.095388,14.499537,14.872972,28.526703,0.441786,7.500000,PSF-00177_20250904094124_a96,0.000000,0.000000,0.000000,107.221481,274.797424,0.609816,0.5,0.80,19.709541,1.000000,43.85,42.75,22.41,19.60,19.60,80.23,156.6,16.8,89.3,81,4.117,09:35:04,2025-09-04,0.07,1,-0.002,-0.003,0.008,-0.299,-0.466,-1.119,0,150,-9999.000,-9999.000000,0.058905,0.000000,0.029230,0.000000,0.000000,-0.000068,standard,0,mpf,7000,500,-9999.000000,-9999.000000,300,300,300,274.736511,25,-0.159364,274.379974,274.567627,-0.187653,2.450558,2.445221,1.640162,0.631417,0.302458,-0.031488,0.110563,0.176987,107.221481,0.000485,2.381104,-0.000086,1.000000,2.374053,-0.000062,1.000000,0.601405,0.601525,0.107465,0.000000,PSF-00177_20250904094124_a96,PFA-00163,PSA-00175,PSF-00177,RHS-00523,3.0.0,2020-08-19T15:15:59.596Z
14,09:41:46,2025-09-04,Manual gsw+F,LI-COR Default,,014,,,0.079955,2.922218,0.077825,1.009336,1.189474,1.166992,2.207906,1.018432,14.546403,14.826630,27.521246,0.441786,7.500000,PSF-00177_20250904094146_5b0,0.000000,0.000000,0.000000,90.244530,281.145905,0.679012,0.5,0.80,27.824396,1.000000,43.85,43.02,22.36,19.02,19.02,80.23,156.8,156.5,0.2,102,4.116,09:35:04,2025-09-04,0.07,1,0.001,0.000,0.001,0.069,-0.009,-0.003,0,150,-9999.000,-9999.000000,0.058905,0.000000,0.029230,0.000000,0.000000,-0.000068,standard,0,mpf,7000,500,-9999.000000,-9999.000000,300,300,300,265.407074,25,-11.237871,260.264740,264.941010,-4.676270,2.450962,2.445233,1.641757,0.929807,0.303082,-0.037302,0.112825,0.195609,90.244530,0.000504,2.381104,-0.000086,1.000000,2.374053,-0.000062,1.000000,0.601405,0.601525,0.107465,0.000000,PSF-00177_20250904094146_5b0,PFA-00163,PSA-00175,PSF-00177,RHS-00523,3.0.0,2020-08-19T15:15:59.596Z
15,09:42:15,2025-09-04,Manual gsw+F,LI-COR Default,,015,,,0.484585,2.923149,0.415676,4.808387,1.248572,1.141641,2.156816,0.908244,14.231600,15.564591,26.886681,0.441786,7.500000,PSF-00177_20250904094215_9af,0.000000,0.000000,0.000000,57.312729,154.193802,0.628307,0.5,0.80,38.843910,1.000000,46.24,42.28,22.29,18.65,18.65,80.22,156.9,28.8,81.6,155,4.116,09:35:04,2025-09-04,0.07,1,-0.002,-0.000,0.011,2.462,-1.396,-8.582,0,150,-9999.000,-9999.000000,0.058905,0.000000,0.029230,0.000000,0.000000,-0.000068,standard,0,mpf,7000,500,-9999.000000,-9999.000000,300,300,300,152.934189,25,-1.815679,151.412491,151.575607,-0.163116,2.449901,2.448627,1.642741,0.653429,0.303968,-0.040608,0.115836,0.240448,57.312729,0.000513,2.381104,-0.000086,1.000000,2.374053,-0.000062,1.000000,0.601405,0.601525,0.107465,0.000000,PSF-00177_20250904094215_9af,PFA-00163,PSA-00175,PSF-00177,RHS-00523,3.0.0,2020-08-19T15:15:59.596Z
16,09:42:36,2025-09-04,Manual gsw+F,LI-COR Default,,016,,,0.094128,2.921497,0.091190,1.053069,1.183719,1.160251,2.091179,0.907460,14.463675,14.756231,26.068619,0.441786,7.500000,PSF-00177_20250904094236_306,0.000000,0.000000,0.000000,70.863251,222.548599,0.681583,0.5,0.80,28.103140,1.000000,43.96,43.09,22.24,18.15,18.15,80.22,156.7,157.0,-0.2,103,4.116,09:35:04,2025-09-04,0.07,1,0.003,0.004,0.003,0.278,5.580,-0.702,0,150,-9999.000,-9999.000000,0.058905,0.000000,0.029230,0.000000,0.000000,-0.000068,standard,0,mpf,7000,500,-9999.000000,-9999.000000,300,300,300,222.548599,25,8.705948,229.177231,235.102493,-5.925262,2.451089,2.445419,1.640995,0.931170,0.304561,-0.045475,0.117938,0.196156,70.863251,0.000506,2.381104,-0.000086,1.000000,2.374053,-0.000062,1.000000,0.601405,0.601525,0.107465,0.000000,PSF-00177_20250904094236_306,PFA-00163,PSA-00175,PSF-00177,RHS-00523,3.0.0,2020-08-19T15:15:59.596Z
17,09:42:56,2025-09-04,Manual gsw+F,LI-COR Default,,017,,,0.119393,2.922241,0.114706,1.435506,1.192865,1.160892,2.175812,0.982947,14.469863,14.868385,27.120274,0.441786,7.500000,PSF-00177_20250904094256_1a0,0.000000,0.000000,0.000000,103.724960,287.946991,0.639778,0.5,0.80,48.526161,1.000000,44.43,43.24,22.19,18.79,18.79,80.23,156.8,156.8,0.0,190,4.115,09:35:04,2025-09-04,0.07,1,0.002,0.001,-0.002,-0.261,-0.166,-0.932,0,150,-9999.000,-9999.000000,0.058905,0.000000,0.029230,0.000000,0.000000,-0.000068,standard,0,mpf,7000,500,-9999.000000,-9999.000000,300,300,300,286.418427,25,-1.265962,285.025482,286.121490,-1.096008,2.451308,2.446089,1.641781,0.930571,0.305123,-0.037976,0.120097,0.270616,103.724960,0.000511,2.381104,-0.000086,1.000000,2.374053,-0.000062,1.000000,0.601405,0.601525,0.107465,0.000000,PSF-00177_20250904094256_1a0,PFA-00163,PSA-00175,PSF-00177,RHS-00523,3.0.0,2020-08-19T15:15:59.596Z
18,09:43:19,2025-09-04,Manual gsw+F,LI-COR Default,,018,,,0.049881,2.921618,0.049044,0.642723,1.196353,1.182032,2.225232,1.028879,14.734747,14.913259,27.738853,0.441786,7.500000,PSF-00177_20250904094319_ce1,0.000000,0.000000,0.000000,101.535561,289.820923,0.649661,0.5,0.80,21.576939,1.000000,44.68,44.15,22.15,19.15,19.15,80.22,156.7,156.4,0.2,83,4.115,09:35:04,2025-09-04,0.07,1,-0.001,0.000,-0.005,0.704,-0.354,4.665,0,150,-9999.000,-9999.000000,0.058905,0.000000,0.029230,0.000000,0.000000,-0.000068,standard,0,mpf,7000,500,-9999.000000,-9999.000000,300,300,300,289.820923,25,27.038218,299.730774,328.809784,-29.079010,2.452628,2.446463,1.641123,0.929660,0.305689,-0.033462,0.122533,0.178906,93.660233,0.000513,2.381104,-0.000086,1.000000,2.374053,-0.000062,1.000000,0.601405,0.601525,0.107465,0.000000,PSF-00177_20250904094319_ce1,PFA-00163,PSA-00175,PSF-00177,RHS-00523,3.0.0,2020-08-19T15:15:59.596Z
19,09:43:50,2025-09-04,Manual gsw+F,LI-COR Default,,019,,,0.055627,2.921820,0.054588,0.745264,1.109508,1.092888,2.182243,1.072735,13.623715,13.830901,27.203394,0.441786,7.500000,PSF-00177_20250904094350_9a4,0.000000,0.000000,0.000000,97.294090,260.669739,0.626753,0.5,0.80,29.839245,1.000000,41.55,40.93,22.10,18.83,18.83,80.22,156.7,156.3,0.2,119,4.113,09:35:04,2025-09-04,0.07,1,-0.001,0.002,0.033,-0.317,-0.353,1.656,0,150,-9999.000,-9999.000000,0.058905,0.000000,0.029230,0.000000,0.000000,-0.000068,standard,0,mpf,7000,500,-9999.000000,-9999.000000,300,300,300,259.427185,25,-0.932908,259.215820,259.324493,-0.108673,2.447998,2.442004,1.641335,0.929502,0.306241,-0.036409,0.125905,0.209873,97.294090,0.000515,2.381104,-0.000086,1.000000,2.374053,-0.000062,1.000000,0.601405,0.601525,0.107465,0.000000,PSF-00177_20250904094350_9a4,PFA-00163,PSA-00175,PSF-00177,RHS-00523,3.0.0,2020-08-19T15:15:59.596Z
20,09:44:20,2025-09-04,Manual gsw+F,LI-COR Default,,020,,,0.059545,2.921187,0.058356,1.005484,1.140541,1.118116,2.491428,1.350887,13.938422,14.217980,31.058123,0.441786,7.500000,PSF-00177_20250904094420_149,0.000000,0.000000,0.000000,141.063812,269.949310,0.477443,0.5,0.80,87.374466,1.000000,42.78,41.94,22.08,20.97,20.97,80.22,156.6,58.2,62.8,458,4.112,09:35:04,2025-09-04,0.07,1,0.002,0.003,-0.006,-0.657,3.233,26.508,0,150,-9999.000,-9999.000000,0.058905,0.000000,0.029230,0.000000,0.000000,-0.000068,standard,0,mpf,7000,500,-9999.000000,-9999.000000,300,300,300,267.295349,25,-1.398467,266.813629,267.932739,-1.119110,2.449468,2.443772,1.640668,0.709726,0.306560,-0.012196,0.129177,0.501111,141.063812,0.000500,2.381104,-0.000086,1.000000,2.374053,-0.000062,1.000000,0.601405,0.601525,0.107465,0.000000,PSF-00177_20250904094420_149,PFA-00163,PSA-00175,PSF-00177,RHS-00523,3.0.0,2020-08-19T15:15:59.596Z
21,09:44:47,2025-09-04,Manual gsw+F,LI-COR Default,,021,,,0.110580,2.921614,0.106547,1.638843,1.117289,1.080739,2.324711,1.207422,13.472225,13.927858,28.979282,0.441786,7.500000,PSF-00177_20250904094447_42c,0.000000,0.000000,0.000000,127.549767,261.096008,0.511483,0.5,0.80,57.071514,1.000000,41.94,40.57,22.07,19.85,19.85,80.22,156.7,156.2,0.3,279,4.111,09:35:04,2025-09-04,0.07,1,0.001,0.004,0.008,2.026,0.890,1.673,0,150,-9999.000,-9999.000000,0.058905,0.000000,0.029230,0.000000,0.000000,-0.000068,standard,0,mpf,7000,500,-9999.000000,-9999.000000,300,300,300,259.223328,25,-1.475463,257.871521,258.968414,-1.096893,2.447474,2.442562,1.641118,0.929172,0.306681,-0.024701,0.132187,0.347476,127.549767,0.000499,2.381104,-0.000086,1.000000,2.374053,-0.000062,1.000000,0.601405,0.601525,0.107465,0.000000,PSF-00177_20250904094447_42c,PFA-00163,PSA-00175,PSF-00177,RHS-00523,3.0.0,2020-08-19T15:15:59.596Z
22,09:45:21,2025-09-04,Manual gsw+F,LI-COR Default,,022,,,0.101652,2.922404,0.098235,1.465974,1.155115,1.122455,2.326325,1.171209,13.991550,14.398673,28.997955,0.441786,7.500000,PSF-00177_20250904094521_174,0.000000,0.000000,0.000000,73.273659,233.874512,0.686697,0.5,0.80,24.859997,1.000000,43.37,42.14,22.06,19.86,19.86,80.22,156.8,59.3,62.2,91,4.111,09:35:04,2025-09-04,0.07,1,-0.005,-0.004,0.014,-0.031,0.234,0.557,0,150,-9999.000,-9999.000000,0.058905,0.000000,0.029230,0.000000,0.000000,-0.000068,standard,0,mpf,7000,500,-9999.000000,-9999.000000,300,300,300,233.134033,25,-0.513905,232.504959,233.133469,-0.628510,2.449759,2.444609,1.641953,0.711813,0.306731,-0.024529,0.135920,0.185337,73.273659,0.000496,2.381104,-0.000086,1.000000,2.374053,-0.000062,1.000000,0.601405,0.601525,0.107465,0.000000,PSF-00177_20250904094521_174,PFA-00163,PSA-00175,PSF-00177,RHS-00523,3.0.0,2020-08-19T15:15:59.596Z
23,09:46:01,2025-09-04,Manual gsw+F,LI-COR Default,,023,,,0.093318,2.921432,0.090430,1.433990,1.085469,1.053467,2.330567,1.245098,13.131282,13.530180,29.050106,0.441786,7.500000,PSF-00177_20250904094601_a03,0.000000,0.000000,0.000000,80.666901,236.236557,0.658533,0.5,0.80,65.520882,1.000000,40.70,39.50,22.08,19.89,19.89,80.23,156.7,71.9,54.1,249,4.110,09:45:46,2025-09-04,0.04,1,0.004,0.001,0.003,-1.734,-3.406,-5.232,0,150,-9999.000,-9999.000000,0.058905,0.000000,0.029230,0.000000,0.000000,-0.000068,standard,0,mpf,7000,500,-9999.000000,-9999.000000,300,300,300,227.021454,25,-10.229757,221.199982,221.485336,-0.285355,2.445912,2.440815,1.640926,0.737078,0.306450,-0.024463,0.140426,0.321481,81.876396,0.000503,2.381104,-0.000086,1.000000,2.374053,-0.000062,1.000000,0.601405,0.601525,0.107465,0.000000,PSF-00177_20250904094601_a03,PFA-00163,PSA-00175,PSF-00177,RHS-00523,3.0.0,2020-08-19T15:15:59.596Z
24,09:46:30,2025-09-04,Manual gsw+F,LI-COR Default,,024,,,0.005094,2.922735,0.005085,0.082985,1.120459,1.118610,2.400871,1.280412,13.943230,13.966280,29.926344,0.441786,7.500000,PSF-00177_20250904094630_817,0.000000,0.000000,0.000000,106.399658,191.908478,0.445571,0.5,0.80,32.490719,1.000000,41.97,41.90,22.10,20.37,20.37,80.23,156.8,157.1,-0.2,182,4.109,09:45:46,2025-09-04,0.04,1,0.002,0.002,-0.002,-0.698,0.511,-0.358,0,150,-9999.000,-9999.000000,0.058905,0.000000,0.029230,0.000000,0.000000,-0.000068,standard,0,mpf,7000,500,-9999.000000,-9999.000000,300,300,300,191.908478,25,0.198758,191.758636,192.195084,-0.436447,2.449403,2.442645,1.642303,0.931364,0.306273,-0.019243,0.143490,0.264316,106.399658,0.000493,2.381104,-0.000086,1.000000,2.374053,-0.000062,1.000000,0.601405,0.601525,0.107465,0.000000,PSF-00177_20250904094630_817,PFA-00163,PSA-00175,PSF-00177,RHS-00523,3.0.0,2020-08-19T15:15:59.596Z
25,09:46:48,2025-09-04,Manual gsw+F,LI-COR Default,,025,,,0.023212,2.921184,0.023029,0.381669,1.081096,1.072576,2.382054,1.300958,13.369017,13.475213,29.690868,0.441786,7.500000,PSF-00177_20250904094648_1fe,0.000000,0.000000,0.000000,109.198448,234.924667,0.535177,0.5,0.80,33.421661,1.000000,40.49,40.17,22.10,20.24,20.24,80.23,156.6,155.7,0.6,156,4.108,09:45:46,2025-09-04,0.04,1,0.001,0.006,0.009,-0.343,0.105,8.943,0,150,-9999.000,-9999.000000,0.058905,0.000000,0.029230,0.000000,0.000000,-0.000068,standard,0,mpf,7000,500,-9999.000000,-9999.000000,300,300,300,234.924667,25,0.397516,234.191544,235.497879,-1.306335,2.446893,2.440516,1.640664,0.927939,0.306245,-0.020699,0.145405,0.241795,109.198448,0.000492,2.381104,-0.000086,1.000000,2.374053,-0.000062,1.000000,0.601405,0.601525,0.107465,0.000000,PSF-00177_20250904094648_1fe,PFA-00163,PSA-00175,PSF-00177,RHS-00523,3.0.0,2020-08-19T15:15:59.596Z
26,09:47:09,2025-09-04,Manual gsw+F,LI-COR Default,,026,,,0.074105,2.920505,0.072271,1.001589,1.137708,1.115353,2.226286,1.088578,13.901903,14.180539,27.748716,0.441786,7.500000,PSF-00177_20250904094709_8a5,0.000000,0.000000,0.000000,46.763420,109.867928,0.574367,0.5,0.80,45.707088,1.000000,42.60,41.77,22.10,19.15,19.15,80.23,156.6,157.1,-0.4,199,4.108,09:45:46,2025-09-04,0.04,1,0.005,0.002,-0.009,0.083,-0.825,5.904,0,150,-9999.000,-9999.000000,0.058905,0.000000,0.029230,0.000000,0.000000,-0.000068,standard,0,mpf,7000,500,-9999.000000,-9999.000000,300,300,300,109.867928,25,1.068994,110.198738,111.409409,-1.210670,2.449205,2.443548,1.639948,0.931454,0.306203,-0.032897,0.147674,0.278639,46.399353,0.000509,2.381104,-0.000086,1.000000,2.374053,-0.000062,1.000000,0.601405,0.601525,0.107465,0.000000,PSF-00177_20250904094709_8a5,PFA-00163,PSA-00175,PSF-00177,RHS-00523,3.0.0,2020-08-19T15:15:59.596Z
27,09:48:05,2025-09-04,Manual gsw+F,LI-COR Default,,027,,,0.098661,2.921418,0.095438,1.666497,1.175095,1.137950,2.543352,1.368257,14.185857,14.648911,31.705805,0.441786,7.500000,PSF-00177_20250904094805_d24,0.000000,0.000000,0.000000,223.105789,296.754517,0.248181,0.5,0.80,48.286633,1.000000,43.89,42.50,22.15,21.31,21.31,80.22,156.7,155.0,1.0,486,4.107,09:45:46,2025-09-04,0.04,1,0.012,0.011,-0.005,-3.409,-5.299,-6.127,0,150,-9999.000,-9999.000000,0.058905,0.000000,0.029230,0.000000,0.000000,-0.000068,standard,0,mpf,7000,500,-9999.000000,-9999.000000,300,300,300,292.976990,25,-2.596385,292.370087,293.010559,-0.640472,2.450262,2.445378,1.640911,0.926189,0.305694,-0.009199,0.153869,0.525972,223.105789,0.000506,2.381104,-0.000086,1.000000,2.374053,-0.000062,1.000000,0.601405,0.601525,0.107465,0.000000,PSF-00177_20250904094805_d24,PFA-00163,PSA-00175,PSF-00177,RHS-00523,3.0.0,2020-08-19T15:15:59.596Z
28,09:48:35,2025-09-04,Manual gsw+F,LI-COR Default,,028,,,0.076968,2.922262,0.074993,1.129183,1.176912,1.151759,2.358228,1.181316,14.356968,14.670507,29.395914,0.441786,7.500000,PSF-00177_20250904094835_c6f,0.000000,0.000000,0.000000,126.529816,260.988190,0.515189,0.5,0.80,60.668610,1.000000,43.88,42.94,22.18,20.08,20.08,80.22,156.8,155.1,1.0,294,4.106,09:45:46,2025-09-04,0.04,1,0.005,0.006,-0.005,-2.509,-2.968,-2.500,0,150,-9999.000,-9999.000000,0.058905,0.000000,0.029230,0.000000,0.000000,-0.000068,standard,0,mpf,7000,500,-9999.000000,-9999.000000,300,300,300,254.283066,25,-4.619775,251.599792,254.326523,-2.726730,2.450887,2.445356,1.641803,0.926448,0.305334,-0.023375,0.157037,0.360768,126.529816,0.000499,2.381104,-0.000086,1.000000,2.374053,-0.000062,1.000000,0.601405,0.601525,0.107465,0.000000,PSF-00177_20250904094835_c6f,PFA-00163,PSA-00175,PSF-00177,RHS-00523,3.0.0,2020-08-19T15:15:59.596Z
29,09:49:12,2025-09-04,Manual gsw+F,LI-COR Default,,029,,,0.064997,2.921406,0.063582,0.957540,1.181082,1.159740,2.362478,1.181396,14.457315,14.723360,29.450630,0.441786,7.500000,PSF-00177_20250904094912_190,0.000000,0.000000,0.000000,99.253891,227.090485,0.562932,0.5,0.80,119.214172,1.000000,43.95,43.16,22.21,20.11,20.11,80.22,156.7,-6.0,103.8,529,4.106,09:45:46,2025-09-04,0.04,1,0.012,0.012,-0.037,2.546,25.447,10.876,0,150,-9999.000,-9999.000000,0.058905,0.000000,0.029230,0.000000,0.000000,-0.000068,standard,0,mpf,7000,500,-9999.000000,-9999.000000,300,300,300,227.090485,25,5.246489,230.064865,234.655869,-4.591003,2.451192,2.445453,1.640898,0.591139,0.304958,-0.023402,0.161103,0.562993,99.253891,0.000492,2.381104,-0.000086,1.000000,2.374053,-0.000062,1.000000,0.601405,0.601525,0.107465,0.000000,PSF-00177_20250904094912_190,PFA-00163,PSA-00175,PSF-00177,RHS-00523,3.0.0,2020-08-19T15:15:59.596Z
30,09:49:36,2025-09-04,Manual gsw+F,LI-COR Default,,030,,,0.033746,2.922506,0.033361,0.537742,1.147420,1.135440,2.411849,1.264429,14.153366,14.302708,30.063936,0.441786,7.500000,PSF-00177_20250904094936_6bc,0.000000,0.000000,0.000000,101.905701,325.823120,0.687236,0.5,0.80,22.330273,1.000000,42.63,42.19,22.23,20.44,20.44,80.22,156.8,156.9,-0.0,81,4.105,09:45:46,2025-09-04,0.04,1,-0.001,-0.002,0.007,0.122,0.502,1.401,0,150,-9999.000,-9999.000000,0.058905,0.000000,0.029230,0.000000,0.000000,-0.000068,standard,0,mpf,7000,500,-9999.000000,-9999.000000,300,300,300,319.727539,25,-4.421017,316.609039,319.448059,-2.839020,2.449783,2.443561,1.642061,0.930797,0.304631,-0.019952,0.163584,0.177358,101.905701,0.000507,2.381104,-0.000086,1.000000,2.374053,-0.000062,1.000000,0.601405,0.601525,0.107465,0.000000,PSF-00177_20250904094936_6bc,PFA-00163,PSA-00175,PSF-00177,RHS-00523,3.0.0,2020-08-19T15:15:59.596Z
31,09:50:06,2025-09-04,Manual gsw+F,LI-COR Default,,031,,,0.280890,2.921162,0.256250,3.541306,1.207344,1.128419,2.291856,1.084512,14.065638,15.049427,28.567759,0.441786,7.500000,PSF-00177_20250904095006_952,0.000000,0.000000,0.000000,83.035828,271.026093,0.693624,0.5,0.80,56.351738,1.000000,44.77,41.85,22.26,19.62,19.62,80.23,156.6,35.0,77.6,203,4.105,09:45:46,2025-09-04,0.04,1,-0.002,0.011,-0.012,-0.028,0.111,0.145,0,150,-9999.000,-9999.000000,0.058905,0.000000,0.029230,0.000000,0.000000,-0.000068,standard,0,mpf,7000,500,-9999.000000,-9999.000000,300,300,300,263.844604,25,-5.312741,261.335144,263.365173,-2.030029,2.449287,2.446606,1.640641,0.665018,0.304258,-0.029533,0.166716,0.282219,83.035828,0.000499,2.381104,-0.000086,1.000000,2.374053,-0.000062,1.000000,0.601405,0.601525,0.107465,0.000000,PSF-00177_20250904095006_952,PFA-00163,PSA-00175,PSF-00177,RHS-00523,3.0.0,2020-08-19T15:15:59.596Z
32,09:50:22,2025-09-04,Manual gsw+F,LI-COR Default,,032,,,0.107027,2.922151,0.103246,1.806786,1.179099,1.138851,2.550285,1.371186,14.196776,14.698495,31.791534,0.441786,7.500000,PSF-00177_20250904095022_c75,0.000000,0.000000,0.000000,77.970032,124.681236,0.374645,0.5,0.80,69.626816,1.000000,43.68,42.19,22.28,21.35,21.35,80.22,156.8,23.4,85.1,465,4.103,09:45:46,2025-09-04,0.04,1,-0.004,-0.007,-0.015,0.152,0.676,0.784,0,150,-9999.000,-9999.000000,0.058905,0.000000,0.029230,0.000000,0.000000,-0.000068,standard,0,mpf,7000,500,-9999.000000,-9999.000000,300,300,300,124.681236,25,-0.175480,124.367592,124.428192,-0.060600,2.449777,2.445047,1.641686,0.643382,0.304044,-0.010250,0.168306,0.507226,77.970032,0.000508,2.381104,-0.000086,1.000000,2.374053,-0.000062,1.000000,0.601405,0.601525,0.107465,0.000000,PSF-00177_20250904095022_c75,PFA-00163,PSA-00175,PSF-00177,RHS-00523,3.0.0,2020-08-19T15:15:59.596Z
33,09:51:02,2025-09-04,Manual gsw+F,LI-COR Default,,033,,,0.124301,2.922290,0.119229,1.785047,1.238787,1.199057,2.412500,1.173713,14.946784,15.442037,30.072889,0.441786,7.500000,PSF-00177_20250904095102_a6e,0.000000,0.000000,0.000000,73.353409,129.804611,0.434894,0.5,0.80,146.750351,1.000000,45.73,44.26,22.34,20.45,20.45,80.22,156.8,151.2,3.6,844,4.103,09:45:46,2025-09-04,0.04,1,0.001,0.001,0.009,0.276,0.923,-2.156,0,150,-9999.000,-9999.000000,0.058905,0.000000,0.029230,0.000000,0.000000,-0.000068,standard,0,mpf,7000,500,-9999.000000,-9999.000000,300,300,300,129.804611,25,0.546136,129.975204,130.592133,-0.616928,2.452740,2.447936,1.641832,0.916493,0.303322,-0.021139,0.172473,0.833303,73.353409,0.000496,2.381104,-0.000086,1.000000,2.374053,-0.000062,1.000000,0.601405,0.601525,0.107465,0.000000,PSF-00177_20250904095102_a6e,PFA-00163,PSA-00175,PSF-00177,RHS-00523,3.0.0,2020-08-19T15:15:59.596Z
34,09:51:19,2025-09-04,Manual gsw+F,LI-COR Default,,034,,,0.054443,2.920699,0.053447,0.990628,1.225940,1.203860,2.676694,1.450754,15.006469,15.281705,33.365776,0.441786,7.500000,PSF-00177_20250904095119_f28,0.000000,0.000000,0.000000,77.760460,121.272682,0.358797,0.5,0.80,46.117004,1.000000,45.19,44.37,22.36,22.14,22.14,80.22,156.6,156.4,0.1,321,4.102,09:45:46,2025-09-04,0.04,1,-0.002,-0.002,-0.007,-0.066,0.101,0.616,0,150,-9999.000,-9999.000000,0.058905,0.000000,0.029230,0.000000,0.000000,-0.000068,standard,0,mpf,7000,500,-9999.000000,-9999.000000,300,300,300,121.272682,25,0.631190,121.789459,122.182854,-0.393394,2.452897,2.447168,1.640153,0.929753,0.303036,-0.002175,0.174205,0.383940,77.760460,0.000490,2.381104,-0.000086,1.000000,2.374053,-0.000062,1.000000,0.601405,0.601525,0.107465,0.000000,PSF-00177_20250904095119_f28,PFA-00163,PSA-00175,PSF-00177,RHS-00523,3.0.0,2020-08-19T15:15:59.596Z
35,09:51:36,2025-09-04,Manual gsw+F,LI-COR Default,,035,,,0.050880,2.921408,0.050009,0.798414,1.201836,1.184045,2.453458,1.251621,14.759278,14.981052,30.582685,0.441786,7.500000,PSF-00177_20250904095136_cb8,0.000000,0.000000,0.000000,88.488579,186.060516,0.524410,0.5,0.80,44.073982,1.000000,44.25,43.59,22.38,20.72,20.72,80.22,156.7,153.4,2.1,210,4.102,09:45:46,2025-09-04,0.04,1,-0.001,-0.000,-0.003,0.429,0.530,1.383,0,150,-9999.000,-9999.000000,0.058905,0.000000,0.029230,0.000000,0.000000,-0.000068,standard,0,mpf,7000,500,-9999.000000,-9999.000000,300,300,300,182.911270,25,-2.383302,181.412460,182.623810,-1.211349,2.451770,2.445827,1.640900,0.922177,0.302796,-0.018562,0.175908,0.288247,88.488579,0.000510,2.381104,-0.000086,1.000000,2.374053,-0.000062,1.000000,0.601405,0.601525,0.107465,0.000000,PSF-00177_20250904095136_cb8,PFA-00163,PSA-00175,PSF-00177,RHS-00523,3.0.0,2020-08-19T15:15:59.596Z
36,09:51:58,2025-09-04,Manual gsw+F,LI-COR Default,,036,,,0.163267,2.921496,0.154626,2.126553,1.189375,1.141987,2.268826,1.079451,14.236042,14.826785,28.283255,0.441786,7.500000,PSF-00177_20250904095158_a27,0.000000,0.000000,0.000000,87.122795,277.821594,0.686407,0.5,0.80,92.064690,1.000000,43.72,41.98,22.41,19.46,19.46,80.22,156.7,146.1,6.7,335,4.101,09:45:46,2025-09-04,0.04,1,0.013,0.009,0.023,0.717,1.486,3.281,0,150,-9999.000,-9999.000000,0.058905,0.000000,0.029230,0.000000,0.000000,-0.000068,standard,0,mpf,7000,500,-9999.000000,-9999.000000,300,300,300,265.912781,25,-9.366683,259.710785,264.314911,-4.604126,2.449449,2.445081,1.640994,0.903907,0.302512,-0.032991,0.178110,0.395971,87.122795,0.000491,2.381104,-0.000086,1.000000,2.374053,-0.000062,1.000000,0.601405,0.601525,0.107465,0.000000,PSF-00177_20250904095158_a27,PFA-00163,PSA-00175,PSF-00177,RHS-00523,3.0.0,2020-08-19T15:15:59.596Z
37,09:52:27,2025-09-04,Manual gsw+F,LI-COR Default,,037,,,0.079006,2.921603,0.076926,1.219790,1.141624,1.114429,2.385599,1.243975,13.893070,14.232097,29.740158,0.441786,7.500000,PSF-00177_20250904095227_8e8,0.000000,0.000000,0.000000,72.417137,270.645264,0.732428,0.5,0.80,17.893764,1.000000,41.86,40.86,22.45,20.27,20.27,80.21,156.7,97.9,37.5,61,4.100,09:45:46,2025-09-04,0.04,1,0.003,-0.001,0.017,0.264,0.425,1.397,0,150,-9999.000,-9999.000000,0.058905,0.000000,0.029230,0.000000,0.000000,-0.000068,standard,0,mpf,7000,500,-9999.000000,-9999.000000,300,300,300,267.845398,25,-1.613340,267.497406,268.318848,-0.821442,2.447814,2.442404,1.641106,0.792021,0.301982,-0.024450,0.180989,0.160016,72.417137,0.000500,2.381104,-0.000086,1.000000,2.374053,-0.000062,1.000000,0.601405,0.601525,0.107465,0.000000,PSF-00177_20250904095227_8e8,PFA-00163,PSA-00175,PSF-00177,RHS-00523,3.0.0,2020-08-19T15:15:59.596Z
38,09:52:48,2025-09-04,Manual gsw+F,LI-COR Default,,038,,,0.099927,2.920282,0.096621,1.664397,1.158459,1.121320,2.508685,1.350226,13.978713,14.441697,31.274025,0.441786,7.500000,PSF-00177_20250904095248_b85,0.000000,0.000000,0.000000,94.195244,199.804825,0.528564,0.5,0.80,102.368057,1.000000,42.36,41.01,22.49,21.08,21.08,80.22,156.5,150.1,4.1,484,4.100,09:45:46,2025-09-04,0.04,1,0.003,0.003,0.008,-0.100,-0.122,0.023,0,150,-9999.000,-9999.000000,0.058905,0.000000,0.029230,0.000000,0.000000,-0.000068,standard,0,mpf,7000,500,-9999.000000,-9999.000000,300,300,300,195.802689,25,-2.673382,194.721939,195.949829,-1.227890,2.448015,2.443119,1.639714,0.913782,0.301460,-0.015745,0.183151,0.524057,94.195244,0.000511,2.381104,-0.000086,1.000000,2.374053,-0.000062,1.000000,0.601405,0.601525,0.107465,0.000000,PSF-00177_20250904095248_b85,PFA-00163,PSA-00175,PSF-00177,RHS-00523,3.0.0,2020-08-19T15:15:59.596Z
39,09:53:08,2025-09-04,Manual gsw+F,LI-COR Default,,039,,,0.061055,2.921722,0.059806,1.081613,1.196928,1.172833,2.613185,1.416256,14.621261,14.921643,32.577564,0.441786,7.500000,PSF-00177_20250904095308_3da,0.000000,0.000000,0.000000,70.231316,123.253487,0.430188,0.5,0.80,84.713913,1.000000,43.66,42.78,22.54,21.75,21.75,80.21,156.7,156.2,0.3,492,4.099,09:45:46,2025-09-04,0.04,1,0.011,0.008,0.035,-0.338,-0.668,6.809,0,150,-9999.000,-9999.000000,0.058905,0.000000,0.029230,0.000000,0.000000,-0.000068,standard,0,mpf,7000,500,-9999.000000,-9999.000000,300,300,300,121.067047,25,-1.568575,120.553139,120.991615,-0.438477,2.450566,2.444955,1.641233,0.929061,0.300943,-0.008671,0.185243,0.531049,70.231316,0.000498,2.381104,-0.000086,1.000000,2.374053,-0.000062,1.000000,0.601405,0.601525,0.107465,0.000000,PSF-00177_20250904095308_3da,PFA-00163,PSA-00175,PSF-00177,RHS-00523,3.0.0,2020-08-19T15:15:59.596Z
40,09:53:58,2025-09-04,Manual gsw+F,LI-COR Default,,040,,,0.031991,2.922080,0.031645,0.527525,1.068236,1.056472,2.376393,1.308157,13.173868,13.320567,29.632866,0.441786,7.500000,PSF-00177_20250904095358_0d2,0.000000,0.000000,0.000000,83.408119,208.365005,0.599702,0.5,0.80,24.213116,1.000000,38.74,38.32,22.63,20.20,20.20,80.19,156.7,156.7,0.0,101,4.098,09:45:46,2025-09-04,0.04,1,0.001,0.001,0.007,0.854,0.460,0.392,0,150,-9999.000,-9999.000000,0.058905,0.000000,0.029230,0.000000,0.000000,-0.000068,standard,0,mpf,7000,500,-9999.000000,-9999.000000,300,300,300,205.377106,25,-2.469252,203.571075,204.804367,-1.233292,2.444063,2.437872,1.641610,0.930515,0.299817,-0.027218,0.190208,0.194313,83.408119,0.000496,2.381104,-0.000086,1.000000,2.374053,-0.000062,1.000000,0.601405,0.601525,0.107465,0.000000,PSF-00177_20250904095358_0d2,PFA-00163,PSA-00175,PSF-00177,RHS-00523,3.0.0,2020-08-19T15:15:59.596Z
41,09:54:21,2025-09-04,Manual gsw+F,LI-COR Default,,041,,,0.088105,2.922266,0.085526,1.261964,1.089118,1.060986,2.247807,1.158689,13.230033,13.580828,28.029181,0.441786,7.500000,PSF-00177_20250904095421_bc5,0.000000,0.000000,0.000000,103.730682,274.792877,0.622513,0.5,0.80,21.045092,1.000000,39.45,38.43,22.65,19.31,19.31,80.20,156.8,146.8,6.4,85,4.098,09:45:46,2025-09-04,0.04,1,0.003,0.006,0.006,0.534,-0.213,0.418,0,150,-9999.000,-9999.000000,0.058905,0.000000,0.029230,0.000000,0.000000,-0.000068,standard,0,mpf,7000,500,-9999.000000,-9999.000000,300,300,300,272.541748,25,-1.830004,270.504364,272.154022,-1.649658,2.444228,2.438894,1.641807,0.905487,0.299572,-0.037455,0.192413,0.180184,103.730682,0.000513,2.381104,-0.000086,1.000000,2.374053,-0.000062,1.000000,0.601405,0.601525,0.107465,0.000000,PSF-00177_20250904095421_bc5,PFA-00163,PSA-00175,PSF-00177,RHS-00523,3.0.0,2020-08-19T15:15:59.596Z
42,09:54:36,2025-09-04,Manual gsw+F,LI-COR Default,,042,,,0.069503,2.922775,0.067888,0.880969,1.114321,1.094697,2.133883,1.019562,13.650860,13.895571,26.609507,0.441786,7.500000,PSF-00177_20250904095436_830,0.000000,0.000000,0.000000,106.535553,249.709518,0.573362,0.5,0.80,15.230718,1.000000,40.34,39.63,22.66,18.47,18.47,80.19,156.8,146.9,6.3,66,4.098,09:45:46,2025-09-04,0.04,1,-0.001,-0.002,0.026,0.035,0.312,28.065,0,150,-9999.000,-9999.000000,0.058905,0.000000,0.029230,0.000000,0.000000,-0.000068,standard,0,mpf,7000,500,-9999.000000,-9999.000000,300,300,300,245.239014,25,-3.140731,243.938690,245.180618,-1.241928,2.445979,2.440179,1.642346,0.905855,0.299465,-0.046763,0.193694,0.164604,106.535553,0.000510,2.381104,-0.000086,1.000000,2.374053,-0.000062,1.000000,0.601405,0.601525,0.107465,0.000000,PSF-00177_20250904095436_830,PFA-00163,PSA-00175,PSF-00177,RHS-00523,3.0.0,2020-08-19T15:15:59.596Z
43,09:54:59,2025-09-04,Manual gsw+F,LI-COR Default,,043,,,0.084583,2.921165,0.082203,1.136406,1.153006,1.127671,2.238229,1.085223,14.061436,14.377349,27.909481,0.441786,7.500000,PSF-00177_20250904095459_d2f,0.000000,0.000000,0.000000,129.870422,250.013351,0.480546,0.5,0.80,9.753340,1.000000,41.71,40.80,22.67,19.24,19.24,80.20,156.6,156.9,-0.2,51,4.043,09:45:46,2025-09-04,0.04,1,-0.002,-0.000,0.001,-0.015,-0.007,-0.070,0,150,-9999.000,-9999.000000,0.058905,0.000000,0.029230,0.000000,0.000000,-0.000068,standard,0,mpf,7000,500,-9999.000000,-9999.000000,300,300,300,246.782547,25,-2.245425,246.003632,246.775467,-0.771835,2.447670,2.442146,1.640645,0.930976,0.299322,-0.038456,0.195866,0.151123,129.870422,0.000511,2.381104,-0.000086,1.000000,2.374053,-0.000062,1.000000,0.601405,0.601525,0.107465,0.000000,PSF-00177_20250904095459_d2f,PFA-00163,PSA-00175,PSF-00177,RHS-00523,3.0.0,2020-08-19T15:15:59.596Z
44,09:55:19,2025-09-04,Manual gsw+F,LI-COR Default,,044,,,0.041756,2.920803,0.041167,0.549235,1.136903,1.124652,2.184699,1.047796,14.023659,14.176417,27.241743,0.441786,7.500000,PSF-00177_20250904095519_c33,0.000000,0.000000,0.000000,187.095169,312.617126,0.401520,0.5,0.80,10.819326,1.000000,41.11,40.67,22.68,18.85,18.85,80.20,156.6,155.8,0.5,67,4.097,09:45:46,2025-09-04,0.04,1,0.002,0.002,0.033,0.299,0.791,3.571,0,150,-9999.000,-9999.000000,0.058905,0.000000,0.029230,0.000000,0.000000,-0.000068,standard,0,mpf,7000,500,-9999.000000,-9999.000000,300,300,300,305.592651,25,-4.757652,303.930756,305.756622,-1.825867,2.447481,2.441280,1.640263,0.928244,0.299227,-0.042843,0.197671,0.165426,187.095169,0.000506,2.381104,-0.000086,1.000000,2.374053,-0.000062,1.000000,0.601405,0.601525,0.107465,0.000000,PSF-00177_20250904095519_c33,PFA-00163,PSA-00175,PSF-00177,RHS-00523,3.0.0,2020-08-19T15:15:59.596Z
45,09:55:43,2025-09-04,Manual gsw+F,LI-COR Default,,045,,,0.114999,2.919467,0.110641,1.576988,1.111990,1.076769,2.231149,1.119159,13.427517,13.866725,27.822844,0.441786,7.500000,PSF-00177_20250904095543_344,0.000000,0.000000,0.000000,111.007332,318.059692,0.650986,0.5,0.80,25.578800,1.000000,40.21,38.93,22.68,19.19,19.19,80.19,156.4,148.5,5.1,98,4.096,09:45:46,2025-09-04,0.04,1,0.003,0.002,0.008,-0.014,-0.127,-0.356,0,150,-9999.000,-9999.000000,0.058905,0.000000,0.029230,0.000000,0.000000,-0.000068,standard,0,mpf,7000,500,-9999.000000,-9999.000000,300,300,300,312.519562,25,-3.427228,310.947052,313.117645,-2.170593,2.444958,2.439982,1.638857,0.909787,0.299223,-0.039115,0.199817,0.191984,111.007332,0.000495,2.381104,-0.000086,1.000000,2.374053,-0.000062,1.000000,0.601405,0.601525,0.107465,0.000000,PSF-00177_20250904095543_344,PFA-00163,PSA-00175,PSF-00177,RHS-00523,3.0.0,2020-08-19T15:15:59.596Z
46,09:56:09,2025-09-04,Manual gsw+F,LI-COR Default,,046,,,0.164472,2.922484,0.155709,2.138343,1.128635,1.081000,2.207005,1.078370,13.480107,14.074114,27.521418,0.441786,7.500000,PSF-00177_20250904095609_860,0.000000,0.000000,0.000000,142.951370,293.730988,0.513326,0.5,0.80,23.880445,1.000000,40.77,39.05,22.70,19.01,19.01,80.19,156.8,156.9,-0.0,116,4.082,09:55:58,2025-09-04,0.07,1,-0.004,-0.001,0.010,4.125,-1.278,-3.356,0,150,-9999.000,-9999.000000,0.058905,0.000000,0.029230,0.000000,0.000000,-0.000068,standard,0,mpf,7000,500,-9999.000000,-9999.000000,300,300,300,272.088989,25,-13.606849,266.518250,274.110046,-7.591797,2.445125,2.440749,1.642037,0.930825,0.299039,-0.041224,0.202120,0.207533,142.951370,0.000504,2.381104,-0.000086,1.000000,2.374053,-0.000062,1.000000,0.601405,0.601525,0.107465,0.000000,PSF-00177_20250904095609_860,PFA-00163,PSA-00175,PSF-00177,RHS-00523,3.0.0,2020-08-19T15:15:59.596Z
47,09:56:23,2025-09-04,Manual gsw+F,LI-COR Default,,047,,,0.087771,2.922654,0.085212,1.125187,1.118621,1.093556,2.155898,1.037277,13.636765,13.949327,26.884285,0.441786,7.500000,PSF-00177_20250904095623_79a,0.000000,0.000000,0.000000,93.980316,299.684387,0.686402,0.5,0.80,29.581493,1.000000,40.40,39.49,22.70,18.64,18.64,80.19,156.8,156.3,0.3,108,4.095,09:55:58,2025-09-04,0.07,1,0.003,0.005,0.055,0.165,0.443,2.336,0,150,-9999.000,-9999.000000,0.058905,0.000000,0.029230,0.000000,0.000000,-0.000068,standard,0,mpf,7000,500,-9999.000000,-9999.000000,300,300,300,292.194489,25,-5.384366,288.695465,291.920166,-3.224701,2.445772,2.440214,1.642217,0.929330,0.298992,-0.045411,0.203311,0.200166,93.980316,0.000528,2.381104,-0.000086,1.000000,2.374053,-0.000062,1.000000,0.601405,0.601525,0.107465,0.000000,PSF-00177_20250904095623_79a,PFA-00163,PSA-00175,PSF-00177,RHS-00523,3.0.0,2020-08-19T15:15:59.596Z
48,09:56:45,2025-09-04,Manual gsw+F,LI-COR Default,,048,,,0.087510,2.922733,0.084966,1.190434,1.105518,1.078996,2.205897,1.100379,13.454862,13.785582,27.507093,0.441786,7.500000,PSF-00177_20250904095645_2a4,0.000000,0.000000,0.000000,96.176147,311.111633,0.690863,0.5,0.80,32.643227,1.000000,39.92,38.96,22.70,19.01,19.01,80.19,156.8,154.8,1.3,118,4.095,09:55:58,2025-09-04,0.07,1,0.002,0.000,0.007,0.619,0.340,1.738,0,150,-9999.000,-9999.000000,0.058905,0.000000,0.029230,0.000000,0.000000,-0.000068,standard,0,mpf,7000,500,-9999.000000,-9999.000000,300,300,300,289.921753,25,-16.196072,287.499908,287.757050,-0.257141,2.444996,2.439522,1.642301,0.925704,0.298964,-0.041385,0.205249,0.209100,96.176147,0.000489,2.381104,-0.000086,1.000000,2.374053,-0.000062,1.000000,0.601405,0.601525,0.107465,0.000000,PSF-00177_20250904095645_2a4,PFA-00163,PSA-00175,PSF-00177,RHS-00523,3.0.0,2020-08-19T15:15:59.596Z
49,09:57:14,2025-09-04,Manual gsw+F,LI-COR Default,,049,,,0.012134,2.920832,0.012084,0.198823,1.076991,1.072553,2.368047,1.291057,13.375607,13.430946,29.531471,0.441786,7.500000,PSF-00177_20250904095714_f18,0.000000,0.000000,0.000000,86.224792,257.516998,0.665169,0.5,0.80,12.236895,1.000000,38.89,38.73,22.70,20.15,20.15,80.19,156.6,156.9,-0.2,46,4.094,09:55:58,2025-09-04,0.07,1,0.001,0.003,0.007,0.039,0.068,0.298,0,150,-9999.000,-9999.000000,0.058905,0.000000,0.029230,0.000000,0.000000,-0.000068,standard,0,mpf,7000,500,-9999.000000,-9999.000000,300,300,300,251.488571,25,-3.908903,249.708298,251.880402,-2.172104,2.444660,2.438035,1.640293,0.931017,0.298977,-0.028663,0.207709,0.147037,86.224792,0.000514,2.381104,-0.000086,1.000000,2.374053,-0.000062,1.000000,0.601405,0.601525,0.107465,0.000000,PSF-00177_20250904095714_f18,PFA-00163,PSA-00175,PSF-00177,RHS-00523,3.0.0,2020-08-19T15:15:59.596Z
50,09:58:02,2025-09-04,Manual gsw+F,LI-COR Default,,050,,,0.045820,2.920616,0.045112,0.759179,1.150878,1.133945,2.470019,1.319141,14.139582,14.350725,30.799583,0.441786,7.500000,PSF-00177_20250904095802_228,0.000000,0.000000,0.000000,79.518913,311.061157,0.744362,0.5,0.80,32.156342,1.000000,41.52,40.91,22.72,20.83,20.83,80.20,156.6,152.0,2.9,108,4.093,09:55:58,2025-09-04,0.07,1,0.001,0.001,-0.004,0.269,0.230,1.171,0,150,-9999.000,-9999.000000,0.058905,0.000000,0.029230,0.000000,0.000000,-0.000068,standard,0,mpf,7000,500,-9999.000000,-9999.000000,300,300,300,311.061157,25,5.380785,316.782471,318.820190,-2.037720,2.447825,2.441820,1.640066,0.918514,0.298778,-0.021173,0.212055,0.200389,79.518913,0.000504,2.381104,-0.000086,1.000000,2.374053,-0.000062,1.000000,0.601405,0.601525,0.107465,0.000000,PSF-00177_20250904095802_228,PFA-00163,PSA-00175,PSF-00177,RHS-00523,3.0.0,2020-08-19T15:15:59.596Z
51,09:58:25,2025-09-04,Manual gsw+F,LI-COR Default,,051,,,0.048561,2.921957,0.047767,0.730361,1.177636,1.161369,2.376654,1.199018,14.481764,14.684609,29.635847,0.441786,7.500000,PSF-00177_20250904095825_947,0.000000,0.000000,0.000000,94.795700,320.879852,0.704576,0.5,0.80,13.797084,1.000000,42.49,41.90,22.72,20.21,20.21,80.20,156.7,156.8,-0.1,49,4.092,09:55:58,2025-09-04,0.07,1,0.003,0.004,0.002,0.643,1.260,3.006,0,150,-9999.000,-9999.000000,0.058905,0.000000,0.029230,0.000000,0.000000,-0.000068,standard,0,mpf,7000,500,-9999.000000,-9999.000000,300,300,300,317.294952,25,-2.188126,317.309265,317.724609,-0.415344,2.449263,2.443209,1.641480,0.930727,0.298797,-0.028179,0.213867,0.149586,94.795700,0.000510,2.381104,-0.000086,1.000000,2.374053,-0.000062,1.000000,0.601405,0.601525,0.107465,0.000000,PSF-00177_20250904095825_947,PFA-00163,PSA-00175,PSF-00177,RHS-00523,3.0.0,2020-08-19T15:15:59.596Z
52,09:58:48,2025-09-04,Manual gsw+F,LI-COR Default,,052,,,0.041032,2.921349,0.040464,0.647717,1.168794,1.154358,2.423805,1.255012,14.393670,14.573669,30.222387,0.441786,7.500000,PSF-00177_20250904095848_c44,0.000000,0.000000,0.000000,94.415192,185.466888,0.490932,0.5,0.80,75.152939,1.000000,42.19,41.67,22.71,20.52,20.52,80.20,156.7,156.9,-0.1,383,4.092,09:55:58,2025-09-04,0.07,1,0.003,0.003,0.007,0.174,0.203,-1.359,0,150,-9999.000,-9999.000000,0.058905,0.000000,0.029230,0.000000,0.000000,-0.000068,standard,0,mpf,7000,500,-9999.000000,-9999.000000,300,300,300,185.466888,25,-0.281126,184.195877,185.061508,-0.865631,2.448931,2.442786,1.640839,0.930872,0.298900,-0.024508,0.215735,0.436747,93.744995,0.000495,2.381104,-0.000086,1.000000,2.374053,-0.000062,1.000000,0.601405,0.601525,0.107465,0.000000,PSF-00177_20250904095848_c44,PFA-00163,PSA-00175,PSF-00177,RHS-00523,3.0.0,2020-08-19T15:15:59.596Z
53,09:59:05,2025-09-04,Manual gsw+F,LI-COR Default,,053,,,0.040623,2.921395,0.040066,0.547906,1.206858,1.194653,2.279803,1.072944,14.895408,15.047590,28.425491,0.441786,7.500000,PSF-00177_20250904095905_3e5,0.000000,0.000000,0.000000,84.529999,286.834625,0.705301,0.5,0.80,16.018524,1.000000,43.61,43.17,22.69,19.53,19.53,80.20,156.7,154.0,1.7,57,4.091,09:55:58,2025-09-04,0.07,1,-0.003,-0.002,0.003,0.257,0.622,1.389,0,150,-9999.000,-9999.000000,0.058905,0.000000,0.029230,0.000000,0.000000,-0.000068,standard,0,mpf,7000,500,-9999.000000,-9999.000000,300,300,300,286.825073,25,-0.073415,285.863403,286.728760,-0.865356,2.451090,2.444810,1.640886,0.923580,0.299089,-0.035393,0.217151,0.156318,84.529999,0.000502,2.381104,-0.000086,1.000000,2.374053,-0.000062,1.000000,0.601405,0.601525,0.107465,0.000000,PSF-00177_20250904095905_3e5,PFA-00163,PSA-00175,PSF-00177,RHS-00523,3.0.0,2020-08-19T15:15:59.596Z
54,09:59:52,2025-09-04,Manual gsw+F,LI-COR Default,,054,,,0.038778,2.921996,0.038270,0.665597,1.112223,1.097385,2.475915,1.363692,13.682639,13.867644,30.870699,0.441786,7.500000,PSF-00177_20250904095952_171,0.000000,0.000000,0.000000,80.189827,226.891922,0.646573,0.5,0.80,29.827045,1.000000,40.23,39.70,22.67,20.87,20.87,80.20,156.7,156.8,-0.1,115,4.090,09:55:58,2025-09-04,0.07,1,-0.003,-0.003,0.006,6.342,11.711,5.523,0,150,-9999.000,-9999.000000,0.058905,0.000000,0.029230,0.000000,0.000000,-0.000068,standard,0,mpf,7000,500,-9999.000000,-9999.000000,300,300,300,211.172821,25,-15.691120,207.280045,204.265472,3.014572,2.446074,2.439981,1.641522,0.930738,0.299315,-0.020218,0.221331,0.206694,80.189827,0.000507,2.381104,-0.000086,1.000000,2.374053,-0.000062,1.000000,0.601405,0.601525,0.107465,0.000000,PSF-00177_20250904095952_171,PFA-00163,PSA-00175,PSF-00177,RHS-00523,3.0.0,2020-08-19T15:15:59.596Z
55,10:00:09,2025-09-04,Manual gsw+F,LI-COR Default,,055,,,0.077362,2.921787,0.075366,1.156903,1.114431,1.088637,2.319208,1.204777,13.573689,13.895298,28.917080,0.441786,7.500000,PSF-00177_20250904100009_bb1,0.000000,0.000000,0.000000,76.744797,250.738739,0.693925,0.5,0.80,41.472328,1.000000,40.32,39.39,22.67,19.81,19.81,80.20,156.7,132.7,15.3,149,4.090,09:55:58,2025-09-04,0.07,1,0.003,0.002,0.028,0.022,0.035,0.327,0,150,-9999.000,-9999.000000,0.058905,0.000000,0.029230,0.000000,0.000000,-0.000068,standard,0,mpf,7000,500,-9999.000000,-9999.000000,300,300,300,245.374924,25,-3.525712,243.446228,245.654694,-2.208466,2.445621,2.440104,1.641301,0.871188,0.299341,-0.032075,0.222786,0.236020,76.744797,0.000502,2.381104,-0.000086,1.000000,2.374053,-0.000062,1.000000,0.601405,0.601525,0.107465,0.000000,PSF-00177_20250904100009_bb1,PFA-00163,PSA-00175,PSF-00177,RHS-00523,3.0.0,2020-08-19T15:15:59.596Z
56,10:00:34,2025-09-04,Manual gsw+F,LI-COR Default,,056,,,0.001681,2.922081,0.001680,0.035580,1.091563,1.090769,2.749596,1.658034,13.599934,13.609826,34.282532,0.441786,7.500000,PSF-00177_20250904100034_39e,0.000000,0.000000,0.000000,25.496006,21.200180,-0.202632,0.5,0.80,-16.023548,1.000000,39.49,39.46,22.67,22.58,22.58,80.20,156.7,16.3,89.6,198,4.090,09:55:58,2025-09-04,0.07,1,0.002,0.007,-0.006,-0.085,0.041,0.541,0,150,-9999.000,-9999.000000,0.058905,0.000000,0.029230,0.000000,0.000000,-0.000068,standard,0,mpf,7000,500,-9999.000000,-9999.000000,300,300,300,21.200180,25,0.142913,21.178364,21.406260,-0.227896,2.445734,2.438910,1.641612,0.630592,0.299341,-0.000645,0.224998,0.277561,25.496006,0.000518,2.381104,-0.000086,1.000000,2.374053,-0.000062,1.000000,0.601405,0.601525,0.107465,0.000000,PSF-00177_20250904100034_39e,PFA-00163,PSA-00175,PSF-00177,RHS-00523,3.0.0,2020-08-19T15:15:59.596Z
57,10:01:10,2025-09-04,Manual gsw+F,LI-COR Default,,057,,,0.072917,2.920205,0.071141,1.221247,1.111118,1.083855,2.457291,1.346173,13.513977,13.853913,30.638584,0.441786,7.500000,PSF-00177_20250904100110_11f,0.000000,0.000000,0.000000,152.964233,267.727600,0.428657,0.5,0.80,15.835806,1.000000,40.19,39.20,22.68,20.75,20.75,80.20,156.5,155.4,0.7,92,4.085,09:55:58,2025-09-04,0.07,1,0.001,0.000,0.048,-0.244,-0.594,27.904,0,150,-9999.000,-9999.000000,0.058905,0.000000,0.029230,0.000000,0.000000,-0.000068,standard,0,mpf,7000,500,-9999.000000,-9999.000000,300,300,300,266.331543,25,-1.511275,264.315948,265.548340,-1.232391,2.445348,2.439911,1.639633,0.927173,0.299275,-0.021641,0.228055,0.186930,152.964233,0.000500,2.381104,-0.000086,1.000000,2.374053,-0.000062,1.000000,0.601405,0.601525,0.107465,0.000000,PSF-00177_20250904100110_11f,PFA-00163,PSA-00175,PSF-00177,RHS-00523,3.0.0,2020-08-19T15:15:59.596Z
58,10:01:35,2025-09-04,Manual gsw+F,LI-COR Default,,058,,,0.090837,2.922453,0.088099,1.341784,1.119017,1.089118,2.314420,1.195404,13.579304,13.952090,28.856583,0.441786,7.500000,PSF-00177_20250904100135_258,0.000000,0.000000,0.000000,97.296234,310.317932,0.686463,0.5,0.80,115.641602,1.000000,40.45,39.37,22.68,19.78,19.78,80.20,156.8,136.6,12.9,421,4.089,09:55:58,2025-09-04,0.07,1,0.003,0.005,0.015,0.171,0.406,1.412,0,150,-9999.000,-9999.000000,0.058905,0.000000,0.029230,0.000000,0.000000,-0.000068,standard,0,mpf,7000,500,-9999.000000,-9999.000000,300,300,300,301.524994,25,-6.884897,296.862244,300.389984,-3.527740,2.445599,2.440296,1.642005,0.880702,0.299188,-0.032593,0.230382,0.469825,97.296234,0.000505,2.381104,-0.000086,1.000000,2.374053,-0.000062,1.000000,0.601405,0.601525,0.107465,0.000000,PSF-00177_20250904100135_258,PFA-00163,PSA-00175,PSF-00177,RHS-00523,3.0.0,2020-08-19T15:15:59.596Z
59,10:02:01,2025-09-04,Manual gsw+F,LI-COR Default,,059,,,0.009542,2.921111,0.009511,0.153579,1.115609,1.112182,2.382501,1.266892,13.865925,13.908641,29.703381,0.441786,7.500000,PSF-00177_20250904100201_701,0.000000,0.000000,0.000000,128.291840,315.160767,0.592932,0.5,0.80,141.918121,1.000000,40.32,40.19,22.69,20.25,20.25,80.21,156.6,156.8,-0.1,598,4.087,09:55:58,2025-09-04,0.07,1,0.001,0.003,0.000,-2.901,-4.099,5.163,0,150,-9999.000,-9999.000000,0.058905,0.000000,0.029230,0.000000,0.000000,-0.000068,standard,0,mpf,7000,500,-9999.000000,-9999.000000,300,300,300,309.129242,25,-4.123776,307.253479,309.214325,-1.960846,2.446792,2.440097,1.640588,0.930705,0.299120,-0.027423,0.232683,0.622310,137.403839,0.000512,2.381104,-0.000086,1.000000,2.374053,-0.000062,1.000000,0.601405,0.601525,0.107465,0.000000,PSF-00177_20250904100201_701,PFA-00163,PSA-00175,PSF-00177,RHS-00523,3.0.0,2020-08-19T15:15:59.596Z
60,10:02:48,2025-09-04,Manual gsw+F,LI-COR Default,,060,,,0.053576,2.920915,0.052611,1.001964,1.126651,1.104300,2.618411,1.491759,13.769070,14.047757,32.647900,0.441786,7.500000,PSF-00177_20250904100248_0a7,0.000000,0.000000,0.000000,144.646164,167.025803,0.133989,0.5,0.80,46.252144,1.000000,40.57,39.77,22.75,21.78,21.78,80.20,156.6,-11.9,107.6,863,4.084,09:55:58,2025-09-04,0.07,1,0.021,0.020,-0.029,1.142,-2.249,-4.452,0,150,-9999.000,-9999.000000,0.058905,0.000000,0.029230,0.000000,0.000000,-0.000068,standard,0,mpf,7000,500,-9999.000000,-9999.000000,300,300,300,167.025803,25,2.443288,170.250534,170.548996,-0.298462,2.446157,2.440449,1.640381,0.580854,0.298413,-0.010734,0.237083,0.849981,149.741653,0.000498,2.381104,-0.000086,1.000000,2.374053,-0.000062,1.000000,0.601405,0.601525,0.107465,0.000000,PSF-00177_20250904100248_0a7,PFA-00163,PSA-00175,PSF-00177,RHS-00523,3.0.0,2020-08-19T15:15:59.596Z
61,10:03:08,2025-09-04,Manual gsw+F,LI-COR Default,,061,,,0.151252,2.920789,0.143805,2.412469,1.158602,1.104805,2.473531,1.314929,13.776009,14.446811,30.842897,0.441786,7.500000,PSF-00177_20250904100308_24d,0.000000,0.000000,0.000000,79.978821,242.824677,0.670631,0.5,0.80,164.791107,1.000000,41.63,39.70,22.78,20.85,20.85,80.20,156.6,149.8,4.3,614,4.085,09:55:58,2025-09-04,0.07,1,0.012,0.009,0.001,0.257,0.530,0.869,0,150,-9999.000,-9999.000000,0.058905,0.000000,0.029230,0.000000,0.000000,-0.000068,standard,0,mpf,7000,500,-9999.000000,-9999.000000,300,300,300,242.824677,25,0.345588,243.019226,243.323013,-0.303787,2.446046,2.441961,1.640248,0.913079,0.297974,-0.021689,0.239015,0.636024,79.462410,0.000503,2.381104,-0.000086,1.000000,2.374053,-0.000062,1.000000,0.601405,0.601525,0.107465,0.000000,PSF-00177_20250904100308_24d,PFA-00163,PSA-00175,PSF-00177,RHS-00523,3.0.0,2020-08-19T15:15:59.596Z
62,10:03:29,2025-09-04,Manual gsw+F,LI-COR Default,,062,,,0.119771,2.923264,0.115057,2.797261,1.114756,1.052468,3.014297,1.899540,13.123610,13.900311,37.586384,0.441786,7.500000,PSF-00177_20250904100329_4aa,0.000000,0.000000,0.000000,152.163147,161.493301,0.057774,0.5,0.80,34.755142,1.000000,39.97,37.74,22.82,24.11,24.11,80.20,156.9,153.2,2.4,1504,4.032,09:55:58,2025-09-04,0.07,1,-0.001,0.000,0.012,-0.024,0.125,0.286,0,150,-9999.000,-9999.000000,0.058905,0.000000,0.029230,0.000000,0.000000,-0.000068,standard,0,mpf,7000,500,-9999.000000,-9999.000000,300,300,300,160.394669,25,-0.677746,159.988403,160.515991,-0.527588,2.443174,2.439569,1.642863,0.921429,0.297570,0.015300,0.241084,1.401447,152.163147,0.000496,2.381104,-0.000086,1.000000,2.374053,-0.000062,1.000000,0.601405,0.601525,0.107465,0.000000,PSF-00177_20250904100329_4aa,PFA-00163,PSA-00175,PSF-00177,RHS-00523,3.0.0,2020-08-19T15:15:59.596Z
63,10:03:55,2025-09-04,Manual gsw+F,LI-COR Default,,063,,,0.016382,2.921485,0.016291,0.356639,1.123526,1.115573,2.835919,1.712393,13.909980,14.009135,35.360806,0.441786,7.500000,PSF-00177_20250904100355_d3d,0.000000,0.000000,0.000000,52.784801,131.082336,0.597316,0.5,0.80,16.668446,1.000000,40.14,39.86,22.88,23.09,23.09,80.20,156.7,156.5,0.1,70,4.085,09:55:58,2025-09-04,0.07,1,-0.000,0.002,-0.003,0.782,0.065,-6.400,0,150,-9999.000,-9999.000000,0.058905,0.000000,0.029230,0.000000,0.000000,-0.000068,standard,0,mpf,7000,500,-9999.000000,-9999.000000,300,300,300,126.002312,25,-4.801522,123.958824,124.158585,-0.199760,2.446265,2.439807,1.640982,0.929919,0.296883,0.002851,0.243576,0.167490,52.784801,0.000493,2.381104,-0.000086,1.000000,2.374053,-0.000062,1.000000,0.601405,0.601525,0.107465,0.000000,PSF-00177_20250904100355_d3d,PFA-00163,PSA-00175,PSF-00177,RHS-00523,3.0.0,2020-08-19T15:15:59.596Z
64,10:04:14,2025-09-04,Manual gsw+F,LI-COR Default,,064,,,0.039061,2.922115,0.038546,0.873645,1.123125,1.103656,2.895198,1.772073,13.762150,14.004926,36.101978,0.441786,7.500000,PSF-00177_20250904100414_8ab,0.000000,0.000000,0.000000,89.643005,226.794693,0.604739,0.5,0.80,41.204937,1.000000,40.00,39.31,22.93,23.44,23.44,80.19,156.8,156.0,0.5,170,4.085,09:55:58,2025-09-04,0.07,1,0.003,0.002,0.001,-0.006,0.554,0.732,0,150,-9999.000,-9999.000000,0.058905,0.000000,0.029230,0.000000,0.000000,-0.000068,standard,0,mpf,7000,500,-9999.000000,-9999.000000,300,300,300,221.702454,25,-3.889206,219.749451,221.186493,-1.437042,2.445451,2.439592,1.641648,0.928576,0.296261,0.006211,0.245395,0.254028,89.643005,0.000495,2.381104,-0.000086,1.000000,2.374053,-0.000062,1.000000,0.601405,0.601525,0.107465,0.000000,PSF-00177_20250904100414_8ab,PFA-00163,PSA-00175,PSF-00177,RHS-00523,3.0.0,2020-08-19T15:15:59.596Z
65,10:04:46,2025-09-04,Manual gsw+F,LI-COR Default,,065,,,0.193007,2.921724,0.181048,4.298956,1.221622,1.125898,3.075041,1.853418,14.037972,15.231488,38.340359,0.441786,7.500000,PSF-00177_20250904100446_3da,0.000000,0.000000,0.000000,94.807144,92.634033,-0.023459,0.5,0.80,-11.151972,1.000000,43.20,39.82,23.05,24.44,24.44,80.20,156.7,11.0,93.0,1188,4.084,09:55:58,2025-09-04,0.07,1,0.013,0.020,0.032,-0.181,-0.287,-0.152,0,150,-9999.000,-9999.000000,0.058905,0.000000,0.029230,0.000000,0.000000,-0.000068,standard,0,mpf,7000,500,-9999.000000,-9999.000000,300,300,300,92.044113,25,-0.323205,92.163208,92.167976,-0.004768,2.446162,2.444150,1.641234,0.621011,0.294861,0.016539,0.248525,1.130014,94.807144,0.000481,2.381104,-0.000086,1.000000,2.374053,-0.000062,1.000000,0.601405,0.601525,0.107465,0.000000,PSF-00177_20250904100446_3da,PFA-00163,PSA-00175,PSF-00177,RHS-00523,3.0.0,2020-08-19T15:15:59.596Z
66,10:05:17,2025-09-04,Manual gsw+F,LI-COR Default,,066,,,0.078683,2.920756,0.076618,2.067949,1.128667,1.082529,3.234569,2.105901,13.496820,14.072061,40.328133,0.441786,7.500000,PSF-00177_20250904100517_560,0.000000,0.000000,0.000000,108.608719,109.074997,0.004275,0.5,0.80,2.323577,1.000000,39.60,37.98,23.18,25.29,25.29,80.21,156.6,156.8,-0.1,1359,4.083,09:55:58,2025-09-04,0.07,1,0.001,-0.002,0.007,-0.122,-0.073,0.648,0,150,-9999.000,-9999.000000,0.058905,0.000000,0.029230,0.000000,0.000000,-0.000068,standard,0,mpf,7000,500,-9999.000000,-9999.000000,300,300,300,108.711365,25,-0.246209,108.608368,108.719963,-0.111595,2.443452,2.438956,1.640213,0.930573,0.293321,0.025007,0.251586,1.276644,108.608719,0.000486,2.381104,-0.000086,1.000000,2.374053,-0.000062,1.000000,0.601405,0.601525,0.107465,0.000000,PSF-00177_20250904100517_560,PFA-00163,PSA-00175,PSF-00177,RHS-00523,3.0.0,2020-08-19T15:15:59.596Z
67,10:05:57,2025-09-04,Manual gsw+F,LI-COR Default,,067,,,0.039952,2.922220,0.039413,1.278859,1.159470,1.130985,3.683127,2.523656,14.102546,14.457733,45.925850,0.441786,7.500000,PSF-00177_20250904100557_bc2,0.000000,0.000000,0.000000,61.244129,56.067982,-0.092319,0.5,0.80,-64.197746,1.000000,40.27,39.28,23.34,27.49,27.49,80.20,156.8,131.7,16.0,1738,4.082,09:55:58,2025-09-04,0.07,1,-0.001,0.001,0.001,-0.568,-1.401,-2.898,0,150,-9999.000,-9999.000000,0.058905,0.000000,0.029230,0.000000,0.000000,-0.000068,standard,0,mpf,7000,500,-9999.000000,-9999.000000,300,300,300,55.302143,25,-0.570309,55.044651,55.245602,-0.200951,2.445320,2.439891,1.641759,0.869008,0.291372,0.049482,0.255920,1.603259,61.244129,0.000486,2.381104,-0.000086,1.000000,2.374053,-0.000062,1.000000,0.601405,0.601525,0.107465,0.000000,PSF-00177_20250904100557_bc2,PFA-00163,PSA-00175,PSF-00177,RHS-00523,3.0.0,2020-08-19T15:15:59.596Z
68,10:06:24,2025-09-04,Manual gsw+F,LI-COR Default,,068,,,0.168376,2.922298,0.159203,2.643416,1.277681,1.218893,2.577289,1.299608,15.198493,15.931528,32.136478,0.441786,7.500000,PSF-00177_20250904100624_cdb,0.000000,0.000000,0.000000,63.926697,185.738525,0.655824,0.5,0.80,73.241478,1.000000,44.03,42.01,23.47,21.52,21.52,80.20,156.8,153.9,1.8,279,4.082,10:06:13,2025-09-04,0.13,1,-0.004,-0.006,0.014,0.371,1.579,1.758,0,150,-9999.000,-9999.000000,0.058905,0.000000,0.029230,0.000000,0.000000,-0.000068,standard,0,mpf,7000,500,-9999.000000,-9999.000000,300,300,300,183.767441,25,-0.891724,183.595413,184.452667,-0.857254,2.449240,2.445148,1.641841,0.923399,0.289870,-0.022089,0.258653,0.347687,63.926697,0.000492,2.381104,-0.000086,1.000000,2.374053,-0.000062,1.000000,0.601405,0.601525,0.107465,0.000000,PSF-00177_20250904100624_cdb,PFA-00163,PSA-00175,PSF-00177,RHS-00523,3.0.0,2020-08-19T15:15:59.596Z
69,10:06:48,2025-09-04,Manual gsw+F,LI-COR Default,,069,,,0.063533,2.920319,0.062180,1.336452,1.207838,1.178041,2.887666,1.679827,14.688061,15.059576,36.004009,0.441786,7.500000,PSF-00177_20250904100648_03d,0.000000,0.000000,0.000000,65.912605,175.706512,0.624871,0.5,0.80,49.345558,1.000000,41.36,40.34,23.58,23.39,23.39,80.20,156.5,99.0,36.8,197,4.081,10:06:13,2025-09-04,0.13,1,0.001,0.005,-0.006,1.858,4.626,5.719,0,150,-9999.000,-9999.000000,0.058905,0.000000,0.029230,0.000000,0.000000,-0.000068,standard,0,mpf,7000,500,-9999.000000,-9999.000000,300,300,300,175.706512,25,24.152649,181.171768,210.534409,-29.362640,2.446805,2.441312,1.639753,0.794263,0.288640,-0.001876,0.261011,0.277329,65.912605,0.000499,2.381104,-0.000086,1.000000,2.374053,-0.000062,1.000000,0.601405,0.601525,0.107465,0.000000,PSF-00177_20250904100648_03d,PFA-00163,PSA-00175,PSF-00177,RHS-00523,3.0.0,2020-08-19T15:15:59.596Z
70,10:07:11,2025-09-04,Manual gsw+F,LI-COR Default,,070,,,0.075535,2.921936,0.073631,1.516214,1.224446,1.190691,2.834234,1.609788,14.845591,15.266451,35.337372,0.441786,7.500000,PSF-00177_20250904100711_5cb,0.000000,0.000000,0.000000,76.060654,207.164291,0.632849,0.5,0.80,345.312500,1.000000,41.72,40.57,23.66,23.08,23.08,80.21,156.7,156.8,-0.1,1364,4.080,10:06:13,2025-09-04,0.13,1,0.003,0.003,-0.003,0.254,0.573,1.108,0,150,-9999.000,-9999.000000,0.058905,0.000000,0.029230,0.000000,0.000000,-0.000068,standard,0,mpf,7000,500,-9999.000000,-9999.000000,300,300,300,204.882141,25,-1.821051,203.954819,204.538345,-0.583527,2.447126,2.441815,1.641457,0.930730,0.287703,-0.006398,0.263244,1.281162,76.060654,0.000487,2.381104,-0.000086,1.000000,2.374053,-0.000062,1.000000,0.601405,0.601525,0.107465,0.000000,PSF-00177_20250904100711_5cb,PFA-00163,PSA-00175,PSF-00177,RHS-00523,3.0.0,2020-08-19T15:15:59.596Z
71,10:07:35,2025-09-04,Manual gsw+F,LI-COR Default,,071,,,0.032290,2.921562,0.031937,0.693581,1.147123,1.131661,2.845696,1.698573,14.108681,14.301446,35.477955,0.441786,7.500000,PSF-00177_20250904100735_1f7,0.000000,0.000000,0.000000,56.888939,103.597855,0.450868,0.5,0.80,85.457993,1.000000,38.92,38.39,23.73,23.15,23.15,80.21,156.7,152.1,2.9,474,4.080,10:06:13,2025-09-04,0.13,1,-0.007,-0.009,0.010,0.273,0.486,1.284,0,150,-9999.000,-9999.000000,0.058905,0.000000,0.029230,0.000000,0.000000,-0.000068,standard,0,mpf,7000,500,-9999.000000,-9999.000000,300,300,300,102.010132,25,-1.086005,101.410744,102.031845,-0.621101,2.443934,2.437760,1.641063,0.918792,0.286860,-0.006483,0.265589,0.515171,56.888939,0.000492,2.381104,-0.000086,1.000000,2.374053,-0.000062,1.000000,0.601405,0.601525,0.107465,0.000000,PSF-00177_20250904100735_1f7,PFA-00163,PSA-00175,PSF-00177,RHS-00523,3.0.0,2020-08-19T15:15:59.596Z
72,10:07:59,2025-09-04,Manual gsw+F,LI-COR Default,,072,,,0.102807,2.922726,0.099313,2.411052,1.213484,1.159831,3.108270,1.894786,14.460155,15.129071,38.752258,0.441786,7.500000,PSF-00177_20250904100759_11e,0.000000,0.000000,0.000000,126.480103,143.949020,0.121355,0.5,0.80,74.467377,1.000000,40.92,39.11,23.84,24.62,24.62,80.21,156.8,156.8,0.0,1534,4.079,10:06:13,2025-09-04,0.13,1,-0.002,-0.005,0.001,-1.229,-4.025,-0.199,0,150,-9999.000,-9999.000000,0.058905,0.000000,0.029230,0.000000,0.000000,-0.000068,standard,0,mpf,7000,500,-9999.000000,-9999.000000,300,300,300,143.584366,25,-0.553299,142.875549,143.151169,-0.275620,2.444958,2.440622,1.642294,0.930622,0.285700,0.009422,0.267846,1.427399,126.480103,0.000487,2.381104,-0.000086,1.000000,2.374053,-0.000062,1.000000,0.601405,0.601525,0.107465,0.000000,PSF-00177_20250904100759_11e,PFA-00163,PSA-00175,PSF-00177,RHS-00523,3.0.0,2020-08-19T15:15:59.596Z
73,10:08:35,2025-09-04,Manual gsw+F,LI-COR Default,,073,,,0.155721,2.920772,0.147839,3.157388,1.191248,1.120861,2.860929,1.669681,13.974825,14.852407,35.669884,0.441786,7.500000,PSF-00177_20250904100835_70b,0.000000,0.000000,0.000000,30.578613,98.375626,0.689165,0.5,0.80,111.621155,1.000000,39.78,37.43,24.00,23.24,23.24,80.21,156.6,141.5,9.6,405,4.079,10:06:13,2025-09-04,0.13,1,-0.003,-0.002,0.078,-0.168,-0.686,7.121,0,150,-9999.000,-9999.000000,0.058905,0.000000,0.029230,0.000000,0.000000,-0.000068,standard,0,mpf,7000,500,-9999.000000,-9999.000000,300,300,300,88.456749,25,-7.568015,84.179878,87.462616,-3.282738,2.442462,2.438946,1.640230,0.892482,0.283847,-0.008549,0.271205,0.455856,30.610085,0.000477,2.381104,-0.000086,1.000000,2.374053,-0.000062,1.000000,0.601405,0.601525,0.107465,0.000000,PSF-00177_20250904100835_70b,PFA-00163,PSA-00175,PSF-00177,RHS-00523,3.0.0,2020-08-19T15:15:59.596Z
74,10:08:55,2025-09-04,Manual gsw+F,LI-COR Default,,074,,,0.066482,2.921600,0.065003,1.565761,1.196533,1.161652,3.077089,1.880555,14.482996,14.917878,38.363861,0.441786,7.500000,PSF-00177_20250904100855_463,0.000000,0.000000,0.000000,113.046173,129.492691,0.127007,0.5,0.80,56.154804,1.000000,39.71,38.55,24.10,24.45,24.45,80.21,156.7,156.8,-0.1,1105,4.078,10:06:13,2025-09-04,0.13,1,0.001,0.003,-0.001,-1.418,-3.654,-3.087,0,150,-9999.000,-9999.000000,0.058905,0.000000,0.029230,0.000000,0.000000,-0.000068,standard,0,mpf,7000,500,-9999.000000,-9999.000000,300,300,300,125.534531,25,-3.345756,122.937439,124.668144,-1.730705,2.444091,2.438831,1.641104,0.930575,0.282704,0.004353,0.273040,1.058512,113.046173,0.000491,2.381104,-0.000086,1.000000,2.374053,-0.000062,1.000000,0.601405,0.601525,0.107465,0.000000,PSF-00177_20250904100855_463,PFA-00163,PSA-00175,PSF-00177,RHS-00523,3.0.0,2020-08-19T15:15:59.596Z
75,10:09:23,2025-09-04,Manual gsw+F,LI-COR Default,,075,,,0.272569,2.921323,0.249307,4.693592,1.352648,1.248265,2.823469,1.470821,15.561874,16.863207,35.199650,0.441786,7.500000,PSF-00177_20250904100923_5b4,0.000000,0.000000,0.000000,191.137787,283.675598,0.326210,0.5,0.80,72.243652,1.000000,44.57,41.13,24.22,23.02,23.02,80.21,156.7,61.8,60.5,554,4.078,10:06:13,2025-09-04,0.13,1,0.002,0.012,-0.004,-1.291,-6.199,-9.383,0,150,-9999.000,-9999.000000,0.058905,0.000000,0.029230,0.000000,0.000000,-0.000068,standard,0,mpf,7000,500,-9999.000000,-9999.000000,300,300,300,271.786804,25,-8.632533,267.604340,271.227570,-3.623230,2.447810,2.445745,1.640811,0.716861,0.281360,-0.013640,0.275777,0.583837,191.137787,0.000487,2.381104,-0.000086,1.000000,2.374053,-0.000062,1.000000,0.601405,0.601525,0.107465,0.000000,PSF-00177_20250904100923_5b4,PFA-00163,PSA-00175,PSF-00177,RHS-00523,3.0.0,2020-08-19T15:15:59.596Z
76,10:09:49,2025-09-04,Manual gsw+F,LI-COR Default,,076,,,0.019711,2.922102,0.019579,0.642984,1.136769,1.122438,3.691833,2.555065,13.992432,14.171082,46.022797,0.441786,7.500000,PSF-00177_20250904100949_d96,0.000000,0.000000,0.000000,88.243248,81.661407,-0.080599,0.5,0.80,-56.488758,1.000000,37.20,36.73,24.33,27.53,27.53,80.22,156.8,156.1,0.4,1752,4.076,10:06:13,2025-09-04,0.13,1,-0.003,-0.002,-0.002,-3.639,-1.113,7.963,0,150,-9999.000,-9999.000000,0.058905,0.000000,0.029230,0.000000,0.000000,-0.000068,standard,0,mpf,7000,500,-9999.000000,-9999.000000,300,300,300,80.643295,25,-0.941413,79.985260,80.303894,-0.318634,2.441370,2.435146,1.641634,0.928757,0.280069,0.038264,0.278422,1.615027,88.243248,0.000492,2.381104,-0.000086,1.000000,2.374053,-0.000062,1.000000,0.601405,0.601525,0.107465,0.000000,PSF-00177_20250904100949_d96,PFA-00163,PSA-00175,PSF-00177,RHS-00523,3.0.0,2020-08-19T15:15:59.596Z
77,10:10:34,2025-09-04,Manual gsw+F,LI-COR Default,,077,,,0.054056,2.922237,0.053074,1.487038,1.213959,1.180858,3.396520,2.182561,14.723317,15.136034,42.348907,0.441786,7.500000,PSF-00177_20250904101034_9a5,0.000000,0.000000,0.000000,102.422478,123.926315,0.173521,0.5,0.80,87.130371,1.000000,39.20,38.13,24.56,26.11,26.11,80.20,156.8,12.9,91.7,1255,4.076,10:06:13,2025-09-04,0.13,1,0.008,0.006,0.024,-0.800,-1.244,-2.084,0,150,-9999.000,-9999.000000,0.058905,0.000000,0.029230,0.000000,0.000000,-0.000068,standard,0,mpf,7000,500,-9999.000000,-9999.000000,300,300,300,121.111748,25,-2.488949,119.258881,120.337273,-1.078392,2.443377,2.438000,1.641777,0.624483,0.277593,0.018586,0.282684,1.187557,102.422478,0.000482,2.381104,-0.000086,1.000000,2.374053,-0.000062,1.000000,0.601405,0.601525,0.107465,0.000000,PSF-00177_20250904101034_9a5,PFA-00163,PSA-00175,PSF-00177,RHS-00523,3.0.0,2020-08-19T15:15:59.596Z
78,10:10:53,2025-09-04,Manual gsw+F,LI-COR Default,,078,,,0.105215,2.921382,0.101558,3.144781,1.269127,1.199129,3.675989,2.406862,14.951785,15.824578,45.835415,0.441786,7.500000,PSF-00177_20250904101053_64c,0.000000,0.000000,0.000000,52.007675,61.654274,0.156463,0.5,0.80,112.260704,1.000000,40.77,38.52,24.64,27.46,27.46,80.20,156.7,80.5,48.6,1794,4.076,10:06:13,2025-09-04,0.13,1,-0.003,0.002,0.007,-0.623,-1.384,-3.380,0,150,-9999.000,-9999.000000,0.058905,0.000000,0.029230,0.000000,0.000000,-0.000068,standard,0,mpf,7000,500,-9999.000000,-9999.000000,300,300,300,59.278965,25,-1.631246,58.464645,59.302032,-0.837387,2.443924,2.440235,1.640874,0.754797,0.276624,0.033696,0.284407,1.650801,52.007675,0.000471,2.381104,-0.000086,1.000000,2.374053,-0.000062,1.000000,0.601405,0.601525,0.107465,0.000000,PSF-00177_20250904101053_64c,PFA-00163,PSA-00175,PSF-00177,RHS-00523,3.0.0,2020-08-19T15:15:59.596Z
79,10:11:36,2025-09-04,Manual gsw+F,LI-COR Default,,079,,,0.045494,2.922777,0.044797,1.280124,1.153412,1.124906,3.380683,2.227271,14.024856,14.380266,42.148952,0.441786,7.500000,PSF-00177_20250904101136_358,0.000000,0.000000,0.000000,112.186073,119.682884,0.062639,0.5,0.80,42.181896,1.000000,36.63,35.73,24.83,26.03,26.03,80.21,156.8,148.9,5.1,1684,4.074,10:06:13,2025-09-04,0.13,1,0.000,-0.003,0.008,-0.177,-1.569,-5.055,0,150,-9999.000,-9999.000000,0.058905,0.000000,0.029230,0.000000,0.000000,-0.000068,standard,0,mpf,7000,500,-9999.000000,-9999.000000,300,300,300,116.363884,25,-2.447765,116.358521,116.153229,0.205292,2.439786,2.434219,1.642348,0.910690,0.274537,0.014364,0.288569,1.555987,112.186073,0.000483,2.381104,-0.000086,1.000000,2.374053,-0.000062,1.000000,0.601405,0.601525,0.107465,0.000000,PSF-00177_20250904101136_358,PFA-00163,PSA-00175,PSF-00177,RHS-00523,3.0.0,2020-08-19T15:15:59.596Z
80,10:12:09,2025-09-04,Manual gsw+F,LI-COR Default,,080,,,0.064971,2.921310,0.063557,1.474893,1.210663,1.177800,3.023053,1.812391,14.682493,15.092158,37.685474,0.441786,7.500000,PSF-00177_20250904101209_27d,0.000000,0.000000,0.000000,101.376411,260.458344,0.610777,0.5,0.80,23.189251,1.000000,38.18,37.14,24.96,24.16,24.16,80.22,156.7,30.9,80.3,95,4.073,10:06:13,2025-09-04,0.13,1,-0.007,0.003,0.011,0.002,-0.018,0.081,0,150,-9999.000,-9999.000000,0.058905,0.000000,0.029230,0.000000,0.000000,-0.000068,standard,0,mpf,7000,500,-9999.000000,-9999.000000,300,300,300,250.625610,25,-7.182138,246.376984,250.101761,-3.724777,2.441836,2.436433,1.640797,0.657269,0.273212,-0.009158,0.291398,0.189132,101.376411,0.000480,2.381104,-0.000086,1.000000,2.374053,-0.000062,1.000000,0.601405,0.601525,0.107465,0.000000,PSF-00177_20250904101209_27d,PFA-00163,PSA-00175,PSF-00177,RHS-00523,3.0.0,2020-08-19T15:15:59.596Z
81,10:12:36,2025-09-04,Manual gsw+F,LI-COR Default,,081,,,0.092434,2.922630,0.089600,2.953588,1.332785,1.267152,3.890745,2.557960,15.797881,16.616144,48.506828,0.441786,7.500000,PSF-00177_20250904101236_8db,0.000000,0.000000,0.000000,52.442909,43.562477,-0.203855,0.5,0.80,-133.739014,1.000000,41.73,39.68,25.07,28.43,28.43,80.21,156.8,-17.9,111.4,1640,4.074,10:06:13,2025-09-04,0.13,1,0.007,0.006,-0.013,-0.406,-0.358,-0.690,0,150,-9999.000,-9999.000000,0.058905,0.000000,0.029230,0.000000,0.000000,-0.000068,standard,0,mpf,7000,500,-9999.000000,-9999.000000,300,300,300,43.437481,25,-0.102065,43.325188,43.415302,-0.090115,2.445513,2.441521,1.642192,0.570537,0.271936,0.040447,0.293728,1.518638,52.442909,0.000487,2.381104,-0.000086,1.000000,2.374053,-0.000062,1.000000,0.601405,0.601525,0.107465,0.000000,PSF-00177_20250904101236_8db,PFA-00163,PSA-00175,PSF-00177,RHS-00523,3.0.0,2020-08-19T15:15:59.596Z
82,10:13:00,2025-09-04,Manual gsw+F,LI-COR Default,,082,,,0.045264,2.921715,0.044573,1.037549,1.239398,1.216297,3.056622,1.817224,15.162769,15.450762,38.104893,0.441786,7.500000,PSF-00177_20250904101300_4e4,0.000000,0.000000,0.000000,160.982254,214.793808,0.250527,0.5,0.80,81.670853,1.000000,38.56,37.84,25.18,24.34,24.34,80.22,156.7,154.8,1.2,815,4.018,10:06:13,2025-09-04,0.13,1,-0.000,0.003,0.001,3.703,7.869,12.159,0,150,-9999.000,-9999.000000,0.058905,0.000000,0.029230,0.000000,0.000000,-0.000068,standard,0,mpf,7000,500,-9999.000000,-9999.000000,300,300,300,214.793808,25,11.923676,217.658051,231.987640,-14.329590,2.442812,2.436940,1.641225,0.925545,0.270757,-0.009680,0.295816,0.808689,160.982254,0.000488,2.381104,-0.000086,1.000000,2.374053,-0.000062,1.000000,0.601405,0.601525,0.107465,0.000000,PSF-00177_20250904101300_4e4,PFA-00163,PSA-00175,PSF-00177,RHS-00523,3.0.0,2020-08-19T15:15:59.596Z
83,10:13:17,2025-09-04,Manual gsw+F,LI-COR Default,,083,,,0.079003,2.922505,0.076923,2.680079,1.306080,1.246492,4.008427,2.702346,15.538467,16.281282,49.968079,0.441786,7.500000,PSF-00177_20250904101317_fc5,0.000000,0.000000,0.000000,52.707554,46.329975,-0.137656,0.5,0.80,-93.375275,1.000000,40.47,38.63,25.25,28.94,28.94,80.22,156.8,-1.5,101.0,1696,4.067,10:06:13,2025-09-04,0.13,1,0.001,0.001,0.017,1.303,2.073,13.646,0,150,-9999.000,-9999.000000,0.058905,0.000000,0.029230,0.000000,0.000000,-0.000068,standard,0,mpf,7000,500,-9999.000000,-9999.000000,300,300,300,46.329975,25,1.714957,45.450211,48.802929,-3.352718,2.443946,2.439681,1.642060,0.598884,0.270044,0.044660,0.297250,1.566554,52.707554,0.000484,2.381104,-0.000086,1.000000,2.374053,-0.000062,1.000000,0.601405,0.601525,0.107465,0.000000,PSF-00177_20250904101317_fc5,PFA-00163,PSA-00175,PSF-00177,RHS-00523,3.0.0,2020-08-19T15:15:59.596Z
84,10:18:34,2025-09-04,Manual gsw+F,LI-COR Default,,084,,,0.047120,2.921827,0.046372,0.763724,1.114877,1.097849,2.406790,1.291913,13.688298,13.900599,30.008535,0.441786,7.500000,PSF-00177_20250904101834_781,0.000000,0.000000,0.000000,95.272423,302.411407,0.684958,0.5,0.80,23.302464,1.000000,34.31,33.79,25.36,20.41,20.41,80.20,156.7,156.4,0.2,85,4.066,10:18:21,2025-09-04,0.12,1,-0.000,0.008,0.003,-0.051,0.090,0.159,0,150,-9999.000,-9999.000000,0.058905,0.000000,0.029230,0.000000,0.000000,-0.000068,standard,0,mpf,7000,500,-9999.000000,-9999.000000,300,300,300,295.428864,25,-4.985060,292.340759,295.222992,-2.882233,2.436797,2.430718,1.641343,0.929763,0.268794,-0.056701,0.315956,0.180643,95.272423,0.000489,2.381104,-0.000086,1.000000,2.374053,-0.000062,1.000000,0.601405,0.601525,0.107465,0.000000,PSF-00177_20250904101834_781,PFA-00163,PSA-00175,PSF-00177,RHS-00523,3.0.0,2020-08-19T15:15:59.596Z
85,10:19:04,2025-09-04,Manual gsw+F,LI-COR Default,,085,,,0.026069,2.923322,0.025839,0.518341,1.084766,1.073220,2.656017,1.571252,13.382499,13.526472,33.119175,0.441786,7.500000,PSF-00177_20250904101904_926,0.000000,0.000000,0.000000,141.334885,299.995544,0.528877,0.5,0.80,16.171053,1.000000,33.48,33.12,25.32,22.02,22.02,80.20,156.9,156.1,0.5,76,4.065,10:18:21,2025-09-04,0.12,1,0.002,0.004,0.003,-0.115,-0.185,-0.562,0,150,-9999.000,-9999.000000,0.058905,0.000000,0.029230,0.000000,0.000000,-0.000068,standard,0,mpf,7000,500,-9999.000000,-9999.000000,300,300,300,289.715759,25,-7.934195,285.365936,288.554504,-3.188568,2.435815,2.429498,1.642925,0.928920,0.269302,-0.038036,0.317491,0.173235,141.334885,0.000490,2.381104,-0.000086,1.000000,2.374053,-0.000062,1.000000,0.601405,0.601525,0.107465,0.000000,PSF-00177_20250904101904_926,PFA-00163,PSA-00175,PSF-00177,RHS-00523,3.0.0,2020-08-19T15:15:59.596Z
86,10:19:38,2025-09-04,Manual gsw+F,LI-COR Default,,086,,,0.062639,2.920842,0.061324,1.071449,1.074906,1.050991,2.445236,1.370330,13.106179,13.404405,30.492842,0.441786,7.500000,PSF-00177_20250904101938_555,0.000000,0.000000,0.000000,90.578552,303.052765,0.701113,0.5,0.80,22.295437,1.000000,33.33,32.59,25.24,20.67,20.67,80.19,156.6,156.6,-0.0,80,4.064,10:18:21,2025-09-04,0.12,1,-0.001,0.001,0.017,0.421,0.667,1.676,0,150,-9999.000,-9999.000000,0.058905,0.000000,0.029230,0.000000,0.000000,-0.000068,standard,0,mpf,7000,500,-9999.000000,-9999.000000,300,300,300,301.726685,25,-1.110178,300.642029,301.451904,-0.809875,2.435030,2.429292,1.640305,0.930248,0.270141,-0.052351,0.319086,0.175867,90.578552,0.000490,2.381104,-0.000086,1.000000,2.374053,-0.000062,1.000000,0.601405,0.601525,0.107465,0.000000,PSF-00177_20250904101938_555,PFA-00163,PSA-00175,PSF-00177,RHS-00523,3.0.0,2020-08-19T15:15:59.596Z
87,10:20:49,2025-09-04,Manual gsw+F,LI-COR Default,,087,,,0.026137,2.921993,0.025905,0.489000,1.095490,1.084589,2.574440,1.478950,13.526212,13.662159,32.106548,0.441786,7.500000,PSF-00177_20250904102049_006,0.000000,0.000000,0.000000,105.602501,163.974121,0.355981,0.5,0.80,19.267855,1.000000,34.34,33.99,25.06,21.50,21.50,80.18,156.7,155.7,0.7,135,4.058,10:18:21,2025-09-04,0.12,1,0.001,-0.000,-0.002,-0.349,-0.307,-0.309,0,150,-9999.000,-9999.000000,0.058905,0.000000,0.029230,0.000000,0.000000,-0.000068,standard,0,mpf,7000,500,-9999.000000,-9999.000000,300,300,300,163.363342,25,-0.368866,162.937408,163.442215,-0.504807,2.437170,2.430816,1.641519,0.927909,0.272110,-0.040770,0.322620,0.223891,105.602501,0.000493,2.381104,-0.000086,1.000000,2.374053,-0.000062,1.000000,0.601405,0.601525,0.107465,0.000000,PSF-00177_20250904102049_006,PFA-00163,PSA-00175,PSF-00177,RHS-00523,3.0.0,2020-08-19T15:15:59.596Z
88,10:21:14,2025-09-04,Manual gsw+F,LI-COR Default,,088,,,0.132125,2.921964,0.126409,2.030803,1.088164,1.042886,2.348772,1.260609,13.005839,13.570494,29.291552,0.441786,7.500000,PSF-00177_20250904102114_91f,0.000000,0.000000,0.000000,92.824463,284.920197,0.674209,0.5,0.80,20.041288,1.000000,34.26,32.83,24.98,20.01,20.01,80.19,156.7,155.8,0.6,74,4.062,10:18:21,2025-09-04,0.12,1,-0.003,-0.001,0.009,0.577,1.022,2.015,0,150,-9999.000,-9999.000000,0.058905,0.000000,0.029230,0.000000,0.000000,-0.000068,standard,0,mpf,7000,500,-9999.000000,-9999.000000,300,300,300,282.528870,25,-1.847910,280.691376,282.255524,-1.564148,2.435452,2.430717,1.641487,0.928216,0.272923,-0.056623,0.323876,0.171405,92.824463,0.000490,2.381104,-0.000086,1.000000,2.374053,-0.000062,1.000000,0.601405,0.601525,0.107465,0.000000,PSF-00177_20250904102114_91f,PFA-00163,PSA-00175,PSF-00177,RHS-00523,3.0.0,2020-08-19T15:15:59.596Z
89,10:21:30,2025-09-04,Manual gsw+F,LI-COR Default,,089,,,0.017865,2.922031,0.017756,0.288119,1.065945,1.059520,2.339348,1.273403,13.214186,13.294314,29.176022,0.441786,7.500000,PSF-00177_20250904102130_8ca,0.000000,0.000000,0.000000,109.938385,188.770721,0.417609,0.5,0.80,17.538858,1.000000,33.66,33.46,24.93,19.95,19.95,80.18,156.7,156.7,0.0,105,4.008,10:18:21,2025-09-04,0.12,1,-0.002,0.001,0.049,0.034,-0.002,1.726,0,150,-9999.000,-9999.000000,0.058905,0.000000,0.029230,0.000000,0.000000,-0.000068,standard,0,mpf,7000,500,-9999.000000,-9999.000000,300,300,300,187.174561,25,-1.133456,186.871292,187.136292,-0.264999,2.436392,2.429839,1.641559,0.930379,0.273462,-0.056768,0.324647,0.197804,109.938385,0.000497,2.381104,-0.000086,1.000000,2.374053,-0.000062,1.000000,0.601405,0.601525,0.107465,0.000000,PSF-00177_20250904102130_8ca,PFA-00163,PSA-00175,PSF-00177,RHS-00523,3.0.0,2020-08-19T15:15:59.596Z
90,10:21:51,2025-09-04,Manual gsw+F,LI-COR Default,,090,,,0.070364,2.922158,0.068710,1.303210,1.083668,1.054618,2.569780,1.486112,13.153214,13.515529,32.050343,0.441786,7.500000,PSF-00177_20250904102151_351,0.000000,0.000000,0.000000,75.318573,223.192276,0.662540,0.5,0.80,51.774513,1.000000,34.36,33.44,24.87,21.48,21.48,80.18,156.8,153.6,2.0,195,4.062,10:18:21,2025-09-04,0.12,1,0.001,-0.000,0.011,-0.169,0.093,-0.266,0,150,-9999.000,-9999.000000,0.058905,0.000000,0.029230,0.000000,0.000000,-0.000068,standard,0,mpf,7000,500,-9999.000000,-9999.000000,300,300,300,222.872971,25,-0.508533,221.981400,222.458969,-0.477570,2.436374,2.430882,1.641692,0.922668,0.274197,-0.038858,0.325728,0.275557,75.318573,0.000504,2.381104,-0.000086,1.000000,2.374053,-0.000062,1.000000,0.601405,0.601525,0.107465,0.000000,PSF-00177_20250904102151_351,PFA-00163,PSA-00175,PSF-00177,RHS-00523,3.0.0,2020-08-19T15:15:59.596Z
91,10:22:15,2025-09-04,Manual gsw+F,LI-COR Default,,091,,,0.004455,2.922418,0.004449,0.085495,1.085376,1.083470,2.590849,1.505473,13.514155,13.537919,32.315727,0.441786,7.500000,PSF-00177_20250904102215_c33,0.000000,0.000000,0.000000,123.546127,203.868439,0.393991,0.5,0.80,26.303507,1.000000,34.56,34.50,24.79,21.61,21.61,80.17,156.8,156.6,0.1,167,4.061,10:18:21,2025-09-04,0.12,1,0.003,0.004,0.003,4.513,-4.088,-2.363,0,150,-9999.000,-9999.000000,0.058905,0.000000,0.029230,0.000000,0.000000,-0.000068,standard,0,mpf,7000,500,-9999.000000,-9999.000000,300,300,300,195.242996,25,-8.156231,191.893097,192.107224,-0.214127,2.437967,2.431190,1.641967,0.930082,0.274972,-0.036518,0.327060,0.251070,123.546127,0.000504,2.381104,-0.000086,1.000000,2.374053,-0.000062,1.000000,0.601405,0.601525,0.107465,0.000000,PSF-00177_20250904102215_c33,PFA-00163,PSA-00175,PSF-00177,RHS-00523,3.0.0,2020-08-19T15:15:59.596Z
92,10:22:41,2025-09-04,Manual gsw+F,LI-COR Default,,092,,,0.056708,2.921041,0.055628,1.008659,1.181796,1.159322,2.601216,1.419419,14.460116,14.740441,32.444729,0.441786,7.500000,PSF-00177_20250904102241_fd3,0.000000,0.000000,0.000000,109.295723,252.674210,0.567444,0.5,0.80,22.142935,1.000000,37.79,37.07,24.72,21.67,21.67,80.17,156.6,156.7,-0.1,98,4.060,10:18:21,2025-09-04,0.12,1,0.003,0.003,0.000,-0.510,-2.385,-2.908,0,150,-9999.000,-9999.000000,0.058905,0.000000,0.029230,0.000000,0.000000,-0.000068,standard,0,mpf,7000,500,-9999.000000,-9999.000000,300,300,300,249.580261,25,-2.141570,248.054977,249.586090,-1.531113,2.441781,2.435926,1.640514,0.930529,0.275760,-0.034938,0.328646,0.191402,110.390068,0.000503,2.381104,-0.000086,1.000000,2.374053,-0.000062,1.000000,0.601405,0.601525,0.107465,0.000000,PSF-00177_20250904102241_fd3,PFA-00163,PSA-00175,PSF-00177,RHS-00523,3.0.0,2020-08-19T15:15:59.596Z
93,10:23:10,2025-09-04,Manual gsw+F,LI-COR Default,,093,,,0.048252,2.922293,0.047468,0.805236,1.175655,1.157729,2.504552,1.328896,14.439483,14.663068,31.237396,0.441786,7.500000,PSF-00177_20250904102310_0bb,0.000000,0.000000,0.000000,74.425217,280.287933,0.734469,0.5,0.80,16.153332,1.000000,37.75,37.18,24.65,21.06,21.06,80.18,156.8,153.0,2.4,55,4.006,10:18:21,2025-09-04,0.12,1,0.000,0.003,-0.001,0.155,0.208,0.500,0,150,-9999.000,-9999.000000,0.058905,0.000000,0.029230,0.000000,0.000000,-0.000068,standard,0,mpf,7000,500,-9999.000000,-9999.000000,300,300,300,277.116547,25,-1.982206,276.041138,277.429596,-1.388458,2.441954,2.435890,1.641835,0.920954,0.276548,-0.041087,0.330418,0.154773,74.425217,0.000503,2.381104,-0.000086,1.000000,2.374053,-0.000062,1.000000,0.601405,0.601525,0.107465,0.000000,PSF-00177_20250904102310_0bb,PFA-00163,PSA-00175,PSF-00177,RHS-00523,3.0.0,2020-08-19T15:15:59.596Z
94,10:23:38,2025-09-04,Manual gsw+F,LI-COR Default,,094,,,0.063352,2.921195,0.062007,1.065384,1.063486,1.039715,2.411122,1.347635,12.968520,13.265017,30.074266,0.441786,7.500000,PSF-00177_20250904102338_954,0.000000,0.000000,0.000000,88.472488,273.292145,0.676271,0.5,0.80,33.970562,1.000000,34.29,33.53,24.58,20.44,20.44,80.17,156.6,156.6,0.0,126,4.059,10:18:21,2025-09-04,0.12,1,0.006,0.005,0.022,0.332,0.203,0.846,0,150,-9999.000,-9999.000000,0.058905,0.000000,0.029230,0.000000,0.000000,-0.000068,standard,0,mpf,7000,500,-9999.000000,-9999.000000,300,300,300,271.606201,25,-0.863074,272.055389,272.047607,0.007782,2.436571,2.430846,1.640675,0.930200,0.277332,-0.047194,0.331949,0.215515,88.472488,0.000499,2.381104,-0.000086,1.000000,2.374053,-0.000062,1.000000,0.601405,0.601525,0.107465,0.000000,PSF-00177_20250904102338_954,PFA-00163,PSA-00175,PSF-00177,RHS-00523,3.0.0,2020-08-19T15:15:59.596Z
95,10:24:01,2025-09-04,Manual gsw+F,LI-COR Default,,095,,,0.174028,2.921211,0.164243,2.633591,1.092694,1.033954,2.350657,1.257964,12.896338,13.628987,29.319357,0.441786,7.500000,PSF-00177_20250904102401_3d7,0.000000,0.000000,0.000000,122.470383,244.124344,0.498328,0.5,0.80,80.936043,1.000000,35.36,33.46,24.52,20.03,20.03,80.17,156.6,156.2,0.3,406,4.059,10:18:21,2025-09-04,0.12,1,0.000,0.002,0.016,-0.300,0.448,5.003,0,150,-9999.000,-9999.000000,0.058905,0.000000,0.029230,0.000000,0.000000,-0.000068,standard,0,mpf,7000,500,-9999.000000,-9999.000000,300,300,300,241.238586,25,-2.499692,239.301331,240.519806,-1.218475,2.436482,2.432427,1.640693,0.929100,0.277987,-0.051095,0.333432,0.456823,122.470383,0.000503,2.381104,-0.000086,1.000000,2.374053,-0.000062,1.000000,0.601405,0.601525,0.107465,0.000000,PSF-00177_20250904102401_3d7,PFA-00163,PSA-00175,PSF-00177,RHS-00523,3.0.0,2020-08-19T15:15:59.596Z
96,10:24:20,2025-09-04,Manual gsw+F,LI-COR Default,,096,,,0.078146,2.922981,0.076111,1.309852,1.098712,1.069540,2.447994,1.349282,13.340028,13.703882,30.533035,0.441786,7.500000,PSF-00177_20250904102420_982,0.000000,0.000000,0.000000,183.444138,296.837585,0.382005,0.5,0.80,61.507774,1.000000,35.64,34.69,24.48,20.68,20.68,80.18,156.9,153.3,2.3,403,4.004,10:18:21,2025-09-04,0.12,1,0.000,0.001,0.077,5.705,5.114,24.830,0,150,-9999.000,-9999.000000,0.058905,0.000000,0.029230,0.000000,0.000000,-0.000068,standard,0,mpf,7000,500,-9999.000000,-9999.000000,300,300,300,290.958527,25,-4.397739,288.185120,290.496094,-2.310974,2.438327,2.432844,1.642563,0.921691,0.278425,-0.043284,0.334596,0.453807,179.370407,0.000489,2.381104,-0.000086,1.000000,2.374053,-0.000062,1.000000,0.601405,0.601525,0.107465,0.000000,PSF-00177_20250904102420_982,PFA-00163,PSA-00175,PSF-00177,RHS-00523,3.0.0,2020-08-19T15:15:59.596Z
97,10:24:44,2025-09-04,Manual gsw+F,LI-COR Default,,097,,,0.067069,2.921742,0.065564,1.176005,1.070132,1.043906,2.476348,1.406216,13.020835,13.347948,30.887941,0.441786,7.500000,PSF-00177_20250904102444_7af,0.000000,0.000000,0.000000,106.339577,276.172424,0.614952,0.5,0.80,105.631699,1.000000,34.81,33.96,24.43,20.87,20.87,80.17,156.7,154.6,1.3,429,4.058,10:18:21,2025-09-04,0.12,1,0.004,0.010,0.015,-1.126,0.725,-7.672,0,150,-9999.000,-9999.000000,0.058905,0.000000,0.029230,0.000000,0.000000,-0.000068,standard,0,mpf,7000,500,-9999.000000,-9999.000000,300,300,300,268.197998,25,-5.948408,264.462952,267.594879,-3.131927,2.437248,2.431641,1.641253,0.925177,0.278968,-0.040611,0.336375,0.476950,106.339577,0.000491,2.381104,-0.000086,1.000000,2.374053,-0.000062,1.000000,0.601405,0.601525,0.107465,0.000000,PSF-00177_20250904102444_7af,PFA-00163,PSA-00175,PSF-00177,RHS-00523,3.0.0,2020-08-19T15:15:59.596Z
98,10:25:02,2025-09-04,Manual gsw+F,LI-COR Default,,098,,,0.029363,2.921712,0.029071,0.562914,1.084451,1.071900,2.601124,1.516673,13.370420,13.526974,32.445301,0.441786,7.500000,PSF-00177_20250904102502_9bd,0.000000,0.000000,0.000000,150.297409,273.347687,0.450160,0.5,0.80,52.113789,1.000000,35.33,34.92,24.41,21.67,21.67,80.17,156.7,156.7,0.0,289,4.058,10:18:21,2025-09-04,0.12,1,0.000,0.005,0.007,3.401,7.376,17.841,0,150,-9999.000,-9999.000000,0.058905,0.000000,0.029230,0.000000,0.000000,-0.000068,standard,0,mpf,7000,500,-9999.000000,-9999.000000,300,300,300,265.095245,25,-5.932292,262.309662,264.793365,-2.483704,2.438678,2.432402,1.641222,0.930286,0.279226,-0.031285,0.337668,0.356482,146.255142,0.000497,2.381104,-0.000086,1.000000,2.374053,-0.000062,1.000000,0.601405,0.601525,0.107465,0.000000,PSF-00177_20250904102502_9bd,PFA-00163,PSA-00175,PSF-00177,RHS-00523,3.0.0,2020-08-19T15:15:59.596Z
99,10:25:44,2025-09-04,Manual gsw+F,LI-COR Default,,099,,,0.102158,2.921988,0.098707,2.001592,1.090339,1.045721,2.677934,1.587595,13.042901,13.599406,33.400902,0.441786,7.500000,PSF-00177_20250904102544_076,0.000000,0.000000,0.000000,101.566315,290.472870,0.650341,0.5,0.80,44.074558,1.000000,35.66,34.20,24.35,22.15,22.15,80.18,156.7,154.3,1.5,169,4.057,10:18:21,2025-09-04,0.12,1,0.004,0.007,0.035,-1.653,-1.804,2.877,0,150,-9999.000,-9999.000000,0.058905,0.000000,0.029230,0.000000,0.000000,-0.000068,standard,0,mpf,7000,500,-9999.000000,-9999.000000,300,300,300,290.472870,25,-0.829053,287.654388,289.277374,-1.622986,2.437618,2.432897,1.641513,0.924424,0.279940,-0.025112,0.340855,0.253242,101.566315,0.000505,2.381104,-0.000086,1.000000,2.374053,-0.000062,1.000000,0.601405,0.601525,0.107465,0.000000,PSF-00177_20250904102544_076,PFA-00163,PSA-00175,PSF-00177,RHS-00523,3.0.0,2020-08-19T15:15:59.596Z
100,10:26:03,2025-09-04,Manual gsw+F,LI-COR Default,,100,,,0.021170,2.923769,0.021017,0.420348,1.061821,1.052461,2.628335,1.566514,13.127705,13.244451,32.784111,0.441786,7.500000,PSF-00177_20250904102603_d71,0.000000,0.000000,0.000000,99.660156,278.821838,0.642567,0.5,0.80,92.916237,1.000000,34.78,34.47,24.32,21.84,21.84,80.17,157.0,154.6,1.5,362,4.056,10:18:21,2025-09-04,0.12,1,0.003,0.001,0.016,0.248,0.209,-5.055,0,150,-9999.000,-9999.000000,0.058905,0.000000,0.029230,0.000000,0.000000,-0.000068,standard,0,mpf,7000,500,-9999.000000,-9999.000000,300,300,300,266.788605,25,-10.526999,258.672241,263.641998,-4.969757,2.438028,2.431607,1.643399,0.925191,0.280219,-0.028311,0.342154,0.418505,99.660156,0.000502,2.381104,-0.000086,1.000000,2.374053,-0.000062,1.000000,0.601405,0.601525,0.107465,0.000000,PSF-00177_20250904102603_d71,PFA-00163,PSA-00175,PSF-00177,RHS-00523,3.0.0,2020-08-19T15:15:59.596Z
101,10:26:35,2025-09-04,Manual gsw+F,LI-COR Default,,101,,,0.040061,2.922255,0.039520,0.779135,1.120580,1.103223,2.663902,1.543321,13.760489,13.976984,33.226814,0.441786,7.500000,PSF-00177_20250904102635_2a0,0.000000,0.000000,0.000000,142.519348,160.182297,0.110268,0.5,0.80,13.563690,1.000000,36.78,36.21,24.28,22.06,22.06,80.17,156.8,156.5,0.2,308,4.056,10:18:21,2025-09-04,0.12,1,0.008,0.003,0.001,-0.099,-0.021,2.386,0,150,-9999.000,-9999.000000,0.058905,0.000000,0.029230,0.000000,0.000000,-0.000068,standard,0,mpf,7000,500,-9999.000000,-9999.000000,300,300,300,158.162003,25,-1.877455,156.806595,157.475021,-0.668427,2.440615,2.434554,1.641795,0.929949,0.280630,-0.025374,0.344445,0.372055,142.519348,0.000489,2.381104,-0.000086,1.000000,2.374053,-0.000062,1.000000,0.601405,0.601525,0.107465,0.000000,PSF-00177_20250904102635_2a0,PFA-00163,PSA-00175,PSF-00177,RHS-00523,3.0.0,2020-08-19T15:15:59.596Z
102,10:27:00,2025-09-04,Manual gsw+F,LI-COR Default,,102,,,0.082951,2.921400,0.080661,1.568283,1.097767,1.062798,2.620326,1.522559,13.257095,13.693289,32.685329,0.441786,7.500000,PSF-00177_20250904102700_2e2,0.000000,0.000000,0.000000,95.257401,291.696350,0.673436,0.5,0.80,29.127844,1.000000,36.10,34.95,24.25,21.79,21.79,80.17,156.7,31.6,79.8,108,4.055,10:18:21,2025-09-04,0.12,1,-0.001,0.003,-0.008,0.082,0.168,0.401,0,150,-9999.000,-9999.000000,0.058905,0.000000,0.029230,0.000000,0.000000,-0.000068,standard,0,mpf,7000,500,-9999.000000,-9999.000000,300,300,300,283.309937,25,-5.778300,280.068390,283.364105,-3.295715,2.438758,2.433567,1.640892,0.658594,0.280988,-0.028078,0.346252,0.200502,95.257401,0.000504,2.381104,-0.000086,1.000000,2.374053,-0.000062,1.000000,0.601405,0.601525,0.107465,0.000000,PSF-00177_20250904102700_2e2,PFA-00163,PSA-00175,PSF-00177,RHS-00523,3.0.0,2020-08-19T15:15:59.596Z
103,10:27:53,2025-09-04,Manual gsw+F,LI-COR Default,,103,,,0.168544,2.920653,0.159348,3.004276,1.136395,1.069399,2.612542,1.476146,13.339143,14.174821,32.587524,0.441786,7.500000,PSF-00177_20250904102753_1a4,0.000000,0.000000,0.000000,43.522240,142.319443,0.694193,0.5,0.80,21.941738,1.000000,37.54,35.33,24.18,21.75,21.75,80.17,156.6,121.6,22.3,79,4.054,10:18:21,2025-09-04,0.12,1,-0.000,-0.002,0.014,0.770,0.107,-1.314,0,150,-9999.000,-9999.000000,0.058905,0.000000,0.029230,0.000000,0.000000,-0.000068,standard,0,mpf,7000,500,-9999.000000,-9999.000000,300,300,300,142.319443,25,5.166807,144.882553,149.769928,-4.887375,2.439335,2.435686,1.640105,0.845244,0.281847,-0.027740,0.349932,0.175453,43.522240,0.000504,2.381104,-0.000086,1.000000,2.374053,-0.000062,1.000000,0.601405,0.601525,0.107465,0.000000,PSF-00177_20250904102753_1a4,PFA-00163,PSA-00175,PSF-00177,RHS-00523,3.0.0,2020-08-19T15:15:59.596Z
104,10:28:14,2025-09-04,Manual gsw+F,LI-COR Default,,104,,,0.006179,2.922301,0.006166,0.118930,1.043311,1.040659,2.554973,1.511663,12.979922,13.013000,31.867657,0.441786,7.500000,PSF-00177_20250904102814_20d,0.000000,0.000000,0.000000,91.297745,153.094177,0.403650,0.5,0.80,29.783514,1.000000,34.54,34.45,24.14,21.38,21.38,80.17,156.8,156.8,0.0,184,4.053,10:18:21,2025-09-04,0.12,1,0.001,-0.000,0.004,2.182,1.039,1.047,0,150,-9999.000,-9999.000000,0.058905,0.000000,0.029230,0.000000,0.000000,-0.000068,standard,0,mpf,7000,500,-9999.000000,-9999.000000,300,300,300,150.669693,25,-1.729730,149.439453,150.599930,-1.160477,2.438031,2.431286,1.641844,0.930577,0.282211,-0.031492,0.351220,0.266179,92.589142,0.000493,2.381104,-0.000086,1.000000,2.374053,-0.000062,1.000000,0.601405,0.601525,0.107465,0.000000,PSF-00177_20250904102814_20d,PFA-00163,PSA-00175,PSF-00177,RHS-00523,3.0.0,2020-08-19T15:15:59.596Z
105,10:29:01,2025-09-04,Manual gsw+F,LI-COR Default,,105,,,0.035161,2.921785,0.034743,0.699969,1.038627,1.023010,2.617286,1.578659,12.758275,12.953048,32.641006,0.441786,7.500000,PSF-00177_20250904102901_86d,0.000000,0.000000,0.000000,205.461151,237.702545,0.135638,0.5,0.80,25.988317,1.000000,34.45,33.93,24.11,21.77,21.77,80.18,156.7,138.8,11.4,479,4.053,10:28:45,2025-09-04,0.08,1,0.009,0.007,-0.000,-1.452,-6.672,-12.020,0,150,-9999.000,-9999.000000,0.058905,0.000000,0.029230,0.000000,0.000000,-0.000068,standard,0,mpf,7000,500,-9999.000000,-9999.000000,300,300,300,226.969604,25,-9.413239,219.690796,224.128738,-4.437943,2.437266,2.431233,1.641299,0.886040,0.282577,-0.026646,0.354170,0.519602,205.461151,0.000517,2.381104,-0.000086,1.000000,2.374053,-0.000062,1.000000,0.601405,0.601525,0.107465,0.000000,PSF-00177_20250904102901_86d,PFA-00163,PSA-00175,PSF-00177,RHS-00523,3.0.0,2020-08-19T15:15:59.596Z
106,10:29:24,2025-09-04,Manual gsw+F,LI-COR Default,,106,,,0.012606,2.921979,0.012552,0.249637,1.047455,1.041887,2.605864,1.558408,12.993744,13.063189,32.498653,0.441786,7.500000,PSF-00177_20250904102924_e41,0.000000,0.000000,0.000000,103.173134,263.014526,0.607728,0.5,0.80,35.141335,1.000000,34.77,34.59,24.10,21.70,21.70,80.18,156.7,154.9,1.2,145,4.052,10:28:45,2025-09-04,0.08,1,0.003,-0.002,0.007,-0.163,0.055,-0.230,0,150,-9999.000,-9999.000000,0.058905,0.000000,0.029230,0.000000,0.000000,-0.000068,standard,0,mpf,7000,500,-9999.000000,-9999.000000,300,300,300,255.785110,25,-5.749650,252.020721,254.723587,-2.702866,2.438246,2.431712,1.641504,0.925894,0.282741,-0.027290,0.355837,0.231845,103.173134,0.000505,2.381104,-0.000086,1.000000,2.374053,-0.000062,1.000000,0.601405,0.601525,0.107465,0.000000,PSF-00177_20250904102924_e41,PFA-00163,PSA-00175,PSF-00177,RHS-00523,3.0.0,2020-08-19T15:15:59.596Z
107,10:29:43,2025-09-04,Manual gsw+F,LI-COR Default,,107,,,0.064603,2.921985,0.063206,1.172432,1.062284,1.036137,2.516451,1.454167,12.922068,13.248157,31.383644,0.441786,7.500000,PSF-00177_20250904102943_410,0.000000,0.000000,0.000000,98.006844,277.925964,0.647363,0.5,0.80,30.588963,1.000000,35.31,34.44,24.08,21.13,21.13,80.18,156.7,156.8,-0.1,118,4.051,10:28:45,2025-09-04,0.08,1,0.001,-0.001,0.009,0.235,0.526,1.163,0,150,-9999.000,-9999.000000,0.058905,0.000000,0.029230,0.000000,0.000000,-0.000068,standard,0,mpf,7000,500,-9999.000000,-9999.000000,300,300,300,265.556580,25,-9.479492,259.809509,264.256622,-4.447113,2.438032,2.432507,1.641510,0.930703,0.282981,-0.033496,0.357087,0.209104,98.006844,0.000497,2.381104,-0.000086,1.000000,2.374053,-0.000062,1.000000,0.601405,0.601525,0.107465,0.000000,PSF-00177_20250904102943_410,PFA-00163,PSA-00175,PSF-00177,RHS-00523,3.0.0,2020-08-19T15:15:59.596Z
108,10:30:23,2025-09-04,Manual gsw+F,LI-COR Default,,108,,,0.031535,2.921842,0.031198,0.643780,1.047322,1.032961,2.663585,1.616263,12.882904,13.062014,33.219753,0.441786,7.500000,PSF-00177_20250904103023_14a,0.000000,0.000000,0.000000,107.112762,265.564087,0.596659,0.5,0.80,10.451982,1.000000,34.90,34.42,24.04,22.06,22.06,80.18,156.7,156.0,0.4,44,4.050,10:28:45,2025-09-04,0.08,1,0.003,0.004,-0.035,-0.032,0.051,25.066,0,150,-9999.000,-9999.000000,0.058905,0.000000,0.029230,0.000000,0.000000,-0.000068,standard,0,mpf,7000,500,-9999.000000,-9999.000000,300,300,300,260.403168,25,-3.708354,257.957703,260.216675,-2.258972,2.438007,2.431908,1.641359,0.928753,0.283439,-0.022487,0.359895,0.145145,107.112762,0.000501,2.381104,-0.000086,1.000000,2.374053,-0.000062,1.000000,0.601405,0.601525,0.107465,0.000000,PSF-00177_20250904103023_14a,PFA-00163,PSA-00175,PSF-00177,RHS-00523,3.0.0,2020-08-19T15:15:59.596Z
109,10:30:43,2025-09-04,Manual gsw+F,LI-COR Default,,109,,,0.019436,2.921978,0.019308,0.376688,1.090456,1.082058,2.618611,1.528155,13.494904,13.599635,32.658039,0.441786,7.500000,PSF-00177_20250904103043_b85,0.000000,0.000000,0.000000,97.035172,266.140961,0.635399,0.5,0.80,30.933105,1.000000,36.37,36.09,24.02,21.78,21.78,80.18,156.7,154.3,1.6,122,4.050,10:28:45,2025-09-04,0.08,1,-0.002,0.002,0.004,0.610,1.753,4.200,0,150,-9999.000,-9999.000000,0.058905,0.000000,0.029230,0.000000,0.000000,-0.000068,standard,0,mpf,7000,500,-9999.000000,-9999.000000,300,300,300,264.623871,25,-0.612389,264.403931,265.257904,-0.853973,2.440498,2.434082,1.641503,0.924239,0.283655,-0.025441,0.361384,0.212183,97.035172,0.000490,2.381104,-0.000086,1.000000,2.374053,-0.000062,1.000000,0.601405,0.601525,0.107465,0.000000,PSF-00177_20250904103043_b85,PFA-00163,PSA-00175,PSF-00177,RHS-00523,3.0.0,2020-08-19T15:15:59.596Z
110,10:31:08,2025-09-04,Manual gsw+F,LI-COR Default,,110,,,0.040734,2.920816,0.040174,0.738524,1.109774,1.093298,2.550203,1.440428,13.634615,13.840088,31.803791,0.441786,7.500000,PSF-00177_20250904103108_e00,0.000000,0.000000,0.000000,185.486191,321.735901,0.423483,0.5,0.80,20.414045,1.000000,37.06,36.51,24.00,21.35,21.35,80.19,156.6,156.0,0.4,121,4.049,10:28:45,2025-09-04,0.08,1,0.003,0.005,0.007,1.297,11.734,38.764,0,150,-9999.000,-9999.000000,0.058905,0.000000,0.029230,0.000000,0.000000,-0.000068,standard,0,mpf,7000,500,-9999.000000,-9999.000000,300,300,300,315.186737,25,-5.097868,311.480652,314.384827,-2.904175,2.441113,2.435084,1.640277,0.928581,0.283859,-0.030139,0.363169,0.211155,185.486191,0.000501,2.381104,-0.000086,1.000000,2.374053,-0.000062,1.000000,0.601405,0.601525,0.107465,0.000000,PSF-00177_20250904103108_e00,PFA-00163,PSA-00175,PSF-00177,RHS-00523,3.0.0,2020-08-19T15:15:59.596Z
111,10:31:36,2025-09-04,Manual gsw+F,LI-COR Default,,111,,,0.023454,2.921397,0.023267,0.491213,1.125018,1.114067,2.776603,1.651585,13.894273,14.030849,34.628860,0.441786,7.500000,PSF-00177_20250904103136_cc5,0.000000,0.000000,0.000000,94.911934,154.343460,0.385060,0.5,0.80,62.231972,1.000000,37.60,37.24,23.98,22.75,22.75,80.18,156.7,153.0,2.4,404,4.049,10:28:45,2025-09-04,0.08,1,0.002,0.003,-0.005,-2.185,-3.882,-1.548,0,150,-9999.000,-9999.000000,0.058905,0.000000,0.029230,0.000000,0.000000,-0.000068,standard,0,mpf,7000,500,-9999.000000,-9999.000000,300,300,300,146.709686,25,-4.775558,143.579010,147.457153,-3.878143,2.442184,2.435877,1.640890,0.920988,0.284025,-0.014060,0.365281,0.455104,96.825241,0.000500,2.381104,-0.000086,1.000000,2.374053,-0.000062,1.000000,0.601405,0.601525,0.107465,0.000000,PSF-00177_20250904103136_cc5,PFA-00163,PSA-00175,PSF-00177,RHS-00523,3.0.0,2020-08-19T15:15:59.596Z
112,10:31:58,2025-09-04,Manual gsw+F,LI-COR Default,,112,,,0.069183,2.922637,0.067584,1.616967,1.125627,1.089615,2.994682,1.869055,13.589574,14.038710,37.349373,0.441786,7.500000,PSF-00177_20250904103158_8aa,0.000000,0.000000,0.000000,91.297386,99.328293,0.080852,0.5,0.80,35.217537,1.000000,37.61,36.41,23.99,24.00,24.00,80.18,156.8,62.3,60.3,1089,4.048,10:28:45,2025-09-04,0.08,1,-0.000,-0.001,0.014,-0.578,-0.782,-0.225,0,150,-9999.000,-9999.000000,0.058905,0.000000,0.029230,0.000000,0.000000,-0.000068,standard,0,mpf,7000,500,-9999.000000,-9999.000000,300,300,300,96.956490,25,-1.615131,96.366760,96.999290,-0.632530,2.440968,2.435893,1.642200,0.717674,0.283980,0.000388,0.367131,1.044403,91.297386,0.000494,2.381104,-0.000086,1.000000,2.374053,-0.000062,1.000000,0.601405,0.601525,0.107465,0.000000,PSF-00177_20250904103158_8aa,PFA-00163,PSA-00175,PSF-00177,RHS-00523,3.0.0,2020-08-19T15:15:59.596Z
113,10:32:31,2025-09-04,Manual gsw+F,LI-COR Default,,113,,,0.021468,2.921475,0.021311,0.476670,1.142038,1.131415,2.890220,1.748182,14.111954,14.244451,36.049232,0.441786,7.500000,PSF-00177_20250904103231_5ae,0.000000,0.000000,0.000000,87.939980,218.696671,0.597891,0.5,0.80,18.322392,1.000000,38.08,37.73,24.02,23.41,23.41,80.17,156.7,14.2,90.9,77,3.994,10:28:45,2025-09-04,0.08,1,-0.011,-0.010,0.008,1.221,2.096,2.278,0,150,-9999.000,-9999.000000,0.058905,0.000000,0.029230,0.000000,0.000000,-0.000068,standard,0,mpf,7000,500,-9999.000000,-9999.000000,300,300,300,208.558914,25,-7.497286,206.325180,207.885651,-1.560471,2.442896,2.436565,1.640971,0.626800,0.283582,-0.006872,0.369794,0.173383,87.939980,0.000491,2.381104,-0.000086,1.000000,2.374053,-0.000062,1.000000,0.601405,0.601525,0.107465,0.000000,PSF-00177_20250904103231_5ae,PFA-00163,PSA-00175,PSF-00177,RHS-00523,3.0.0,2020-08-19T15:15:59.596Z
114,10:32:51,2025-09-04,Manual gsw+F,LI-COR Default,,114,,,0.014302,2.921438,0.014233,0.362493,1.152905,1.144827,3.140223,1.987318,14.279103,14.379851,39.167110,0.441786,7.500000,PSF-00177_20250904103251_612,0.000000,0.000000,0.000000,147.142410,155.911224,0.056242,0.5,0.80,18.564024,1.000000,38.41,38.14,24.04,24.79,24.79,80.18,156.7,156.6,0.1,825,3.993,10:28:45,2025-09-04,0.08,1,0.000,-0.005,-0.005,1.738,-2.316,-2.806,0,150,-9999.000,-9999.000000,0.058905,0.000000,0.029230,0.000000,0.000000,-0.000068,standard,0,mpf,7000,500,-9999.000000,-9999.000000,300,300,300,145.869614,25,-8.759666,138.148788,143.279861,-5.131073,2.443493,2.437033,1.640932,0.930116,0.283398,0.009058,0.371348,0.817455,147.142410,0.000488,2.381104,-0.000086,1.000000,2.374053,-0.000062,1.000000,0.601405,0.601525,0.107465,0.000000,PSF-00177_20250904103251_612,PFA-00163,PSA-00175,PSF-00177,RHS-00523,3.0.0,2020-08-19T15:15:59.596Z
115,10:33:08,2025-09-04,Manual gsw+F,LI-COR Default,,115,,,0.027019,2.922618,0.026772,0.609117,1.162185,1.148627,2.939581,1.777396,14.327297,14.496412,36.666615,0.441786,7.500000,PSF-00177_20250904103308_282,0.000000,0.000000,0.000000,98.281502,164.721329,0.403347,0.5,0.80,103.937180,1.000000,38.68,38.23,24.05,23.69,23.69,80.17,156.8,156.6,0.1,644,4.047,10:28:45,2025-09-04,0.08,1,-0.001,-0.002,-0.003,-0.050,-0.035,-0.441,0,150,-9999.000,-9999.000000,0.058905,0.000000,0.029230,0.000000,0.000000,-0.000068,standard,0,mpf,7000,500,-9999.000000,-9999.000000,300,300,300,162.833694,25,-1.281182,162.062653,162.873871,-0.811218,2.443625,2.437427,1.642179,0.930184,0.283228,-0.003981,0.372797,0.661754,98.281502,0.000505,2.381104,-0.000086,1.000000,2.374053,-0.000062,1.000000,0.601405,0.601525,0.107465,0.000000,PSF-00177_20250904103308_282,PFA-00163,PSA-00175,PSF-00177,RHS-00523,3.0.0,2020-08-19T15:15:59.596Z
116,10:33:25,2025-09-04,Manual gsw+F,LI-COR Default,,116,,,0.009077,2.921933,0.009048,0.170393,1.205906,1.202113,2.679120,1.473214,14.993659,15.040967,33.416008,0.441786,7.500000,PSF-00177_20250904103325_c1b,0.000000,0.000000,0.000000,70.921181,204.369736,0.652976,0.5,0.80,29.091091,1.000000,40.10,39.98,24.07,22.16,22.16,80.17,156.7,155.7,0.7,111,4.046,10:28:45,2025-09-04,0.08,1,0.000,-0.000,-0.010,0.339,0.310,0.452,0,150,-9999.000,-9999.000000,0.058905,0.000000,0.029230,0.000000,0.000000,-0.000068,standard,0,mpf,7000,500,-9999.000000,-9999.000000,300,300,300,202.497131,25,-1.015276,202.441696,202.905716,-0.464020,2.446167,2.439476,1.641455,0.927770,0.283073,-0.021775,0.374222,0.203296,70.921181,0.000492,2.381104,-0.000086,1.000000,2.374053,-0.000062,1.000000,0.601405,0.601525,0.107465,0.000000,PSF-00177_20250904103325_c1b,PFA-00163,PSA-00175,PSF-00177,RHS-00523,3.0.0,2020-08-19T15:15:59.596Z
117,10:33:46,2025-09-04,Manual gsw+F,LI-COR Default,,117,,,0.015937,2.921404,0.015851,0.308737,1.202755,1.195880,2.726110,1.523355,14.915959,15.001715,34.002205,0.441786,7.500000,PSF-00177_20250904103346_bb5,0.000000,0.000000,0.000000,109.246376,197.040176,0.445563,0.5,0.80,28.576609,1.000000,39.97,39.74,24.08,22.44,22.44,80.17,156.7,156.1,0.4,160,4.046,10:28:45,2025-09-04,0.08,1,0.003,0.003,0.001,-0.101,-0.230,0.024,0,150,-9999.000,-9999.000000,0.058905,0.000000,0.029230,0.000000,0.000000,-0.000068,standard,0,mpf,7000,500,-9999.000000,-9999.000000,300,300,300,195.094940,25,-1.428907,194.238068,194.979706,-0.741638,2.445822,2.439282,1.640897,0.928773,0.282938,-0.018647,0.375866,0.245422,109.246376,0.000501,2.381104,-0.000086,1.000000,2.374053,-0.000062,1.000000,0.601405,0.601525,0.107465,0.000000,PSF-00177_20250904103346_bb5,PFA-00163,PSA-00175,PSF-00177,RHS-00523,3.0.0,2020-08-19T15:15:59.596Z
118,10:34:12,2025-09-04,Manual gsw+F,LI-COR Default,,118,,,0.027309,2.922375,0.027056,0.531211,1.207984,1.196163,2.743346,1.535363,14.919267,15.066695,34.216660,0.441786,7.500000,PSF-00177_20250904103412_4db,0.000000,0.000000,0.000000,107.917427,311.247925,0.653275,0.5,0.80,47.507774,1.000000,40.10,39.70,24.10,22.55,22.55,80.18,156.8,156.5,0.2,182,4.045,10:28:45,2025-09-04,0.08,1,0.001,0.003,-0.001,-0.502,0.102,1.266,0,150,-9999.000,-9999.000000,0.058905,0.000000,0.029230,0.000000,0.000000,-0.000068,standard,0,mpf,7000,500,-9999.000000,-9999.000000,300,300,300,307.433716,25,-2.927648,305.028320,307.026276,-1.997955,2.445764,2.439460,1.641922,0.929905,0.282718,-0.017687,0.377908,0.263892,107.917427,0.000497,2.381104,-0.000086,1.000000,2.374053,-0.000062,1.000000,0.601405,0.601525,0.107465,0.000000,PSF-00177_20250904103412_4db,PFA-00163,PSA-00175,PSF-00177,RHS-00523,3.0.0,2020-08-19T15:15:59.596Z
119,10:34:38,2025-09-04,Manual gsw+F,LI-COR Default,,119,,,0.027783,2.922181,0.027521,0.499561,1.249426,1.238314,2.669244,1.419818,15.444559,15.583152,33.291477,0.441786,7.500000,PSF-00177_20250904103438_ae5,0.000000,0.000000,0.000000,92.904213,289.259399,0.678820,0.5,0.80,26.985449,1.000000,41.42,41.06,24.12,22.10,22.10,80.18,156.8,156.8,-0.0,99,4.045,10:28:45,2025-09-04,0.08,1,0.004,0.004,-0.004,0.542,0.833,1.226,0,150,-9999.000,-9999.000000,0.058905,0.000000,0.029230,0.000000,0.000000,-0.000068,standard,0,mpf,7000,500,-9999.000000,-9999.000000,300,300,300,279.303802,25,-6.695093,275.889160,279.605133,-3.715973,2.447719,2.441362,1.641718,0.930695,0.282503,-0.023055,0.379820,0.192975,92.483643,0.000499,2.381104,-0.000086,1.000000,2.374053,-0.000062,1.000000,0.601405,0.601525,0.107465,0.000000,PSF-00177_20250904103438_ae5,PFA-00163,PSA-00175,PSF-00177,RHS-00523,3.0.0,2020-08-19T15:15:59.596Z
120,10:35:00,2025-09-04,Manual gsw+F,LI-COR Default,,120,,,0.052245,2.922099,0.051327,0.937578,1.113849,1.092957,2.545007,1.431158,13.631676,13.892251,31.742062,0.441786,7.500000,PSF-00177_20250904103500_366,0.000000,0.000000,0.000000,101.565239,249.934677,0.593633,0.5,0.80,38.776836,1.000000,36.88,36.19,24.14,21.32,21.32,80.18,156.8,156.1,0.4,163,4.044,10:28:45,2025-09-04,0.08,1,-0.001,-0.002,0.017,0.180,1.565,2.011,0,150,-9999.000,-9999.000000,0.058905,0.000000,0.029230,0.000000,0.000000,-0.000068,standard,0,mpf,7000,500,-9999.000000,-9999.000000,300,300,300,249.934677,25,0.053718,249.534851,250.012146,-0.477295,2.440610,2.434795,1.641630,0.928976,0.282258,-0.032164,0.381472,0.247972,101.565239,0.000500,2.381104,-0.000086,1.000000,2.374053,-0.000062,1.000000,0.601405,0.601525,0.107465,0.000000,PSF-00177_20250904103500_366,PFA-00163,PSA-00175,PSF-00177,RHS-00523,3.0.0,2020-08-19T15:15:59.596Z
121,10:35:16,2025-09-04,Manual gsw+F,LI-COR Default,,121,,,0.033981,2.922105,0.033590,0.720496,1.085749,1.069688,2.764220,1.678471,13.341545,13.541859,34.476364,0.441786,7.500000,PSF-00177_20250904103516_9b3,0.000000,0.000000,0.000000,92.840195,198.244293,0.531688,0.5,0.80,64.539169,1.000000,35.93,35.40,24.15,22.67,22.67,80.18,156.8,153.5,2.1,303,4.044,10:28:45,2025-09-04,0.08,1,-0.003,0.000,0.002,-0.962,9.906,5.542,0,150,-9999.000,-9999.000000,0.058905,0.000000,0.029230,0.000000,0.000000,-0.000068,standard,0,mpf,7000,500,-9999.000000,-9999.000000,300,300,300,198.028915,25,-0.284707,197.952393,197.833755,0.118637,2.439441,2.433405,1.641637,0.922361,0.282156,-0.016836,0.382609,0.368567,92.840195,0.000497,2.381104,-0.000086,1.000000,2.374053,-0.000062,1.000000,0.601405,0.601525,0.107465,0.000000,PSF-00177_20250904103516_9b3,PFA-00163,PSA-00175,PSF-00177,RHS-00523,3.0.0,2020-08-19T15:15:59.596Z
122,10:35:47,2025-09-04,Manual gsw+F,LI-COR Default,,122,,,0.065097,2.922201,0.063679,1.223755,1.082272,1.054995,2.587782,1.505509,13.158653,13.498873,32.276665,0.441786,7.500000,PSF-00177_20250904103547_430,0.000000,0.000000,0.000000,105.060699,356.566223,0.705354,0.5,0.80,51.297688,1.000000,35.77,34.86,24.17,21.59,21.59,80.18,156.8,152.5,2.7,182,4.044,10:28:45,2025-09-04,0.08,1,0.004,0.001,0.024,0.637,1.201,18.289,0,150,-9999.000,-9999.000000,0.058905,0.000000,0.029230,0.000000,0.000000,-0.000068,standard,0,mpf,7000,500,-9999.000000,-9999.000000,300,300,300,351.983429,25,-3.391416,349.634521,351.675842,-2.041321,2.438644,2.433159,1.641738,0.919712,0.281896,-0.029456,0.384824,0.263900,105.060699,0.000501,2.381104,-0.000086,1.000000,2.374053,-0.000062,1.000000,0.601405,0.601525,0.107465,0.000000,PSF-00177_20250904103547_430,PFA-00163,PSA-00175,PSF-00177,RHS-00523,3.0.0,2020-08-19T15:15:59.596Z
123,10:36:09,2025-09-04,Manual gsw+F,LI-COR Default,,123,,,0.006942,2.922068,0.006925,0.144757,1.099595,1.096368,2.735461,1.635867,13.673964,13.714204,34.116821,0.441786,7.500000,PSF-00177_20250904103609_775,0.000000,0.000000,0.000000,169.997696,263.340637,0.354457,0.5,0.80,30.072428,1.000000,36.29,36.18,24.19,22.50,22.50,80.18,156.7,152.4,2.8,212,4.043,10:28:45,2025-09-04,0.08,1,-0.006,-0.006,-0.014,11.734,23.742,-23.358,0,150,-9999.000,-9999.000000,0.058905,0.000000,0.029230,0.000000,0.000000,-0.000068,standard,0,mpf,7000,500,-9999.000000,-9999.000000,300,300,300,250.441788,25,-4.412064,254.143951,256.978485,-2.834534,2.440592,2.433923,1.641597,0.919477,0.281648,-0.019338,0.386316,0.289959,169.997696,0.000501,2.381104,-0.000086,1.000000,2.374053,-0.000062,1.000000,0.601405,0.601525,0.107465,0.000000,PSF-00177_20250904103609_775,PFA-00163,PSA-00175,PSF-00177,RHS-00523,3.0.0,2020-08-19T15:15:59.596Z
124,10:36:33,2025-09-04,Manual gsw+F,LI-COR Default,,124,,,0.074350,2.922365,0.072505,1.702040,1.135702,1.097790,2.969790,1.834089,13.691061,14.163870,37.037655,0.441786,7.500000,PSF-00177_20250904103633_7c6,0.000000,0.000000,0.000000,133.269318,155.677551,0.143940,0.5,0.80,53.558491,1.000000,37.41,36.16,24.23,23.86,23.86,80.18,156.8,135.8,13.4,930,4.042,10:28:45,2025-09-04,0.08,1,-0.003,0.000,-0.005,2.663,6.452,10.429,0,150,-9999.000,-9999.000000,0.058905,0.000000,0.029230,0.000000,0.000000,-0.000068,standard,0,mpf,7000,500,-9999.000000,-9999.000000,300,300,300,154.491669,25,-1.475463,152.919174,153.549942,-0.630768,2.440546,2.435544,1.641912,0.878654,0.281270,-0.004042,0.388080,0.907834,133.269318,0.000495,2.381104,-0.000086,1.000000,2.374053,-0.000062,1.000000,0.601405,0.601525,0.107465,0.000000,PSF-00177_20250904103633_7c6,PFA-00163,PSA-00175,PSF-00177,RHS-00523,3.0.0,2020-08-19T15:15:59.596Z
125,10:36:52,2025-09-04,Manual gsw+F,LI-COR Default,,125,,,0.037558,2.922073,0.037082,0.826052,1.102594,1.084182,2.844867,1.742273,13.521053,13.750670,35.478901,0.441786,7.500000,PSF-00177_20250904103652_1ab,0.000000,0.000000,0.000000,212.216736,235.448700,0.098671,0.5,0.80,19.078215,1.000000,36.26,35.66,24.25,23.15,23.15,80.18,156.7,156.7,0.1,483,4.042,10:28:45,2025-09-04,0.08,1,0.003,0.008,0.010,0.400,-4.454,7.740,0,150,-9999.000,-9999.000000,0.058905,0.000000,0.029230,0.000000,0.000000,-0.000068,standard,0,mpf,7000,500,-9999.000000,-9999.000000,300,300,300,231.577637,25,-3.221308,228.907227,230.803604,-1.896378,2.439805,2.433874,1.641603,0.930283,0.281005,-0.012571,0.389503,0.523368,212.216736,0.000511,2.381104,-0.000086,1.000000,2.374053,-0.000062,1.000000,0.601405,0.601525,0.107465,0.000000,PSF-00177_20250904103652_1ab,PFA-00163,PSA-00175,PSF-00177,RHS-00523,3.0.0,2020-08-19T15:15:59.596Z
126,10:37:19,2025-09-04,Manual gsw+F,LI-COR Default,,126,,,0.081431,2.921653,0.079223,1.672787,1.117009,1.079722,2.768936,1.651927,13.466518,13.931572,34.534756,0.441786,7.500000,PSF-00177_20250904103719_cae,0.000000,0.000000,0.000000,83.057281,292.410309,0.715956,0.5,0.80,39.916939,1.000000,36.67,35.45,24.28,22.70,22.70,80.18,156.7,156.8,-0.1,139,4.041,10:28:45,2025-09-04,0.08,1,0.004,0.002,0.036,1.015,-0.104,0.856,0,150,-9999.000,-9999.000000,0.058905,0.000000,0.029230,0.000000,0.000000,-0.000068,standard,0,mpf,7000,500,-9999.000000,-9999.000000,300,300,300,282.807831,25,-6.596609,280.407776,282.898071,-2.490295,2.439490,2.434467,1.641159,0.930659,0.280678,-0.018052,0.391377,0.227391,83.057281,0.000502,2.381104,-0.000086,1.000000,2.374053,-0.000062,1.000000,0.601405,0.601525,0.107465,0.000000,PSF-00177_20250904103719_cae,PFA-00163,PSA-00175,PSF-00177,RHS-00523,3.0.0,2020-08-19T15:15:59.596Z
127,10:37:44,2025-09-04,Manual gsw+F,LI-COR Default,,127,,,0.013998,2.921553,0.013932,0.300945,1.075602,1.068889,2.766109,1.690507,13.331120,13.414838,34.498741,0.441786,7.500000,PSF-00177_20250904103744_989,0.000000,0.000000,0.000000,111.142159,316.125214,0.648424,0.5,0.80,30.847015,1.000000,35.26,35.04,24.30,22.68,22.68,80.18,156.7,155.8,0.6,119,4.040,10:28:45,2025-09-04,0.08,1,0.000,0.001,0.009,0.118,0.285,1.259,0,150,-9999.000,-9999.000000,0.058905,0.000000,0.029230,0.000000,0.000000,-0.000068,standard,0,mpf,7000,500,-9999.000000,-9999.000000,300,300,300,311.603668,25,-3.516759,309.321289,311.054077,-1.732788,2.438881,2.432395,1.641054,0.928032,0.280403,-0.018532,0.393022,0.209794,110.657570,0.000494,2.381104,-0.000086,1.000000,2.374053,-0.000062,1.000000,0.601405,0.601525,0.107465,0.000000,PSF-00177_20250904103744_989,PFA-00163,PSA-00175,PSF-00177,RHS-00523,3.0.0,2020-08-19T15:15:59.596Z
128,10:38:12,2025-09-04,Manual gsw+F,LI-COR Default,,128,,,0.020985,2.922545,0.020835,0.465038,1.058586,1.048219,2.805097,1.746511,13.073206,13.202496,34.984669,0.441786,7.500000,PSF-00177_20250904103812_702,0.000000,0.000000,0.000000,80.523849,270.547028,0.702367,0.5,0.80,36.535664,1.000000,34.64,34.30,24.33,22.91,22.91,80.18,156.8,153.6,2.0,130,4.040,10:28:45,2025-09-04,0.08,1,-0.000,-0.000,0.009,0.111,0.131,0.497,0,150,-9999.000,-9999.000000,0.058905,0.000000,0.029230,0.000000,0.000000,-0.000068,standard,0,mpf,7000,500,-9999.000000,-9999.000000,300,300,300,267.629730,25,-2.327794,265.787598,267.190369,-1.402771,2.437777,2.431477,1.642103,0.922552,0.280068,-0.016230,0.394756,0.219356,80.523849,0.000506,2.381104,-0.000086,1.000000,2.374053,-0.000062,1.000000,0.601405,0.601525,0.107465,0.000000,PSF-00177_20250904103812_702,PFA-00163,PSA-00175,PSF-00177,RHS-00523,3.0.0,2020-08-19T15:15:59.596Z
129,10:38:31,2025-09-04,Manual gsw+F,LI-COR Default,,129,,,-0.006155,2.921395,-0.006168,-0.131889,1.126267,1.129207,2.798950,1.672683,14.082263,14.045593,34.905506,0.441786,7.500000,PSF-00177_20250904103831_619,0.000000,0.000000,0.000000,200.407501,330.729218,0.394044,0.5,0.80,47.965908,1.000000,36.82,36.92,24.35,22.88,22.88,80.19,156.7,113.2,27.7,304,4.040,10:28:45,2025-09-04,0.08,1,-0.002,0.001,-0.001,-3.765,-4.936,-10.247,0,150,-9999.000,-9999.000000,0.058905,0.000000,0.029230,0.000000,0.000000,-0.000068,standard,0,mpf,7000,500,-9999.000000,-9999.000000,300,300,300,325.707092,25,-3.814000,323.230499,325.229462,-1.998962,2.441639,2.434667,1.640887,0.825914,0.279884,-0.016839,0.396078,0.369303,200.407501,0.000499,2.381104,-0.000086,1.000000,2.374053,-0.000062,1.000000,0.601405,0.601525,0.107465,0.000000,PSF-00177_20250904103831_619,PFA-00163,PSA-00175,PSF-00177,RHS-00523,3.0.0,2020-08-19T15:15:59.596Z
130,10:38:52,2025-09-04,Manual gsw+F,LI-COR Default,,130,,,0.058561,2.921477,0.057410,1.063852,1.133859,1.110144,2.585356,1.451497,13.844090,14.139832,32.240780,0.441786,7.500000,PSF-00177_20250904103852_c42,0.000000,0.000000,0.000000,11.894345,29.799700,0.600857,0.5,0.80,43.104996,1.000000,37.04,36.26,24.37,21.57,21.57,80.19,156.7,151.3,3.4,179,4.027,10:28:45,2025-09-04,0.08,1,-0.002,-0.002,0.007,0.137,0.170,0.726,0,150,-9999.000,-9999.000000,0.058905,0.000000,0.029230,0.000000,0.000000,-0.000068,standard,0,mpf,7000,500,-9999.000000,-9999.000000,300,300,300,29.799700,25,3.609647,33.829453,35.004780,-1.175327,2.440671,2.434978,1.640974,0.916825,0.279718,-0.031897,0.397295,0.261777,11.894345,0.000498,2.381104,-0.000086,1.000000,2.374053,-0.000062,1.000000,0.601405,0.601525,0.107465,0.000000,PSF-00177_20250904103852_c42,PFA-00163,PSA-00175,PSF-00177,RHS-00523,3.0.0,2020-08-19T15:15:59.596Z
131,10:50:02,2025-09-04,Manual gsw+F,LI-COR Default,,131,,,0.048149,2.921208,0.047368,0.850034,1.048580,1.029609,2.455957,1.407377,12.841541,13.078149,30.631310,0.441786,7.500000,PSF-00177_20250904105002_ad1,0.000000,0.000000,0.000000,117.643478,291.348450,0.596210,0.5,0.80,19.942856,1.000000,34.56,33.93,24.22,20.74,20.74,80.18,156.6,156.2,0.3,84,3.972,10:49:55,2025-09-04,0.15,1,0.000,0.001,-0.014,0.930,1.066,29.635,0,150,-9999.000,-9999.000000,0.058905,0.000000,0.029230,0.000000,0.000000,-0.000068,standard,0,mpf,7000,500,-9999.000000,-9999.000000,300,300,300,279.659637,25,-9.728387,272.444489,277.320190,-4.875702,2.437245,2.431257,1.640689,0.929127,0.281371,-0.039617,0.435176,0.179415,117.643478,0.000495,2.381104,-0.000086,1.000000,2.374053,-0.000062,1.000000,0.601405,0.601525,0.107465,0.000000,PSF-00177_20250904105002_ad1,PFA-00163,PSA-00175,PSF-00177,RHS-00523,3.0.0,2020-08-19T15:15:59.596Z
132,10:50:18,2025-09-04,Manual gsw+F,LI-COR Default,,132,,,0.018345,2.921614,0.018230,0.409708,1.054695,1.045556,2.812961,1.758266,13.041983,13.155979,35.088108,0.441786,7.500000,PSF-00177_20250904105018_1ed,0.000000,0.000000,0.000000,123.914841,300.346680,0.587427,0.5,0.80,16.567230,1.000000,34.74,34.44,24.23,22.96,22.96,80.17,156.7,156.8,-0.1,71,4.026,10:49:55,2025-09-04,0.15,1,0.000,0.001,-0.001,0.104,-0.107,-0.070,0,150,-9999.000,-9999.000000,0.058905,0.000000,0.029230,0.000000,0.000000,-0.000068,standard,0,mpf,7000,500,-9999.000000,-9999.000000,300,300,300,294.822327,25,-3.916065,293.283447,294.699738,-1.416290,2.438001,2.431528,1.641119,0.930754,0.281283,-0.014430,0.436226,0.168130,123.914841,0.000487,2.381104,-0.000086,1.000000,2.374053,-0.000062,1.000000,0.601405,0.601525,0.107465,0.000000,PSF-00177_20250904105018_1ed,PFA-00163,PSA-00175,PSF-00177,RHS-00523,3.0.0,2020-08-19T15:15:59.596Z
133,10:50:35,2025-09-04,Manual gsw+F,LI-COR Default,,133,,,0.092643,2.922010,0.089796,2.098423,1.106750,1.059987,2.933048,1.826298,13.221575,13.804871,36.584904,0.441786,7.500000,PSF-00177_20250904105035_54a,0.000000,0.000000,0.000000,192.219971,209.329315,0.081734,0.5,0.80,20.945210,1.000000,36.42,34.88,24.24,23.65,23.65,80.17,156.7,156.7,0.0,641,4.025,10:49:55,2025-09-04,0.15,1,0.007,0.005,0.012,-0.589,1.036,1.810,0,150,-9999.000,-9999.000000,0.058905,0.000000,0.029230,0.000000,0.000000,-0.000068,standard,0,mpf,7000,500,-9999.000000,-9999.000000,300,300,300,207.461365,25,-1.366236,206.732864,207.359222,-0.626358,2.438653,2.433989,1.641536,0.930441,0.281097,-0.006624,0.437266,0.658685,192.219971,0.000483,2.381104,-0.000086,1.000000,2.374053,-0.000062,1.000000,0.601405,0.601525,0.107465,0.000000,PSF-00177_20250904105035_54a,PFA-00163,PSA-00175,PSF-00177,RHS-00523,3.0.0,2020-08-19T15:15:59.596Z
134,10:50:54,2025-09-04,Manual gsw+F,LI-COR Default,,134,,,0.023320,2.921492,0.023135,0.494696,1.023712,1.012671,2.698296,1.674584,12.630833,12.768543,33.655285,0.441786,7.500000,PSF-00177_20250904105054_35a,0.000000,0.000000,0.000000,122.766136,341.310272,0.640309,0.5,0.80,38.050480,1.000000,33.69,33.33,24.24,22.27,22.27,80.17,156.7,146.9,6.2,149,4.024,10:49:55,2025-09-04,0.15,1,-0.002,-0.002,0.016,0.429,0.329,36.004,0,150,-9999.000,-9999.000000,0.058905,0.000000,0.029230,0.000000,0.000000,-0.000068,standard,0,mpf,7000,500,-9999.000000,-9999.000000,300,300,300,323.530212,25,-14.371440,314.308044,320.586792,-6.278748,2.436336,2.429971,1.640989,0.905843,0.281107,-0.022474,0.438295,0.235289,122.766136,0.000494,2.381104,-0.000086,1.000000,2.374053,-0.000062,1.000000,0.601405,0.601525,0.107465,0.000000,PSF-00177_20250904105054_35a,PFA-00163,PSA-00175,PSF-00177,RHS-00523,3.0.0,2020-08-19T15:15:59.596Z
135,10:51:21,2025-09-04,Manual gsw+F,LI-COR Default,,135,,,0.076582,2.922783,0.074627,1.398357,1.029950,0.998777,2.499089,1.469139,12.458433,12.847272,31.172853,0.441786,7.500000,PSF-00177_20250904105121_d7f,0.000000,0.000000,0.000000,140.349274,328.458649,0.572703,0.5,0.80,42.155052,1.000000,33.94,32.91,24.22,21.02,21.02,80.17,156.8,155.3,1.0,184,3.970,10:49:55,2025-09-04,0.15,1,-0.003,-0.003,0.009,2.253,3.619,1.172,0,150,-9999.000,-9999.000000,0.058905,0.000000,0.029230,0.000000,0.000000,-0.000068,standard,0,mpf,7000,500,-9999.000000,-9999.000000,300,300,300,322.612152,25,-4.669912,320.006836,321.724670,-1.717834,2.435720,2.430345,1.642354,0.926812,0.281353,-0.036451,0.439910,0.265795,140.349274,0.000492,2.381104,-0.000086,1.000000,2.374053,-0.000062,1.000000,0.601405,0.601525,0.107465,0.000000,PSF-00177_20250904105121_d7f,PFA-00163,PSA-00175,PSF-00177,RHS-00523,3.0.0,2020-08-19T15:15:59.596Z
136,10:51:45,2025-09-04,Manual gsw+F,LI-COR Default,,136,,,0.043127,2.922346,0.042500,0.835400,1.013613,0.994978,2.554465,1.540852,12.410316,12.642742,31.861712,0.441786,7.500000,PSF-00177_20250904105145_a2c,0.000000,0.000000,0.000000,118.626595,355.332703,0.666153,0.5,0.80,40.714760,1.000000,33.47,32.85,24.19,21.38,21.38,80.17,156.8,154.5,1.4,153,4.024,10:49:55,2025-09-04,0.15,1,-0.001,0.000,0.012,0.435,1.114,1.696,0,150,-9999.000,-9999.000000,0.058905,0.000000,0.029230,0.000000,0.000000,-0.000068,standard,0,mpf,7000,500,-9999.000000,-9999.000000,300,300,300,346.474182,25,-7.171395,341.068634,344.991608,-3.922974,2.435642,2.429657,1.641892,0.924875,0.281745,-0.032010,0.441221,0.238933,118.626595,0.000493,2.381104,-0.000086,1.000000,2.374053,-0.000062,1.000000,0.601405,0.601525,0.107465,0.000000,PSF-00177_20250904105145_a2c,PFA-00163,PSA-00175,PSF-00177,RHS-00523,3.0.0,2020-08-19T15:15:59.596Z
137,10:52:14,2025-09-04,Manual gsw+F,LI-COR Default,,137,,,0.071303,2.921201,0.069604,1.307140,1.042272,1.013099,2.514486,1.472214,12.636494,13.000367,31.363443,0.441786,7.500000,PSF-00177_20250904105214_228,0.000000,0.000000,0.000000,104.371552,337.162628,0.690441,0.5,0.80,31.749975,1.000000,34.53,33.56,24.13,21.12,21.12,80.17,156.6,152.7,2.5,115,4.023,10:49:55,2025-09-04,0.15,1,-0.006,-0.002,0.013,0.215,0.410,1.160,0,150,-9999.000,-9999.000000,0.058905,0.000000,0.029230,0.000000,0.000000,-0.000068,standard,0,mpf,7000,500,-9999.000000,-9999.000000,300,300,300,337.162628,25,0.479884,337.700134,337.854614,-0.154480,2.436713,2.431234,1.640682,0.920363,0.282357,-0.034283,0.442726,0.206380,104.371552,0.000497,2.381104,-0.000086,1.000000,2.374053,-0.000062,1.000000,0.601405,0.601525,0.107465,0.000000,PSF-00177_20250904105214_228,PFA-00163,PSA-00175,PSF-00177,RHS-00523,3.0.0,2020-08-19T15:15:59.596Z
138,10:52:40,2025-09-04,Manual gsw+F,LI-COR Default,,138,,,0.074558,2.920982,0.072703,1.426397,1.030066,0.998223,2.567650,1.537584,12.451525,12.848725,32.028072,0.441786,7.500000,PSF-00177_20250904105240_c17,0.000000,0.000000,0.000000,77.072380,265.755615,0.709988,0.5,0.80,19.873892,1.000000,34.22,33.16,24.09,21.46,21.46,80.17,156.6,59.3,62.1,70,4.022,10:49:55,2025-09-04,0.15,1,0.004,0.006,0.027,0.347,3.463,5.657,0,150,-9999.000,-9999.000000,0.058905,0.000000,0.029230,0.000000,0.000000,-0.000068,standard,0,mpf,7000,500,-9999.000000,-9999.000000,300,300,300,258.647919,25,-5.137261,255.656006,258.347717,-2.691711,2.436119,2.430782,1.640452,0.711785,0.282867,-0.029899,0.444051,0.167676,77.072380,0.000492,2.381104,-0.000086,1.000000,2.374053,-0.000062,1.000000,0.601405,0.601525,0.107465,0.000000,PSF-00177_20250904105240_c17,PFA-00163,PSA-00175,PSF-00177,RHS-00523,3.0.0,2020-08-19T15:15:59.596Z
139,10:53:33,2025-09-04,Manual gsw+F,LI-COR Default,,139,,,0.014529,2.922989,0.014458,0.273142,1.065516,1.059431,2.546001,1.480485,13.215054,13.290959,31.758121,0.441786,7.500000,PSF-00177_20250904105333_953,0.000000,0.000000,0.000000,71.984413,191.275391,0.623661,0.5,0.80,42.981007,1.000000,35.58,35.38,24.00,21.32,21.32,80.17,156.9,156.3,0.4,172,4.021,10:49:55,2025-09-04,0.15,1,-0.001,-0.001,-0.021,-0.083,-0.197,5.314,0,150,-9999.000,-9999.000000,0.058905,0.000000,0.029230,0.000000,0.000000,-0.000068,standard,0,mpf,7000,500,-9999.000000,-9999.000000,300,300,300,188.091522,25,-2.535504,186.773651,187.619217,-0.845566,2.439439,2.432807,1.642572,0.929297,0.283851,-0.030450,0.446791,0.255707,71.984413,0.000491,2.381104,-0.000086,1.000000,2.374053,-0.000062,1.000000,0.601405,0.601525,0.107465,0.000000,PSF-00177_20250904105333_953,PFA-00163,PSA-00175,PSF-00177,RHS-00523,3.0.0,2020-08-19T15:15:59.596Z
140,10:54:08,2025-09-04,Manual gsw+F,LI-COR Default,,140,,,0.321675,2.920355,0.289758,5.497455,1.123539,1.000893,2.609182,1.485644,12.484438,14.014235,32.545113,0.441786,7.500000,PSF-00177_20250904105408_57c,0.000000,0.000000,0.000000,98.946335,264.798523,0.626334,0.5,0.80,28.308167,1.000000,37.66,33.55,23.94,21.72,21.72,80.17,156.5,15.0,90.4,113,4.021,10:49:55,2025-09-04,0.15,1,0.014,0.005,0.013,0.017,-0.019,-0.129,0,150,-9999.000,-9999.000000,0.058905,0.000000,0.029230,0.000000,0.000000,-0.000068,standard,0,mpf,7000,500,-9999.000000,-9999.000000,300,300,300,258.311737,25,-4.501595,256.583679,258.307251,-1.723572,2.436732,2.435860,1.639791,0.628131,0.284568,-0.025174,0.448917,0.204684,98.946335,0.000495,2.381104,-0.000086,1.000000,2.374053,-0.000062,1.000000,0.601405,0.601525,0.107465,0.000000,PSF-00177_20250904105408_57c,PFA-00163,PSA-00175,PSF-00177,RHS-00523,3.0.0,2020-08-19T15:15:59.596Z
141,10:54:27,2025-09-04,Manual gsw+F,LI-COR Default,,141,,,0.029144,2.920777,0.028856,0.577942,0.984266,0.971355,2.554409,1.570143,12.116907,12.277963,31.864296,0.441786,7.500000,PSF-00177_20250904105427_7b5,0.000000,0.000000,0.000000,110.096809,303.236359,0.636927,0.5,0.80,40.844135,1.000000,33.05,32.61,23.91,21.38,21.38,80.17,156.6,135.7,13.3,160,4.020,10:49:55,2025-09-04,0.15,1,0.002,0.001,0.040,0.148,0.228,25.296,0,150,-9999.000,-9999.000000,0.058905,0.000000,0.029230,0.000000,0.000000,-0.000068,standard,0,mpf,7000,500,-9999.000000,-9999.000000,300,300,300,299.884186,25,-2.154104,298.575989,300.130157,-1.554169,2.435336,2.429081,1.640236,0.878534,0.284887,-0.028781,0.450015,0.245403,110.096809,0.000494,2.381104,-0.000086,1.000000,2.374053,-0.000062,1.000000,0.601405,0.601525,0.107465,0.000000,PSF-00177_20250904105427_7b5,PFA-00163,PSA-00175,PSF-00177,RHS-00523,3.0.0,2020-08-19T15:15:59.596Z
142,10:54:44,2025-09-04,Manual gsw+F,LI-COR Default,,142,,,0.028350,2.921453,0.028077,0.566603,0.992588,0.979937,2.574447,1.581859,12.223129,12.380924,32.112045,0.441786,7.500000,PSF-00177_20250904105444_9e6,0.000000,0.000000,0.000000,63.184620,177.360580,0.643750,0.5,0.80,23.354588,1.000000,33.38,32.95,23.88,21.50,21.50,80.17,156.7,139.8,10.8,91,4.020,10:49:55,2025-09-04,0.15,1,-0.001,0.005,0.018,0.070,0.075,1.091,0,150,-9999.000,-9999.000000,0.058905,0.000000,0.029230,0.000000,0.000000,-0.000068,standard,0,mpf,7000,500,-9999.000000,-9999.000000,300,300,300,172.959564,25,-3.240110,171.000122,172.688370,-1.688248,2.435851,2.429579,1.640948,0.888443,0.285183,-0.027033,0.450975,0.185502,63.210724,0.000506,2.381104,-0.000086,1.000000,2.374053,-0.000062,1.000000,0.601405,0.601525,0.107465,0.000000,PSF-00177_20250904105444_9e6,PFA-00163,PSA-00175,PSF-00177,RHS-00523,3.0.0,2020-08-19T15:15:59.596Z
143,10:55:34,2025-09-04,Manual gsw+F,LI-COR Default,,143,,,0.026362,2.922132,0.026126,0.556133,1.000412,0.988004,2.667844,1.667431,12.324209,12.478990,33.278263,0.441786,7.500000,PSF-00177_20250904105534_50e,0.000000,0.000000,0.000000,123.857620,265.707428,0.533857,0.5,0.80,16.983438,1.000000,33.77,33.35,23.82,22.09,22.09,80.17,156.8,155.5,0.8,80,4.019,10:49:55,2025-09-04,0.15,1,-0.000,-0.002,0.008,-0.559,-0.804,-0.433,0,150,-9999.000,-9999.000000,0.058905,0.000000,0.029230,0.000000,0.000000,-0.000068,standard,0,mpf,7000,500,-9999.000000,-9999.000000,300,300,300,256.768951,25,-7.325387,251.386993,255.144287,-3.757294,2.436454,2.430165,1.641665,0.927240,0.285881,-0.019685,0.453912,0.175895,123.857620,0.000497,2.381104,-0.000086,1.000000,2.374053,-0.000062,1.000000,0.601405,0.601525,0.107465,0.000000,PSF-00177_20250904105534_50e,PFA-00163,PSA-00175,PSF-00177,RHS-00523,3.0.0,2020-08-19T15:15:59.596Z
144,10:55:56,2025-09-04,Manual gsw+F,LI-COR Default,,144,,,0.036594,2.922220,0.036141,0.704339,1.008052,0.992338,2.536000,1.527948,12.377154,12.573150,31.630810,0.441786,7.500000,PSF-00177_20250904105556_7c1,0.000000,0.000000,0.000000,98.029732,299.429565,0.672612,0.5,0.80,21.862465,1.000000,34.07,33.54,23.80,21.26,21.26,80.18,156.8,156.6,0.1,81,4.018,10:49:55,2025-09-04,0.15,1,0.002,0.004,0.004,0.373,0.540,1.720,0,150,-9999.000,-9999.000000,0.058905,0.000000,0.029230,0.000000,0.000000,-0.000068,standard,0,mpf,7000,500,-9999.000000,-9999.000000,300,300,300,294.870972,25,-3.300095,292.646179,294.670868,-2.024689,2.436748,2.430623,1.641758,0.930151,0.286148,-0.028830,0.455214,0.177381,97.915649,0.000492,2.381104,-0.000086,1.000000,2.374053,-0.000062,1.000000,0.601405,0.601525,0.107465,0.000000,PSF-00177_20250904105556_7c1,PFA-00163,PSA-00175,PSF-00177,RHS-00523,3.0.0,2020-08-19T15:15:59.596Z
145,10:56:17,2025-09-04,Manual gsw+F,LI-COR Default,,145,,,0.036186,2.921406,0.035743,0.740467,0.995233,0.978701,2.618596,1.623364,12.208084,12.414300,32.663757,0.441786,7.500000,PSF-00177_20250904105617_6fd,0.000000,0.000000,0.000000,97.107056,300.841614,0.677215,0.5,0.80,32.145206,1.000000,33.69,33.13,23.77,21.78,21.78,80.17,156.7,145.9,6.8,119,4.018,10:49:55,2025-09-04,0.15,1,0.001,-0.001,-0.004,-0.004,0.298,1.001,0,150,-9999.000,-9999.000000,0.058905,0.000000,0.029230,0.000000,0.000000,-0.000068,standard,0,mpf,7000,500,-9999.000000,-9999.000000,300,300,300,295.021179,25,-4.463992,292.688019,294.404572,-1.716553,2.436131,2.430055,1.640898,0.903436,0.286414,-0.022621,0.456531,0.209567,96.941826,0.000493,2.381104,-0.000086,1.000000,2.374053,-0.000062,1.000000,0.601405,0.601525,0.107465,0.000000,PSF-00177_20250904105617_6fd,PFA-00163,PSA-00175,PSF-00177,RHS-00523,3.0.0,2020-08-19T15:15:59.596Z
146,10:57:14,2025-09-04,Manual gsw+F,LI-COR Default,,146,,,0.024554,2.922556,0.024349,0.542894,0.981991,0.969878,2.728129,1.746138,12.097659,12.248739,34.028980,0.441786,7.500000,PSF-00177_20250904105714_fc4,0.000000,0.000000,0.000000,92.842697,302.014099,0.692588,0.5,0.80,27.365799,1.000000,33.33,32.91,23.73,22.46,22.46,80.17,156.8,156.7,0.1,99,4.017,10:49:55,2025-09-04,0.15,1,0.003,0.001,0.030,-0.009,0.239,3.988,0,150,-9999.000,-9999.000000,0.058905,0.000000,0.029230,0.000000,0.000000,-0.000068,standard,0,mpf,7000,500,-9999.000000,-9999.000000,300,300,300,286.070465,25,-10.217223,281.425964,287.280945,-5.854980,2.435824,2.429529,1.642113,0.930419,0.286921,-0.014428,0.459820,0.192457,92.842697,0.000495,2.381104,-0.000086,1.000000,2.374053,-0.000062,1.000000,0.601405,0.601525,0.107465,0.000000,PSF-00177_20250904105714_fc4,PFA-00163,PSA-00175,PSF-00177,RHS-00523,3.0.0,2020-08-19T15:15:59.596Z
147,10:57:40,2025-09-04,Manual gsw+F,LI-COR Default,,147,,,0.022617,2.922880,0.022443,0.451069,1.032285,1.022230,2.607150,1.574865,12.749586,12.875001,32.517223,0.441786,7.500000,PSF-00177_20250904105740_4e2,0.000000,0.000000,0.000000,62.551617,191.787003,0.673849,0.5,0.80,27.119083,1.000000,35.07,34.73,23.71,21.71,21.71,80.18,156.8,149.5,4.7,101,4.016,10:49:55,2025-09-04,0.15,1,0.001,0.001,0.008,0.029,0.105,13.084,0,150,-9999.000,-9999.000000,0.058905,0.000000,0.029230,0.000000,0.000000,-0.000068,standard,0,mpf,7000,500,-9999.000000,-9999.000000,300,300,300,184.633606,25,-5.223211,181.846970,184.255173,-2.408203,2.438539,2.432116,1.642457,0.912293,0.287133,-0.022706,0.461239,0.194033,62.626720,0.000498,2.381104,-0.000086,1.000000,2.374053,-0.000062,1.000000,0.601405,0.601525,0.107465,0.000000,PSF-00177_20250904105740_4e2,PFA-00163,PSA-00175,PSF-00177,RHS-00523,3.0.0,2020-08-19T15:15:59.596Z
148,10:58:07,2025-09-04,Manual gsw+F,LI-COR Default,,148,,,0.049734,2.921758,0.048901,0.953138,1.024383,1.003116,2.552148,1.527765,12.512160,12.777431,31.833704,0.441786,7.500000,PSF-00177_20250904105807_857,0.000000,0.000000,0.000000,95.851425,245.422668,0.609443,0.5,0.80,36.800423,1.000000,34.85,34.13,23.69,21.36,21.36,80.17,156.7,155.9,0.5,151,4.015,10:49:55,2025-09-04,0.15,1,-0.004,-0.004,-0.005,-0.062,0.653,1.768,0,150,-9999.000,-9999.000000,0.058905,0.000000,0.029230,0.000000,0.000000,-0.000068,standard,0,mpf,7000,500,-9999.000000,-9999.000000,300,300,300,240.527634,25,-3.532875,237.960938,240.328293,-2.367355,2.437644,2.431792,1.641270,0.928341,0.287385,-0.026404,0.462631,0.237351,95.851425,0.000493,2.381104,-0.000086,1.000000,2.374053,-0.000062,1.000000,0.601405,0.601525,0.107465,0.000000,PSF-00177_20250904105807_857,PFA-00163,PSA-00175,PSF-00177,RHS-00523,3.0.0,2020-08-19T15:15:59.596Z
149,10:58:28,2025-09-04,Manual gsw+F,LI-COR Default,,149,,,0.045097,2.921000,0.044411,0.798548,1.057776,1.039955,2.467629,1.409853,12.971632,13.193918,30.779381,0.441786,7.500000,PSF-00177_20250904105828_86f,0.000000,0.000000,0.000000,90.203407,304.895966,0.704150,0.5,0.80,21.114767,1.000000,36.01,35.40,23.68,20.81,20.81,80.17,156.6,156.7,-0.0,75,4.015,10:49:55,2025-09-04,0.15,1,-0.001,-0.001,-0.004,0.086,0.081,0.393,0,150,-9999.000,-9999.000000,0.058905,0.000000,0.029230,0.000000,0.000000,-0.000068,standard,0,mpf,7000,500,-9999.000000,-9999.000000,300,300,300,288.744446,25,-11.476023,283.599243,288.347656,-4.748413,2.439542,2.433498,1.640471,0.930342,0.287503,-0.032476,0.463830,0.171966,90.203407,0.000484,2.381104,-0.000086,1.000000,2.374053,-0.000062,1.000000,0.601405,0.601525,0.107465,0.000000,PSF-00177_20250904105828_86f,PFA-00163,PSA-00175,PSF-00177,RHS-00523,3.0.0,2020-08-19T15:15:59.596Z
150,10:58:46,2025-09-04,Manual gsw+F,LI-COR Default,,150,,,0.046775,2.921458,0.046038,0.897948,1.032573,1.012535,2.561251,1.528678,12.629569,12.879514,31.947050,0.441786,7.500000,PSF-00177_20250904105846_5e6,0.000000,0.000000,0.000000,78.340889,263.597839,0.702802,0.5,0.80,19.676825,1.000000,35.17,34.49,23.67,21.42,21.42,80.17,156.7,122.6,21.7,70,4.014,10:49:55,2025-09-04,0.15,1,0.000,0.011,0.000,0.059,0.144,0.257,0,150,-9999.000,-9999.000000,0.058905,0.000000,0.029230,0.000000,0.000000,-0.000068,standard,0,mpf,7000,500,-9999.000000,-9999.000000,300,300,300,263.597839,25,-2.630407,282.489166,259.804810,22.684357,2.438191,2.432273,1.640954,0.847478,0.287630,-0.025499,0.464785,0.167688,78.340889,0.000496,2.381104,-0.000086,1.000000,2.374053,-0.000062,1.000000,0.601405,0.601525,0.107465,0.000000,PSF-00177_20250904105846_5e6,PFA-00163,PSA-00175,PSF-00177,RHS-00523,3.0.0,2020-08-19T15:15:59.596Z
151,10:59:11,2025-09-04,Manual gsw+F,LI-COR Default,,151,,,0.127940,2.921896,0.122573,1.842111,1.077941,1.036871,2.257749,1.179808,12.933117,13.445398,28.161407,0.441786,7.500000,PSF-00177_20250904105911_08f,0.000000,0.000000,0.000000,102.951408,316.095184,0.674302,0.5,0.80,30.119019,1.000000,36.74,35.34,23.66,19.38,19.38,80.17,156.7,156.8,-0.1,112,3.969,10:49:55,2025-09-04,0.15,1,-0.001,-0.002,0.003,0.098,0.394,0.936,0,150,-9999.000,-9999.000000,0.058905,0.000000,0.029230,0.000000,0.000000,-0.000068,standard,0,mpf,7000,500,-9999.000000,-9999.000000,300,300,300,301.580444,25,-10.770522,295.312988,300.564178,-5.251190,2.439464,2.434582,1.641416,0.930715,0.287770,-0.048259,0.466246,0.203544,102.951408,0.000494,2.381104,-0.000086,1.000000,2.374053,-0.000062,1.000000,0.601405,0.601525,0.107465,0.000000,PSF-00177_20250904105911_08f,PFA-00163,PSA-00175,PSF-00177,RHS-00523,3.0.0,2020-08-19T15:15:59.596Z
152,10:59:35,2025-09-04,Manual gsw+F,LI-COR Default,,152,,,0.051724,2.922484,0.050824,0.974691,1.047582,1.025852,2.550633,1.503051,12.795277,13.066312,31.813618,0.441786,7.500000,PSF-00177_20250904105935_e51,0.000000,0.000000,0.000000,86.587433,307.426544,0.718348,0.5,0.80,27.394592,1.000000,35.72,34.98,23.65,21.35,21.35,80.17,156.8,147.9,5.7,95,4.013,10:49:55,2025-09-04,0.15,1,-0.000,0.003,-0.003,0.072,0.095,0.167,0,150,-9999.000,-9999.000000,0.058905,0.000000,0.029230,0.000000,0.000000,-0.000068,standard,0,mpf,7000,500,-9999.000000,-9999.000000,300,300,300,300.894867,25,-5.337810,296.795013,299.729462,-2.934448,2.438920,2.433079,1.642038,0.908342,0.287815,-0.026080,0.467805,0.189495,86.587433,0.000499,2.381104,-0.000086,1.000000,2.374053,-0.000062,1.000000,0.601405,0.601525,0.107465,0.000000,PSF-00177_20250904105935_e51,PFA-00163,PSA-00175,PSF-00177,RHS-00523,3.0.0,2020-08-19T15:15:59.596Z
153,11:00:44,2025-09-04,Manual gsw+F,LI-COR Default,,153,,,0.058325,2.921072,0.057183,1.256748,1.026488,0.998430,2.747087,1.720599,12.453060,12.803012,34.263424,0.441786,7.500000,PSF-00177_20250904110044_9a3,0.000000,0.000000,0.000000,153.198837,291.530365,0.474501,0.5,0.80,111.342224,1.000000,34.80,33.85,23.75,22.57,22.57,80.18,156.6,152.7,2.5,587,4.012,11:00:20,2025-09-04,0.04,1,-0.004,-0.004,0.007,7.161,13.956,26.642,0,150,-9999.000,-9999.000000,0.058905,0.000000,0.029230,0.000000,0.000000,-0.000068,standard,0,mpf,7000,500,-9999.000000,-9999.000000,300,300,300,282.201996,25,-6.557216,278.400787,282.074921,-3.674133,2.437216,2.431868,1.640546,0.920375,0.286716,-0.013330,0.472853,0.612203,153.198837,0.000494,2.381104,-0.000086,1.000000,2.374053,-0.000062,1.000000,0.601405,0.601525,0.107465,0.000000,PSF-00177_20250904110044_9a3,PFA-00163,PSA-00175,PSF-00177,RHS-00523,3.0.0,2020-08-19T15:15:59.596Z
154,11:01:42,2025-09-04,Manual gsw+F,LI-COR Default,,154,,,0.008631,2.922108,0.008606,0.227928,1.066553,1.061471,3.134220,2.067667,13.240295,13.303679,39.094799,0.441786,7.500000,PSF-00177_20250904110142_e65,0.000000,0.000000,0.000000,77.160004,82.039787,0.059481,0.5,0.80,27.896961,1.000000,35.93,35.76,23.85,24.76,24.76,80.17,156.8,-0.1,100.1,1173,4.010,11:00:20,2025-09-04,0.04,1,-0.010,-0.009,0.011,-1.971,-1.244,-0.520,0,150,-9999.000,-9999.000000,0.058905,0.000000,0.029230,0.000000,0.000000,-0.000068,standard,0,mpf,7000,500,-9999.000000,-9999.000000,300,300,300,81.453682,25,-0.619104,81.062080,81.147049,-0.084969,2.440041,2.433515,1.641640,0.601352,0.285537,0.010889,0.477575,1.116310,77.160004,0.000503,2.381104,-0.000086,1.000000,2.374053,-0.000062,1.000000,0.601405,0.601525,0.107465,0.000000,PSF-00177_20250904110142_e65,PFA-00163,PSA-00175,PSF-00177,RHS-00523,3.0.0,2020-08-19T15:15:59.596Z
155,11:02:24,2025-09-04,Manual gsw+F,LI-COR Default,,155,,,0.038001,2.922014,0.037513,0.908582,1.070939,1.050683,2.963774,1.892835,13.106142,13.358812,36.969887,0.441786,7.500000,PSF-00177_20250904110224_ead,0.000000,0.000000,0.000000,95.839622,133.118484,0.280043,0.5,0.80,73.501785,1.000000,35.88,35.20,23.94,23.83,23.83,80.17,156.7,154.0,1.7,656,4.010,11:00:20,2025-09-04,0.04,1,-0.003,-0.003,0.005,0.275,-0.149,0.210,0,150,-9999.000,-9999.000000,0.058905,0.000000,0.029230,0.000000,0.000000,-0.000068,standard,0,mpf,7000,500,-9999.000000,-9999.000000,300,300,300,131.379242,25,-1.043926,130.922195,131.613159,-0.690964,2.439188,2.433416,1.641541,0.923572,0.284471,-0.001116,0.481025,0.672034,95.839622,0.000501,2.381104,-0.000086,1.000000,2.374053,-0.000062,1.000000,0.601405,0.601525,0.107465,0.000000,PSF-00177_20250904110224_ead,PFA-00163,PSA-00175,PSF-00177,RHS-00523,3.0.0,2020-08-19T15:15:59.596Z
156,11:02:56,2025-09-04,Manual gsw+F,LI-COR Default,,156,,,0.027517,2.922281,0.027261,0.638747,1.126509,1.112282,2.957122,1.830613,13.874212,14.051682,36.886108,0.441786,7.500000,PSF-00177_20250904110256_24b,0.000000,0.000000,0.000000,199.927216,278.614441,0.282423,0.5,0.80,58.618519,1.000000,37.54,37.06,24.03,23.79,23.79,80.17,156.8,156.4,0.2,519,4.010,11:00:20,2025-09-04,0.04,1,0.002,0.005,-0.004,2.746,-5.048,-1.617,0,150,-9999.000,-9999.000000,0.058905,0.000000,0.029230,0.000000,0.000000,-0.000068,standard,0,mpf,7000,500,-9999.000000,-9999.000000,300,300,300,267.532104,25,-7.472218,264.124268,267.839569,-3.715302,2.441920,2.435820,1.641822,0.929696,0.283452,-0.002601,0.483423,0.553920,199.927216,0.000504,2.381104,-0.000086,1.000000,2.374053,-0.000062,1.000000,0.601405,0.601525,0.107465,0.000000,PSF-00177_20250904110256_24b,PFA-00163,PSA-00175,PSF-00177,RHS-00523,3.0.0,2020-08-19T15:15:59.596Z
157,11:03:13,2025-09-04,Manual gsw+F,LI-COR Default,,157,,,0.054303,2.922464,0.053313,1.480322,1.103497,1.070517,3.268990,2.165493,13.352300,13.763652,40.773312,0.441786,7.500000,PSF-00177_20250904110313_54a,0.000000,0.000000,0.000000,49.426674,89.149887,0.445578,0.5,0.80,28.751953,1.000000,36.62,35.52,24.10,25.47,25.47,80.17,156.8,155.3,1.0,161,4.009,11:00:20,2025-09-04,0.04,1,0.000,-0.002,0.001,-2.198,-1.084,3.387,0,150,-9999.000,-9999.000000,0.058905,0.000000,0.029230,0.000000,0.000000,-0.000068,standard,0,mpf,7000,500,-9999.000000,-9999.000000,300,300,300,87.999344,25,-0.726988,87.598083,88.101578,-0.503494,2.439637,2.434469,1.642017,0.926812,0.282678,0.016271,0.484782,0.246264,49.426674,0.000498,2.381104,-0.000086,1.000000,2.374053,-0.000062,1.000000,0.601405,0.601525,0.107465,0.000000,PSF-00177_20250904110313_54a,PFA-00163,PSA-00175,PSF-00177,RHS-00523,3.0.0,2020-08-19T15:15:59.596Z
158,11:03:30,2025-09-04,Manual gsw+F,LI-COR Default,,158,,,0.033119,2.921208,0.032748,0.877798,1.116123,1.096549,3.207378,2.091255,13.676130,13.920257,40.002346,0.441786,7.500000,PSF-00177_20250904110330_987,0.000000,0.000000,0.000000,127.841591,175.496872,0.271545,0.5,0.80,86.187897,1.000000,36.86,36.22,24.18,25.15,25.15,80.18,156.6,156.4,0.2,793,4.008,11:00:20,2025-09-04,0.04,1,0.002,0.005,0.001,6.948,0.926,-3.479,0,150,-9999.000,-9999.000000,0.058905,0.000000,0.029230,0.000000,0.000000,-0.000068,standard,0,mpf,7000,500,-9999.000000,-9999.000000,300,300,300,146.093124,25,-20.245537,139.977341,146.302994,-6.325653,2.440643,2.434809,1.640690,0.929592,0.281787,0.011560,0.486138,0.790194,127.841591,0.000505,2.381104,-0.000086,1.000000,2.374053,-0.000062,1.000000,0.601405,0.601525,0.107465,0.000000,PSF-00177_20250904110330_987,PFA-00163,PSA-00175,PSF-00177,RHS-00523,3.0.0,2020-08-19T15:15:59.596Z
159,11:03:53,2025-09-04,Manual gsw+F,LI-COR Default,,159,,,0.025666,2.921663,0.025443,0.597086,1.145916,1.132612,2.979099,1.833182,14.126307,14.292241,37.156292,0.441786,7.500000,PSF-00177_20250904110353_7dc,0.000000,0.000000,0.000000,222.213867,260.044830,0.145479,0.5,0.80,38.625797,1.000000,37.60,37.17,24.29,23.91,23.91,80.18,156.7,154.9,1.2,664,4.008,11:00:20,2025-09-04,0.04,1,0.001,0.005,0.012,6.109,11.036,46.493,0,150,-9999.000,-9999.000000,0.058905,0.000000,0.029230,0.000000,0.000000,-0.000068,standard,0,mpf,7000,500,-9999.000000,-9999.000000,300,300,300,254.833099,25,-4.838230,250.310181,253.068146,-2.757965,2.442018,2.435864,1.641170,0.925746,0.280576,-0.004161,0.488016,0.678578,222.213867,0.000495,2.381104,-0.000086,1.000000,2.374053,-0.000062,1.000000,0.601405,0.601525,0.107465,0.000000,PSF-00177_20250904110353_7dc,PFA-00163,PSA-00175,PSF-00177,RHS-00523,3.0.0,2020-08-19T15:15:59.596Z
160,11:04:21,2025-09-04,Manual gsw+F,LI-COR Default,,160,,,0.027537,2.922343,0.027280,0.690025,1.087685,1.072307,3.063303,1.975618,13.373659,13.565460,38.205086,0.441786,7.500000,PSF-00177_20250904110421_6cf,0.000000,0.000000,0.000000,91.946838,196.908310,0.533047,0.5,0.80,161.683197,1.000000,35.46,34.96,24.40,24.38,24.38,80.18,156.8,84.9,45.8,758,3.979,11:00:20,2025-09-04,0.04,1,-0.003,-0.005,0.006,0.364,2.989,-0.805,0,150,-9999.000,-9999.000000,0.058905,0.000000,0.029230,0.000000,0.000000,-0.000068,standard,0,mpf,7000,500,-9999.000000,-9999.000000,300,300,300,194.026703,25,-2.517598,192.386978,193.277954,-0.890976,2.438735,2.432712,1.641889,0.764094,0.279352,-0.000030,0.490094,0.759908,91.946838,0.000507,2.381104,-0.000086,1.000000,2.374053,-0.000062,1.000000,0.601405,0.601525,0.107465,0.000000,PSF-00177_20250904110421_6cf,PFA-00163,PSA-00175,PSF-00177,RHS-00523,3.0.0,2020-08-19T15:15:59.596Z
161,11:04:50,2025-09-04,Manual gsw+F,LI-COR Default,,161,,,0.122004,2.921342,0.117113,3.636529,1.270209,1.189280,3.683166,2.412956,14.831746,15.841033,45.933487,0.441786,7.500000,PSF-00177_20250904110450_3f8,0.000000,0.000000,0.000000,82.131027,73.495712,-0.117494,0.5,0.80,-85.465317,1.000000,41.08,38.46,24.53,27.49,27.49,80.18,156.7,-12.1,107.7,1819,4.007,11:00:20,2025-09-04,0.04,1,0.004,0.004,0.009,-1.004,-1.781,-3.173,0,150,-9999.000,-9999.000000,0.058905,0.000000,0.029230,0.000000,0.000000,-0.000068,standard,0,mpf,7000,500,-9999.000000,-9999.000000,300,300,300,73.479294,25,-0.244418,72.932480,73.143265,-0.210785,2.443856,2.440820,1.640831,0.580511,0.277849,0.035414,0.492633,1.672116,82.131027,0.000487,2.381104,-0.000086,1.000000,2.374053,-0.000062,1.000000,0.601405,0.601525,0.107465,0.000000,PSF-00177_20250904110450_3f8,PFA-00163,PSA-00175,PSF-00177,RHS-00523,3.0.0,2020-08-19T15:15:59.596Z
162,11:05:05,2025-09-04,Manual gsw+F,LI-COR Default,,162,,,0.051905,2.921324,0.050999,1.249503,1.157012,1.129165,3.069816,1.912804,14.081860,14.429152,38.283806,0.441786,7.500000,PSF-00177_20250904110505_ef7,0.000000,0.000000,0.000000,119.156242,258.913513,0.539784,0.5,0.80,152.473602,1.000000,37.24,36.35,24.61,24.41,24.41,80.19,156.7,151.9,3.1,706,4.006,11:00:20,2025-09-04,0.04,1,-0.001,-0.004,0.013,-1.863,-4.515,-10.128,0,150,-9999.000,-9999.000000,0.058905,0.000000,0.029230,0.000000,0.000000,-0.000068,standard,0,mpf,7000,500,-9999.000000,-9999.000000,300,300,300,256.605865,25,-2.506855,253.893250,255.298645,-1.405396,2.440744,2.435275,1.640812,0.918193,0.276995,-0.002112,0.493838,0.715066,119.156242,0.000485,2.381104,-0.000086,1.000000,2.374053,-0.000062,1.000000,0.601405,0.601525,0.107465,0.000000,PSF-00177_20250904110505_ef7,PFA-00163,PSA-00175,PSF-00177,RHS-00523,3.0.0,2020-08-19T15:15:59.596Z
163,11:05:50,2025-09-04,Manual gsw+F,LI-COR Default,,163,,,0.034932,2.922039,0.034520,1.268591,1.223544,1.195314,4.072713,2.849169,14.908483,15.260582,50.796688,0.441786,7.500000,PSF-00177_20250904110550_bd2,0.000000,0.000000,0.000000,89.832901,87.512238,-0.026518,0.5,0.80,-18.175770,1.000000,38.79,37.89,24.87,29.22,29.22,80.18,156.7,62.8,59.9,1714,4.005,11:00:20,2025-09-04,0.04,1,-0.003,-0.005,0.006,-0.424,-0.630,-0.503,0,150,-9999.000,-9999.000000,0.058905,0.000000,0.029230,0.000000,0.000000,-0.000068,standard,0,mpf,7000,500,-9999.000000,-9999.000000,300,300,300,86.447235,25,-0.773544,86.153267,86.396797,-0.243530,2.442955,2.437458,1.641567,0.718747,0.274177,0.052609,0.497581,1.581789,89.832901,0.000468,2.381104,-0.000086,1.000000,2.374053,-0.000062,1.000000,0.601405,0.601525,0.107465,0.000000,PSF-00177_20250904110550_bd2,PFA-00163,PSA-00175,PSF-00177,RHS-00523,3.0.0,2020-08-19T15:15:59.596Z
164,11:06:16,2025-09-04,Manual gsw+F,LI-COR Default,,164,,,0.021989,2.921582,0.021825,0.616890,1.176935,1.163194,3.378732,2.201797,14.508058,14.679440,42.141567,0.441786,7.500000,PSF-00177_20250904110616_a0a,0.000000,0.000000,0.000000,87.045547,237.149002,0.632950,0.5,0.80,50.744179,1.000000,36.97,36.53,25.02,26.02,26.02,80.18,156.7,152.9,2.4,200,4.005,11:00:20,2025-09-04,0.04,1,0.000,0.004,-0.034,-0.011,0.155,19.965,0,150,-9999.000,-9999.000000,0.058905,0.000000,0.029230,0.000000,0.000000,-0.000068,standard,0,mpf,7000,500,-9999.000000,-9999.000000,300,300,300,232.404831,25,-3.251749,230.530136,232.460007,-1.929871,2.440931,2.434787,1.641084,0.920908,0.272485,0.012022,0.499608,0.279914,87.045547,0.000487,2.381104,-0.000086,1.000000,2.374053,-0.000062,1.000000,0.601405,0.601525,0.107465,0.000000,PSF-00177_20250904110616_a0a,PFA-00163,PSA-00175,PSF-00177,RHS-00523,3.0.0,2020-08-19T15:15:59.596Z
165,11:06:34,2025-09-04,Manual gsw+F,LI-COR Default,,165,,,0.029448,2.922167,0.029155,0.834049,1.105457,1.086872,3.335489,2.230031,13.556668,13.788483,41.603901,0.441786,7.500000,PSF-00177_20250904110634_74a,0.000000,0.000000,0.000000,92.653511,230.339417,0.597752,0.5,0.80,72.761459,1.000000,34.47,33.89,25.14,25.80,25.80,80.17,156.8,149.9,4.4,304,4.004,11:00:20,2025-09-04,0.04,1,-0.001,-0.002,0.006,-0.135,-0.230,-0.750,0,150,-9999.000,-9999.000000,0.058905,0.000000,0.029230,0.000000,0.000000,-0.000068,standard,0,mpf,7000,500,-9999.000000,-9999.000000,300,300,300,225.058075,25,-3.982318,222.573639,224.596954,-2.023315,2.437001,2.431118,1.641702,0.913305,0.271186,0.008019,0.500789,0.369298,92.653511,0.000496,2.381104,-0.000086,1.000000,2.374053,-0.000062,1.000000,0.601405,0.601525,0.107465,0.000000,PSF-00177_20250904110634_74a,PFA-00163,PSA-00175,PSF-00177,RHS-00523,3.0.0,2020-08-19T15:15:59.596Z
166,11:06:52,2025-09-04,Manual gsw+F,LI-COR Default,,166,,,0.009815,2.921542,0.009782,0.303022,1.205944,1.199197,3.615034,2.409090,14.956355,15.040511,45.086620,0.441786,7.500000,PSF-00177_20250904110652_fc7,0.000000,0.000000,0.000000,110.357880,119.012596,0.072721,0.5,0.80,34.799053,1.000000,37.32,37.11,25.27,27.17,27.17,80.18,156.7,153.5,2.1,1196,3.949,11:00:20,2025-09-04,0.04,1,-0.002,0.000,-0.018,-0.354,0.368,1.221,0,150,-9999.000,-9999.000000,0.058905,0.000000,0.029230,0.000000,0.000000,-0.000068,standard,0,mpf,7000,500,-9999.000000,-9999.000000,300,300,300,115.772369,25,-2.636674,113.794685,115.210533,-1.415848,2.441730,2.435256,1.641042,0.922227,0.269812,0.022822,0.502006,1.136787,110.357880,0.000491,2.381104,-0.000086,1.000000,2.374053,-0.000062,1.000000,0.601405,0.601525,0.107465,0.000000,PSF-00177_20250904110652_fc7,PFA-00163,PSA-00175,PSF-00177,RHS-00523,3.0.0,2020-08-19T15:15:59.596Z
167,11:07:18,2025-09-04,Manual gsw+F,LI-COR Default,,167,,,0.110859,2.921349,0.106806,2.581266,1.181054,1.123541,3.067713,1.886659,14.011117,14.728331,38.255913,0.441786,7.500000,PSF-00177_20250904110718_dba,0.000000,0.000000,0.000000,8.888483,11.404037,0.220585,0.5,0.80,148.490540,1.000000,36.19,34.43,25.44,24.40,24.40,80.19,156.7,52.2,66.7,1683,4.003,11:00:20,2025-09-04,0.04,1,0.004,0.006,0.037,0.036,-0.197,-1.240,0,150,-9999.000,-9999.000000,0.058905,0.000000,0.029230,0.000000,0.000000,-0.000068,standard,0,mpf,7000,500,-9999.000000,-9999.000000,300,300,300,11.404037,25,0.188014,11.528850,11.675152,-0.146302,2.437741,2.433581,1.640838,0.697854,0.268035,-0.011971,0.503886,1.555461,8.888483,0.000482,2.381104,-0.000086,1.000000,2.374053,-0.000062,1.000000,0.601405,0.601525,0.107465,0.000000,PSF-00177_20250904110718_dba,PFA-00163,PSA-00175,PSF-00177,RHS-00523,3.0.0,2020-08-19T15:15:59.596Z
168,11:07:51,2025-09-04,Manual gsw+F,LI-COR Default,,168,,,0.031105,2.921806,0.030777,0.779823,1.060356,1.042960,3.040275,1.979919,13.005910,13.222838,37.912804,0.441786,7.500000,PSF-00177_20250904110751_01a,0.000000,0.000000,0.000000,119.732025,193.821075,0.382255,0.5,0.80,85.493759,1.000000,32.13,31.60,25.63,24.25,24.25,80.19,156.7,156.1,0.4,559,3.947,11:00:20,2025-09-04,0.04,1,0.000,0.002,0.002,1.496,8.377,29.880,0,150,-9999.000,-9999.000000,0.058905,0.000000,0.029230,0.000000,0.000000,-0.000068,standard,0,mpf,7000,500,-9999.000000,-9999.000000,300,300,300,182.723160,25,-7.121258,179.518463,183.552292,-4.033829,2.433478,2.427561,1.641321,0.928927,0.266012,-0.015968,0.506045,0.588554,119.732025,0.000485,2.381104,-0.000086,1.000000,2.374053,-0.000062,1.000000,0.601405,0.601525,0.107465,0.000000,PSF-00177_20250904110751_01a,PFA-00163,PSA-00175,PSF-00177,RHS-00523,3.0.0,2020-08-19T15:15:59.596Z
169,11:08:25,2025-09-04,Manual gsw+F,LI-COR Default,,169,,,0.026310,2.921969,0.026075,0.713612,1.059549,1.043632,3.195899,2.136350,13.014778,13.213265,39.854950,0.441786,7.500000,PSF-00177_20250904110825_5f9,0.000000,0.000000,0.000000,167.309753,282.788208,0.408357,0.5,0.80,135.348923,1.000000,31.79,31.31,25.79,25.09,25.09,80.19,156.7,155.7,0.7,829,4.001,11:00:20,2025-09-04,0.04,1,-0.000,-0.007,0.018,-1.830,-7.354,-30.096,0,150,-9999.000,-9999.000000,0.058905,0.000000,0.029230,0.000000,0.000000,-0.000068,standard,0,mpf,7000,500,-9999.000000,-9999.000000,300,300,300,278.434387,25,-3.190868,276.994598,278.187012,-1.192413,2.433002,2.427017,1.641493,0.927874,0.264229,-0.008204,0.507998,0.820414,172.655579,0.000486,2.381104,-0.000086,1.000000,2.374053,-0.000062,1.000000,0.601405,0.601525,0.107465,0.000000,PSF-00177_20250904110825_5f9,PFA-00163,PSA-00175,PSF-00177,RHS-00523,3.0.0,2020-08-19T15:15:59.596Z
170,11:08:43,2025-09-04,Manual gsw+F,LI-COR Default,,170,,,0.014083,2.922093,0.014016,0.375601,1.056870,1.048494,3.149410,2.092539,13.075566,13.180031,39.275692,0.441786,7.500000,PSF-00177_20250904110843_ed3,0.000000,0.000000,0.000000,67.449333,119.803551,0.437001,0.5,0.80,130.329514,1.000000,31.56,31.31,25.87,24.84,24.84,80.19,156.8,156.3,0.3,746,4.001,11:00:20,2025-09-04,0.04,1,0.001,-0.003,0.021,2.134,0.638,3.497,0,150,-9999.000,-9999.000000,0.058905,0.000000,0.029230,0.000000,0.000000,-0.000068,standard,0,mpf,7000,500,-9999.000000,-9999.000000,300,300,300,119.803551,25,1.598120,120.310303,122.108025,-1.797722,2.432996,2.426674,1.641624,0.929397,0.263438,-0.011979,0.509203,0.748976,67.449333,0.000495,2.381104,-0.000086,1.000000,2.374053,-0.000062,1.000000,0.601405,0.601525,0.107465,0.000000,PSF-00177_20250904110843_ed3,PFA-00163,PSA-00175,PSF-00177,RHS-00523,3.0.0,2020-08-19T15:15:59.596Z
171,11:09:06,2025-09-04,Manual gsw+F,LI-COR Default,,171,,,0.019765,2.922905,0.019633,0.570368,1.208767,1.196080,3.470368,2.261601,14.916316,15.074544,43.278980,0.441786,7.500000,PSF-00177_20250904110906_c1c,0.000000,0.000000,0.000000,66.027763,108.549423,0.391726,0.5,0.80,76.083786,1.000000,35.91,35.54,25.96,26.48,26.48,80.19,156.9,143.3,8.6,486,3.997,11:00:20,2025-09-04,0.04,1,0.007,0.016,0.002,0.395,0.806,2.513,0,150,-9999.000,-9999.000000,0.058905,0.000000,0.029230,0.000000,0.000000,-0.000068,standard,0,mpf,7000,500,-9999.000000,-9999.000000,300,300,300,107.046959,25,-1.106597,106.303452,106.953720,-0.650269,2.439265,2.433066,1.642483,0.896911,0.262511,0.006299,0.510702,0.525250,66.027763,0.000492,2.381104,-0.000086,1.000000,2.374053,-0.000062,1.000000,0.601405,0.601525,0.107465,0.000000,PSF-00177_20250904110906_c1c,PFA-00163,PSA-00175,PSF-00177,RHS-00523,3.0.0,2020-08-19T15:15:59.596Z
172,11:13:41,2025-09-04,Manual gsw+F,LI-COR Default,,172,,,0.032431,2.920920,0.032075,0.748615,1.077085,1.060383,2.901694,1.824609,13.227501,13.435850,36.196518,0.441786,7.500000,PSF-00177_20250904111341_4ba,0.000000,0.000000,0.000000,127.643463,356.957703,0.642413,0.5,0.80,27.861618,1.000000,31.66,31.16,26.14,23.47,23.47,80.17,156.6,156.0,0.4,108,3.996,11:13:06,2025-09-04,0.10,1,0.003,0.001,0.004,0.671,0.888,1.937,0,150,-9999.000,-9999.000000,0.058905,0.000000,0.029230,0.000000,0.000000,-0.000068,standard,0,mpf,7000,500,-9999.000000,-9999.000000,300,300,300,347.034576,25,-7.828549,342.602478,345.669006,-3.066528,2.432718,2.426679,1.640386,0.928605,0.260607,-0.031067,0.517788,0.200755,127.889511,0.000484,2.381104,-0.000086,1.000000,2.374053,-0.000062,1.000000,0.601405,0.601525,0.107465,0.000000,PSF-00177_20250904111341_4ba,PFA-00163,PSA-00175,PSF-00177,RHS-00523,3.0.0,2020-08-19T15:15:59.596Z
173,11:14:23,2025-09-04,Manual gsw+F,LI-COR Default,,173,,,0.031648,2.922437,0.031309,0.693955,1.012348,0.996871,2.747467,1.735119,12.435436,12.628498,34.273182,0.441786,7.500000,PSF-00177_20250904111423_37d,0.000000,0.000000,0.000000,97.931740,277.589813,0.647207,0.5,0.80,31.269917,1.000000,29.85,29.39,26.09,22.57,22.57,80.16,156.8,155.9,0.6,121,3.995,11:13:06,2025-09-04,0.10,1,0.001,0.003,0.015,-0.333,0.172,-0.890,0,150,-9999.000,-9999.000000,0.058905,0.000000,0.029230,0.000000,0.000000,-0.000068,standard,0,mpf,7000,500,-9999.000000,-9999.000000,300,300,300,270.483246,25,-5.316322,267.367950,269.923737,-2.555786,2.430042,2.423980,1.641988,0.928267,0.261158,-0.040797,0.518645,0.211392,97.931740,0.000496,2.381104,-0.000086,1.000000,2.374053,-0.000062,1.000000,0.601405,0.601525,0.107465,0.000000,PSF-00177_20250904111423_37d,PFA-00163,PSA-00175,PSF-00177,RHS-00523,3.0.0,2020-08-19T15:15:59.596Z
174,11:14:41,2025-09-04,Manual gsw+F,LI-COR Default,,174,,,0.005758,2.922822,0.005747,0.128627,1.018123,1.015255,2.769902,1.751780,12.664530,12.700300,34.552406,0.441786,7.500000,PSF-00177_20250904111441_006,0.000000,0.000000,0.000000,94.254974,234.103806,0.597380,0.5,0.80,25.287756,1.000000,30.07,29.99,26.06,22.71,22.71,80.17,156.8,156.5,0.2,106,3.939,11:13:06,2025-09-04,0.10,1,-0.000,-0.001,0.013,-0.035,-0.153,0.105,0,150,-9999.000,-9999.000000,0.058905,0.000000,0.029230,0.000000,0.000000,-0.000068,standard,0,mpf,7000,500,-9999.000000,-9999.000000,300,300,300,230.752228,25,-2.707403,228.487732,230.199753,-1.712021,2.430958,2.424327,1.642395,0.929790,0.261491,-0.038885,0.519011,0.198520,94.254974,0.000484,2.381104,-0.000086,1.000000,2.374053,-0.000062,1.000000,0.601405,0.601525,0.107465,0.000000,PSF-00177_20250904111441_006,PFA-00163,PSA-00175,PSF-00177,RHS-00523,3.0.0,2020-08-19T15:15:59.596Z
175,11:15:00,2025-09-04,Manual gsw+F,LI-COR Default,,175,,,0.022068,2.920429,0.021902,0.494386,1.061048,1.050009,2.826899,1.765851,13.096551,13.234227,35.259323,0.441786,7.500000,PSF-00177_20250904111500_516,0.000000,0.000000,0.000000,112.158180,310.538849,0.638827,0.5,0.80,28.344757,1.000000,31.40,31.07,26.02,23.04,23.04,80.17,156.5,154.6,1.2,111,3.994,11:13:06,2025-09-04,0.10,1,0.005,0.004,0.029,0.151,-0.013,12.107,0,150,-9999.000,-9999.000000,0.058905,0.000000,0.029230,0.000000,0.000000,-0.000068,standard,0,mpf,7000,500,-9999.000000,-9999.000000,300,300,300,303.262360,25,-5.688769,299.173950,302.335693,-3.161743,2.432605,2.426321,1.639869,0.925081,0.261827,-0.034651,0.519464,0.202906,112.158180,0.000494,2.381104,-0.000086,1.000000,2.374053,-0.000062,1.000000,0.601405,0.601525,0.107465,0.000000,PSF-00177_20250904111500_516,PFA-00163,PSA-00175,PSF-00177,RHS-00523,3.0.0,2020-08-19T15:15:59.596Z
176,11:15:28,2025-09-04,Manual gsw+F,LI-COR Default,,176,,,0.024518,2.922013,0.024314,0.562654,1.021688,1.009134,2.832589,1.810902,12.585736,12.742304,35.327549,0.441786,7.500000,PSF-00177_20250904111528_8cd,0.000000,0.000000,0.000000,139.835358,278.460144,0.497826,0.5,0.80,26.371243,1.000000,30.32,29.95,25.98,23.08,23.08,80.18,156.7,156.2,0.4,132,3.993,11:13:06,2025-09-04,0.10,1,-0.001,0.000,0.001,11.654,6.368,22.983,0,150,-9999.000,-9999.000000,0.058905,0.000000,0.029230,0.000000,0.000000,-0.000068,standard,0,mpf,7000,500,-9999.000000,-9999.000000,300,300,300,278.460144,25,52.146160,307.384735,353.654449,-46.269714,2.430909,2.424711,1.641539,0.929067,0.262312,-0.033719,0.520296,0.221410,139.835358,0.000495,2.381104,-0.000086,1.000000,2.374053,-0.000062,1.000000,0.601405,0.601525,0.107465,0.000000,PSF-00177_20250904111528_8cd,PFA-00163,PSA-00175,PSF-00177,RHS-00523,3.0.0,2020-08-19T15:15:59.596Z
177,11:16:10,2025-09-04,Manual gsw+F,LI-COR Default,,177,,,0.043667,2.921968,0.043024,1.006524,1.034362,1.011908,2.864535,1.830173,12.620491,12.900538,35.726414,0.441786,7.500000,PSF-00177_20250904111610_9b3,0.000000,0.000000,0.000000,65.504196,151.067642,0.566392,0.5,0.80,31.767481,1.000000,30.81,30.14,25.91,23.26,23.26,80.18,156.7,136.6,12.8,140,3.993,11:13:06,2025-09-04,0.10,1,-0.002,-0.002,-0.007,-0.016,-0.075,-0.119,0,150,-9999.000,-9999.000000,0.058905,0.000000,0.029230,0.000000,0.000000,-0.000068,standard,0,mpf,7000,500,-9999.000000,-9999.000000,300,300,300,143.997437,25,-5.543730,140.379303,143.073639,-2.694336,2.431216,2.425457,1.641492,0.880686,0.262970,-0.030840,0.521521,0.228110,65.505623,0.000496,2.381104,-0.000086,1.000000,2.374053,-0.000062,1.000000,0.601405,0.601525,0.107465,0.000000,PSF-00177_20250904111610_9b3,PFA-00163,PSA-00175,PSF-00177,RHS-00523,3.0.0,2020-08-19T15:15:59.596Z
178,11:16:36,2025-09-04,Manual gsw+F,LI-COR Default,,178,,,0.041698,2.922359,0.041111,0.949234,1.060304,1.039140,2.866368,1.806064,12.959530,13.223469,35.747601,0.441786,7.500000,PSF-00177_20250904111636_4bf,0.000000,0.000000,0.000000,76.550606,238.359726,0.678844,0.5,0.80,31.263510,1.000000,31.68,31.05,25.86,23.27,23.27,80.18,156.8,129.3,17.5,115,3.993,11:13:06,2025-09-04,0.10,1,0.001,0.002,0.008,-0.025,0.063,0.047,0,150,-9999.000,-9999.000000,0.058905,0.000000,0.029230,0.000000,0.000000,-0.000068,standard,0,mpf,7000,500,-9999.000000,-9999.000000,300,300,300,236.241455,25,-1.242684,235.586288,236.567795,-0.981506,2.432592,2.426763,1.641906,0.863255,0.263500,-0.030119,0.522375,0.206528,76.550606,0.000491,2.381104,-0.000086,1.000000,2.374053,-0.000062,1.000000,0.601405,0.601525,0.107465,0.000000,PSF-00177_20250904111636_4bf,PFA-00163,PSA-00175,PSF-00177,RHS-00523,3.0.0,2020-08-19T15:15:59.596Z
179,11:17:00,2025-09-04,Manual gsw+F,LI-COR Default,,179,,,0.050317,2.920936,0.049465,1.113596,1.010743,0.985872,2.773246,1.762503,12.295621,12.605805,34.587433,0.441786,7.500000,PSF-00177_20250904111700_913,0.000000,0.000000,0.000000,113.287567,348.835632,0.675241,0.5,0.80,35.116108,1.000000,30.25,29.51,25.83,22.73,22.73,80.18,156.6,148.4,5.2,130,3.992,11:13:06,2025-09-04,0.10,1,0.000,0.002,0.005,0.171,0.301,0.856,0,150,-9999.000,-9999.000000,0.058905,0.000000,0.029230,0.000000,0.000000,-0.000068,standard,0,mpf,7000,500,-9999.000000,-9999.000000,300,300,300,342.207672,25,-4.673493,339.430695,342.096497,-2.665802,2.430271,2.424637,1.640403,0.909655,0.263831,-0.036010,0.523200,0.219329,113.287567,0.000499,2.381104,-0.000086,1.000000,2.374053,-0.000062,1.000000,0.601405,0.601525,0.107465,0.000000,PSF-00177_20250904111700_913,PFA-00163,PSA-00175,PSF-00177,RHS-00523,3.0.0,2020-08-19T15:15:59.596Z
180,11:17:27,2025-09-04,Manual gsw+F,LI-COR Default,,180,,,0.073214,2.921283,0.071424,2.072253,1.040850,0.994601,3.304014,2.263165,12.405147,12.981980,41.209263,0.441786,7.500000,PSF-00177_20250904111727_c76,0.000000,0.000000,0.000000,144.731995,160.722900,0.099494,0.5,0.80,41.955727,1.000000,31.15,29.76,25.84,25.64,25.64,80.18,156.6,11.1,92.9,1054,3.991,11:13:06,2025-09-04,0.10,1,0.006,-0.001,0.014,-0.953,-3.517,-7.709,0,150,-9999.000,-9999.000000,0.058905,0.000000,0.029230,0.000000,0.000000,-0.000068,standard,0,mpf,7000,500,-9999.000000,-9999.000000,300,300,300,158.894775,25,-1.479940,157.603745,158.588837,-0.985092,2.430654,2.425972,1.640769,0.621138,0.263777,-0.002122,0.524269,1.014532,146.004074,0.000488,2.381104,-0.000086,1.000000,2.374053,-0.000062,1.000000,0.601405,0.601525,0.107465,0.000000,PSF-00177_20250904111727_c76,PFA-00163,PSA-00175,PSF-00177,RHS-00523,3.0.0,2020-08-19T15:15:59.596Z
181,11:17:56,2025-09-04,Manual gsw+F,LI-COR Default,,181,,,0.054923,2.922834,0.053910,1.444918,0.968581,0.936346,3.063338,2.094757,11.679286,12.081367,38.209816,0.441786,7.500000,PSF-00177_20250904111756_380,0.000000,0.000000,0.000000,228.276016,315.223145,0.275827,0.5,0.80,76.171806,1.000000,28.92,27.96,25.87,24.38,24.38,80.17,156.8,132.2,15.7,690,3.991,11:13:06,2025-09-04,0.10,1,0.001,0.002,0.007,0.065,3.649,11.624,0,150,-9999.000,-9999.000000,0.058905,0.000000,0.029230,0.000000,0.000000,-0.000068,standard,0,mpf,7000,500,-9999.000000,-9999.000000,300,300,300,309.987183,25,-4.159588,306.666260,309.225067,-2.558807,2.427891,2.422617,1.642408,0.870197,0.263389,-0.017448,0.525635,0.701485,228.276016,0.000496,2.381104,-0.000086,1.000000,2.374053,-0.000062,1.000000,0.601405,0.601525,0.107465,0.000000,PSF-00177_20250904111756_380,PFA-00163,PSA-00175,PSF-00177,RHS-00523,3.0.0,2020-08-19T15:15:59.596Z
182,11:18:14,2025-09-04,Manual gsw+F,LI-COR Default,,182,,,0.105372,2.921848,0.101704,3.368445,1.038187,0.963037,3.616689,2.578502,12.010830,12.948085,45.106697,0.441786,7.500000,PSF-00177_20250904111814_9fb,0.000000,0.000000,0.000000,76.997284,80.197693,0.039906,0.5,0.80,21.018959,1.000000,30.97,28.73,25.89,27.18,27.18,80.18,156.7,143.8,8.3,1317,3.990,11:13:06,2025-09-04,0.10,1,0.002,-0.002,0.009,0.378,0.822,1.996,0,150,-9999.000,-9999.000000,0.058905,0.000000,0.029230,0.000000,0.000000,-0.000068,standard,0,mpf,7000,500,-9999.000000,-9999.000000,300,300,300,80.197693,25,0.184881,80.573204,80.464287,0.108917,2.429074,2.425706,1.641366,0.898073,0.263249,0.015550,0.526676,1.240416,76.997284,0.000484,2.381104,-0.000086,1.000000,2.374053,-0.000062,1.000000,0.601405,0.601525,0.107465,0.000000,PSF-00177_20250904111814_9fb,PFA-00163,PSA-00175,PSF-00177,RHS-00523,3.0.0,2020-08-19T15:15:59.596Z
183,11:18:58,2025-09-04,Manual gsw+F,LI-COR Default,,183,,,0.116174,2.921201,0.111730,3.629917,1.090844,1.009871,3.619309,2.528465,12.594700,13.604554,45.138527,0.441786,7.500000,PSF-00177_20250904111858_6cf,0.000000,0.000000,0.000000,256.448151,218.209122,-0.175240,0.5,0.80,-122.808105,1.000000,32.40,30.00,25.96,27.19,27.19,80.18,156.6,104.2,33.5,1752,3.990,11:13:06,2025-09-04,0.10,1,-0.001,0.000,0.009,-2.759,-4.377,-10.190,0,150,-9999.000,-9999.000000,0.058905,0.000000,0.029230,0.000000,0.000000,-0.000068,standard,0,mpf,7000,500,-9999.000000,-9999.000000,300,300,300,212.854736,25,-4.263443,209.338898,212.061279,-2.722382,2.430992,2.427826,1.640682,0.805777,0.262490,0.014833,0.530081,1.614893,256.448151,0.000491,2.381104,-0.000086,1.000000,2.374053,-0.000062,1.000000,0.601405,0.601525,0.107465,0.000000,PSF-00177_20250904111858_6cf,PFA-00163,PSA-00175,PSF-00177,RHS-00523,3.0.0,2020-08-19T15:15:59.596Z
184,11:19:51,2025-09-04,Manual gsw+F,LI-COR Default,,184,,,0.086013,2.922300,0.083553,3.278961,1.164106,1.091088,4.205675,3.041568,13.606452,14.517033,52.447025,0.441786,7.500000,PSF-00177_20250904111951_486,0.000000,0.000000,0.000000,102.236870,93.159889,-0.097434,0.5,0.80,-68.607201,1.000000,34.25,32.10,26.12,29.77,29.77,80.19,156.8,151.2,3.6,1760,3.932,11:13:06,2025-09-04,0.10,1,0.002,0.002,0.001,-0.063,-0.198,7.559,0,150,-9999.000,-9999.000000,0.058905,0.000000,0.029230,0.000000,0.000000,-0.000068,standard,0,mpf,7000,500,-9999.000000,-9999.000000,300,300,300,92.571259,25,-0.387667,92.326645,92.600876,-0.274231,2.434128,2.430519,1.641843,0.916498,0.260790,0.044431,0.535196,1.622075,102.218269,0.000485,2.381104,-0.000086,1.000000,2.374053,-0.000062,1.000000,0.601405,0.601525,0.107465,0.000000,PSF-00177_20250904111951_486,PFA-00163,PSA-00175,PSF-00177,RHS-00523,3.0.0,2020-08-19T15:15:59.596Z
185,11:20:13,2025-09-04,Manual gsw+F,LI-COR Default,,185,,,0.047770,2.921910,0.047002,1.402758,1.076907,1.045634,3.402629,2.325722,13.043236,13.433336,42.444393,0.441786,7.500000,PSF-00177_20250904112013_d10,0.000000,0.000000,0.000000,169.965149,232.780243,0.269847,0.5,0.80,77.752930,1.000000,31.52,30.60,26.21,26.14,26.14,80.17,156.7,156.1,0.4,720,3.988,11:13:06,2025-09-04,0.10,1,-0.003,0.003,0.013,-2.293,-4.325,21.649,0,150,-9999.000,-9999.000000,0.058905,0.000000,0.029230,0.000000,0.000000,-0.000068,standard,0,mpf,7000,500,-9999.000000,-9999.000000,300,300,300,231.379868,25,-1.983996,227.998489,229.919342,-1.920853,2.431860,2.426465,1.641431,0.928775,0.259885,-0.000687,0.537275,0.727252,169.965149,0.000496,2.381104,-0.000086,1.000000,2.374053,-0.000062,1.000000,0.601405,0.601525,0.107465,0.000000,PSF-00177_20250904112013_d10,PFA-00163,PSA-00175,PSF-00177,RHS-00523,3.0.0,2020-08-19T15:15:59.596Z
186,11:20:37,2025-09-04,Manual gsw+F,LI-COR Default,,186,,,0.056161,2.922502,0.055102,1.827541,1.073877,1.033149,3.654450,2.580574,12.886771,13.394783,45.583050,0.441786,7.500000,PSF-00177_20250904112037_595,0.000000,0.000000,0.000000,326.303253,312.089722,-0.045543,0.5,0.80,-21.259745,1.000000,31.26,30.07,26.30,27.35,27.35,80.17,156.8,156.5,0.2,1167,3.988,11:13:06,2025-09-04,0.10,1,0.000,0.000,0.020,1.122,10.773,97.170,0,150,-9999.000,-9999.000000,0.058905,0.000000,0.029230,0.000000,0.000000,-0.000068,standard,0,mpf,7000,500,-9999.000000,-9999.000000,300,300,300,302.690857,25,-8.206367,295.398834,300.256226,-4.857391,2.431038,2.426057,1.642056,0.929942,0.258920,0.012700,0.539428,1.111570,326.303253,0.000489,2.381104,-0.000086,1.000000,2.374053,-0.000062,1.000000,0.601405,0.601525,0.107465,0.000000,PSF-00177_20250904112037_595,PFA-00163,PSA-00175,PSF-00177,RHS-00523,3.0.0,2020-08-19T15:15:59.596Z
187,11:20:51,2025-09-04,Manual gsw+F,LI-COR Default,,187,,,0.045156,2.921842,0.044468,2.024793,1.167761,1.122666,4.685059,3.517298,14.003044,14.565514,58.436867,0.441786,7.500000,PSF-00177_20250904112051_a75,0.000000,0.000000,0.000000,36.695480,30.930458,-0.186387,0.5,0.80,-121.877602,1.000000,33.89,32.58,26.36,31.66,31.66,80.17,156.7,156.7,-0.0,1635,3.931,11:13:06,2025-09-04,0.10,1,0.005,0.004,0.013,-0.328,-1.796,7.036,0,150,-9999.000,-9999.000000,0.058905,0.000000,0.029230,0.000000,0.000000,-0.000068,standard,0,mpf,7000,500,-9999.000000,-9999.000000,300,300,300,30.477406,25,-0.333725,31.043530,30.449230,0.594299,2.434796,2.429942,1.641358,0.930513,0.258383,0.065300,0.540730,1.514008,38.500427,0.000482,2.381104,-0.000086,1.000000,2.374053,-0.000062,1.000000,0.601405,0.601525,0.107465,0.000000,PSF-00177_20250904112051_a75,PFA-00163,PSA-00175,PSF-00177,RHS-00523,3.0.0,2020-08-19T15:15:59.596Z
188,11:21:18,2025-09-04,Manual gsw+F,LI-COR Default,,188,,,0.036618,2.921810,0.036164,0.861389,1.076649,1.057440,2.938656,1.862007,13.188038,13.427607,36.649940,0.441786,7.500000,PSF-00177_20250904112118_1b5,0.000000,0.000000,0.000000,98.065857,219.053864,0.552321,0.5,0.80,28.475307,1.000000,31.14,30.59,26.41,23.68,23.68,80.18,156.7,148.7,5.1,129,3.987,11:13:06,2025-09-04,0.10,1,0.001,0.005,0.005,0.172,0.097,2.250,0,150,-9999.000,-9999.000000,0.058905,0.000000,0.029230,0.000000,0.000000,-0.000068,standard,0,mpf,7000,500,-9999.000000,-9999.000000,300,300,300,219.053864,25,16.722511,219.386459,243.167572,-23.781113,2.431796,2.425866,1.641325,0.910227,0.257828,-0.031844,0.542582,0.218362,98.065857,0.000505,2.381104,-0.000086,1.000000,2.374053,-0.000062,1.000000,0.601405,0.601525,0.107465,0.000000,PSF-00177_20250904112118_1b5,PFA-00163,PSA-00175,PSF-00177,RHS-00523,3.0.0,2020-08-19T15:15:59.596Z
189,11:21:40,2025-09-04,Manual gsw+F,LI-COR Default,,189,,,0.017447,2.921081,0.017343,0.390864,1.036184,1.027458,2.799979,1.763795,12.814395,12.923221,34.921165,0.441786,7.500000,PSF-00177_20250904112140_e1c,0.000000,0.000000,0.000000,110.217690,289.651367,0.619482,0.5,0.80,17.638933,1.000000,29.96,29.71,26.42,22.88,22.88,80.18,156.6,156.4,0.1,71,3.986,11:13:06,2025-09-04,0.10,1,-0.003,-0.001,0.021,-0.028,0.305,1.381,0,150,-9999.000,-9999.000000,0.058905,0.000000,0.029230,0.000000,0.000000,-0.000068,standard,0,mpf,7000,500,-9999.000000,-9999.000000,300,300,300,284.378876,25,-4.121985,281.774994,283.707489,-1.932495,2.430468,2.424098,1.640556,0.929655,0.257774,-0.041115,0.543809,0.168712,110.217690,0.000496,2.381104,-0.000086,1.000000,2.374053,-0.000062,1.000000,0.601405,0.601525,0.107465,0.000000,PSF-00177_20250904112140_e1c,PFA-00163,PSA-00175,PSF-00177,RHS-00523,3.0.0,2020-08-19T15:15:59.596Z
190,11:22:04,2025-09-04,Manual gsw+F,LI-COR Default,,190,,,0.049780,2.922042,0.048947,1.165905,1.049530,1.023526,2.912313,1.862783,12.764791,13.089102,36.320599,0.441786,7.500000,PSF-00177_20250904112204_0ce,0.000000,0.000000,0.000000,100.898270,286.616547,0.647968,0.5,0.80,44.957928,1.000000,30.36,29.61,26.41,23.53,23.53,80.18,156.7,140.9,10.1,173,3.986,11:13:06,2025-09-04,0.10,1,-0.001,-0.003,0.009,0.027,-0.339,-0.089,0,150,-9999.000,-9999.000000,0.058905,0.000000,0.029230,0.000000,0.000000,-0.000068,standard,0,mpf,7000,500,-9999.000000,-9999.000000,300,300,300,282.868988,25,-3.167590,280.858765,282.048920,-1.190155,2.430310,2.424692,1.641571,0.890992,0.257824,-0.033573,0.544973,0.256709,100.898270,0.000489,2.381104,-0.000086,1.000000,2.374053,-0.000062,1.000000,0.601405,0.601525,0.107465,0.000000,PSF-00177_20250904112204_0ce,PFA-00163,PSA-00175,PSF-00177,RHS-00523,3.0.0,2020-08-19T15:15:59.596Z
191,11:22:32,2025-09-04,Manual gsw+F,LI-COR Default,,191,,,0.059969,2.922335,0.058763,1.409589,1.127147,1.095745,3.001063,1.873916,13.665294,14.056913,37.426971,0.441786,7.500000,PSF-00177_20250904112232_967,0.000000,0.000000,0.000000,80.923676,178.748489,0.547276,0.5,0.80,30.021753,1.000000,32.63,31.72,26.40,24.03,24.03,80.18,156.8,-9.0,105.8,137,3.985,11:13:06,2025-09-04,0.10,1,0.010,0.015,-0.022,0.045,-3.836,-4.672,0,150,-9999.000,-9999.000000,0.058905,0.000000,0.029230,0.000000,0.000000,-0.000068,standard,0,mpf,7000,500,-9999.000000,-9999.000000,300,300,300,178.748489,25,7.966426,180.319901,190.236008,-9.916107,2.433501,2.428075,1.641880,0.585797,0.257954,-0.027653,0.546013,0.225463,80.923676,0.000497,2.381104,-0.000086,1.000000,2.374053,-0.000062,1.000000,0.601405,0.601525,0.107465,0.000000,PSF-00177_20250904112232_967,PFA-00163,PSA-00175,PSF-00177,RHS-00523,3.0.0,2020-08-19T15:15:59.596Z
192,11:22:50,2025-09-04,Manual gsw+F,LI-COR Default,,192,,,0.085866,2.922247,0.083415,1.695894,1.140779,1.103006,2.731503,1.590724,13.757010,14.228124,34.068092,0.441786,7.500000,PSF-00177_20250904112250_593,0.000000,0.000000,0.000000,92.265129,312.198303,0.704466,0.5,0.80,30.700344,1.000000,33.05,31.95,26.39,22.48,22.48,80.18,156.8,155.9,0.6,109,3.985,11:13:06,2025-09-04,0.10,1,0.007,0.008,0.020,0.074,0.156,0.342,0,150,-9999.000,-9999.000000,0.058905,0.000000,0.029230,0.000000,0.000000,-0.000068,standard,0,mpf,7000,500,-9999.000000,-9999.000000,300,300,300,308.425781,25,-3.061944,305.856232,307.783020,-1.926788,2.433856,2.428699,1.641787,0.928323,0.258087,-0.045418,0.546635,0.201205,92.265129,0.000495,2.381104,-0.000086,1.000000,2.374053,-0.000062,1.000000,0.601405,0.601525,0.107465,0.000000,PSF-00177_20250904112250_593,PFA-00163,PSA-00175,PSF-00177,RHS-00523,3.0.0,2020-08-19T15:15:59.596Z
193,11:23:09,2025-09-04,Manual gsw+F,LI-COR Default,,193,,,0.018126,2.922181,0.018014,0.426784,1.106497,1.096986,2.957835,1.851338,13.682143,13.800760,36.891541,0.441786,7.500000,PSF-00177_20250904112309_538,0.000000,0.000000,0.000000,102.599503,261.777283,0.608066,0.5,0.80,38.045033,1.000000,32.08,31.81,26.37,23.79,23.79,80.18,156.8,152.9,2.4,156,3.984,11:13:06,2025-09-04,0.10,1,-0.001,-0.001,-0.001,1.692,3.782,3.353,0,150,-9999.000,-9999.000000,0.058905,0.000000,0.029230,0.000000,0.000000,-0.000068,standard,0,mpf,7000,500,-9999.000000,-9999.000000,300,300,300,258.719086,25,-2.204242,257.959137,258.598785,-0.639648,2.433637,2.427270,1.641717,0.920895,0.258234,-0.030123,0.547432,0.242048,102.599503,0.000495,2.381104,-0.000086,1.000000,2.374053,-0.000062,1.000000,0.601405,0.601525,0.107465,0.000000,PSF-00177_20250904112309_538,PFA-00163,PSA-00175,PSF-00177,RHS-00523,3.0.0,2020-08-19T15:15:59.596Z
194,11:23:34,2025-09-04,Manual gsw+F,LI-COR Default,,194,,,0.025839,2.920928,0.025613,0.729955,1.037161,1.020864,3.260918,2.223758,12.732711,12.935968,40.671745,0.441786,7.500000,PSF-00177_20250904112334_106,0.000000,0.000000,0.000000,397.110352,340.357239,-0.166746,0.5,0.80,-68.955414,1.000000,30.07,29.60,26.37,25.42,25.42,80.18,156.6,154.0,1.7,1034,3.983,11:23:23,2025-09-04,0.02,1,-0.000,0.001,0.029,-0.676,-0.357,66.022,0,150,-9999.000,-9999.000000,0.058905,0.000000,0.029230,0.000000,0.000000,-0.000068,standard,0,mpf,7000,500,-9999.000000,-9999.000000,300,300,300,331.573608,25,-7.803481,324.853424,329.104675,-4.251251,2.430304,2.424383,1.640394,0.923463,0.258227,-0.011093,0.548307,0.996988,397.110352,0.000499,2.381104,-0.000086,1.000000,2.374053,-0.000062,1.000000,0.601405,0.601525,0.107465,0.000000,PSF-00177_20250904112334_106,PFA-00163,PSA-00175,PSF-00177,RHS-00523,3.0.0,2020-08-19T15:15:59.596Z
195,11:24:03,2025-09-04,Manual gsw+F,LI-COR Default,,195,,,0.060443,2.920995,0.059217,1.834288,1.115940,1.075032,3.527519,2.411579,13.408402,13.918628,43.997196,0.441786,7.500000,PSF-00177_20250904112403_bc9,0.000000,0.000000,0.000000,153.336517,138.299179,-0.108730,0.5,0.80,-30.968836,1.000000,32.33,31.14,26.38,26.75,26.75,80.18,156.6,156.6,0.0,712,3.983,11:23:23,2025-09-04,0.02,1,0.004,0.004,0.013,-1.367,-3.762,-8.349,0,150,-9999.000,-9999.000000,0.058905,0.000000,0.029230,0.000000,0.000000,-0.000068,standard,0,mpf,7000,500,-9999.000000,-9999.000000,300,300,300,134.846451,25,-3.443344,131.973984,133.333908,-1.359924,2.432641,2.427752,1.640465,0.930030,0.258095,0.004519,0.549441,0.720122,153.336517,0.000489,2.381104,-0.000086,1.000000,2.374053,-0.000062,1.000000,0.601405,0.601525,0.107465,0.000000,PSF-00177_20250904112403_bc9,PFA-00163,PSA-00175,PSF-00177,RHS-00523,3.0.0,2020-08-19T15:15:59.596Z
196,11:24:49,2025-09-04,Manual gsw+F,LI-COR Default,,196,,,0.028149,2.922391,0.027880,0.694705,1.035184,1.019695,2.982580,1.947396,12.720426,12.913648,37.206902,0.441786,7.500000,PSF-00177_20250904112449_383,0.000000,0.000000,0.000000,99.286797,293.006256,0.661144,0.5,0.80,27.820684,1.000000,29.99,29.54,26.38,23.93,23.93,80.16,156.8,120.2,23.3,105,3.982,11:23:23,2025-09-04,0.02,1,0.001,0.001,-0.001,0.178,0.291,0.271,0,150,-9999.000,-9999.000000,0.058905,0.000000,0.029230,0.000000,0.000000,-0.000068,standard,0,mpf,7000,500,-9999.000000,-9999.000000,300,300,300,286.885132,25,-4.682446,283.489105,286.254211,-2.765106,2.430222,2.424266,1.641939,0.842019,0.258115,-0.028658,0.551396,0.197979,99.391937,0.000507,2.381104,-0.000086,1.000000,2.374053,-0.000062,1.000000,0.601405,0.601525,0.107465,0.000000,PSF-00177_20250904112449_383,PFA-00163,PSA-00175,PSF-00177,RHS-00523,3.0.0,2020-08-19T15:15:59.596Z
197,11:25:25,2025-09-04,Manual gsw+F,LI-COR Default,,197,,,0.022036,2.921118,0.021871,0.475009,1.077896,1.067300,2.777102,1.699206,13.313711,13.445890,34.642113,0.441786,7.500000,PSF-00177_20250904112525_538,0.000000,0.000000,0.000000,100.945114,292.472443,0.654856,0.5,0.80,28.019556,1.000000,31.28,30.97,26.36,22.75,22.75,80.17,156.6,156.0,0.4,107,3.981,11:23:23,2025-09-04,0.02,1,0.003,0.006,0.005,-2.978,-0.351,-0.205,0,150,-9999.000,-9999.000000,0.058905,0.000000,0.029230,0.000000,0.000000,-0.000068,standard,0,mpf,7000,500,-9999.000000,-9999.000000,300,300,300,280.177460,25,-9.381008,276.505341,278.945099,-2.439758,2.432379,2.426188,1.640595,0.928573,0.258361,-0.041985,0.552549,0.199501,100.945114,0.000509,2.381104,-0.000086,1.000000,2.374053,-0.000062,1.000000,0.601405,0.601525,0.107465,0.000000,PSF-00177_20250904112525_538,PFA-00163,PSA-00175,PSF-00177,RHS-00523,3.0.0,2020-08-19T15:15:59.596Z
198,11:25:39,2025-09-04,Manual gsw+F,LI-COR Default,,198,,,0.043956,2.921013,0.043305,0.985325,1.110278,1.088305,2.888809,1.778531,13.575770,13.849863,36.035675,0.441786,7.500000,PSF-00177_20250904112539_9c2,0.000000,0.000000,0.000000,137.860535,299.613647,0.539872,0.5,0.80,22.779987,1.000000,32.24,31.61,26.34,23.40,23.40,80.17,156.6,155.3,0.9,105,3.981,11:23:23,2025-09-04,0.02,1,0.002,0.002,0.006,-0.402,-0.196,3.435,0,150,-9999.000,-9999.000000,0.058905,0.000000,0.029230,0.000000,0.000000,-0.000068,standard,0,mpf,7000,500,-9999.000000,-9999.000000,300,300,300,293.998016,25,-4.655587,290.157440,292.900330,-2.742889,2.433343,2.427633,1.640484,0.926800,0.258523,-0.034313,0.552947,0.198227,137.385971,0.000492,2.381104,-0.000086,1.000000,2.374053,-0.000062,1.000000,0.601405,0.601525,0.107465,0.000000,PSF-00177_20250904112539_9c2,PFA-00163,PSA-00175,PSF-00177,RHS-00523,3.0.0,2020-08-19T15:15:59.596Z
199,11:25:55,2025-09-04,Manual gsw+F,LI-COR Default,,199,,,0.017374,2.920957,0.017271,0.407246,1.080539,1.071453,2.923610,1.843071,13.365346,13.478680,36.469223,0.441786,7.500000,PSF-00177_20250904112555_6c3,0.000000,0.000000,0.000000,157.288315,234.391418,0.328950,0.5,0.80,19.857691,1.000000,31.42,31.15,26.32,23.60,23.60,80.17,156.6,156.4,0.2,151,3.981,11:23:23,2025-09-04,0.02,1,-0.001,-0.001,0.005,-3.100,-5.692,-4.324,0,150,-9999.000,-9999.000000,0.058905,0.000000,0.029230,0.000000,0.000000,-0.000068,standard,0,mpf,7000,500,-9999.000000,-9999.000000,300,300,300,225.679642,25,-7.606514,219.863174,223.422897,-3.559723,2.432664,2.426405,1.640425,0.929557,0.258720,-0.031795,0.553389,0.237315,157.288315,0.000497,2.381104,-0.000086,1.000000,2.374053,-0.000062,1.000000,0.601405,0.601525,0.107465,0.000000,PSF-00177_20250904112555_6c3,PFA-00163,PSA-00175,PSF-00177,RHS-00523,3.0.0,2020-08-19T15:15:59.596Z
200,11:26:18,2025-09-04,Manual gsw+F,LI-COR Default,,200,,,0.010688,2.923160,0.010649,0.263303,1.123109,1.117249,3.053520,1.930411,13.936817,14.009926,38.090321,0.441786,7.500000,PSF-00177_20250904112618_7ad,0.000000,0.000000,0.000000,106.170059,250.324127,0.575870,0.5,0.80,32.812180,1.000000,32.69,32.52,26.31,24.32,24.32,80.17,156.9,150.7,4.0,142,3.980,11:23:23,2025-09-04,0.02,1,-0.002,-0.001,0.006,3.162,0.671,5.250,0,150,-9999.000,-9999.000000,0.058905,0.000000,0.029230,0.000000,0.000000,-0.000068,standard,0,mpf,7000,500,-9999.000000,-9999.000000,300,300,300,250.324127,25,8.290526,248.316772,262.278992,-13.962219,2.434719,2.428300,1.642754,0.915214,0.258911,-0.023189,0.554209,0.230027,106.170059,0.000507,2.381104,-0.000086,1.000000,2.374053,-0.000062,1.000000,0.601405,0.601525,0.107465,0.000000,PSF-00177_20250904112618_7ad,PFA-00163,PSA-00175,PSF-00177,RHS-00523,3.0.0,2020-08-19T15:15:59.596Z
201,11:26:48,2025-09-04,Manual gsw+F,LI-COR Default,,201,,,0.039847,2.921847,0.039311,1.051970,1.031921,1.008456,3.121421,2.089500,12.580660,12.873389,38.940247,0.441786,7.500000,PSF-00177_20250904112648_832,0.000000,0.000000,0.000000,149.942993,135.118179,-0.109717,0.5,0.80,-49.687340,1.000000,30.04,29.35,26.31,24.69,24.69,80.16,156.7,155.1,1.1,1132,3.979,11:23:23,2025-09-04,0.02,1,0.001,0.001,0.005,-2.977,-7.377,-13.362,0,150,-9999.000,-9999.000000,0.058905,0.000000,0.029230,0.000000,0.000000,-0.000068,standard,0,mpf,7000,500,-9999.000000,-9999.000000,300,300,300,134.292130,25,-0.636562,133.891586,134.200256,-0.308670,2.429944,2.424342,1.641364,0.926278,0.258908,-0.018908,0.555418,1.081588,149.942993,0.000486,2.381104,-0.000086,1.000000,2.374053,-0.000062,1.000000,0.601405,0.601525,0.107465,0.000000,PSF-00177_20250904112648_832,PFA-00163,PSA-00175,PSF-00177,RHS-00523,3.0.0,2020-08-19T15:15:59.596Z
202,11:27:51,2025-09-04,Manual gsw+F,LI-COR Default,,202,,,0.044025,2.922420,0.043372,1.327891,1.123161,1.093589,3.506498,2.383337,13.642622,14.011537,43.743870,0.441786,7.500000,PSF-00177_20250904112751_6e6,0.000000,0.000000,0.000000,286.252502,246.213226,-0.162620,0.5,0.80,-111.054062,1.000000,32.54,31.69,26.38,26.65,26.65,80.16,156.8,156.0,0.5,1707,3.978,11:23:23,2025-09-04,0.02,1,-0.001,-0.002,-0.001,14.366,23.321,-15.135,0,150,-9999.000,-9999.000000,0.058905,0.000000,0.029230,0.000000,0.000000,-0.000068,standard,0,mpf,7000,500,-9999.000000,-9999.000000,300,300,300,244.830963,25,-2.759331,240.654236,242.234299,-1.580063,2.433455,2.428068,1.641970,0.928565,0.258118,0.003333,0.560094,1.576402,286.252502,0.000499,2.381104,-0.000086,1.000000,2.374053,-0.000062,1.000000,0.601405,0.601525,0.107465,0.000000,PSF-00177_20250904112751_6e6,PFA-00163,PSA-00175,PSF-00177,RHS-00523,3.0.0,2020-08-19T15:15:59.596Z
203,11:28:17,2025-09-04,Manual gsw+F,LI-COR Default,,203,,,0.053530,2.920908,0.052566,1.947110,1.108871,1.065445,3.983992,2.875121,13.290443,13.832136,49.696617,0.441786,7.500000,PSF-00177_20250904112817_5a2,0.000000,0.000000,0.000000,101.493362,127.062675,0.201234,0.5,0.80,139.470062,1.000000,32.04,30.79,26.43,28.84,28.84,80.17,156.6,156.5,0.1,1733,3.978,11:23:23,2025-09-04,0.02,1,-0.001,0.002,0.008,0.566,-4.365,-11.664,0,150,-9999.000,-9999.000000,0.058905,0.000000,0.029230,0.000000,0.000000,-0.000068,standard,0,mpf,7000,500,-9999.000000,-9999.000000,300,300,300,127.062675,25,6.222372,131.021622,136.035278,-5.013657,2.432097,2.427320,1.640374,0.929808,0.257659,0.029220,0.562249,1.598279,101.493362,0.000506,2.381104,-0.000086,1.000000,2.374053,-0.000062,1.000000,0.601405,0.601525,0.107465,0.000000,PSF-00177_20250904112817_5a2,PFA-00163,PSA-00175,PSF-00177,RHS-00523,3.0.0,2020-08-19T15:15:59.596Z
204,11:28:44,2025-09-04,Manual gsw+F,LI-COR Default,,204,,,0.043785,2.921363,0.043138,1.079706,1.223973,1.199935,3.175561,1.951588,14.966914,15.266747,39.609108,0.441786,7.500000,PSF-00177_20250904112844_a00,0.000000,0.000000,0.000000,88.688850,192.152756,0.538446,0.5,0.80,155.734268,1.000000,35.27,34.58,26.47,24.98,24.98,80.17,156.7,156.4,0.2,723,3.977,11:23:23,2025-09-04,0.02,1,0.004,-0.004,-0.009,-0.205,0.498,0.825,0,150,-9999.000,-9999.000000,0.058905,0.000000,0.029230,0.000000,0.000000,-0.000068,standard,0,mpf,7000,500,-9999.000000,-9999.000000,300,300,300,188.459152,25,-2.555201,186.989670,188.468185,-1.478516,2.437747,2.432064,1.640854,0.929527,0.257174,-0.017551,0.564623,0.729601,88.688850,0.000494,2.381104,-0.000086,1.000000,2.374053,-0.000062,1.000000,0.601405,0.601525,0.107465,0.000000,PSF-00177_20250904112844_a00,PFA-00163,PSA-00175,PSF-00177,RHS-00523,3.0.0,2020-08-19T15:15:59.596Z
205,11:29:14,2025-09-04,Manual gsw+F,LI-COR Default,,205,,,0.043303,2.921038,0.042670,1.434481,1.163836,1.131865,3.776171,2.612335,14.117031,14.515791,47.097786,0.441786,7.500000,PSF-00177_20250904112914_318,0.000000,0.000000,0.000000,121.420029,114.854088,-0.057168,0.5,0.80,-32.881344,1.000000,33.37,32.45,26.56,27.92,27.92,80.18,156.6,153.9,1.7,1438,3.977,11:23:23,2025-09-04,0.02,1,0.008,0.007,-0.001,-0.514,-1.084,-1.430,0,150,-9999.000,-9999.000000,0.058905,0.000000,0.029230,0.000000,0.000000,-0.000068,standard,0,mpf,7000,500,-9999.000000,-9999.000000,300,300,300,112.875221,25,-1.718986,111.422539,112.375328,-0.952789,2.434568,2.429255,1.640511,0.923321,0.256295,0.016396,0.566947,1.344673,119.988441,0.000491,2.381104,-0.000086,1.000000,2.374053,-0.000062,1.000000,0.601405,0.601525,0.107465,0.000000,PSF-00177_20250904112914_318,PFA-00163,PSA-00175,PSF-00177,RHS-00523,3.0.0,2020-08-19T15:15:59.596Z
206,11:29:37,2025-09-04,Manual gsw+F,LI-COR Default,,206,,,0.138668,2.920691,0.132382,4.544044,1.249191,1.147995,3.912719,2.663528,14.318075,15.580219,48.800400,0.441786,7.500000,PSF-00177_20250904112937_8c1,0.000000,0.000000,0.000000,83.704590,83.808784,0.001243,0.5,0.80,0.871951,1.000000,35.67,32.78,26.63,28.53,28.53,80.18,156.6,92.1,41.2,1753,3.977,11:23:23,2025-09-04,0.02,1,0.000,0.002,-0.005,-0.609,-1.252,-2.996,0,150,-9999.000,-9999.000000,0.058905,0.000000,0.029230,0.000000,0.000000,-0.000068,standard,0,mpf,7000,500,-9999.000000,-9999.000000,300,300,300,82.448242,25,-0.968720,81.850647,82.411896,-0.561249,2.435050,2.432621,1.640145,0.779287,0.255609,0.023000,0.568562,1.616085,84.100487,0.000492,2.381104,-0.000086,1.000000,2.374053,-0.000062,1.000000,0.601405,0.601525,0.107465,0.000000,PSF-00177_20250904112937_8c1,PFA-00163,PSA-00175,PSF-00177,RHS-00523,3.0.0,2020-08-19T15:15:59.596Z
207,11:29:57,2025-09-04,Manual gsw+F,LI-COR Default,,207,,,0.076418,2.921867,0.074471,3.080587,1.139779,1.071144,4.343032,3.203253,13.359697,14.215744,54.167881,0.441786,7.500000,PSF-00177_20250904112957_ede,0.000000,0.000000,0.000000,67.422508,65.145493,-0.034953,0.5,0.80,-24.568371,1.000000,32.41,30.46,26.70,30.33,30.33,80.18,156.7,150.7,3.8,1757,3.976,11:23:23,2025-09-04,0.02,1,-0.002,-0.001,0.001,-0.234,-0.479,-0.807,0,150,-9999.000,-9999.000000,0.058905,0.000000,0.029230,0.000000,0.000000,-0.000068,standard,0,mpf,7000,500,-9999.000000,-9999.000000,300,300,300,64.572929,25,-0.435118,64.201355,64.518059,-0.316704,2.431548,2.427815,1.641385,0.915341,0.254875,0.044420,0.570018,1.619418,67.422508,0.000489,2.381104,-0.000086,1.000000,2.374053,-0.000062,1.000000,0.601405,0.601525,0.107465,0.000000,PSF-00177_20250904112957_ede,PFA-00163,PSA-00175,PSF-00177,RHS-00523,3.0.0,2020-08-19T15:15:59.596Z
208,11:30:48,2025-09-04,Manual gsw+F,LI-COR Default,,208,,,0.096948,2.922527,0.093835,2.763619,1.156708,1.095183,3.450140,2.293432,13.660115,14.427515,43.033287,0.441786,7.500000,PSF-00177_20250904113048_433,0.000000,0.000000,0.000000,98.966721,148.000900,0.331310,0.5,0.80,71.198090,1.000000,32.53,30.80,26.89,26.38,26.38,80.17,156.8,150.6,4.0,537,3.975,11:23:23,2025-09-04,0.02,1,0.003,0.002,-0.005,0.661,1.018,2.742,0,150,-9999.000,-9999.000000,0.058905,0.000000,0.029230,0.000000,0.000000,-0.000068,standard,0,mpf,7000,500,-9999.000000,-9999.000000,300,300,300,146.479721,25,-1.010800,145.906448,146.543335,-0.636887,2.432032,2.427963,1.642083,0.914932,0.252997,-0.005977,0.573177,0.569715,98.966721,0.000494,2.381104,-0.000086,1.000000,2.374053,-0.000062,1.000000,0.601405,0.601525,0.107465,0.000000,PSF-00177_20250904113048_433,PFA-00163,PSA-00175,PSF-00177,RHS-00523,3.0.0,2020-08-19T15:15:59.596Z
209,11:31:07,2025-09-04,Manual gsw+F,LI-COR Default,,209,,,0.016912,2.922017,0.016814,0.575189,1.140760,1.127947,3.798974,2.658214,14.068385,14.228200,47.382935,0.441786,7.500000,PSF-00177_20250904113107_a0e,0.000000,0.000000,0.000000,71.086761,120.222855,0.408708,0.5,0.80,50.947250,1.000000,31.96,31.60,26.95,28.02,28.02,80.18,156.7,154.7,1.3,312,3.974,11:23:23,2025-09-04,0.02,1,-0.003,-0.003,0.008,0.677,1.476,19.008,0,150,-9999.000,-9999.000000,0.058905,0.000000,0.029230,0.000000,0.000000,-0.000068,standard,0,mpf,7000,500,-9999.000000,-9999.000000,300,300,300,115.908623,25,-3.249063,113.855835,115.537735,-1.681900,2.433221,2.427104,1.641543,0.925452,0.252339,0.012940,0.574244,0.375598,71.086761,0.000506,2.381104,-0.000086,1.000000,2.374053,-0.000062,1.000000,0.601405,0.601525,0.107465,0.000000,PSF-00177_20250904113107_a0e,PFA-00163,PSA-00175,PSF-00177,RHS-00523,3.0.0,2020-08-19T15:15:59.596Z
210,11:31:28,2025-09-04,Manual gsw+F,LI-COR Default,,210,,,0.094034,2.922791,0.091103,2.413269,1.154961,1.101242,3.220906,2.065945,13.734796,14.404785,40.171440,0.441786,7.500000,PSF-00177_20250904113128_718,0.000000,0.000000,0.000000,100.978378,281.570923,0.641375,0.5,0.80,123.054344,1.000000,32.23,30.73,27.02,25.22,25.22,80.18,156.8,88.0,43.9,480,3.974,11:23:23,2025-09-04,0.02,1,0.005,0.006,0.004,-0.260,-0.150,0.081,0,150,-9999.000,-9999.000000,0.058905,0.000000,0.029230,0.000000,0.000000,-0.000068,standard,0,mpf,7000,500,-9999.000000,-9999.000000,300,300,300,278.484467,25,-3.916065,274.786957,275.923981,-1.137024,2.431890,2.427481,1.642363,0.770719,0.251630,-0.021312,0.575158,0.520159,100.978378,0.000500,2.381104,-0.000086,1.000000,2.374053,-0.000062,1.000000,0.601405,0.601525,0.107465,0.000000,PSF-00177_20250904113128_718,PFA-00163,PSA-00175,PSF-00177,RHS-00523,3.0.0,2020-08-19T15:15:59.596Z
211,11:31:43,2025-09-04,Manual gsw+F,LI-COR Default,,211,,,0.036727,2.922312,0.036271,1.012907,1.085218,1.062642,3.263611,2.178393,13.253211,13.534777,40.703552,0.441786,7.500000,PSF-00177_20250904113143_bd5,0.000000,0.000000,0.000000,109.369400,255.026581,0.571145,0.5,0.80,158.701050,1.000000,30.20,29.57,27.07,25.44,25.44,80.18,156.8,154.3,1.6,695,3.973,11:23:23,2025-09-04,0.02,1,-0.002,0.000,0.014,-0.744,5.649,-7.078,0,150,-9999.000,-9999.000000,0.058905,0.000000,0.029230,0.000000,0.000000,-0.000068,standard,0,mpf,7000,500,-9999.000000,-9999.000000,300,300,300,255.026581,25,0.977673,257.835388,256.436371,1.399017,2.430138,2.424459,1.641856,0.924415,0.251190,-0.019238,0.575869,0.705156,109.369400,0.000499,2.381104,-0.000086,1.000000,2.374053,-0.000062,1.000000,0.601405,0.601525,0.107465,0.000000,PSF-00177_20250904113143_bd5,PFA-00163,PSA-00175,PSF-00177,RHS-00523,3.0.0,2020-08-19T15:15:59.596Z
212,11:32:01,2025-09-04,Manual gsw+F,LI-COR Default,,212,,,0.041718,2.923034,0.041131,1.197127,1.120108,1.093451,3.388283,2.268175,13.636649,13.969088,42.255955,0.441786,7.500000,PSF-00177_20250904113201_684,0.000000,0.000000,0.000000,73.647377,123.184395,0.402137,0.5,0.80,98.771530,1.000000,31.08,30.34,27.12,26.07,26.07,80.18,156.9,152.1,3.0,614,3.973,11:23:23,2025-09-04,0.02,1,-0.002,-0.003,0.008,0.757,1.607,3.679,0,150,-9999.000,-9999.000000,0.058905,0.000000,0.029230,0.000000,0.000000,-0.000068,standard,0,mpf,7000,500,-9999.000000,-9999.000000,300,300,300,122.552635,25,-0.326786,122.551918,122.713173,-0.161255,2.431291,2.425764,1.642619,0.918855,0.250692,-0.012374,0.576857,0.635790,73.647377,0.000498,2.381104,-0.000086,1.000000,2.374053,-0.000062,1.000000,0.601405,0.601525,0.107465,0.000000,PSF-00177_20250904113201_684,PFA-00163,PSA-00175,PSF-00177,RHS-00523,3.0.0,2020-08-19T15:15:59.596Z
213,11:32:23,2025-09-04,Manual gsw+F,LI-COR Default,,213,,,0.015547,2.922534,0.015465,0.561905,1.090470,1.077948,3.913161,2.822690,13.442802,13.598962,48.799976,0.441786,7.500000,PSF-00177_20250904113223_d9b,0.000000,0.000000,0.000000,223.635437,183.756989,-0.217017,0.5,0.80,-143.488037,1.000000,30.13,29.78,27.19,28.53,28.53,80.19,156.8,155.4,0.9,1653,3.972,11:23:23,2025-09-04,0.02,1,0.001,0.002,0.007,-1.360,-4.170,-3.899,0,150,-9999.000,-9999.000000,0.058905,0.000000,0.029230,0.000000,0.000000,-0.000068,standard,0,mpf,7000,500,-9999.000000,-9999.000000,300,300,300,178.649063,25,-5.577752,173.269989,175.713928,-2.443939,2.430430,2.424326,1.642091,0.927060,0.249955,0.016239,0.578084,1.529679,223.635437,0.000474,2.381104,-0.000086,1.000000,2.374053,-0.000062,1.000000,0.601405,0.601525,0.107465,0.000000,PSF-00177_20250904113223_d9b,PFA-00163,PSA-00175,PSF-00177,RHS-00523,3.0.0,2020-08-19T15:15:59.596Z
214,11:32:39,2025-09-04,Manual gsw+F,LI-COR Default,,214,,,0.033631,2.922683,0.033248,1.211705,1.108631,1.081639,3.938895,2.830264,13.489506,13.826136,49.123367,0.441786,7.500000,PSF-00177_20250904113239_2c5,0.000000,0.000000,0.000000,77.316643,71.205612,-0.085822,0.5,0.80,-55.387077,1.000000,30.53,29.79,27.24,28.64,28.64,80.18,156.8,155.9,0.6,1613,3.972,11:23:23,2025-09-04,0.02,1,0.001,-0.001,0.047,3.940,5.434,26.347,0,150,-9999.000,-9999.000000,0.058905,0.000000,0.029230,0.000000,0.000000,-0.000068,standard,0,mpf,7000,500,-9999.000000,-9999.000000,300,300,300,63.625217,25,-5.234402,62.747955,63.657650,-0.909695,2.430433,2.424923,1.642247,0.928276,0.249423,0.016966,0.579055,1.495664,77.316643,0.000490,2.381104,-0.000086,1.000000,2.374053,-0.000062,1.000000,0.601405,0.601525,0.107465,0.000000,PSF-00177_20250904113239_2c5,PFA-00163,PSA-00175,PSF-00177,RHS-00523,3.0.0,2020-08-19T15:15:59.596Z
215,11:33:10,2025-09-04,Manual gsw+F,LI-COR Default,,215,,,0.021607,2.922020,0.021448,0.423407,1.116186,1.106751,2.661771,1.545585,13.802853,13.920531,33.196312,0.441786,7.500000,PSF-00177_20250904113310_120,0.000000,0.000000,0.000000,96.305611,284.825592,0.661879,0.5,0.80,29.638697,1.000000,30.63,30.38,27.30,22.05,22.05,80.18,156.7,155.3,0.9,112,3.972,11:23:23,2025-09-04,0.02,1,0.005,0.007,0.006,-0.046,0.257,21.069,0,150,-9999.000,-9999.000000,0.058905,0.000000,0.029230,0.000000,0.000000,-0.000068,standard,0,mpf,7000,500,-9999.000000,-9999.000000,300,300,300,276.135559,25,-6.609143,271.624084,275.295258,-3.671173,2.431305,2.425063,1.641547,0.926876,0.248831,-0.061200,0.579981,0.203787,96.305611,0.000500,2.381104,-0.000086,1.000000,2.374053,-0.000062,1.000000,0.601405,0.601525,0.107465,0.000000,PSF-00177_20250904113310_120,PFA-00163,PSA-00175,PSF-00177,RHS-00523,3.0.0,2020-08-19T15:15:59.596Z
216,11:33:25,2025-09-04,Manual gsw+F,LI-COR Default,,216,,,0.018286,2.922287,0.018173,0.432386,1.101743,1.092107,2.961264,1.859520,13.619845,13.740017,36.930397,0.441786,7.500000,PSF-00177_20250904113325_c1a,0.000000,0.000000,0.000000,114.099739,290.148468,0.606754,0.5,0.80,28.305523,1.000000,30.24,29.98,27.30,23.81,23.81,80.18,156.8,155.3,1.0,117,3.971,11:23:23,2025-09-04,0.02,1,-0.000,0.003,-0.003,-0.720,-1.228,-1.524,0,150,-9999.000,-9999.000000,0.058905,0.000000,0.029230,0.000000,0.000000,-0.000068,standard,0,mpf,7000,500,-9999.000000,-9999.000000,300,300,300,279.557709,25,-8.344245,273.853546,278.116150,-4.262604,2.430701,2.424474,1.641829,0.926803,0.248842,-0.041026,0.580312,0.207811,114.099739,0.000503,2.381104,-0.000086,1.000000,2.374053,-0.000062,1.000000,0.601405,0.601525,0.107465,0.000000,PSF-00177_20250904113325_c1a,PFA-00163,PSA-00175,PSF-00177,RHS-00523,3.0.0,2020-08-19T15:15:59.596Z
217,11:33:55,2025-09-04,Manual gsw+F,LI-COR Default,,217,,,0.010113,2.920906,0.010078,0.222025,1.120000,1.115048,2.842921,1.722921,13.905462,13.967221,35.453312,0.441786,7.500000,PSF-00177_20250904113355_3b2,0.000000,0.000000,0.000000,117.515800,324.328522,0.637664,0.5,0.80,24.647297,1.000000,30.71,30.58,27.32,23.14,23.14,80.19,156.6,155.9,0.5,97,3.970,11:33:49,2025-09-04,0.09,1,-0.002,-0.003,-0.014,0.534,1.282,86.954,0,150,-9999.000,-9999.000000,0.058905,0.000000,0.029230,0.000000,0.000000,-0.000068,standard,0,mpf,7000,500,-9999.000000,-9999.000000,300,300,300,319.085602,25,-4.116613,315.877319,318.392395,-2.515076,2.431604,2.425071,1.640371,0.928322,0.248680,-0.049009,0.580436,0.190607,117.515800,0.000504,2.381104,-0.000086,1.000000,2.374053,-0.000062,1.000000,0.601405,0.601525,0.107465,0.000000,PSF-00177_20250904113355_3b2,PFA-00163,PSA-00175,PSF-00177,RHS-00523,3.0.0,2020-08-19T15:15:59.596Z
218,11:34:07,2025-09-04,Manual gsw+F,LI-COR Default,,218,,,0.017443,2.922018,0.017339,0.360979,1.110059,1.102014,2.739330,1.629271,13.743430,13.843766,34.162727,0.441786,7.500000,PSF-00177_20250904113407_7f4,0.000000,0.000000,0.000000,90.745926,289.800568,0.686868,0.5,0.80,25.297287,1.000000,30.43,30.21,27.32,22.52,22.52,80.18,156.7,156.4,0.2,92,3.971,11:33:49,2025-09-04,0.09,1,0.003,0.005,0.028,0.326,1.559,48.690,0,150,-9999.000,-9999.000000,0.058905,0.000000,0.029230,0.000000,0.000000,-0.000068,standard,0,mpf,7000,500,-9999.000000,-9999.000000,300,300,300,286.493195,25,-2.186335,285.015106,286.647888,-1.632782,2.431055,2.424653,1.641545,0.929699,0.248644,-0.056058,0.580546,0.186687,90.745926,0.000505,2.381104,-0.000086,1.000000,2.374053,-0.000062,1.000000,0.601405,0.601525,0.107465,0.000000,PSF-00177_20250904113407_7f4,PFA-00163,PSA-00175,PSF-00177,RHS-00523,3.0.0,2020-08-19T15:15:59.596Z
219,11:34:26,2025-09-04,Manual gsw+F,LI-COR Default,,219,,,0.029582,2.922720,0.029285,0.731740,1.063115,1.046805,3.015777,1.952662,13.054345,13.257744,37.608711,0.441786,7.500000,PSF-00177_20250904113426_8a1,0.000000,0.000000,0.000000,100.004196,301.236908,0.668021,0.5,0.80,27.225544,1.000000,29.17,28.73,27.31,24.12,24.12,80.19,156.8,152.9,2.5,102,3.970,11:33:49,2025-09-04,0.09,1,-0.000,-0.001,0.002,0.074,0.144,0.487,0,150,-9999.000,-9999.000000,0.058905,0.000000,0.029230,0.000000,0.000000,-0.000068,standard,0,mpf,7000,500,-9999.000000,-9999.000000,300,300,300,296.197784,25,-3.436182,294.671417,296.281952,-1.610535,2.428805,2.422768,1.642288,0.920788,0.248809,-0.037553,0.580782,0.195131,100.004196,0.000498,2.381104,-0.000086,1.000000,2.374053,-0.000062,1.000000,0.601405,0.601525,0.107465,0.000000,PSF-00177_20250904113426_8a1,PFA-00163,PSA-00175,PSF-00177,RHS-00523,3.0.0,2020-08-19T15:15:59.596Z
220,11:35:15,2025-09-04,Manual gsw+F,LI-COR Default,,220,,,0.031664,2.921785,0.031325,0.756812,1.051317,1.034436,2.940187,1.888869,12.901982,13.112537,36.671429,0.441786,7.500000,PSF-00177_20250904113515_c6d,0.000000,0.000000,0.000000,77.254059,252.707718,0.694295,0.5,0.80,49.319645,1.000000,28.95,28.48,27.25,23.69,23.69,80.18,156.7,153.1,2.3,178,3.970,11:33:49,2025-09-04,0.09,1,0.005,0.006,0.002,-6.463,-5.676,3.294,0,150,-9999.000,-9999.000000,0.058905,0.000000,0.029230,0.000000,0.000000,-0.000068,standard,0,mpf,7000,500,-9999.000000,-9999.000000,300,300,300,252.707718,25,14.083152,234.247681,273.015503,-38.767822,2.428445,2.422437,1.641298,0.921278,0.249379,-0.041747,0.581178,0.260264,77.254059,0.000502,2.381104,-0.000086,1.000000,2.374053,-0.000062,1.000000,0.601405,0.601525,0.107465,0.000000,PSF-00177_20250904113515_c6d,PFA-00163,PSA-00175,PSF-00177,RHS-00523,3.0.0,2020-08-19T15:15:59.596Z
221,11:35:46,2025-09-04,Manual gsw+F,LI-COR Default,,221,,,0.022376,2.922150,0.022206,0.669403,1.014646,0.999711,3.365536,2.350891,12.468958,12.655228,41.976852,0.441786,7.500000,PSF-00177_20250904113546_aee,0.000000,0.000000,0.000000,159.680847,274.818542,0.418959,0.5,0.80,170.967804,1.000000,28.01,27.60,27.20,25.96,25.96,80.18,156.8,91.1,41.9,1020,3.969,11:33:49,2025-09-04,0.09,1,-0.004,-0.002,0.024,-6.931,5.591,-13.622,0,150,-9999.000,-9999.000000,0.058905,0.000000,0.029230,0.000000,0.000000,-0.000068,standard,0,mpf,7000,500,-9999.000000,-9999.000000,300,300,300,273.383606,25,-6.430082,262.770294,265.546417,-2.776123,2.427107,2.421033,1.641684,0.777326,0.249843,-0.014747,0.581834,0.985247,159.680847,0.000501,2.381104,-0.000086,1.000000,2.374053,-0.000062,1.000000,0.601405,0.601525,0.107465,0.000000,PSF-00177_20250904113546_aee,PFA-00163,PSA-00175,PSF-00177,RHS-00523,3.0.0,2020-08-19T15:15:59.596Z
222,11:36:01,2025-09-04,Manual gsw+F,LI-COR Default,,222,,,0.077843,2.922135,0.075823,2.064556,1.084491,1.038474,3.208984,2.124493,12.953238,13.527224,40.026745,0.441786,7.500000,PSF-00177_20250904113601_3ca,0.000000,0.000000,0.000000,68.860535,128.441330,0.463876,0.5,0.80,205.838745,1.000000,29.97,28.70,27.19,25.15,25.15,80.17,156.8,155.7,0.6,1109,3.969,11:33:49,2025-09-04,0.09,1,-0.000,0.001,0.039,0.171,0.090,15.713,0,150,-9999.000,-9999.000000,0.058905,0.000000,0.029230,0.000000,0.000000,-0.000068,standard,0,mpf,7000,500,-9999.000000,-9999.000000,300,300,300,128.441330,25,0.504057,129.196289,129.168182,0.028107,2.428789,2.423990,1.641669,0.927960,0.250010,-0.023991,0.582175,1.061950,68.860535,0.000516,2.381104,-0.000086,1.000000,2.374053,-0.000062,1.000000,0.601405,0.601525,0.107465,0.000000,PSF-00177_20250904113601_3ca,PFA-00163,PSA-00175,PSF-00177,RHS-00523,3.0.0,2020-08-19T15:15:59.596Z
223,11:36:18,2025-09-04,Manual gsw+F,LI-COR Default,,223,,,0.044316,2.921274,0.043654,1.026095,1.065268,1.042376,2.903055,1.837787,13.001991,13.287529,36.211010,0.441786,7.500000,PSF-00177_20250904113618_8af,0.000000,0.000000,0.000000,96.907494,267.990417,0.638392,0.5,0.80,63.015495,1.000000,29.47,28.84,27.17,23.48,23.48,80.17,156.6,155.1,1.0,247,3.968,11:33:49,2025-09-04,0.09,1,-0.000,-0.000,0.010,-0.315,0.438,1.309,0,150,-9999.000,-9999.000000,0.058905,0.000000,0.029230,0.000000,0.000000,-0.000068,standard,0,mpf,7000,500,-9999.000000,-9999.000000,300,300,300,266.214966,25,-1.595434,264.161102,265.689819,-1.528717,2.429002,2.423240,1.640759,0.926450,0.250184,-0.043207,0.582785,0.319791,96.907494,0.000506,2.381104,-0.000086,1.000000,2.374053,-0.000062,1.000000,0.601405,0.601525,0.107465,0.000000,PSF-00177_20250904113618_8af,PFA-00163,PSA-00175,PSF-00177,RHS-00523,3.0.0,2020-08-19T15:15:59.596Z
224,11:36:49,2025-09-04,Manual gsw+F,LI-COR Default,,224,,,0.088568,2.921637,0.085963,2.466444,1.084948,1.029950,3.322062,2.237114,12.846554,13.532539,41.436035,0.441786,7.500000,PSF-00177_20250904113649_f6d,0.000000,0.000000,0.000000,76.932907,193.484726,0.602383,0.5,0.80,299.547272,1.000000,30.05,28.53,27.15,25.74,25.74,80.17,156.7,6.9,95.6,1243,3.968,11:33:49,2025-09-04,0.09,1,-0.002,-0.003,0.048,0.497,0.715,0.892,0,150,-9999.000,-9999.000000,0.058905,0.000000,0.029230,0.000000,0.000000,-0.000068,standard,0,mpf,7000,500,-9999.000000,-9999.000000,300,300,300,186.269043,25,-5.194561,183.275696,185.994217,-2.718521,2.428535,2.424117,1.641142,0.613629,0.250394,-0.016674,0.584555,1.177102,76.932907,0.000498,2.381104,-0.000086,1.000000,2.374053,-0.000062,1.000000,0.601405,0.601525,0.107465,0.000000,PSF-00177_20250904113649_f6d,PFA-00163,PSA-00175,PSF-00177,RHS-00523,3.0.0,2020-08-19T15:15:59.596Z
225,11:37:04,2025-09-04,Manual gsw+F,LI-COR Default,,225,,,0.058981,2.921478,0.057814,1.665365,1.075306,1.038161,3.321475,2.246169,12.948606,13.411903,41.427555,0.441786,7.500000,PSF-00177_20250904113704_a22,0.000000,0.000000,0.000000,70.055008,139.219666,0.496802,0.5,0.80,259.657532,1.000000,29.80,28.77,27.14,25.73,25.73,80.18,156.7,156.4,0.2,1307,3.963,11:33:49,2025-09-04,0.09,1,-0.002,-0.000,-0.001,0.664,1.431,3.193,0,150,-9999.000,-9999.000000,0.058905,0.000000,0.029230,0.000000,0.000000,-0.000068,standard,0,mpf,7000,500,-9999.000000,-9999.000000,300,300,300,137.106659,25,-1.383247,136.648895,137.225037,-0.576141,2.428908,2.423742,1.640974,0.929662,0.250486,-0.016598,0.585393,1.231710,69.483521,0.000493,2.381104,-0.000086,1.000000,2.374053,-0.000062,1.000000,0.601405,0.601525,0.107465,0.000000,PSF-00177_20250904113704_a22,PFA-00163,PSA-00175,PSF-00177,RHS-00523,3.0.0,2020-08-19T15:15:59.596Z
226,11:41:34,2025-09-04,Manual gsw+F,LI-COR Default,,226,,,0.005680,2.922652,0.005669,0.151205,0.942935,0.939560,3.028308,2.085373,11.719603,11.761698,37.773579,0.441786,7.500000,PSF-00177_20250904114134_0d7,0.000000,0.000000,0.000000,106.003761,269.762939,0.607049,0.5,0.80,20.371998,1.000000,26.37,26.28,26.98,24.18,24.18,80.17,156.8,154.4,1.6,84,3.962,11:33:49,2025-09-04,0.09,1,-0.001,0.001,0.055,0.160,0.524,21.026,0,150,-9999.000,-9999.000000,0.058905,0.000000,0.029230,0.000000,0.000000,-0.000068,standard,0,mpf,7000,500,-9999.000000,-9999.000000,300,300,300,265.654205,25,-3.264283,262.994171,265.055878,-2.061707,2.425107,2.418565,1.642215,0.924540,0.252038,-0.032866,0.591231,0.179651,106.003761,0.000485,2.381104,-0.000086,1.000000,2.374053,-0.000062,1.000000,0.601405,0.601525,0.107465,0.000000,PSF-00177_20250904114134_0d7,PFA-00163,PSA-00175,PSF-00177,RHS-00523,3.0.0,2020-08-19T15:15:59.596Z
227,11:41:51,2025-09-04,Manual gsw+F,LI-COR Default,,227,,,0.050919,2.922244,0.050047,1.376422,0.978641,0.947924,3.127112,2.148471,11.823735,12.206886,39.005402,0.441786,7.500000,PSF-00177_20250904114151_b94,0.000000,0.000000,0.000000,133.022903,185.915253,0.284497,0.5,0.80,15.634801,1.000000,27.42,26.56,26.95,24.72,24.72,80.17,156.8,155.9,0.6,137,3.906,11:33:49,2025-09-04,0.09,1,0.000,0.001,0.021,0.028,1.647,7.878,0,150,-9999.000,-9999.000000,0.058905,0.000000,0.029230,0.000000,0.000000,-0.000068,standard,0,mpf,7000,500,-9999.000000,-9999.000000,300,300,300,181.716080,25,-3.787141,178.644775,180.454224,-1.809448,2.425544,2.420168,1.641784,0.928343,0.252329,-0.026276,0.591347,0.225676,133.022903,0.000495,2.381104,-0.000086,1.000000,2.374053,-0.000062,1.000000,0.601405,0.601525,0.107465,0.000000,PSF-00177_20250904114151_b94,PFA-00163,PSA-00175,PSF-00177,RHS-00523,3.0.0,2020-08-19T15:15:59.596Z
228,11:42:11,2025-09-04,Manual gsw+F,LI-COR Default,,228,,,0.060144,2.922219,0.058931,1.485258,0.947035,0.913877,2.918755,1.971720,11.399877,11.813497,36.409115,0.441786,7.500000,PSF-00177_20250904114211_d68,0.000000,0.000000,0.000000,64.143059,204.205154,0.685889,0.5,0.80,44.388039,1.000000,26.57,25.64,26.93,23.57,23.57,80.17,156.8,156.5,0.2,162,3.961,11:33:49,2025-09-04,0.09,1,-0.000,-0.000,0.012,1.830,0.698,-1.161,0,150,-9999.000,-9999.000000,0.058905,0.000000,0.029230,0.000000,0.000000,-0.000068,standard,0,mpf,7000,500,-9999.000000,-9999.000000,300,300,300,204.205154,25,1.556041,207.385178,206.448944,0.936234,2.424125,2.418876,1.641758,0.929866,0.252569,-0.039323,0.591666,0.246670,64.143059,0.000499,2.381104,-0.000086,1.000000,2.374053,-0.000062,1.000000,0.601405,0.601525,0.107465,0.000000,PSF-00177_20250904114211_d68,PFA-00163,PSA-00175,PSF-00177,RHS-00523,3.0.0,2020-08-19T15:15:59.596Z
229,11:42:44,2025-09-04,Manual gsw+F,LI-COR Default,,229,,,0.042520,2.921440,0.041910,1.524647,1.041922,1.007906,3.868831,2.826908,12.573407,12.997749,48.262802,0.441786,7.500000,PSF-00177_20250904114244_fed,0.000000,0.000000,0.000000,88.049057,133.860428,0.342232,0.5,0.80,36.975441,1.000000,29.18,28.22,26.96,28.33,28.33,80.16,156.7,155.9,0.5,270,3.961,11:33:49,2025-09-04,0.09,1,0.002,0.006,0.001,0.533,1.034,2.373,0,150,-9999.000,-9999.000000,0.058905,0.000000,0.029230,0.000000,0.000000,-0.000068,standard,0,mpf,7000,500,-9999.000000,-9999.000000,300,300,300,133.229614,25,-0.417212,133.113022,133.258804,-0.145782,2.428100,2.422829,1.640934,0.928413,0.252232,0.016608,0.592884,0.339865,88.049057,0.000487,2.381104,-0.000086,1.000000,2.374053,-0.000062,1.000000,0.601405,0.601525,0.107465,0.000000,PSF-00177_20250904114244_fed,PFA-00163,PSA-00175,PSF-00177,RHS-00523,3.0.0,2020-08-19T15:15:59.596Z
230,11:43:11,2025-09-04,Manual gsw+F,LI-COR Default,,230,,,0.063163,2.921276,0.061826,2.414722,1.047531,0.993650,4.078464,3.030933,12.394834,13.066943,50.874920,0.441786,7.500000,PSF-00177_20250904114311_3e2,0.000000,0.000000,0.000000,145.838501,130.874115,-0.114342,0.5,0.80,-87.458954,1.000000,29.26,27.76,27.00,29.24,29.24,80.17,156.6,155.8,0.5,1912,3.960,11:33:49,2025-09-04,0.09,1,-0.002,-0.001,0.039,-2.817,-4.522,10.765,0,150,-9999.000,-9999.000000,0.058905,0.000000,0.029230,0.000000,0.000000,-0.000068,standard,0,mpf,7000,500,-9999.000000,-9999.000000,300,300,300,128.131989,25,-2.437916,126.381752,127.358658,-0.976906,2.427383,2.422956,1.640761,0.928194,0.251835,0.027254,0.594597,1.752756,145.838501,0.000470,2.381104,-0.000086,1.000000,2.374053,-0.000062,1.000000,0.601405,0.601525,0.107465,0.000000,PSF-00177_20250904114311_3e2,PFA-00163,PSA-00175,PSF-00177,RHS-00523,3.0.0,2020-08-19T15:15:59.596Z
231,11:43:42,2025-09-04,Manual gsw+F,LI-COR Default,,231,,,0.015490,2.920988,0.015408,0.624746,0.925612,0.911647,4.074691,3.149080,11.372027,11.546226,50.828335,0.441786,7.500000,PSF-00177_20250904114342_2e7,0.000000,0.000000,0.000000,162.699585,130.238052,-0.249248,0.5,0.80,-190.384186,1.000000,25.77,25.38,27.06,29.23,29.23,80.17,156.6,155.8,0.5,1910,3.903,11:33:49,2025-09-04,0.09,1,-0.001,0.001,-0.002,0.407,-10.249,-20.820,0,150,-9999.000,-9999.000000,0.058905,0.000000,0.029230,0.000000,0.000000,-0.000068,standard,0,mpf,7000,500,-9999.000000,-9999.000000,300,300,300,130.238052,25,-0.238151,126.939651,129.894638,-2.954987,2.423706,2.417631,1.640458,0.928115,0.251279,0.026385,0.596799,1.750487,162.699585,0.000471,2.381104,-0.000086,1.000000,2.374053,-0.000062,1.000000,0.601405,0.601525,0.107465,0.000000,PSF-00177_20250904114342_2e7,PFA-00163,PSA-00175,PSF-00177,RHS-00523,3.0.0,2020-08-19T15:15:59.596Z
232,11:43:59,2025-09-04,Manual gsw+F,LI-COR Default,,232,,,0.073321,2.921860,0.071526,2.739430,1.029205,0.968091,4.003291,2.974086,12.075670,12.837983,49.935802,0.441786,7.500000,PSF-00177_20250904114359_e24,0.000000,0.000000,0.000000,99.660515,92.263596,-0.080172,0.5,0.80,-61.095314,1.000000,28.60,26.90,27.09,28.92,28.92,80.17,156.7,151.8,3.1,1905,3.960,11:33:49,2025-09-04,0.09,1,-0.002,-0.001,0.006,-0.504,-0.156,0.111,0,150,-9999.000,-9999.000000,0.058905,0.000000,0.029230,0.000000,0.000000,-0.000068,standard,0,mpf,7000,500,-9999.000000,-9999.000000,300,300,300,89.317558,25,-2.063679,90.368988,89.287788,1.081200,2.426046,2.421935,1.641377,0.918068,0.250922,0.022206,0.598305,1.746661,99.660515,0.000476,2.381104,-0.000086,1.000000,2.374053,-0.000062,1.000000,0.601405,0.601525,0.107465,0.000000,PSF-00177_20250904114359_e24,PFA-00163,PSA-00175,PSF-00177,RHS-00523,3.0.0,2020-08-19T15:15:59.596Z
233,11:44:25,2025-09-04,Manual gsw+F,LI-COR Default,,233,,,0.004080,2.922195,0.004074,0.180705,1.026948,1.022917,4.461299,3.434351,12.758318,12.808592,55.643478,0.441786,7.500000,PSF-00177_20250904114425_5d6,0.000000,0.000000,0.000000,68.388817,56.265949,-0.215457,0.5,0.80,-163.884918,1.000000,28.40,28.29,27.17,30.80,30.80,80.18,156.8,153.4,2.1,1902,3.958,11:44:13,2025-09-04,0.05,1,0.002,0.004,0.002,-0.097,0.028,-0.205,0,150,-9999.000,-9999.000000,0.058905,0.000000,0.029230,0.000000,0.000000,-0.000068,standard,0,mpf,7000,500,-9999.000000,-9999.000000,300,300,300,56.265949,25,0.139668,56.317806,56.467350,-0.149544,2.428163,2.421688,1.641732,0.922042,0.250119,0.044533,0.600857,1.743614,68.388817,0.000476,2.381104,-0.000086,1.000000,2.374053,-0.000062,1.000000,0.601405,0.601525,0.107465,0.000000,PSF-00177_20250904114425_5d6,PFA-00163,PSA-00175,PSF-00177,RHS-00523,3.0.0,2020-08-19T15:15:59.596Z
234,11:44:50,2025-09-04,Manual gsw+F,LI-COR Default,,234,,,0.092505,2.922613,0.089667,3.310860,1.138662,1.064939,4.004188,2.865526,13.282308,14.201813,49.941696,0.441786,7.500000,PSF-00177_20250904114450_021,0.000000,0.000000,0.000000,101.956490,95.718391,-0.065171,0.5,0.80,-47.428799,1.000000,31.33,29.30,27.26,28.92,28.92,80.18,156.8,95.3,39.2,1819,3.958,11:44:13,2025-09-04,0.05,1,0.002,0.002,-0.002,-0.625,-0.941,12.994,0,150,-9999.000,-9999.000000,0.058905,0.000000,0.029230,0.000000,0.000000,-0.000068,standard,0,mpf,7000,500,-9999.000000,-9999.000000,300,300,300,94.861153,25,-0.742208,94.440933,94.648132,-0.207199,2.429685,2.426064,1.642174,0.786223,0.249245,0.020212,0.603291,1.672878,102.848770,0.000472,2.381104,-0.000086,1.000000,2.374053,-0.000062,1.000000,0.601405,0.601525,0.107465,0.000000,PSF-00177_20250904114450_021,PFA-00163,PSA-00175,PSF-00177,RHS-00523,3.0.0,2020-08-19T15:15:59.596Z
235,11:45:06,2025-09-04,Manual gsw+F,LI-COR Default,,235,,,0.069106,2.921601,0.067509,2.376923,1.072757,1.019745,3.809667,2.736910,12.719069,13.380277,47.517189,0.441786,7.500000,PSF-00177_20250904114506_9b6,0.000000,0.000000,0.000000,104.726318,250.145828,0.581339,0.5,0.80,446.496643,1.000000,29.45,27.99,27.30,28.07,28.07,80.17,156.7,155.4,0.8,1920,3.957,11:44:13,2025-09-04,0.05,1,0.002,0.001,0.004,0.533,0.578,-4.103,0,150,-9999.000,-9999.000000,0.058905,0.000000,0.029230,0.000000,0.000000,-0.000068,standard,0,mpf,7000,500,-9999.000000,-9999.000000,300,300,300,246.452087,25,-2.268703,245.689987,246.874374,-1.184387,2.427691,2.423250,1.641104,0.927039,0.248877,0.009331,0.604812,1.759550,104.726318,0.000476,2.381104,-0.000086,1.000000,2.374053,-0.000062,1.000000,0.601405,0.601525,0.107465,0.000000,PSF-00177_20250904114506_9b6,PFA-00163,PSA-00175,PSF-00177,RHS-00523,3.0.0,2020-08-19T15:15:59.596Z
236,11:45:35,2025-09-04,Manual gsw+F,LI-COR Default,,236,,,0.032967,2.921387,0.032599,1.261373,1.064702,1.036565,4.067355,3.002653,12.930025,13.281007,50.735870,0.441786,7.500000,PSF-00177_20250904114535_3c7,0.000000,0.000000,0.000000,118.763924,114.615196,-0.036197,0.5,0.80,-20.892632,1.000000,29.05,28.29,27.40,29.19,29.19,80.17,156.7,156.5,0.1,1443,3.957,11:44:13,2025-09-04,0.05,1,0.001,0.004,0.003,-0.808,-1.409,20.423,0,150,-9999.000,-9999.000000,0.058905,0.000000,0.029230,0.000000,0.000000,-0.000068,standard,0,mpf,7000,500,-9999.000000,-9999.000000,300,300,300,114.025352,25,-0.517486,113.647697,113.868988,-0.221291,2.428116,2.422635,1.640879,0.929945,0.247861,0.021829,0.607408,1.349015,118.763924,0.000477,2.381104,-0.000086,1.000000,2.374053,-0.000062,1.000000,0.601405,0.601525,0.107465,0.000000,PSF-00177_20250904114535_3c7,PFA-00163,PSA-00175,PSF-00177,RHS-00523,3.0.0,2020-08-19T15:15:59.596Z
237,11:45:53,2025-09-04,Manual gsw+F,LI-COR Default,,237,,,0.018065,2.921844,0.017954,0.652749,1.109514,1.094969,3.932027,2.822513,13.660559,13.842019,49.054993,0.441786,7.500000,PSF-00177_20250904114553_525,0.000000,0.000000,0.000000,164.568192,169.847733,0.031084,0.5,0.80,10.188473,1.000000,30.16,29.76,27.47,28.61,28.61,80.16,156.7,139.0,11.3,819,3.956,11:44:13,2025-09-04,0.05,1,-0.002,-0.003,-0.004,-3.141,-5.361,-3.616,0,150,-9999.000,-9999.000000,0.058905,0.000000,0.029230,0.000000,0.000000,-0.000068,standard,0,mpf,7000,500,-9999.000000,-9999.000000,300,300,300,164.613251,25,-4.628728,160.628922,163.173141,-2.544220,2.430349,2.424282,1.641361,0.886531,0.247207,0.013882,0.609060,0.812509,164.568192,0.000485,2.381104,-0.000086,1.000000,2.374053,-0.000062,1.000000,0.601405,0.601525,0.107465,0.000000,PSF-00177_20250904114553_525,PFA-00163,PSA-00175,PSF-00177,RHS-00523,3.0.0,2020-08-19T15:15:59.596Z
238,11:46:13,2025-09-04,Manual gsw+F,LI-COR Default,,238,,,0.026885,2.922163,0.026640,1.026395,1.111363,1.088490,4.100347,2.988984,13.574986,13.860242,51.137043,0.441786,7.500000,PSF-00177_20250904114613_c94,0.000000,0.000000,0.000000,153.848648,134.909271,-0.140386,0.5,0.80,-108.279846,1.000000,30.09,29.47,27.54,29.33,29.33,80.18,156.8,155.3,0.9,1928,3.956,11:44:13,2025-09-04,0.05,1,0.001,-0.001,0.004,-2.702,-5.410,-8.947,0,150,-9999.000,-9999.000000,0.058905,0.000000,0.029230,0.000000,0.000000,-0.000068,standard,0,mpf,7000,500,-9999.000000,-9999.000000,300,300,300,132.508636,25,-2.277657,130.577805,131.624908,-1.047104,2.429896,2.424170,1.641699,0.926979,0.246555,0.021933,0.610881,1.766545,153.848648,0.000480,2.381104,-0.000086,1.000000,2.374053,-0.000062,1.000000,0.601405,0.601525,0.107465,0.000000,PSF-00177_20250904114613_c94,PFA-00163,PSA-00175,PSF-00177,RHS-00523,3.0.0,2020-08-19T15:15:59.596Z
239,11:47:28,2025-09-04,Manual gsw+F,LI-COR Default,,239,,,0.040105,2.922475,0.039562,1.520770,0.946600,0.912644,3.935382,2.988782,11.380522,11.803949,49.073582,0.441786,7.500000,PSF-00177_20250904114728_9e8,0.000000,0.000000,0.000000,143.529648,146.984665,0.023506,0.5,0.80,11.058140,1.000000,25.29,24.38,27.76,28.63,28.63,80.19,156.8,156.4,0.2,1176,3.954,11:44:13,2025-09-04,0.05,1,-0.000,0.001,0.044,-0.289,-0.367,15.240,0,150,-9999.000,-9999.000000,0.058905,0.000000,0.029230,0.000000,0.000000,-0.000068,standard,0,mpf,7000,500,-9999.000000,-9999.000000,300,300,300,141.944641,25,-4.146159,139.110809,141.005936,-1.895126,2.422023,2.416842,1.642028,0.929738,0.244329,0.010487,0.614806,1.119388,143.529648,0.000474,2.381104,-0.000086,1.000000,2.374053,-0.000062,1.000000,0.601405,0.601525,0.107465,0.000000,PSF-00177_20250904114728_9e8,PFA-00163,PSA-00175,PSF-00177,RHS-00523,3.0.0,2020-08-19T15:15:59.596Z
240,11:48:09,2025-09-04,Manual gsw+F,LI-COR Default,,240,,,0.024205,2.920670,0.024006,0.954906,0.878480,0.857112,3.971635,3.093155,10.689219,10.955702,49.531055,0.441786,7.500000,PSF-00177_20250904114809_9a8,0.000000,0.000000,0.000000,190.834167,157.755737,-0.209681,0.5,0.80,-147.435349,1.000000,23.39,22.82,27.82,28.78,28.78,80.18,156.6,152.9,2.4,1758,3.954,11:44:13,2025-09-04,0.05,1,0.000,0.001,-0.000,-0.127,4.889,28.862,0,150,-9999.000,-9999.000000,0.058905,0.000000,0.029230,0.000000,0.000000,-0.000068,standard,0,mpf,7000,500,-9999.000000,-9999.000000,300,300,300,157.755737,25,3.449611,156.303055,162.730042,-6.426987,2.419562,2.413889,1.640123,0.920764,0.243789,0.011738,0.615427,1.619931,190.834167,0.000473,2.381104,-0.000086,1.000000,2.374053,-0.000062,1.000000,0.601405,0.601525,0.107465,0.000000,PSF-00177_20250904114809_9a8,PFA-00163,PSA-00175,PSF-00177,RHS-00523,3.0.0,2020-08-19T15:15:59.596Z
241,11:48:34,2025-09-04,Manual gsw+F,LI-COR Default,,241,,,0.045552,2.923015,0.044853,1.465040,0.887229,0.854511,3.435640,2.548412,10.657178,11.065220,42.848160,0.441786,7.500000,PSF-00177_20250904114834_a79,0.000000,0.000000,0.000000,98.560806,138.905136,0.290445,0.5,0.80,81.090927,1.000000,23.56,22.69,27.87,26.31,26.31,80.18,156.9,155.6,0.8,698,3.953,11:44:13,2025-09-04,0.05,1,0.001,0.003,0.028,0.584,0.912,7.872,0,150,-9999.000,-9999.000000,0.058905,0.000000,0.029230,0.000000,0.000000,-0.000068,standard,0,mpf,7000,500,-9999.000000,-9999.000000,300,300,300,136.936066,25,-1.572156,135.658981,136.638107,-0.979126,2.419339,2.414138,1.642599,0.927662,0.243303,-0.018666,0.616310,0.708018,98.560806,0.000496,2.381104,-0.000086,1.000000,2.374053,-0.000062,1.000000,0.601405,0.601525,0.107465,0.000000,PSF-00177_20250904114834_a79,PFA-00163,PSA-00175,PSF-00177,RHS-00523,3.0.0,2020-08-19T15:15:59.596Z
242,11:49:08,2025-09-04,Manual gsw+F,LI-COR Default,,242,,,0.050965,2.922608,0.050091,1.925723,0.928830,0.885834,3.918168,2.989338,11.047893,11.584134,48.866390,0.441786,7.500000,PSF-00177_20250904114908_5d2,0.000000,0.000000,0.000000,105.135086,110.692169,0.050203,0.5,0.80,34.024677,1.000000,24.59,23.45,27.92,28.55,28.55,80.18,156.8,148.8,5.1,1694,3.953,11:44:13,2025-09-04,0.05,1,0.001,0.001,0.046,-1.094,-1.455,49.917,0,150,-9999.000,-9999.000000,0.058905,0.000000,0.029230,0.000000,0.000000,-0.000068,standard,0,mpf,7000,500,-9999.000000,-9999.000000,300,300,300,107.813004,25,-2.691288,105.342506,106.811356,-1.468849,2.420537,2.415737,1.642169,0.910551,0.242826,0.007682,0.618675,1.565297,105.135086,0.000478,2.381104,-0.000086,1.000000,2.374053,-0.000062,1.000000,0.601405,0.601525,0.107465,0.000000,PSF-00177_20250904114908_5d2,PFA-00163,PSA-00175,PSF-00177,RHS-00523,3.0.0,2020-08-19T15:15:59.596Z
243,11:49:28,2025-09-04,Manual gsw+F,LI-COR Default,,243,,,0.014013,2.921552,0.013946,0.503871,0.938666,0.927410,3.750510,2.811844,11.568333,11.708742,46.783138,0.441786,7.500000,PSF-00177_20250904114928_b3b,0.000000,0.000000,0.000000,214.379669,265.139771,0.191447,0.5,0.80,52.312897,1.000000,24.79,24.50,27.96,27.80,27.80,80.17,156.7,156.6,0.0,683,3.952,11:44:13,2025-09-04,0.05,1,0.003,0.006,-0.002,-7.104,-3.038,12.735,0,150,-9999.000,-9999.000000,0.058905,0.000000,0.029230,0.000000,0.000000,-0.000068,standard,0,mpf,7000,500,-9999.000000,-9999.000000,300,300,300,253.993393,25,-9.697947,246.903061,251.155426,-4.252365,2.422168,2.416046,1.641052,0.930241,0.242445,-0.001889,0.619706,0.695231,214.379669,0.000488,2.381104,-0.000086,1.000000,2.374053,-0.000062,1.000000,0.601405,0.601525,0.107465,0.000000,PSF-00177_20250904114928_b3b,PFA-00163,PSA-00175,PSF-00177,RHS-00523,3.0.0,2020-08-19T15:15:59.596Z
244,11:49:56,2025-09-04,Manual gsw+F,LI-COR Default,,244,,,0.063691,2.923463,0.062333,2.605624,0.970166,0.912057,4.213623,3.243457,11.374622,12.099321,52.549751,0.441786,7.500000,PSF-00177_20250904114956_d26,0.000000,0.000000,0.000000,114.792465,108.852806,-0.054566,0.5,0.80,-40.789711,1.000000,25.55,24.02,28.01,29.81,29.81,80.18,156.9,143.3,8.7,1869,3.952,11:44:13,2025-09-04,0.05,1,-0.001,-0.000,-0.003,-0.446,-1.112,-2.851,0,150,-9999.000,-9999.000000,0.058905,0.000000,0.029230,0.000000,0.000000,-0.000068,standard,0,mpf,7000,500,-9999.000000,-9999.000000,300,300,300,108.066917,25,-0.698338,107.389214,107.845810,-0.456596,2.421406,2.417197,1.643075,0.896940,0.241928,0.021949,0.621211,1.715414,115.254883,0.000470,2.381104,-0.000086,1.000000,2.374053,-0.000062,1.000000,0.601405,0.601525,0.107465,0.000000,PSF-00177_20250904114956_d26,PFA-00163,PSA-00175,PSF-00177,RHS-00523,3.0.0,2020-08-19T15:15:59.596Z
245,11:50:14,2025-09-04,Manual gsw+F,LI-COR Default,,245,,,-0.308946,2.923283,-0.345455,-4.752990,0.769164,0.875442,1.854296,1.085132,10.918327,9.592841,23.126375,0.441786,7.500000,PSF-00177_20250904115014_c2c,0.000000,0.000000,0.000000,1.813173,1.547319,-0.171816,0.5,0.80,-128.248077,1.000000,20.20,22.99,28.06,16.25,16.25,80.18,156.9,-21.0,113.4,1866,3.952,11:44:13,2025-09-04,0.05,1,0.008,-0.012,-0.096,-0.028,0.033,0.016,0,150,-9999.000,-9999.000000,0.058905,0.000000,0.029230,0.000000,0.000000,-0.000068,standard,0,mpf,7000,500,-9999.000000,-9999.000000,300,300,300,1.444817,25,-0.065022,1.452684,1.453559,-0.000874,2.419787,2.408803,1.642883,0.565403,0.241499,-0.134227,0.621961,1.713041,1.813173,0.000474,2.381104,-0.000086,1.000000,2.374053,-0.000062,1.000000,0.601405,0.601525,0.107465,0.000000,PSF-00177_20250904115014_c2c,PFA-00163,PSA-00175,PSF-00177,RHS-00523,3.0.0,2020-08-19T15:15:59.596Z
246,11:50:26,2025-09-04,Manual gsw+F,LI-COR Default,,246,,,0.020123,2.920889,0.019985,0.894855,0.899664,0.879649,4.372005,3.472341,10.970136,11.219751,54.523464,0.441786,7.500000,PSF-00177_20250904115026_d8b,0.000000,0.000000,0.000000,84.323288,84.682930,0.004247,0.5,0.80,2.861609,1.000000,23.58,23.06,28.09,30.45,30.45,80.19,156.6,151.0,3.6,1685,3.951,11:44:13,2025-09-04,0.05,1,-0.000,0.002,0.003,-1.401,-4.428,-9.471,0,150,-9999.000,-9999.000000,0.058905,0.000000,0.029230,0.000000,0.000000,-0.000068,standard,0,mpf,7000,500,-9999.000000,-9999.000000,300,300,300,83.042267,25,-1.430698,81.898567,82.619873,-0.721306,2.419886,2.414144,1.640353,0.916081,0.241182,0.028957,0.622491,1.556835,84.323288,0.000479,2.381104,-0.000086,1.000000,2.374053,-0.000062,1.000000,0.601405,0.601525,0.107465,0.000000,PSF-00177_20250904115026_d8b,PFA-00163,PSA-00175,PSF-00177,RHS-00523,3.0.0,2020-08-19T15:15:59.596Z
247,11:50:46,2025-09-04,Manual gsw+F,LI-COR Default,,247,,,0.070642,2.922360,0.068975,2.758630,0.940491,0.878896,4.047511,3.107020,10.961539,11.729752,50.480305,0.441786,7.500000,PSF-00177_20250904115046_7cf,0.000000,0.000000,0.000000,101.791260,105.784721,0.037751,0.5,0.80,17.606190,1.000000,24.56,22.95,28.16,29.11,29.11,80.18,156.8,156.6,0.1,1166,3.951,11:44:13,2025-09-04,0.05,1,0.001,0.004,0.010,-0.055,0.266,1.434,0,150,-9999.000,-9999.000000,0.058905,0.000000,0.029230,0.000000,0.000000,-0.000068,standard,0,mpf,7000,500,-9999.000000,-9999.000000,300,300,300,104.508881,25,-1.109283,103.530411,104.185143,-0.654732,2.419709,2.415654,1.641907,0.930062,0.240571,0.011657,0.623428,1.110653,101.791260,0.000479,2.381104,-0.000086,1.000000,2.374053,-0.000062,1.000000,0.601405,0.601525,0.107465,0.000000,PSF-00177_20250904115046_7cf,PFA-00163,PSA-00175,PSF-00177,RHS-00523,3.0.0,2020-08-19T15:15:59.596Z
248,11:51:06,2025-09-04,Manual gsw+F,LI-COR Default,,248,,,0.162351,2.921813,0.153805,5.265153,0.981117,0.863557,3.646878,2.665761,10.769451,12.235556,45.480370,0.441786,7.500000,PSF-00177_20250904115106_242,0.000000,0.000000,0.000000,100.188377,94.951630,-0.055152,0.5,0.80,-39.588806,1.000000,25.56,22.50,28.20,27.32,27.32,80.19,156.7,156.6,0.1,1795,3.951,11:44:13,2025-09-04,0.05,1,0.005,0.006,0.085,-0.170,-0.595,2.324,0,150,-9999.000,-9999.000000,0.058905,0.000000,0.029230,0.000000,0.000000,-0.000068,standard,0,mpf,7000,500,-9999.000000,-9999.000000,300,300,300,92.681412,25,-1.679593,91.726898,92.529671,-0.802773,2.418984,2.417191,1.641328,0.930181,0.240180,-0.010516,0.624267,1.651499,100.618599,0.000486,2.381104,-0.000086,1.000000,2.374053,-0.000062,1.000000,0.601405,0.601525,0.107465,0.000000,PSF-00177_20250904115106_242,PFA-00163,PSA-00175,PSF-00177,RHS-00523,3.0.0,2020-08-19T15:15:59.596Z
249,11:51:35,2025-09-04,Manual gsw+F,LI-COR Default,,249,,,0.003753,2.922615,0.003748,0.108654,0.997288,0.994864,3.260366,2.263078,12.405910,12.436139,40.656624,0.441786,7.500000,PSF-00177_20250904115135_818,0.000000,0.000000,0.000000,128.275040,233.279312,0.450123,0.5,0.80,24.731289,1.000000,25.95,25.88,28.22,25.42,25.42,80.19,156.8,155.8,0.6,137,3.949,11:44:13,2025-09-04,0.05,1,0.003,0.002,-0.005,0.547,5.331,11.163,0,150,-9999.000,-9999.000000,0.058905,0.000000,0.029230,0.000000,0.000000,-0.000068,standard,0,mpf,7000,500,-9999.000000,-9999.000000,300,300,300,229.472275,25,-3.208774,226.424927,228.652283,-2.227356,2.424283,2.417783,1.642176,0.928193,0.239973,-0.033295,0.625073,0.225649,128.562210,0.000487,2.381104,-0.000086,1.000000,2.374053,-0.000062,1.000000,0.601405,0.601525,0.107465,0.000000,PSF-00177_20250904115135_818,PFA-00163,PSA-00175,PSF-00177,RHS-00523,3.0.0,2020-08-19T15:15:59.596Z
250,11:51:57,2025-09-04,Manual gsw+F,LI-COR Default,,250,,,0.050953,2.921229,0.050079,1.232429,0.957328,0.929788,2.883488,1.926160,11.594926,11.938363,35.958542,0.441786,7.500000,PSF-00177_20250904115157_5a5,0.000000,0.000000,0.000000,109.766006,316.375153,0.653051,0.5,0.80,29.775314,1.000000,24.93,24.21,28.20,23.37,23.37,80.19,156.6,156.3,0.2,114,3.949,11:44:13,2025-09-04,0.05,1,0.000,0.002,0.016,0.315,1.988,15.145,0,150,-9999.000,-9999.000000,0.058905,0.000000,0.029230,0.000000,0.000000,-0.000068,standard,0,mpf,7000,500,-9999.000000,-9999.000000,300,300,300,307.548157,25,-6.159700,303.822052,307.492920,-3.670868,2.421686,2.416221,1.640712,0.929367,0.240120,-0.056928,0.625657,0.205539,109.766006,0.000491,2.381104,-0.000086,1.000000,2.374053,-0.000062,1.000000,0.601405,0.601525,0.107465,0.000000,PSF-00177_20250904115157_5a5,PFA-00163,PSA-00175,PSF-00177,RHS-00523,3.0.0,2020-08-19T15:15:59.596Z
251,11:52:14,2025-09-04,Manual gsw+F,LI-COR Default,,251,,,0.007481,2.922785,0.007462,0.214346,0.985750,0.980967,3.228606,2.242856,12.232964,12.292601,40.261700,0.441786,7.500000,PSF-00177_20250904115214_9c2,0.000000,0.000000,0.000000,114.487411,233.638153,0.509980,0.5,0.80,21.027653,1.000000,25.70,25.58,28.18,25.26,25.26,80.19,156.8,155.4,0.9,103,3.949,11:44:13,2025-09-04,0.05,1,0.002,0.003,0.007,-0.205,-0.498,-2.511,0,150,-9999.000,-9999.000000,0.058905,0.000000,0.029230,0.000000,0.000000,-0.000068,standard,0,mpf,7000,500,-9999.000000,-9999.000000,300,300,300,229.341385,25,-3.187287,227.536804,229.042114,-1.505310,2.423817,2.417416,1.642356,0.927213,0.240334,-0.034767,0.626067,0.196156,114.487411,0.000495,2.381104,-0.000086,1.000000,2.374053,-0.000062,1.000000,0.601405,0.601525,0.107465,0.000000,PSF-00177_20250904115214_9c2,PFA-00163,PSA-00175,PSF-00177,RHS-00523,3.0.0,2020-08-19T15:15:59.596Z
252,11:52:37,2025-09-04,Manual gsw+F,LI-COR Default,,252,,,0.000072,2.921955,0.000072,0.002051,0.993934,0.993888,3.221590,2.227656,12.394093,12.394664,40.174213,0.441786,7.500000,PSF-00177_20250904115237_77e,0.000000,0.000000,0.000000,89.215279,137.755615,0.352366,0.5,0.80,13.392492,1.000000,25.97,25.97,28.15,25.22,25.22,80.19,156.7,146.8,6.4,95,3.949,11:44:13,2025-09-04,0.05,1,-0.000,-0.001,0.002,3.976,-1.567,-10.840,0,150,-9999.000,-9999.000000,0.058905,0.000000,0.029230,0.000000,0.000000,-0.000068,standard,0,mpf,7000,500,-9999.000000,-9999.000000,300,300,300,134.279602,25,-2.784399,132.251495,133.740540,-1.489044,2.424423,2.417826,1.641479,0.905475,0.240652,-0.034791,0.626196,0.189219,89.215279,0.000481,2.381104,-0.000086,1.000000,2.374053,-0.000062,1.000000,0.601405,0.601525,0.107465,0.000000,PSF-00177_20250904115237_77e,PFA-00163,PSA-00175,PSF-00177,RHS-00523,3.0.0,2020-08-19T15:15:59.596Z
253,11:52:54,2025-09-04,Manual gsw+F,LI-COR Default,,253,,,0.018537,2.921399,0.018420,0.507534,0.971328,0.959990,3.124317,2.152990,11.972005,12.113393,38.963257,0.441786,7.500000,PSF-00177_20250904115254_3cf,0.000000,0.000000,0.000000,142.163162,334.296112,0.574739,0.5,0.80,26.526087,1.000000,25.43,25.13,28.11,24.71,24.71,80.19,156.7,154.8,1.2,115,3.948,11:44:13,2025-09-04,0.05,1,-0.001,-0.000,0.002,0.127,-0.511,-0.010,0,150,-9999.000,-9999.000000,0.058905,0.000000,0.029230,0.000000,0.000000,-0.000068,standard,0,mpf,7000,500,-9999.000000,-9999.000000,300,300,300,324.174652,25,-7.744390,318.815247,323.128784,-4.313538,2.423135,2.417004,1.640891,0.925615,0.240986,-0.040375,0.626306,0.206741,142.163162,0.000494,2.381104,-0.000086,1.000000,2.374053,-0.000062,1.000000,0.601405,0.601525,0.107465,0.000000,PSF-00177_20250904115254_3cf,PFA-00163,PSA-00175,PSF-00177,RHS-00523,3.0.0,2020-08-19T15:15:59.596Z
254,11:54:15,2025-09-04,Manual gsw+F,LI-COR Default,,254,,,0.014733,2.921872,0.014659,0.413072,0.963051,0.953826,3.164498,2.201447,11.894611,12.009654,39.462624,0.441786,7.500000,PSF-00177_20250904115415_55a,0.000000,0.000000,0.000000,104.048965,260.611267,0.600750,0.5,0.80,29.926977,1.000000,25.45,25.21,27.95,24.92,24.92,80.19,156.7,155.6,0.7,125,3.947,11:44:13,2025-09-04,0.05,1,-0.000,-0.001,-0.020,-0.058,-0.112,7.165,0,150,-9999.000,-9999.000000,0.058905,0.000000,0.029230,0.000000,0.000000,-0.000068,standard,0,mpf,7000,500,-9999.000000,-9999.000000,300,300,300,252.188080,25,-5.984220,249.522690,251.982071,-2.459381,2.423275,2.417059,1.641391,0.927671,0.242522,-0.035945,0.626452,0.214620,104.048965,0.000489,2.381104,-0.000086,1.000000,2.374053,-0.000062,1.000000,0.601405,0.601525,0.107465,0.000000,PSF-00177_20250904115415_55a,PFA-00163,PSA-00175,PSF-00177,RHS-00523,3.0.0,2020-08-19T15:15:59.596Z
255,11:54:57,2025-09-04,Manual gsw+F,LI-COR Default,,255,,,0.005513,2.922937,0.005502,0.155576,0.907826,0.904352,3.117970,2.210145,11.278709,11.322032,38.886044,0.441786,7.500000,PSF-00177_20250904115457_a0c,0.000000,0.000000,0.000000,97.595573,241.380325,0.595677,0.5,0.80,17.968739,1.000000,24.08,23.99,27.89,24.67,24.67,80.18,156.9,136.6,12.9,75,3.946,11:54:30,2025-09-04,0.08,1,-0.001,-0.001,0.035,0.132,0.204,18.312,0,150,-9999.000,-9999.000000,0.058905,0.000000,0.029230,0.000000,0.000000,-0.000068,standard,0,mpf,7000,500,-9999.000000,-9999.000000,300,300,300,229.972595,25,-10.276314,221.623779,226.561966,-4.938187,2.421389,2.414914,1.642517,0.880517,0.243159,-0.038042,0.626676,0.172351,97.595573,0.000491,2.381104,-0.000086,1.000000,2.374053,-0.000062,1.000000,0.601405,0.601525,0.107465,0.000000,PSF-00177_20250904115457_a0c,PFA-00163,PSA-00175,PSF-00177,RHS-00523,3.0.0,2020-08-19T15:15:59.596Z
256,11:55:24,2025-09-04,Manual gsw+F,LI-COR Default,,256,,,0.050918,2.920958,0.050045,1.348534,0.901217,0.871059,3.009023,2.107805,10.864102,11.240240,37.529396,0.441786,7.500000,PSF-00177_20250904115524_761,0.000000,0.000000,0.000000,96.050621,266.823639,0.640022,0.5,0.80,33.931305,1.000000,24.00,23.20,27.82,24.08,24.08,80.18,156.6,151.3,3.4,133,3.946,11:54:30,2025-09-04,0.08,1,-0.000,0.002,0.016,0.061,0.174,-0.546,0,150,-9999.000,-9999.000000,0.058905,0.000000,0.029230,0.000000,0.000000,-0.000068,standard,0,mpf,7000,500,-9999.000000,-9999.000000,300,300,300,259.284851,25,-5.477478,255.966064,258.925171,-2.959106,2.420155,2.414798,1.640426,0.916812,0.243812,-0.044124,0.626831,0.221503,96.291664,0.000494,2.381104,-0.000086,1.000000,2.374053,-0.000062,1.000000,0.601405,0.601525,0.107465,0.000000,PSF-00177_20250904115524_761,PFA-00163,PSA-00175,PSF-00177,RHS-00523,3.0.0,2020-08-19T15:15:59.596Z
257,11:55:55,2025-09-04,Manual gsw+F,LI-COR Default,,257,,,0.012600,2.923433,0.012545,0.361370,0.858139,0.850069,3.110525,2.252386,10.602142,10.702794,38.794762,0.441786,7.500000,PSF-00177_20250904115555_fb4,0.000000,0.000000,0.000000,141.368149,262.753204,0.461974,0.5,0.80,21.327595,1.000000,22.98,22.76,27.73,24.63,24.63,80.18,156.9,147.1,6.3,115,3.945,11:54:30,2025-09-04,0.08,1,0.001,0.002,0.037,0.540,-2.799,0.196,0,150,-9999.000,-9999.000000,0.058905,0.000000,0.029230,0.000000,0.000000,-0.000068,standard,0,mpf,7000,500,-9999.000000,-9999.000000,300,300,300,255.440002,25,-5.151587,253.436920,255.324661,-1.887741,2.419479,2.413212,1.643043,0.906291,0.244706,-0.036583,0.626707,0.206769,141.368149,0.000492,2.381104,-0.000086,1.000000,2.374053,-0.000062,1.000000,0.601405,0.601525,0.107465,0.000000,PSF-00177_20250904115555_fb4,PFA-00163,PSA-00175,PSF-00177,RHS-00523,3.0.0,2020-08-19T15:15:59.596Z
258,11:56:57,2025-09-04,Manual gsw+F,LI-COR Default,,258,,,0.048621,2.922262,0.047825,1.193526,0.868946,0.842271,2.823867,1.954920,10.504583,10.837277,35.218540,0.441786,7.500000,PSF-00177_20250904115657_531,0.000000,0.000000,0.000000,98.873734,252.873108,0.608999,0.5,0.80,29.010254,1.000000,23.50,22.78,27.55,23.02,23.02,80.18,156.8,156.3,0.3,119,3.944,11:54:30,2025-09-04,0.08,1,0.002,0.002,0.075,0.024,0.137,25.987,0,150,-9999.000,-9999.000000,0.058905,0.000000,0.029230,0.000000,0.000000,-0.000068,standard,0,mpf,7000,500,-9999.000000,-9999.000000,300,300,300,246.181015,25,-4.705724,243.914368,246.087494,-2.173126,2.419537,2.414059,1.641803,0.929503,0.246382,-0.053086,0.626195,0.209931,98.909142,0.000503,2.381104,-0.000086,1.000000,2.374053,-0.000062,1.000000,0.601405,0.601525,0.107465,0.000000,PSF-00177_20250904115657_531,PFA-00163,PSA-00175,PSF-00177,RHS-00523,3.0.0,2020-08-19T15:15:59.596Z
259,11:57:21,2025-09-04,Manual gsw+F,LI-COR Default,,259,,,0.059934,2.922374,0.058730,1.637403,0.902905,0.866329,3.082709,2.179804,10.805202,11.261391,38.448792,0.441786,7.500000,PSF-00177_20250904115721_0ec,0.000000,0.000000,0.000000,96.024513,263.238464,0.635219,0.5,0.80,39.556770,1.000000,24.51,23.52,27.49,24.48,24.48,80.18,156.8,128.1,18.3,156,3.943,11:54:30,2025-09-04,0.08,1,0.000,-0.001,0.039,0.273,0.288,1.607,0,150,-9999.000,-9999.000000,0.058905,0.000000,0.029230,0.000000,0.000000,-0.000068,standard,0,mpf,7000,500,-9999.000000,-9999.000000,300,300,300,259.384277,25,-2.693078,258.447296,259.355072,-0.907776,2.420709,2.415636,1.641921,0.860385,0.246986,-0.035521,0.626201,0.241415,96.024513,0.000489,2.381104,-0.000086,1.000000,2.374053,-0.000062,1.000000,0.601405,0.601525,0.107465,0.000000,PSF-00177_20250904115721_0ec,PFA-00163,PSA-00175,PSF-00177,RHS-00523,3.0.0,2020-08-19T15:15:59.596Z
260,11:58:14,2025-09-04,Manual gsw+F,LI-COR Default,,260,,,0.036615,2.922884,0.036162,1.280529,0.913552,0.884970,3.670838,2.757286,11.040498,11.397066,45.795738,0.441786,7.500000,PSF-00177_20250904115814_a66,0.000000,0.000000,0.000000,107.545135,97.155869,-0.106934,0.5,0.80,-61.682915,1.000000,24.98,24.20,27.37,27.43,27.43,80.16,156.8,145.6,7.2,1442,3.942,11:54:30,2025-09-04,0.08,1,0.004,0.003,0.050,-0.238,-0.754,52.682,0,150,-9999.000,-9999.000000,0.058905,0.000000,0.029230,0.000000,0.000000,-0.000068,standard,0,mpf,7000,500,-9999.000000,-9999.000000,300,300,300,96.132515,25,-0.637457,95.784187,96.236664,-0.452477,2.421800,2.416383,1.642460,0.902593,0.248205,0.000843,0.625121,1.348239,107.809425,0.000487,2.381104,-0.000086,1.000000,2.374053,-0.000062,1.000000,0.601405,0.601525,0.107465,0.000000,PSF-00177_20250904115814_a66,PFA-00163,PSA-00175,PSF-00177,RHS-00523,3.0.0,2020-08-19T15:15:59.596Z
261,11:58:58,2025-09-04,Manual gsw+F,LI-COR Default,,261,,,0.008187,2.921035,0.008164,0.269575,0.893718,0.887691,3.468177,2.574459,11.075063,11.150256,43.269863,0.441786,7.500000,PSF-00177_20250904115858_639,0.000000,0.000000,0.000000,102.993607,266.838043,0.614022,0.5,0.80,43.596287,1.000000,24.52,24.35,27.31,26.46,26.46,80.15,156.6,156.3,0.2,178,3.941,11:54:30,2025-09-04,0.08,1,0.005,0.002,-0.004,1.039,1.381,1.228,0,150,-9999.000,-9999.000000,0.058905,0.000000,0.029230,0.000000,0.000000,-0.000068,standard,0,mpf,7000,500,-9999.000000,-9999.000000,300,300,300,263.779877,25,-2.997482,260.791168,262.515686,-1.724518,2.422050,2.415675,1.640507,0.929440,0.248757,-0.010036,0.626166,0.260190,102.993607,0.000507,2.381104,-0.000086,1.000000,2.374053,-0.000062,1.000000,0.601405,0.601525,0.107465,0.000000,PSF-00177_20250904115858_639,PFA-00163,PSA-00175,PSF-00177,RHS-00523,3.0.0,2020-08-19T15:15:59.596Z
262,11:59:25,2025-09-04,Manual gsw+F,LI-COR Default,,262,,,0.030302,2.921284,0.029991,1.001374,0.872557,0.850169,3.475990,2.603434,10.607721,10.887055,43.370594,0.441786,7.500000,PSF-00177_20250904115925_0c2,0.000000,0.000000,0.000000,78.940987,204.596176,0.614162,0.5,0.80,23.980061,1.000000,23.95,23.34,27.30,26.50,26.50,80.15,156.6,156.8,-0.1,98,3.941,11:54:30,2025-09-04,0.08,1,-0.002,0.000,0.030,-0.368,1.514,14.721,0,150,-9999.000,-9999.000000,0.058905,0.000000,0.029230,0.000000,0.000000,-0.000068,standard,0,mpf,7000,500,-9999.000000,-9999.000000,300,300,300,201.380615,25,-2.540876,199.750549,200.932251,-1.181702,2.420453,2.414793,1.640771,0.930556,0.248847,-0.009473,0.627439,0.191452,78.940987,0.000498,2.381104,-0.000086,1.000000,2.374053,-0.000062,1.000000,0.601405,0.601525,0.107465,0.000000,PSF-00177_20250904115925_0c2,PFA-00163,PSA-00175,PSF-00177,RHS-00523,3.0.0,2020-08-19T15:15:59.596Z
263,11:59:45,2025-09-04,Manual gsw+F,LI-COR Default,,263,,,0.060202,2.921583,0.058986,2.166893,0.960554,0.912169,3.817330,2.856776,11.380096,11.983740,47.624508,0.441786,7.500000,PSF-00177_20250904115945_6fc,0.000000,0.000000,0.000000,65.904739,133.197174,0.505209,0.5,0.80,292.556122,1.000000,26.35,25.03,27.31,28.10,28.10,80.15,156.7,153.3,2.1,1448,3.941,11:54:30,2025-09-04,0.08,1,-0.001,0.000,-0.001,0.379,0.642,0.608,0,150,-9999.000,-9999.000000,0.058905,0.000000,0.029230,0.000000,0.000000,-0.000068,standard,0,mpf,7000,500,-9999.000000,-9999.000000,300,300,300,129.769562,25,-2.368978,128.869049,129.781128,-0.912079,2.423105,2.418509,1.641086,0.921857,0.248777,0.009627,0.628767,1.353074,65.904739,0.000497,2.381104,-0.000086,1.000000,2.374053,-0.000062,1.000000,0.601405,0.601525,0.107465,0.000000,PSF-00177_20250904115945_6fc,PFA-00163,PSA-00175,PSF-00177,RHS-00523,3.0.0,2020-08-19T15:15:59.596Z
264,12:00:15,2025-09-04,Manual gsw+F,LI-COR Default,,264,,,0.054805,2.922384,0.053796,1.605749,0.915337,0.879484,3.245782,2.330445,10.972224,11.419518,40.493568,0.441786,7.500000,PSF-00177_20250904120015_558,0.000000,0.000000,0.000000,115.547058,301.661102,0.616964,0.5,0.80,229.118820,1.000000,25.08,24.10,27.33,25.35,25.35,80.16,156.8,154.5,1.4,928,3.940,11:54:30,2025-09-04,0.08,1,0.002,0.000,0.009,0.099,0.691,3.094,0,150,-9999.000,-9999.000000,0.058905,0.000000,0.029230,0.000000,0.000000,-0.000068,standard,0,mpf,7000,500,-9999.000000,-9999.000000,300,300,300,291.081543,25,-8.192043,285.752899,289.848236,-4.095337,2.421647,2.416543,1.641931,0.924898,0.248547,-0.023516,0.631214,0.906277,115.547058,0.000499,2.381104,-0.000086,1.000000,2.374053,-0.000062,1.000000,0.601405,0.601525,0.107465,0.000000,PSF-00177_20250904120015_558,PFA-00163,PSA-00175,PSF-00177,RHS-00523,3.0.0,2020-08-19T15:15:59.596Z
265,12:00:38,2025-09-04,Manual gsw+F,LI-COR Default,,265,,,0.037235,2.920727,0.036766,1.282812,0.939046,0.910371,3.655955,2.716909,11.356104,11.713804,45.604942,0.441786,7.500000,PSF-00177_20250904120038_da8,0.000000,0.000000,0.000000,57.931423,91.673759,0.368070,0.5,0.80,252.580444,1.000000,25.69,24.91,27.36,27.36,27.36,80.17,156.6,156.6,-0.0,1716,3.939,11:54:30,2025-09-04,0.08,1,-0.000,-0.002,0.017,-1.232,1.981,35.726,0,150,-9999.000,-9999.000000,0.058905,0.000000,0.029230,0.000000,0.000000,-0.000068,standard,0,mpf,7000,500,-9999.000000,-9999.000000,300,300,300,75.348618,25,-14.015556,65.689804,71.463455,-5.773651,2.422908,2.417481,1.640183,0.930165,0.248294,0.000118,0.633297,1.583556,79.384445,0.000503,2.381104,-0.000086,1.000000,2.374053,-0.000062,1.000000,0.601405,0.601525,0.107465,0.000000,PSF-00177_20250904120038_da8,PFA-00163,PSA-00175,PSF-00177,RHS-00523,3.0.0,2020-08-19T15:15:59.596Z
266,12:01:06,2025-09-04,Manual gsw+F,LI-COR Default,,266,,,0.060058,2.922089,0.058849,1.797744,0.924754,0.884607,3.308919,2.384165,11.035271,11.536105,41.278027,0.441786,7.500000,PSF-00177_20250904120106_48e,0.000000,0.000000,0.000000,70.065018,209.802231,0.666043,0.5,0.80,251.591721,1.000000,25.24,24.14,27.40,25.67,25.67,80.16,156.7,156.7,0.0,944,3.939,11:54:30,2025-09-04,0.08,1,0.003,0.001,0.006,0.260,0.908,3.265,0,150,-9999.000,-9999.000000,0.058905,0.000000,0.029230,0.000000,0.000000,-0.000068,standard,0,mpf,7000,500,-9999.000000,-9999.000000,300,300,300,202.069397,25,-6.918919,196.342712,199.825211,-3.482498,2.421708,2.416779,1.641620,0.930434,0.247891,-0.020500,0.635861,0.919992,70.065018,0.000494,2.381104,-0.000086,1.000000,2.374053,-0.000062,1.000000,0.601405,0.601525,0.107465,0.000000,PSF-00177_20250904120106_48e,PFA-00163,PSA-00175,PSF-00177,RHS-00523,3.0.0,2020-08-19T15:15:59.596Z
267,12:01:37,2025-09-04,Manual gsw+F,LI-COR Default,,267,,,0.113859,2.922044,0.109589,3.652798,0.997334,0.915833,3.592698,2.595364,11.425130,12.441869,44.819363,0.441786,7.500000,PSF-00177_20250904120137_9cc,0.000000,0.000000,0.000000,78.996422,162.813446,0.514804,0.5,0.80,191.620392,1.000000,27.13,24.91,27.46,27.06,27.06,80.16,156.7,0.1,99.9,931,3.939,11:54:30,2025-09-04,0.08,1,-0.003,-0.005,0.015,0.187,0.533,1.177,0,150,-9999.000,-9999.000000,0.058905,0.000000,0.029230,0.000000,0.000000,-0.000068,standard,0,mpf,7000,500,-9999.000000,-9999.000000,300,300,300,155.152557,25,-5.903643,151.659607,154.300446,-2.640839,2.422902,2.419671,1.641572,0.601678,0.247335,-0.004625,0.638807,0.908116,78.996422,0.000490,2.381104,-0.000086,1.000000,2.374053,-0.000062,1.000000,0.601405,0.601525,0.107465,0.000000,PSF-00177_20250904120137_9cc,PFA-00163,PSA-00175,PSF-00177,RHS-00523,3.0.0,2020-08-19T15:15:59.596Z
268,12:02:02,2025-09-04,Manual gsw+F,LI-COR Default,,268,,,0.015434,2.922437,0.015353,0.532972,1.001846,0.989959,3.702982,2.701135,12.349669,12.497965,46.194450,0.441786,7.500000,PSF-00177_20250904120202_610,0.000000,0.000000,0.000000,215.241196,266.323120,0.191804,0.5,0.80,56.229504,1.000000,27.13,26.81,27.53,27.58,27.58,80.16,156.8,113.2,27.8,733,3.882,11:54:30,2025-09-04,0.08,1,0.001,0.001,-0.005,-3.407,-1.191,48.592,0,150,-9999.000,-9999.000000,0.058905,0.000000,0.029230,0.000000,0.000000,-0.000068,standard,0,mpf,7000,500,-9999.000000,-9999.000000,300,300,300,258.710876,25,-7.380897,252.012131,255.679932,-3.667801,2.425826,2.419658,1.641988,0.825946,0.246577,0.000635,0.641401,0.738058,221.014740,0.000485,2.381104,-0.000086,1.000000,2.374053,-0.000062,1.000000,0.601405,0.601525,0.107465,0.000000,PSF-00177_20250904120202_610,PFA-00163,PSA-00175,PSF-00177,RHS-00523,3.0.0,2020-08-19T15:15:59.596Z
269,12:02:28,2025-09-04,Manual gsw+F,LI-COR Default,,269,,,0.043896,2.922332,0.043246,1.426605,0.905640,0.873780,3.477656,2.572016,10.900480,11.297938,43.384060,0.441786,7.500000,PSF-00177_20250904120228_11f,0.000000,0.000000,0.000000,85.357544,127.539444,0.330736,0.5,0.80,16.256382,1.000000,24.41,23.55,27.61,26.51,26.51,80.16,156.8,156.7,0.1,123,3.938,11:54:30,2025-09-04,0.08,1,-0.002,-0.001,0.047,0.979,1.547,4.562,0,150,-9999.000,-9999.000000,0.058905,0.000000,0.029230,0.000000,0.000000,-0.000068,standard,0,mpf,7000,500,-9999.000000,-9999.000000,300,300,300,122.206810,25,-4.181076,119.414452,121.510368,-2.095917,2.420747,2.415467,1.641877,0.930327,0.245817,-0.013093,0.643887,0.213192,85.357544,0.000483,2.381104,-0.000086,1.000000,2.374053,-0.000062,1.000000,0.601405,0.601525,0.107465,0.000000,PSF-00177_20250904120228_11f,PFA-00163,PSA-00175,PSF-00177,RHS-00523,3.0.0,2020-08-19T15:15:59.596Z
270,12:02:49,2025-09-04,Manual gsw+F,LI-COR Default,,270,,,0.029238,2.922661,0.028948,0.981751,0.925631,0.903717,3.568046,2.642414,11.273702,11.547081,44.510715,0.441786,7.500000,PSF-00177_20250904120249_8d0,0.000000,0.000000,0.000000,156.280518,194.707901,0.197359,0.5,0.80,65.818115,1.000000,24.86,24.27,27.67,26.95,26.95,80.16,156.8,156.3,0.3,834,3.937,11:54:30,2025-09-04,0.08,1,0.001,0.003,-0.001,-0.263,-0.274,12.297,0,150,-9999.000,-9999.000000,0.058905,0.000000,0.029230,0.000000,0.000000,-0.000068,standard,0,mpf,7000,500,-9999.000000,-9999.000000,300,300,300,189.016342,25,-4.723630,185.666077,187.896469,-2.230392,2.421865,2.416152,1.642225,0.929488,0.245210,-0.008649,0.645787,0.824816,156.280518,0.000492,2.381104,-0.000086,1.000000,2.374053,-0.000062,1.000000,0.601405,0.601525,0.107465,0.000000,PSF-00177_20250904120249_8d0,PFA-00163,PSA-00175,PSF-00177,RHS-00523,3.0.0,2020-08-19T15:15:59.596Z
271,12:03:10,2025-09-04,Manual gsw+F,LI-COR Default,,271,,,0.062721,2.921741,0.061403,1.825851,0.891104,0.850297,3.213892,2.322788,10.606606,11.115627,40.090080,0.441786,7.500000,PSF-00177_20250904120310_a9f,0.000000,0.000000,0.000000,112.214325,206.758148,0.457268,0.5,0.80,122.095459,1.000000,23.85,22.76,27.73,25.18,25.18,80.17,156.7,154.8,1.2,668,3.936,11:54:30,2025-09-04,0.08,1,0.002,0.003,0.071,6.614,11.171,62.363,0,150,-9999.000,-9999.000000,0.058905,0.000000,0.029230,0.000000,0.000000,-0.000068,standard,0,mpf,7000,500,-9999.000000,-9999.000000,300,300,300,200.902817,25,-3.935762,199.926849,201.082809,-1.155960,2.419468,2.414571,1.641252,0.925642,0.244616,-0.030293,0.647514,0.681810,112.214325,0.000486,2.381104,-0.000086,1.000000,2.374053,-0.000062,1.000000,0.601405,0.601525,0.107465,0.000000,PSF-00177_20250904120310_a9f,PFA-00163,PSA-00175,PSF-00177,RHS-00523,3.0.0,2020-08-19T15:15:59.596Z
272,12:03:31,2025-09-04,Manual gsw+F,LI-COR Default,,272,,,0.184166,2.922820,0.173249,5.702270,1.000252,0.873102,3.563564,2.563312,10.891753,12.477920,44.454662,0.441786,7.500000,PSF-00177_20250904120331_719,0.000000,0.000000,0.000000,121.078491,127.520081,0.050514,0.5,0.80,38.839043,1.000000,26.69,23.30,27.79,26.93,26.93,80.16,156.8,156.5,0.2,1922,3.935,11:54:30,2025-09-04,0.08,1,-0.000,0.003,0.035,0.871,1.987,5.974,0,150,-9999.000,-9999.000000,0.058905,0.000000,0.029230,0.000000,0.000000,-0.000068,standard,0,mpf,7000,500,-9999.000000,-9999.000000,300,300,300,127.520081,25,-0.104751,127.454285,127.369034,0.085251,2.420313,2.418946,1.642393,0.929787,0.244119,-0.010262,0.649197,1.761321,121.078491,0.000482,2.381104,-0.000086,1.000000,2.374053,-0.000062,1.000000,0.601405,0.601525,0.107465,0.000000,PSF-00177_20250904120331_719,PFA-00163,PSA-00175,PSF-00177,RHS-00523,3.0.0,2020-08-19T15:15:59.596Z
273,12:03:59,2025-09-04,Manual gsw+F,LI-COR Default,,273,,,0.056763,2.920683,0.055680,1.673160,0.969537,0.932148,3.314116,2.344580,11.627692,12.094074,41.340542,0.441786,7.500000,PSF-00177_20250904120359_d5c,0.000000,0.000000,0.000000,74.747444,248.237015,0.698887,0.5,0.80,186.336029,1.000000,25.77,24.77,27.86,25.70,25.70,80.17,156.6,156.0,0.4,667,3.935,11:54:30,2025-09-04,0.08,1,-0.000,-0.001,-0.001,0.387,0.425,1.059,0,150,-9999.000,-9999.000000,0.058905,0.000000,0.029230,0.000000,0.000000,-0.000068,standard,0,mpf,7000,500,-9999.000000,-9999.000000,300,300,300,238.244888,25,-7.853618,233.648651,236.912170,-3.263519,2.422616,2.417520,1.640136,0.928571,0.243452,-0.025672,0.651355,0.680965,74.747444,0.000486,2.381104,-0.000086,1.000000,2.374053,-0.000062,1.000000,0.601405,0.601525,0.107465,0.000000,PSF-00177_20250904120359_d5c,PFA-00163,PSA-00175,PSF-00177,RHS-00523,3.0.0,2020-08-19T15:15:59.596Z
274,12:04:16,2025-09-04,Manual gsw+F,LI-COR Default,,274,,,0.030047,2.921745,0.029741,0.974719,0.942661,0.920889,3.497429,2.554769,11.486309,11.757870,43.623669,0.441786,7.500000,PSF-00177_20250904120416_180,0.000000,0.000000,0.000000,118.447426,296.965942,0.601141,0.5,0.80,261.332275,1.000000,24.99,24.41,27.90,26.61,26.61,80.17,156.7,132.2,15.6,1087,3.935,11:54:30,2025-09-04,0.08,1,0.004,0.004,0.001,-3.365,-11.145,-53.273,0,150,-9999.000,-9999.000000,0.058905,0.000000,0.029230,0.000000,0.000000,-0.000068,standard,0,mpf,7000,500,-9999.000000,-9999.000000,300,300,300,292.214508,25,-3.711936,290.286194,291.613373,-1.327179,2.422043,2.416313,1.641257,0.870148,0.243028,-0.015421,0.652490,1.042569,118.447426,0.000481,2.381104,-0.000086,1.000000,2.374053,-0.000062,1.000000,0.601405,0.601525,0.107465,0.000000,PSF-00177_20250904120416_180,PFA-00163,PSA-00175,PSF-00177,RHS-00523,3.0.0,2020-08-19T15:15:59.596Z
275,12:04:33,2025-09-04,Manual gsw+F,LI-COR Default,,275,,,0.123350,2.923035,0.118356,4.034545,1.029181,0.939257,3.681757,2.652576,11.715777,12.837441,45.924236,0.441786,7.500000,PSF-00177_20250904120433_873,0.000000,0.000000,0.000000,75.711967,126.375832,0.400898,0.5,0.80,217.066132,1.000000,27.21,24.83,27.94,27.48,27.48,80.17,156.9,45.1,71.2,1354,3.935,11:54:30,2025-09-04,0.08,1,-0.003,-0.003,0.031,1.646,3.469,7.857,0,150,-9999.000,-9999.000000,0.058905,0.000000,0.029230,0.000000,0.000000,-0.000068,standard,0,mpf,7000,500,-9999.000000,-9999.000000,300,300,300,122.532249,25,-3.430810,119.734169,121.428635,-1.694466,2.422699,2.419718,1.642621,0.684150,0.242615,-0.005484,0.653565,1.272131,75.711967,0.000494,2.381104,-0.000086,1.000000,2.374053,-0.000062,1.000000,0.601405,0.601525,0.107465,0.000000,PSF-00177_20250904120433_873,PFA-00163,PSA-00175,PSF-00177,RHS-00523,3.0.0,2020-08-19T15:15:59.596Z
276,12:05:05,2025-09-04,Manual gsw+F,LI-COR Default,,276,,,0.043808,2.921664,0.043161,1.464086,0.988902,0.956217,3.630111,2.641210,11.927067,12.334755,45.279045,0.441786,7.500000,PSF-00177_20250904120505_965,0.000000,0.000000,0.000000,113.047241,184.688660,0.387904,0.5,0.80,156.593658,1.000000,25.97,25.11,28.06,27.24,27.24,80.17,156.7,154.8,1.2,1009,3.933,12:04:56,2025-09-04,0.04,1,0.001,0.003,-0.002,-6.733,-13.136,39.817,0,150,-9999.000,-9999.000000,0.058905,0.000000,0.029230,0.000000,0.000000,-0.000068,standard,0,mpf,7000,500,-9999.000000,-9999.000000,300,300,300,180.646774,25,-2.988529,179.137589,180.379227,-1.241638,2.423109,2.417851,1.641171,0.925551,0.241485,-0.009801,0.655537,0.975813,113.047241,0.000484,2.381104,-0.000086,1.000000,2.374053,-0.000062,1.000000,0.601405,0.601525,0.107465,0.000000,PSF-00177_20250904120505_965,PFA-00163,PSA-00175,PSF-00177,RHS-00523,3.0.0,2020-08-19T15:15:59.596Z
277,12:05:29,2025-09-04,Manual gsw+F,LI-COR Default,,277,,,0.036807,2.922301,0.036349,1.577432,1.011923,0.976732,4.374511,3.362588,12.181973,12.620873,54.559654,0.441786,7.500000,PSF-00177_20250904120529_493,0.000000,0.000000,0.000000,114.093658,99.052193,-0.151854,0.5,0.80,-117.520065,1.000000,26.42,25.50,28.16,30.46,30.46,80.18,156.8,152.2,2.9,1935,3.930,12:04:56,2025-09-04,0.04,1,0.001,0.003,0.016,-4.148,-5.572,26.779,0,150,-9999.000,-9999.000000,0.058905,0.000000,0.029230,0.000000,0.000000,-0.000068,standard,0,mpf,7000,500,-9999.000000,-9999.000000,300,300,300,94.827179,25,-3.557048,93.474625,93.922958,-0.448334,2.423703,2.418530,1.641844,0.919062,0.240553,0.028278,0.657027,1.772141,114.093658,0.000476,2.381104,-0.000086,1.000000,2.374053,-0.000062,1.000000,0.601405,0.601525,0.107465,0.000000,PSF-00177_20250904120529_493,PFA-00163,PSA-00175,PSF-00177,RHS-00523,3.0.0,2020-08-19T15:15:59.596Z
278,12:09:27,2025-09-04,Manual gsw+F,LI-COR Default,,278,,,0.032005,2.921597,0.031658,0.848762,0.935864,0.916904,3.031857,2.095994,11.437992,11.674508,37.821159,0.441786,7.500000,PSF-00177_20250904120927_5b6,0.000000,0.000000,0.000000,120.124344,334.538086,0.640925,0.5,0.80,20.752171,1.000000,24.54,24.04,28.09,24.20,24.20,80.16,156.7,145.5,7.1,81,3.930,12:04:56,2025-09-04,0.04,1,0.005,0.005,0.016,1.362,2.129,48.119,0,150,-9999.000,-9999.000000,0.058905,0.000000,0.029230,0.000000,0.000000,-0.000068,standard,0,mpf,7000,500,-9999.000000,-9999.000000,300,300,300,327.274933,25,-4.374462,326.149475,328.230164,-2.080688,2.421434,2.415642,1.641101,0.902391,0.241230,-0.045899,0.656647,0.177112,120.124344,0.000498,2.381104,-0.000086,1.000000,2.374053,-0.000062,1.000000,0.601405,0.601525,0.107465,0.000000,PSF-00177_20250904120927_5b6,PFA-00163,PSA-00175,PSF-00177,RHS-00523,3.0.0,2020-08-19T15:15:59.596Z
279,12:09:46,2025-09-04,Manual gsw+F,LI-COR Default,,279,,,0.012972,2.922976,0.012914,0.375237,1.006257,0.997892,3.273279,2.267021,12.448285,12.552641,40.832787,0.441786,7.500000,PSF-00177_20250904120946_a22,0.000000,0.000000,0.000000,111.526253,232.015945,0.519316,0.5,0.80,22.670536,1.000000,26.44,26.22,28.05,25.49,25.49,80.16,156.9,155.6,0.8,109,3.929,12:04:56,2025-09-04,0.04,1,0.001,0.001,-0.000,0.303,0.459,1.095,0,150,-9999.000,-9999.000000,0.058905,0.000000,0.029230,0.000000,0.000000,-0.000068,standard,0,mpf,7000,500,-9999.000000,-9999.000000,300,300,300,226.142410,25,-4.179285,223.420135,225.989456,-2.569321,2.424827,2.418571,1.642558,0.927627,0.241568,-0.030493,0.656703,0.201367,111.526253,0.000481,2.381104,-0.000086,1.000000,2.374053,-0.000062,1.000000,0.601405,0.601525,0.107465,0.000000,PSF-00177_20250904120946_a22,PFA-00163,PSA-00175,PSF-00177,RHS-00523,3.0.0,2020-08-19T15:15:59.596Z
280,12:10:08,2025-09-04,Manual gsw+F,LI-COR Default,,280,,,0.017246,2.922568,0.017144,0.491070,0.941457,0.930497,3.178368,2.236911,11.608581,11.745307,39.652275,0.441786,7.500000,PSF-00177_20250904121008_603,0.000000,0.000000,0.000000,95.177292,298.418030,0.681060,0.5,0.80,43.268192,1.000000,24.79,24.50,28.02,24.99,24.99,80.16,156.8,129.5,17.4,159,3.929,12:04:56,2025-09-04,0.04,1,0.001,-0.000,-0.001,0.164,0.626,2.881,0,150,-9999.000,-9999.000000,0.058905,0.000000,0.029230,0.000000,0.000000,-0.000068,standard,0,mpf,7000,500,-9999.000000,-9999.000000,300,300,300,297.946228,25,-0.555089,296.624054,297.617584,-0.993530,2.422160,2.416036,1.642126,0.863739,0.241903,-0.035865,0.656913,0.244120,94.750282,0.000491,2.381104,-0.000086,1.000000,2.374053,-0.000062,1.000000,0.601405,0.601525,0.107465,0.000000,PSF-00177_20250904121008_603,PFA-00163,PSA-00175,PSF-00177,RHS-00523,3.0.0,2020-08-19T15:15:59.596Z
281,12:10:31,2025-09-04,Manual gsw+F,LI-COR Default,,281,,,-0.004122,2.921847,-0.004128,-0.129666,0.984155,0.987049,3.432643,2.448488,12.313756,12.277653,42.823334,0.441786,7.500000,PSF-00177_20250904121031_241,0.000000,0.000000,0.000000,141.186829,252.423813,0.440675,0.5,0.80,21.157230,1.000000,25.96,26.04,27.98,26.29,26.29,80.16,156.7,154.0,1.7,120,3.872,12:04:56,2025-09-04,0.04,1,-0.003,-0.002,0.002,-3.533,-6.405,-5.725,0,150,-9999.000,-9999.000000,0.058905,0.000000,0.029230,0.000000,0.000000,-0.000068,standard,0,mpf,7000,500,-9999.000000,-9999.000000,300,300,300,242.769958,25,-7.350456,237.780334,241.824524,-4.044189,2.424562,2.417854,1.641364,0.923616,0.242238,-0.020177,0.657086,0.210737,141.186829,0.000487,2.381104,-0.000086,1.000000,2.374053,-0.000062,1.000000,0.601405,0.601525,0.107465,0.000000,PSF-00177_20250904121031_241,PFA-00163,PSA-00175,PSF-00177,RHS-00523,3.0.0,2020-08-19T15:15:59.596Z
282,12:10:49,2025-09-04,Manual gsw+F,LI-COR Default,,282,,,0.033641,2.922220,0.033258,0.898099,0.979616,0.959578,3.089150,2.109534,11.971786,12.221788,38.540546,0.441786,7.500000,PSF-00177_20250904121049_f15,0.000000,0.000000,0.000000,83.834412,183.609604,0.543409,0.5,0.80,26.786251,1.000000,25.88,25.35,27.95,24.52,24.52,80.15,156.8,156.2,0.4,123,3.928,12:04:56,2025-09-04,0.04,1,0.003,0.004,0.025,0.310,0.763,42.025,0,150,-9999.000,-9999.000000,0.058905,0.000000,0.029230,0.000000,0.000000,-0.000068,standard,0,mpf,7000,500,-9999.000000,-9999.000000,300,300,300,179.512741,25,-3.051200,177.455307,179.209793,-1.754486,2.423504,2.417736,1.641758,0.929054,0.242492,-0.040684,0.657080,0.213495,83.834412,0.000495,2.381104,-0.000086,1.000000,2.374053,-0.000062,1.000000,0.601405,0.601525,0.107465,0.000000,PSF-00177_20250904121049_f15,PFA-00163,PSA-00175,PSF-00177,RHS-00523,3.0.0,2020-08-19T15:15:59.596Z
283,12:11:12,2025-09-04,Manual gsw+F,LI-COR Default,,283,,,-0.002205,2.922355,-0.002207,-0.068677,0.930271,0.931804,3.358166,2.427895,11.625424,11.606297,41.897339,0.441786,7.500000,PSF-00177_20250904121112_9af,0.000000,0.000000,0.000000,89.895485,161.811951,0.444445,0.5,0.80,39.547226,1.000000,24.63,24.67,27.92,25.92,25.92,80.15,156.8,102.5,34.6,222,3.871,12:04:56,2025-09-04,0.04,1,0.000,0.001,0.004,-0.357,0.593,6.192,0,150,-9999.000,-9999.000000,0.058905,0.000000,0.029230,0.000000,0.000000,-0.000068,standard,0,mpf,7000,500,-9999.000000,-9999.000000,300,300,300,161.811951,25,-0.533602,159.305695,161.042496,-1.736801,2.422450,2.415812,1.641901,0.802066,0.242845,-0.023804,0.657263,0.298865,89.895485,0.000493,2.381104,-0.000086,1.000000,2.374053,-0.000062,1.000000,0.601405,0.601525,0.107465,0.000000,PSF-00177_20250904121112_9af,PFA-00163,PSA-00175,PSF-00177,RHS-00523,3.0.0,2020-08-19T15:15:59.596Z
284,12:11:32,2025-09-04,Manual gsw+F,LI-COR Default,,284,,,0.005148,2.922050,0.005139,0.169531,0.968760,0.964976,3.538810,2.570051,12.038876,12.086081,44.149593,0.441786,7.500000,PSF-00177_20250904121132_027,0.000000,0.000000,0.000000,136.847733,131.789398,-0.038382,0.5,0.80,-10.582619,1.000000,25.68,25.58,27.90,26.81,26.81,80.15,156.7,156.0,0.5,689,3.927,12:04:56,2025-09-04,0.04,1,0.001,0.001,-0.001,-2.418,-5.706,21.439,0,150,-9999.000,-9999.000000,0.058905,0.000000,0.029230,0.000000,0.000000,-0.000068,standard,0,mpf,7000,500,-9999.000000,-9999.000000,300,300,300,126.776932,25,-3.423647,125.655052,126.852531,-1.197479,2.423868,2.417436,1.641579,0.928528,0.243046,-0.013018,0.657632,0.700540,140.671494,0.000499,2.381104,-0.000086,1.000000,2.374053,-0.000062,1.000000,0.601405,0.601525,0.107465,0.000000,PSF-00177_20250904121132_027,PFA-00163,PSA-00175,PSF-00177,RHS-00523,3.0.0,2020-08-19T15:15:59.596Z
285,12:11:49,2025-09-04,Manual gsw+F,LI-COR Default,,285,,,0.094737,2.921917,0.091762,2.794937,0.980844,0.918472,3.356056,2.375212,11.459413,12.237609,41.872192,0.441786,7.500000,PSF-00177_20250904121149_a04,0.000000,0.000000,0.000000,96.517326,194.593903,0.504006,0.5,0.80,47.122749,1.000000,26.01,24.36,27.89,25.91,25.91,80.15,156.7,18.9,88.0,234,3.927,12:04:56,2025-09-04,0.04,1,-0.001,0.002,0.021,-3.380,-1.763,-0.848,0,150,-9999.000,-9999.000000,0.058905,0.000000,0.029230,0.000000,0.000000,-0.000068,standard,0,mpf,7000,500,-9999.000000,-9999.000000,300,300,300,191.777939,25,-2.043087,190.300934,191.647797,-1.346863,2.421965,2.417946,1.641438,0.635186,0.243117,-0.023588,0.657842,0.308577,96.517326,0.000481,2.381104,-0.000086,1.000000,2.374053,-0.000062,1.000000,0.601405,0.601525,0.107465,0.000000,PSF-00177_20250904121149_a04,PFA-00163,PSA-00175,PSF-00177,RHS-00523,3.0.0,2020-08-19T15:15:59.596Z
286,12:12:11,2025-09-04,Manual gsw+F,LI-COR Default,,286,,,0.061711,2.921351,0.060434,2.119052,0.968198,0.920883,3.696551,2.728354,11.490395,12.080762,46.124012,0.441786,7.500000,PSF-00177_20250904121211_231,0.000000,0.000000,0.000000,87.799072,115.489655,0.239767,0.5,0.80,91.233841,1.000000,25.66,24.40,27.90,27.55,27.55,80.14,156.7,120.3,23.2,951,3.926,12:04:56,2025-09-04,0.04,1,0.002,0.001,0.001,0.051,1.266,-1.765,0,150,-9999.000,-9999.000000,0.058905,0.000000,0.029230,0.000000,0.000000,-0.000068,standard,0,mpf,7000,500,-9999.000000,-9999.000000,300,300,300,114.267822,25,-1.653629,112.316963,113.105133,-0.788170,2.422031,2.417396,1.640841,0.842162,0.242979,-0.004202,0.658545,0.925950,87.799072,0.000486,2.381104,-0.000086,1.000000,2.374053,-0.000062,1.000000,0.601405,0.601525,0.107465,0.000000,PSF-00177_20250904121211_231,PFA-00163,PSA-00175,PSF-00177,RHS-00523,3.0.0,2020-08-19T15:15:59.596Z
287,12:12:39,2025-09-04,Manual gsw+F,LI-COR Default,,287,,,0.040223,2.922395,0.039677,1.150884,0.963615,0.937934,3.227851,2.264236,11.701435,12.021825,40.269863,0.441786,7.500000,PSF-00177_20250904121239_097,0.000000,0.000000,0.000000,280.755035,350.440430,0.198851,0.5,0.80,21.611649,1.000000,25.54,24.86,27.90,25.25,25.25,80.16,156.8,155.2,1.0,272,3.926,12:04:56,2025-09-04,0.04,1,0.002,0.001,-0.001,-3.118,-8.624,-0.730,0,150,-9999.000,-9999.000000,0.058905,0.000000,0.029230,0.000000,0.000000,-0.000068,standard,0,mpf,7000,500,-9999.000000,-9999.000000,300,300,300,342.761993,25,-6.678977,336.773865,340.809418,-4.035553,2.422741,2.417214,1.641944,0.926541,0.242997,-0.031458,0.659460,0.341243,280.755035,0.000502,2.381104,-0.000086,1.000000,2.374053,-0.000062,1.000000,0.601405,0.601525,0.107465,0.000000,PSF-00177_20250904121239_097,PFA-00163,PSA-00175,PSF-00177,RHS-00523,3.0.0,2020-08-19T15:15:59.596Z
288,12:13:10,2025-09-04,Manual gsw+F,LI-COR Default,,288,,,0.031586,2.921208,0.031248,0.936588,0.913972,0.893041,3.253953,2.339981,11.141524,11.402666,40.596138,0.441786,7.500000,PSF-00177_20250904121310_dc1,0.000000,0.000000,0.000000,139.871841,304.002045,0.539898,0.5,0.80,27.109303,1.000000,24.26,23.70,27.88,25.39,25.39,80.15,156.6,115.5,26.2,126,3.925,12:04:56,2025-09-04,0.04,1,-0.001,0.002,0.000,0.016,2.056,6.751,0,150,-9999.000,-9999.000000,0.058905,0.000000,0.029230,0.000000,0.000000,-0.000068,standard,0,mpf,7000,500,-9999.000000,-9999.000000,300,300,300,299.542297,25,-3.378882,297.842133,299.129730,-1.287598,2.420933,2.415235,1.640689,0.831228,0.243222,-0.029587,0.660175,0.215472,139.871841,0.000506,2.381104,-0.000086,1.000000,2.374053,-0.000062,1.000000,0.601405,0.601525,0.107465,0.000000,PSF-00177_20250904121310_dc1,PFA-00163,PSA-00175,PSF-00177,RHS-00523,3.0.0,2020-08-19T15:15:59.596Z
289,12:13:28,2025-09-04,Manual gsw+F,LI-COR Default,,289,,,0.047619,2.921224,0.046855,1.221746,0.876257,0.848941,2.916733,2.040476,10.591839,10.932647,36.390701,0.441786,7.500000,PSF-00177_20250904121328_2fa,0.000000,0.000000,0.000000,117.479324,311.890839,0.623332,0.5,0.80,52.104969,1.000000,23.28,22.56,27.86,23.56,23.56,80.15,156.6,155.7,0.6,209,3.924,12:04:56,2025-09-04,0.04,1,0.002,0.001,0.064,2.042,5.515,34.576,0,150,-9999.000,-9999.000000,0.058905,0.000000,0.029230,0.000000,0.000000,-0.000068,standard,0,mpf,7000,500,-9999.000000,-9999.000000,300,300,300,311.890839,25,0.290079,307.954437,312.309143,-4.354706,2.419134,2.413724,1.640706,0.927926,0.243429,-0.050582,0.660631,0.287271,117.479324,0.000504,2.381104,-0.000086,1.000000,2.374053,-0.000062,1.000000,0.601405,0.601525,0.107465,0.000000,PSF-00177_20250904121328_2fa,PFA-00163,PSA-00175,PSF-00177,RHS-00523,3.0.0,2020-08-19T15:15:59.596Z
290,12:13:54,2025-09-04,Manual gsw+F,LI-COR Default,,290,,,0.049446,2.921835,0.048623,1.397331,0.900986,0.869766,3.146460,2.245474,10.850441,11.239919,39.252491,0.441786,7.500000,PSF-00177_20250904121354_d56,0.000000,0.000000,0.000000,88.107704,255.472183,0.655118,0.5,0.80,93.826263,1.000000,24.00,23.17,27.81,24.82,24.82,80.16,156.7,45.3,71.1,358,3.924,12:04:56,2025-09-04,0.04,1,-0.003,-0.005,0.060,0.035,0.099,21.489,0,150,-9999.000,-9999.000000,0.058905,0.000000,0.029230,0.000000,0.000000,-0.000068,standard,0,mpf,7000,500,-9999.000000,-9999.000000,300,300,300,255.472183,25,3.833697,256.318329,261.000336,-4.682007,2.420107,2.414848,1.641352,0.684515,0.243841,-0.035415,0.661013,0.415534,88.107704,0.000490,2.381104,-0.000086,1.000000,2.374053,-0.000062,1.000000,0.601405,0.601525,0.107465,0.000000,PSF-00177_20250904121354_d56,PFA-00163,PSA-00175,PSF-00177,RHS-00523,3.0.0,2020-08-19T15:15:59.596Z
291,12:14:14,2025-09-04,Manual gsw+F,LI-COR Default,,291,,,0.057065,2.922665,0.055972,2.007069,0.892936,0.848119,3.685141,2.792204,10.580723,11.139843,45.974033,0.441786,7.500000,PSF-00177_20250904121414_da9,0.000000,0.000000,0.000000,96.832397,91.655128,-0.056486,0.5,0.80,-32.985359,1.000000,23.82,22.63,27.79,27.50,27.50,80.16,156.8,154.6,1.4,1460,3.924,12:04:56,2025-09-04,0.04,1,0.000,0.002,0.036,-0.251,0.450,44.954,0,150,-9999.000,-9999.000000,0.058905,0.000000,0.029230,0.000000,0.000000,-0.000068,standard,0,mpf,7000,500,-9999.000000,-9999.000000,300,300,300,90.114716,25,-1.376084,88.871597,89.670830,-0.799232,2.419255,2.414576,1.642229,0.925045,0.244099,-0.003434,0.661442,1.363555,96.832397,0.000486,2.381104,-0.000086,1.000000,2.374053,-0.000062,1.000000,0.601405,0.601525,0.107465,0.000000,PSF-00177_20250904121414_da9,PFA-00163,PSA-00175,PSF-00177,RHS-00523,3.0.0,2020-08-19T15:15:59.596Z
292,12:14:41,2025-09-04,Manual gsw+F,LI-COR Default,,292,,,0.021903,2.921528,0.021740,0.758297,0.846673,0.829714,3.565729,2.719057,10.350532,10.562088,44.481823,0.441786,7.500000,PSF-00177_20250904121441_216,0.000000,0.000000,0.000000,130.154007,125.760849,-0.034933,0.5,0.80,-10.825067,1.000000,22.64,22.18,27.75,26.94,26.94,80.16,156.7,143.3,8.5,775,3.923,12:04:56,2025-09-04,0.04,1,-0.000,-0.003,0.003,-3.424,-6.831,-12.897,0,150,-9999.000,-9999.000000,0.058905,0.000000,0.029230,0.000000,0.000000,-0.000068,standard,0,mpf,7000,500,-9999.000000,-9999.000000,300,300,300,121.692184,25,-3.257120,119.373680,121.064110,-1.690430,2.418558,2.412726,1.641027,0.896998,0.244457,-0.009716,0.662027,0.774030,130.154007,0.000494,2.381104,-0.000086,1.000000,2.374053,-0.000062,1.000000,0.601405,0.601525,0.107465,0.000000,PSF-00177_20250904121441_216,PFA-00163,PSA-00175,PSF-00177,RHS-00523,3.0.0,2020-08-19T15:15:59.596Z
293,12:15:23,2025-09-04,Manual gsw+F,LI-COR Default,,293,,,0.019379,2.921937,0.019251,0.495142,0.793021,0.781945,2.808187,2.015166,9.755925,9.894113,35.036320,0.441786,7.500000,PSF-00177_20250904121523_197,0.000000,0.000000,0.000000,79.223869,278.884247,0.715926,0.5,0.80,29.172306,1.000000,21.31,21.01,27.67,22.93,22.93,80.15,156.7,155.9,0.5,102,3.922,12:15:15,2025-09-04,0.08,1,-0.001,0.001,0.084,0.119,0.229,24.308,0,150,-9999.000,-9999.000000,0.058905,0.000000,0.029230,0.000000,0.000000,-0.000068,standard,0,mpf,7000,500,-9999.000000,-9999.000000,300,300,300,272.477753,25,-4.617984,270.138489,272.225159,-2.086670,2.416698,2.410572,1.641459,0.928397,0.245291,-0.055482,0.661253,0.195114,79.022888,0.000505,2.381104,-0.000086,1.000000,2.374053,-0.000062,1.000000,0.601405,0.601525,0.107465,0.000000,PSF-00177_20250904121523_197,PFA-00163,PSA-00175,PSF-00177,RHS-00523,3.0.0,2020-08-19T15:15:59.596Z
294,12:15:42,2025-09-04,Manual gsw+F,LI-COR Default,,294,,,0.010964,2.921263,0.010923,0.296161,0.839537,0.832913,2.961136,2.121599,10.391630,10.474280,36.943893,0.441786,7.500000,PSF-00177_20250904121542_8f7,0.000000,0.000000,0.000000,76.207642,191.253250,0.601535,0.5,0.80,19.803944,1.000000,22.61,22.43,27.63,23.81,23.81,80.15,156.6,155.5,0.7,82,3.866,12:15:15,2025-09-04,0.08,1,-0.001,0.000,-0.001,0.730,1.539,20.329,0,150,-9999.000,-9999.000000,0.058905,0.000000,0.029230,0.000000,0.000000,-0.000068,standard,0,mpf,7000,500,-9999.000000,-9999.000000,300,300,300,186.469315,25,-3.164009,185.187943,186.690781,-1.502838,2.418965,2.412629,1.640748,0.927408,0.245641,-0.044947,0.661549,0.178281,76.207642,0.000507,2.381104,-0.000086,1.000000,2.374053,-0.000062,1.000000,0.601405,0.601525,0.107465,0.000000,PSF-00177_20250904121542_8f7,PFA-00163,PSA-00175,PSF-00177,RHS-00523,3.0.0,2020-08-19T15:15:59.596Z
295,12:15:58,2025-09-04,Manual gsw+F,LI-COR Default,,295,,,0.005211,2.920928,0.005202,0.151191,0.801900,0.798516,3.074895,2.272995,9.963116,10.005340,38.365578,0.441786,7.500000,PSF-00177_20250904121558_207,0.000000,0.000000,0.000000,37.883877,96.862793,0.608891,0.5,0.80,15.268364,1.000000,21.65,21.56,27.59,24.44,24.44,80.15,156.6,156.0,0.4,63,3.922,12:15:15,2025-09-04,0.08,1,0.000,0.000,0.009,-0.996,-0.798,2.327,0,150,-9999.000,-9999.000000,0.058905,0.000000,0.029230,0.000000,0.000000,-0.000068,standard,0,mpf,7000,500,-9999.000000,-9999.000000,300,300,300,96.862793,25,6.306530,94.541077,105.956749,-11.415672,2.417581,2.411118,1.640394,0.928666,0.246051,-0.037162,0.661698,0.161403,37.883877,0.000490,2.381104,-0.000086,1.000000,2.374053,-0.000062,1.000000,0.601405,0.601525,0.107465,0.000000,PSF-00177_20250904121558_207,PFA-00163,PSA-00175,PSF-00177,RHS-00523,3.0.0,2020-08-19T15:15:59.596Z
296,12:16:17,2025-09-04,Manual gsw+F,LI-COR Default,,296,,,0.008969,2.922061,0.008942,0.243022,0.798028,0.792593,2.925801,2.127773,9.888746,9.956559,36.503616,0.441786,7.500000,PSF-00177_20250904121617_de3,0.000000,0.000000,0.000000,111.383202,301.955414,0.631127,0.5,0.80,24.208151,1.000000,21.60,21.46,27.54,23.61,23.61,80.15,156.7,154.0,1.8,96,3.922,12:15:15,2025-09-04,0.08,1,0.001,0.003,0.054,0.172,0.637,50.556,0,150,-9999.000,-9999.000000,0.058905,0.000000,0.029230,0.000000,0.000000,-0.000068,standard,0,mpf,7000,500,-9999.000000,-9999.000000,300,300,300,294.559845,25,-4.995803,291.801819,294.751495,-2.949677,2.417431,2.411057,1.641591,0.923496,0.246530,-0.046155,0.661903,0.189972,111.269829,0.000496,2.381104,-0.000086,1.000000,2.374053,-0.000062,1.000000,0.601405,0.601525,0.107465,0.000000,PSF-00177_20250904121617_de3,PFA-00163,PSA-00175,PSF-00177,RHS-00523,3.0.0,2020-08-19T15:15:59.596Z
297,12:16:37,2025-09-04,Manual gsw+F,LI-COR Default,,297,,,0.066982,2.921938,0.065481,1.612166,0.871207,0.835181,2.799342,1.928135,10.420286,10.869777,34.926510,0.441786,7.500000,PSF-00177_20250904121637_c46,0.000000,0.000000,0.000000,127.579811,291.763855,0.562729,0.5,0.80,27.856373,1.000000,23.66,22.68,27.49,22.88,22.88,80.15,156.7,155.9,0.5,124,3.921,12:15:15,2025-09-04,0.08,1,-0.001,-0.000,0.015,-0.035,-0.051,62.577,0,150,-9999.000,-9999.000000,0.058905,0.000000,0.029230,0.000000,0.000000,-0.000068,standard,0,mpf,7000,500,-9999.000000,-9999.000000,300,300,300,286.811462,25,-4.125566,283.824921,285.814819,-1.989899,2.419385,2.414296,1.641460,0.928363,0.247040,-0.053930,0.662192,0.213945,127.579811,0.000499,2.381104,-0.000086,1.000000,2.374053,-0.000062,1.000000,0.601405,0.601525,0.107465,0.000000,PSF-00177_20250904121637_c46,PFA-00163,PSA-00175,PSF-00177,RHS-00523,3.0.0,2020-08-19T15:15:59.596Z
298,12:16:58,2025-09-04,Manual gsw+F,LI-COR Default,,298,,,0.030271,2.922253,0.029961,0.789235,0.876495,0.858864,2.937550,2.061055,10.715908,10.935886,36.651340,0.441786,7.500000,PSF-00177_20250904121658_656,0.000000,0.000000,0.000000,107.655289,268.871460,0.599603,0.5,0.80,38.859371,1.000000,23.88,23.40,27.43,23.68,23.68,80.15,156.8,155.9,0.5,162,3.921,12:15:15,2025-09-04,0.08,1,-0.002,-0.002,0.010,-0.345,-0.056,21.362,0,150,-9999.000,-9999.000000,0.058905,0.000000,0.029230,0.000000,0.000000,-0.000068,standard,0,mpf,7000,500,-9999.000000,-9999.000000,300,300,300,264.795898,25,-3.420066,261.865143,263.939758,-2.074615,2.420526,2.414645,1.641793,0.928471,0.247566,-0.044121,0.662574,0.246869,107.655289,0.000494,2.381104,-0.000086,1.000000,2.374053,-0.000062,1.000000,0.601405,0.601525,0.107465,0.000000,PSF-00177_20250904121658_656,PFA-00163,PSA-00175,PSF-00177,RHS-00523,3.0.0,2020-08-19T15:15:59.596Z
299,12:17:15,2025-09-04,Manual gsw+F,LI-COR Default,,299,,,0.038928,2.921414,0.038416,1.001282,0.878553,0.856171,2.918100,2.039547,10.682239,10.961497,36.408436,0.441786,7.500000,PSF-00177_20250904121715_2fe,0.000000,0.000000,0.000000,82.525490,177.099823,0.534017,0.5,0.80,25.568861,1.000000,23.98,23.37,27.40,23.57,23.57,80.15,156.7,155.8,0.6,120,3.920,12:15:15,2025-09-04,0.08,1,-0.001,-0.002,0.003,1.352,2.698,10.491,0,150,-9999.000,-9999.000000,0.058905,0.000000,0.029230,0.000000,0.000000,-0.000068,standard,0,mpf,7000,500,-9999.000000,-9999.000000,300,300,300,172.835464,25,-2.998377,171.232941,172.776184,-1.543243,2.420493,2.414815,1.640908,0.928064,0.247917,-0.044965,0.662964,0.210456,82.525490,0.000496,2.381104,-0.000086,1.000000,2.374053,-0.000062,1.000000,0.601405,0.601525,0.107465,0.000000,PSF-00177_20250904121715_2fe,PFA-00163,PSA-00175,PSF-00177,RHS-00523,3.0.0,2020-08-19T15:15:59.596Z
300,12:17:35,2025-09-04,Manual gsw+F,LI-COR Default,,300,,,0.023629,2.921499,0.023439,0.676232,0.794515,0.779384,3.051281,2.256766,9.724558,9.913346,38.071529,0.441786,7.500000,PSF-00177_20250904121735_b79,0.000000,0.000000,0.000000,72.815178,214.121826,0.659936,0.5,0.80,24.539528,1.000000,21.74,21.33,27.35,24.31,24.31,80.15,156.7,156.6,0.1,93,3.920,12:15:15,2025-09-04,0.08,1,0.000,0.000,0.033,2.408,3.271,-4.717,0,150,-9999.000,-9999.000000,0.058905,0.000000,0.029230,0.000000,0.000000,-0.000068,standard,0,mpf,7000,500,-9999.000000,-9999.000000,300,300,300,214.121826,25,41.436516,251.329071,273.872925,-22.543854,2.417255,2.411304,1.640997,0.930080,0.248348,-0.035848,0.663006,0.187450,72.815178,0.000508,2.381104,-0.000086,1.000000,2.374053,-0.000062,1.000000,0.601405,0.601525,0.107465,0.000000,PSF-00177_20250904121735_b79,PFA-00163,PSA-00175,PSF-00177,RHS-00523,3.0.0,2020-08-19T15:15:59.596Z
301,12:18:09,2025-09-04,Manual gsw+F,LI-COR Default,,301,,,0.136226,2.921416,0.130157,3.848917,0.839661,0.753584,3.150700,2.311038,9.402586,10.476580,39.311756,0.441786,7.500000,PSF-00177_20250904121809_8d4,0.000000,0.000000,0.000000,88.247894,238.485764,0.629966,0.5,0.80,29.747726,1.000000,23.08,20.71,27.28,24.85,24.85,80.15,156.7,4.0,97.5,118,3.920,12:15:15,2025-09-04,0.08,1,0.004,0.005,0.023,0.036,-0.192,-0.157,0,150,-9999.000,-9999.000000,0.058905,0.000000,0.029230,0.000000,0.000000,-0.000068,standard,0,mpf,7000,500,-9999.000000,-9999.000000,300,300,300,234.607819,25,-3.054781,232.646942,234.080795,-1.433853,2.416278,2.413422,1.640909,0.608498,0.249087,-0.028707,0.663476,0.209038,88.247894,0.000497,2.381104,-0.000086,1.000000,2.374053,-0.000062,1.000000,0.601405,0.601525,0.107465,0.000000,PSF-00177_20250904121809_8d4,PFA-00163,PSA-00175,PSF-00177,RHS-00523,3.0.0,2020-08-19T15:15:59.596Z
302,12:18:51,2025-09-04,Manual gsw+F,LI-COR Default,,302,,,0.011648,2.921850,0.011602,0.321485,0.816154,0.808964,2.984287,2.168133,10.093823,10.183525,37.236324,0.441786,7.500000,PSF-00177_20250904121851_b5d,0.000000,0.000000,0.000000,80.167297,246.467789,0.674735,0.5,0.80,24.760031,1.000000,22.57,22.37,27.18,23.94,23.94,80.14,156.7,156.7,0.0,92,3.918,12:15:15,2025-09-04,0.08,1,-0.000,0.001,0.013,0.060,-0.059,42.617,0,150,-9999.000,-9999.000000,0.058905,0.000000,0.029230,0.000000,0.000000,-0.000068,standard,0,mpf,7000,500,-9999.000000,-9999.000000,300,300,300,244.438293,25,-1.794192,243.255264,243.880585,-0.625320,2.418942,2.412632,1.641368,0.930311,0.250093,-0.038024,0.664029,0.186399,80.167297,0.000508,2.381104,-0.000086,1.000000,2.374053,-0.000062,1.000000,0.601405,0.601525,0.107465,0.000000,PSF-00177_20250904121851_b5d,PFA-00163,PSA-00175,PSF-00177,RHS-00523,3.0.0,2020-08-19T15:15:59.596Z
303,12:19:23,2025-09-04,Manual gsw+F,LI-COR Default,,303,,,0.013777,2.921061,0.013712,0.392983,0.763926,0.755126,3.007125,2.243199,9.420700,9.530493,37.515903,0.441786,7.500000,PSF-00177_20250904121923_4bf,0.000000,0.000000,0.000000,79.119087,180.051849,0.560576,0.5,0.80,30.458218,1.000000,21.21,20.97,27.11,24.07,24.07,80.16,156.6,156.4,0.1,136,3.917,12:15:15,2025-09-04,0.08,1,0.001,0.001,0.037,-0.172,-0.420,14.526,0,150,-9999.000,-9999.000000,0.058905,0.000000,0.029230,0.000000,0.000000,-0.000068,standard,0,mpf,7000,500,-9999.000000,-9999.000000,300,300,300,175.932526,25,-3.394998,173.781403,175.156296,-1.374893,2.416714,2.410494,1.640535,0.929628,0.250807,-0.035696,0.664096,0.224338,79.119087,0.000499,2.381104,-0.000086,1.000000,2.374053,-0.000062,1.000000,0.601405,0.601525,0.107465,0.000000,PSF-00177_20250904121923_4bf,PFA-00163,PSA-00175,PSF-00177,RHS-00523,3.0.0,2020-08-19T15:15:59.596Z
304,12:19:38,2025-09-04,Manual gsw+F,LI-COR Default,,304,,,0.013067,2.921923,0.013009,0.365775,0.819937,0.811757,3.019904,2.199967,10.126488,10.228537,37.672634,0.441786,7.500000,PSF-00177_20250904121938_e9c,0.000000,0.000000,0.000000,135.373230,281.510712,0.519119,0.5,0.80,23.009901,1.000000,22.81,22.58,27.07,24.14,24.14,80.16,156.7,133.9,14.6,111,3.917,12:15:15,2025-09-04,0.08,1,0.002,0.002,-0.002,-2.173,-9.654,-7.140,0,150,-9999.000,-9999.000000,0.058905,0.000000,0.029230,0.000000,0.000000,-0.000068,standard,0,mpf,7000,500,-9999.000000,-9999.000000,300,300,300,281.510712,25,0.347378,276.264313,282.011627,-5.747314,2.419299,2.413029,1.641444,0.874147,0.251126,-0.034494,0.664394,0.202809,136.021973,0.000510,2.381104,-0.000086,1.000000,2.374053,-0.000062,1.000000,0.601405,0.601525,0.107465,0.000000,PSF-00177_20250904121938_e9c,PFA-00163,PSA-00175,PSF-00177,RHS-00523,3.0.0,2020-08-19T15:15:59.596Z
305,12:19:57,2025-09-04,Manual gsw+F,LI-COR Default,,305,,,0.010677,2.921184,0.010638,0.309431,0.767147,0.760219,3.043270,2.276123,9.483974,9.570412,37.965775,0.441786,7.500000,PSF-00177_20250904121957_1fb,0.000000,0.000000,0.000000,81.889275,213.874832,0.617116,0.5,0.80,33.124142,1.000000,21.39,21.20,27.03,24.27,24.27,80.16,156.6,152.4,2.7,134,3.917,12:15:15,2025-09-04,0.08,1,0.000,-0.000,-0.000,-0.373,-0.148,0.453,0,150,-9999.000,-9999.000000,0.058905,0.000000,0.029230,0.000000,0.000000,-0.000068,standard,0,mpf,7000,500,-9999.000000,-9999.000000,300,300,300,211.179977,25,-2.342119,209.438675,210.497513,-1.058838,2.417095,2.410789,1.640664,0.919422,0.251521,-0.032529,0.664802,0.222922,81.889275,0.000494,2.381104,-0.000086,1.000000,2.374053,-0.000062,1.000000,0.601405,0.601525,0.107465,0.000000,PSF-00177_20250904121957_1fb,PFA-00163,PSA-00175,PSF-00177,RHS-00523,3.0.0,2020-08-19T15:15:59.596Z
306,12:20:29,2025-09-04,Manual gsw+F,LI-COR Default,,306,,,0.042209,2.921825,0.041608,1.176728,0.802031,0.775704,3.015295,2.213263,9.676105,10.004507,37.612667,0.441786,7.500000,PSF-00177_20250904122029_7da,0.000000,0.000000,0.000000,98.554016,241.498184,0.591906,0.5,0.80,31.258648,1.000000,22.45,21.71,26.97,24.11,24.11,80.17,156.7,155.3,0.9,132,3.916,12:15:15,2025-09-04,0.08,1,0.002,0.001,0.005,-0.143,-0.172,-0.187,0,150,-9999.000,-9999.000000,0.058905,0.000000,0.029230,0.000000,0.000000,-0.000068,standard,0,mpf,7000,500,-9999.000000,-9999.000000,300,300,300,233.909012,25,-5.189189,231.268997,234.015427,-2.746429,2.417924,2.412470,1.641341,0.926961,0.252148,-0.033567,0.665338,0.221061,99.055771,0.000502,2.381104,-0.000086,1.000000,2.374053,-0.000062,1.000000,0.601405,0.601525,0.107465,0.000000,PSF-00177_20250904122029_7da,PFA-00163,PSA-00175,PSF-00177,RHS-00523,3.0.0,2020-08-19T15:15:59.596Z
307,12:20:52,2025-09-04,Manual gsw+F,LI-COR Default,,307,,,0.025208,2.922523,0.024992,0.692189,0.795505,0.780026,2.963678,2.168173,9.730322,9.923408,36.969955,0.441786,7.500000,PSF-00177_20250904122052_48e,0.000000,0.000000,0.000000,115.237358,281.991608,0.591345,0.5,0.80,27.943363,1.000000,22.32,21.89,26.93,23.83,23.83,80.16,156.8,145.9,7.0,118,3.916,12:15:15,2025-09-04,0.08,1,0.003,0.000,0.015,0.537,0.005,21.771,0,150,-9999.000,-9999.000000,0.058905,0.000000,0.029230,0.000000,0.000000,-0.000068,standard,0,mpf,7000,500,-9999.000000,-9999.000000,300,300,300,278.122894,25,-3.391416,276.130188,277.101227,-0.971039,2.418217,2.412282,1.642078,0.903337,0.252603,-0.036353,0.665677,0.209109,115.168335,0.000502,2.381104,-0.000086,1.000000,2.374053,-0.000062,1.000000,0.601405,0.601525,0.107465,0.000000,PSF-00177_20250904122052_48e,PFA-00163,PSA-00175,PSF-00177,RHS-00523,3.0.0,2020-08-19T15:15:59.596Z
308,12:21:11,2025-09-04,Manual gsw+F,LI-COR Default,,308,,,0.025113,2.920979,0.024899,0.677398,0.786820,0.771653,2.917332,2.130512,9.626163,9.815374,36.392956,0.441786,7.500000,PSF-00177_20250904122111_f7e,0.000000,0.000000,0.000000,90.812805,260.785919,0.651773,0.5,0.80,30.311832,1.000000,22.12,21.69,26.89,23.56,23.56,80.16,156.6,152.5,2.6,116,3.915,12:15:15,2025-09-04,0.08,1,0.001,0.004,0.008,0.035,-0.073,-0.132,0,150,-9999.000,-9999.000000,0.058905,0.000000,0.029230,0.000000,0.000000,-0.000068,standard,0,mpf,7000,500,-9999.000000,-9999.000000,300,300,300,256.763947,25,-2.963460,254.647858,256.512634,-1.864777,2.417910,2.411964,1.640449,0.919869,0.252913,-0.039006,0.666091,0.207502,90.812805,0.000510,2.381104,-0.000086,1.000000,2.374053,-0.000062,1.000000,0.601405,0.601525,0.107465,0.000000,PSF-00177_20250904122111_f7e,PFA-00163,PSA-00175,PSF-00177,RHS-00523,3.0.0,2020-08-19T15:15:59.596Z
309,12:21:40,2025-09-04,Manual gsw+F,LI-COR Default,,309,,,0.030995,2.921677,0.030670,0.824853,0.830209,0.811761,2.935439,2.105229,10.126727,10.356873,36.619629,0.441786,7.500000,PSF-00177_20250904122140_a55,0.000000,0.000000,0.000000,94.995972,234.943985,0.595665,0.5,0.80,36.361031,1.000000,23.39,22.87,26.86,23.67,23.67,80.16,156.7,153.4,2.1,153,3.915,12:15:15,2025-09-04,0.08,1,0.003,0.001,-0.006,-0.393,-0.965,2.156,0,150,-9999.000,-9999.000000,0.058905,0.000000,0.029230,0.000000,0.000000,-0.000068,standard,0,mpf,7000,500,-9999.000000,-9999.000000,300,300,300,234.943985,25,-0.161155,231.906647,234.711594,-2.804947,2.419796,2.413977,1.641184,0.922149,0.253311,-0.037350,0.667120,0.238769,94.995972,0.000500,2.381104,-0.000086,1.000000,2.374053,-0.000062,1.000000,0.601405,0.601525,0.107465,0.000000,PSF-00177_20250904122140_a55,PFA-00163,PSA-00175,PSF-00177,RHS-00523,3.0.0,2020-08-19T15:15:59.596Z
310,12:21:58,2025-09-04,Manual gsw+F,LI-COR Default,,310,,,0.042529,2.920515,0.041919,1.078997,0.860549,0.836404,2.875779,2.015230,10.434314,10.735531,35.875938,0.441786,7.500000,PSF-00177_20250904122158_e49,0.000000,0.000000,0.000000,83.328720,230.558044,0.638578,0.5,0.80,23.240726,1.000000,24.28,23.60,26.83,23.33,23.33,80.16,156.6,156.5,0.0,91,3.915,12:15:15,2025-09-04,0.08,1,0.001,0.001,-0.001,1.350,-3.002,-17.166,0,150,-9999.000,-9999.000000,0.058905,0.000000,0.029230,0.000000,0.000000,-0.000068,standard,0,mpf,7000,500,-9999.000000,-9999.000000,300,300,300,212.453491,25,-8.394382,219.978333,218.453415,1.524918,2.420944,2.415363,1.639959,0.929854,0.253522,-0.041023,0.667791,0.185750,79.712746,0.000498,2.381104,-0.000086,1.000000,2.374053,-0.000062,1.000000,0.601405,0.601525,0.107465,0.000000,PSF-00177_20250904122158_e49,PFA-00163,PSA-00175,PSF-00177,RHS-00523,3.0.0,2020-08-19T15:15:59.596Z
311,12:22:19,2025-09-04,Manual gsw+F,LI-COR Default,,311,,,0.010380,2.922194,0.010343,0.354715,0.821279,0.813348,3.496428,2.675149,10.146018,10.244959,43.615803,0.441786,7.500000,PSF-00177_20250904122219_b82,0.000000,0.000000,0.000000,138.779999,156.441330,0.112894,0.5,0.80,18.142179,1.000000,23.16,22.94,26.84,26.60,26.60,80.16,156.8,156.8,-0.0,402,3.915,12:15:15,2025-09-04,0.08,1,0.001,0.002,0.021,1.576,5.046,46.360,0,150,-9999.000,-9999.000000,0.058905,0.000000,0.029230,0.000000,0.000000,-0.000068,standard,0,mpf,7000,500,-9999.000000,-9999.000000,300,300,300,153.778549,25,-2.362710,152.140976,153.034317,-0.893341,2.419899,2.413614,1.641732,0.930728,0.253449,-0.002748,0.668876,0.453135,138.779999,0.000488,2.381104,-0.000086,1.000000,2.374053,-0.000062,1.000000,0.601405,0.601525,0.107465,0.000000,PSF-00177_20250904122219_b82,PFA-00163,PSA-00175,PSF-00177,RHS-00523,3.0.0,2020-08-19T15:15:59.596Z
312,12:22:32,2025-09-04,Manual gsw+F,LI-COR Default,,312,,,0.030861,2.921791,0.030539,1.006710,0.791289,0.768763,3.365369,2.574080,9.589972,9.870971,41.981449,0.441786,7.500000,PSF-00177_20250904122232_1db,0.000000,0.000000,0.000000,121.800903,136.658478,0.108720,0.5,0.80,25.544018,1.000000,22.32,21.68,26.84,25.96,25.96,80.16,156.7,153.6,2.0,587,3.858,12:15:15,2025-09-04,0.08,1,0.001,0.003,0.034,-0.671,0.054,12.216,0,150,-9999.000,-9999.000000,0.058905,0.000000,0.029230,0.000000,0.000000,-0.000068,standard,0,mpf,7000,500,-9999.000000,-9999.000000,300,300,300,134.287125,25,-1.963404,133.114807,133.827271,-0.712463,2.417899,2.412283,1.641305,0.922618,0.253460,-0.010418,0.669499,0.612849,121.800903,0.000503,2.381104,-0.000086,1.000000,2.374053,-0.000062,1.000000,0.601405,0.601525,0.107465,0.000000,PSF-00177_20250904122232_1db,PFA-00163,PSA-00175,PSF-00177,RHS-00523,3.0.0,2020-08-19T15:15:59.596Z
313,12:23:01,2025-09-04,Manual gsw+F,LI-COR Default,,313,,,0.052727,2.921669,0.051792,1.973409,0.847846,0.803717,3.813422,2.965576,10.026071,10.576560,47.571003,0.441786,7.500000,PSF-00177_20250904122301_d2e,0.000000,0.000000,0.000000,99.997398,99.941231,-0.000562,0.5,0.80,-0.159004,1.000000,23.88,22.64,26.86,28.08,28.08,80.16,156.7,148.0,5.6,707,3.913,12:15:15,2025-09-04,0.08,1,0.003,0.005,-0.000,-1.263,-2.447,-4.433,0,150,-9999.000,-9999.000000,0.058905,0.000000,0.029230,0.000000,0.000000,-0.000068,standard,0,mpf,7000,500,-9999.000000,-9999.000000,300,300,300,97.102043,25,-2.126350,95.715881,96.875053,-1.159172,2.419416,2.414734,1.641176,0.908507,0.253221,0.014786,0.671359,0.716035,99.997398,0.000484,2.381104,-0.000086,1.000000,2.374053,-0.000062,1.000000,0.601405,0.601525,0.107465,0.000000,PSF-00177_20250904122301_d2e,PFA-00163,PSA-00175,PSF-00177,RHS-00523,3.0.0,2020-08-19T15:15:59.596Z
314,12:23:16,2025-09-04,Manual gsw+F,LI-COR Default,,314,,,0.015042,2.923202,0.014965,0.605324,0.795361,0.781832,3.942011,3.146650,9.753214,9.921978,49.175861,0.441786,7.500000,PSF-00177_20250904122316_a5e,0.000000,0.000000,0.000000,204.186920,180.714310,-0.129888,0.5,0.80,-82.466980,1.000000,22.36,21.98,26.89,28.65,28.65,80.16,156.9,154.1,1.8,1587,3.913,12:15:15,2025-09-04,0.08,1,0.003,0.003,0.004,-3.617,-4.431,7.717,0,150,-9999.000,-9999.000000,0.058905,0.000000,0.029230,0.000000,0.000000,-0.000068,standard,0,mpf,7000,500,-9999.000000,-9999.000000,300,300,300,174.871094,25,-5.558950,170.034164,172.698349,-2.664185,2.418372,2.412349,1.642798,0.923927,0.252937,0.021383,0.672531,1.473164,204.186920,0.000483,2.381104,-0.000086,1.000000,2.374053,-0.000062,1.000000,0.601405,0.601525,0.107465,0.000000,PSF-00177_20250904122316_a5e,PFA-00163,PSA-00175,PSF-00177,RHS-00523,3.0.0,2020-08-19T15:15:59.596Z
315,12:24:12,2025-09-04,Manual gsw+F,LI-COR Default,,315,,,0.028206,2.921566,0.027937,0.806633,0.755645,0.737591,3.015010,2.259366,9.204325,9.429617,37.624020,0.441786,7.500000,PSF-00177_20250904122412_30a,0.000000,0.000000,0.000000,99.650864,265.562286,0.624755,0.5,0.80,40.669762,1.000000,21.19,20.68,26.94,24.11,24.11,80.14,156.7,156.9,-0.2,163,3.856,12:15:15,2025-09-04,0.08,1,0.000,0.001,0.040,-1.268,-0.849,26.229,0,150,-9999.000,-9999.000000,0.058905,0.000000,0.029230,0.000000,0.000000,-0.000068,standard,0,mpf,7000,500,-9999.000000,-9999.000000,300,300,300,265.562286,25,2.732472,268.216614,269.502472,-1.285858,2.416283,2.410483,1.641068,0.931007,0.252491,-0.033177,0.675776,0.247490,98.415970,0.000495,2.381104,-0.000086,1.000000,2.374053,-0.000062,1.000000,0.601405,0.601525,0.107465,0.000000,PSF-00177_20250904122412_30a,PFA-00163,PSA-00175,PSF-00177,RHS-00523,3.0.0,2020-08-19T15:15:59.596Z
316,12:24:34,2025-09-04,Manual gsw+F,LI-COR Default,,316,,,0.025872,2.922100,0.025645,0.637341,0.814299,0.800051,2.761429,1.947130,9.983760,10.161563,34.459610,0.441786,7.500000,PSF-00177_20250904122434_464,0.000000,0.000000,0.000000,105.388641,321.161224,0.671851,0.5,0.80,33.954620,1.000000,22.85,22.45,26.92,22.66,22.66,80.14,156.8,154.4,1.5,126,3.912,12:15:15,2025-09-04,0.08,1,0.000,0.003,0.002,0.119,0.436,25.124,0,150,-9999.000,-9999.000000,0.058905,0.000000,0.029230,0.000000,0.000000,-0.000068,standard,0,mpf,7000,500,-9999.000000,-9999.000000,300,300,300,315.821533,25,-3.570477,313.809143,316.012634,-2.203491,2.419119,2.413120,1.641631,0.924497,0.252629,-0.049766,0.676865,0.216175,105.416176,0.000492,2.381104,-0.000086,1.000000,2.374053,-0.000062,1.000000,0.601405,0.601525,0.107465,0.000000,PSF-00177_20250904122434_464,PFA-00163,PSA-00175,PSF-00177,RHS-00523,3.0.0,2020-08-19T15:15:59.596Z
317,12:24:56,2025-09-04,Manual gsw+F,LI-COR Default,,317,,,0.020628,2.922739,0.020483,0.594878,0.788496,0.775201,3.059739,2.271243,9.674467,9.840393,38.185398,0.441786,7.500000,PSF-00177_20250904122456_b00,0.000000,0.000000,0.000000,53.693535,180.344940,0.702273,0.5,0.80,58.768085,1.000000,22.16,21.78,26.90,24.36,24.36,80.13,156.8,145.0,7.5,209,3.912,12:15:15,2025-09-04,0.08,1,0.001,0.002,-0.001,0.791,0.590,0.142,0,150,-9999.000,-9999.000000,0.058905,0.000000,0.029230,0.000000,0.000000,-0.000068,standard,0,mpf,7000,500,-9999.000000,-9999.000000,300,300,300,180.344940,25,1.604387,181.099182,182.658447,-1.559265,2.418051,2.412021,1.642307,0.901176,0.252829,-0.029922,0.677966,0.287468,53.693535,0.000514,2.381104,-0.000086,1.000000,2.374053,-0.000062,1.000000,0.601405,0.601525,0.107465,0.000000,PSF-00177_20250904122456_b00,PFA-00163,PSA-00175,PSF-00177,RHS-00523,3.0.0,2020-08-19T15:15:59.596Z
318,12:25:32,2025-09-04,Manual gsw+F,LI-COR Default,,318,,,0.090871,2.923367,0.088131,3.052215,0.831587,0.763442,3.531085,2.699498,9.527753,10.378205,44.067917,0.441786,7.500000,PSF-00177_20250904122532_01a,0.000000,0.000000,0.000000,76.426865,129.410507,0.409423,0.5,0.80,274.104706,1.000000,23.40,21.48,26.88,26.77,26.77,80.13,156.9,155.3,1.0,1674,3.910,12:15:15,2025-09-04,0.08,1,0.000,0.001,0.037,0.469,0.016,-0.413,0,150,-9999.000,-9999.000000,0.058905,0.000000,0.029230,0.000000,0.000000,-0.000068,standard,0,mpf,7000,500,-9999.000000,-9999.000000,300,300,300,129.410507,25,3.196240,131.494049,134.019455,-2.525406,2.417572,2.413981,1.642972,0.926911,0.253061,-0.001212,0.679734,1.547549,76.426865,0.000488,2.381104,-0.000086,1.000000,2.374053,-0.000062,1.000000,0.601405,0.601525,0.107465,0.000000,PSF-00177_20250904122532_01a,PFA-00163,PSA-00175,PSF-00177,RHS-00523,3.0.0,2020-08-19T15:15:59.596Z
319,12:26:17,2025-09-04,Manual gsw+F,LI-COR Default,,319,,,0.025356,2.921908,0.025138,0.722413,0.730309,0.714141,2.979751,2.249442,8.912388,9.114167,37.186924,0.441786,7.500000,PSF-00177_20250904122617_e05,0.000000,0.000000,0.000000,83.636642,184.156433,0.545839,0.5,0.80,21.720947,1.000000,20.57,20.11,26.86,23.92,23.92,80.13,156.7,156.5,0.2,99,3.910,12:26:03,2025-09-04,0.09,1,-0.001,-0.000,0.018,-3.598,-1.443,0.486,0,150,-9999.000,-9999.000000,0.058905,0.000000,0.029230,0.000000,0.000000,-0.000068,standard,0,mpf,7000,500,-9999.000000,-9999.000000,300,300,300,142.510406,25,-26.588776,137.688156,145.815659,-8.127502,2.415368,2.409491,1.641428,0.929808,0.253210,-0.034590,0.681102,0.193062,83.636642,0.000508,2.381104,-0.000086,1.000000,2.374053,-0.000062,1.000000,0.601405,0.601525,0.107465,0.000000,PSF-00177_20250904122617_e05,PFA-00163,PSA-00175,PSF-00177,RHS-00523,3.0.0,2020-08-19T15:15:59.596Z
320,12:26:31,2025-09-04,Manual gsw+F,LI-COR Default,,320,,,0.036145,2.921722,0.035703,0.952102,0.775389,0.754089,2.863670,2.088282,9.410962,9.676785,35.738361,0.441786,7.500000,PSF-00177_20250904122631_5a1,0.000000,0.000000,0.000000,76.982262,217.476364,0.646020,0.5,0.80,27.648365,1.000000,21.85,21.25,26.85,23.26,23.26,80.13,156.7,155.1,1.0,107,3.910,12:26:03,2025-09-04,0.09,1,-0.002,-0.001,0.019,-0.164,0.274,0.598,0,150,-9999.000,-9999.000000,0.058905,0.000000,0.029230,0.000000,0.000000,-0.000068,standard,0,mpf,7000,500,-9999.000000,-9999.000000,300,300,300,217.476364,25,14.281909,216.968887,238.070755,-21.101868,2.417206,2.411540,1.641233,0.926370,0.253321,-0.042065,0.681440,0.199524,76.982262,0.000504,2.381104,-0.000086,1.000000,2.374053,-0.000062,1.000000,0.601405,0.601525,0.107465,0.000000,PSF-00177_20250904122631_5a1,PFA-00163,PSA-00175,PSF-00177,RHS-00523,3.0.0,2020-08-19T15:15:59.596Z
321,12:26:48,2025-09-04,Manual gsw+F,LI-COR Default,,321,,,0.034306,2.921147,0.033907,0.926781,0.788621,0.767882,2.927896,2.139276,9.583369,9.842196,36.540920,0.441786,7.500000,PSF-00177_20250904122648_761,0.000000,0.000000,0.000000,101.690765,234.290573,0.565963,0.5,0.80,23.565380,1.000000,22.25,21.66,26.83,23.62,23.62,80.13,156.6,156.7,-0.0,104,3.909,12:26:03,2025-09-04,0.09,1,0.001,0.001,-0.001,-0.176,-2.503,44.191,0,150,-9999.000,-9999.000000,0.058905,0.000000,0.029230,0.000000,0.000000,-0.000068,standard,0,mpf,7000,500,-9999.000000,-9999.000000,300,300,300,169.818161,25,-40.924404,158.401611,175.277954,-16.876343,2.417873,2.412175,1.640626,0.930427,0.253523,-0.037591,0.682002,0.197028,101.690765,0.000515,2.381104,-0.000086,1.000000,2.374053,-0.000062,1.000000,0.601405,0.601525,0.107465,0.000000,PSF-00177_20250904122648_761,PFA-00163,PSA-00175,PSF-00177,RHS-00523,3.0.0,2020-08-19T15:15:59.596Z
322,12:27:21,2025-09-04,Manual gsw+F,LI-COR Default,,322,,,0.006109,2.922814,0.006096,0.175555,0.789124,0.785200,3.041715,2.252591,9.798865,9.847829,37.958920,0.441786,7.500000,PSF-00177_20250904122721_821,0.000000,0.000000,0.000000,99.436996,265.891266,0.626024,0.5,0.80,32.321442,1.000000,22.31,22.20,26.80,24.26,24.26,80.13,156.8,128.2,18.2,129,3.909,12:26:03,2025-09-04,0.09,1,0.000,0.001,0.003,-0.004,0.106,0.233,0,150,-9999.000,-9999.000000,0.058905,0.000000,0.029230,0.000000,0.000000,-0.000068,standard,0,mpf,7000,500,-9999.000000,-9999.000000,300,300,300,265.704285,25,-0.121762,265.462524,265.715698,-0.253174,2.418738,2.412281,1.642387,0.860672,0.253905,-0.029791,0.683101,0.218521,99.436996,0.000502,2.381104,-0.000086,1.000000,2.374053,-0.000062,1.000000,0.601405,0.601525,0.107465,0.000000,PSF-00177_20250904122721_821,PFA-00163,PSA-00175,PSF-00177,RHS-00523,3.0.0,2020-08-19T15:15:59.596Z
323,12:27:49,2025-09-04,Manual gsw+F,LI-COR Default,,323,,,0.116886,2.921734,0.112389,3.093402,0.865370,0.796240,3.017540,2.152170,9.936354,10.799031,37.656174,0.441786,7.500000,PSF-00177_20250904122749_206,0.000000,0.000000,0.000000,45.127274,226.139221,0.800445,0.5,0.80,34.456654,1.000000,24.52,22.56,26.76,24.13,24.13,80.13,156.7,18.4,88.3,108,3.908,12:26:03,2025-09-04,0.09,1,0.004,0.003,0.015,2.466,1.196,-25.645,0,150,-9999.000,-9999.000000,0.058905,0.000000,0.029230,0.000000,0.000000,-0.000068,standard,0,mpf,7000,500,-9999.000000,-9999.000000,300,300,300,161.276581,25,-47.084999,144.777771,158.243073,-13.465302,2.419316,2.415748,1.641245,0.634307,0.254267,-0.030908,0.683795,0.200060,45.127274,0.000523,2.381104,-0.000086,1.000000,2.374053,-0.000062,1.000000,0.601405,0.601525,0.107465,0.000000,PSF-00177_20250904122749_206,PFA-00163,PSA-00175,PSF-00177,RHS-00523,3.0.0,2020-08-19T15:15:59.596Z
324,12:28:12,2025-09-04,Manual gsw+F,LI-COR Default,,324,,,0.019041,2.921227,0.018918,0.515688,0.838786,0.827253,2.971198,2.132412,10.323536,10.467455,37.078453,0.441786,7.500000,PSF-00177_20250904122812_14d,0.000000,0.000000,0.000000,86.407898,234.844177,0.632063,0.5,0.80,28.812595,1.000000,23.81,23.48,26.73,23.87,23.87,80.13,156.6,156.4,0.2,114,3.907,12:26:03,2025-09-04,0.09,1,-0.001,-0.001,-0.008,-0.053,-0.060,-0.071,0,150,-9999.000,-9999.000000,0.058905,0.000000,0.029230,0.000000,0.000000,-0.000068,standard,0,mpf,7000,500,-9999.000000,-9999.000000,300,300,300,230.920319,25,-3.090594,228.543167,230.387573,-1.844406,2.420780,2.414644,1.640710,0.929527,0.254575,-0.033530,0.684509,0.205519,86.407898,0.000505,2.381104,-0.000086,1.000000,2.374053,-0.000062,1.000000,0.601405,0.601525,0.107465,0.000000,PSF-00177_20250904122812_14d,PFA-00163,PSA-00175,PSF-00177,RHS-00523,3.0.0,2020-08-19T15:15:59.596Z
325,12:28:50,2025-09-04,Manual gsw+F,LI-COR Default,,325,,,0.014103,2.921538,0.014035,0.401584,0.860407,0.851431,3.096511,2.236104,10.625724,10.737741,38.643955,0.441786,7.500000,PSF-00177_20250904122850_5e6,0.000000,0.000000,0.000000,116.358162,273.265900,0.574194,0.5,0.80,16.074497,1.000000,24.49,24.23,26.68,24.56,24.56,80.13,156.7,153.5,2.1,70,3.907,12:26:03,2025-09-04,0.09,1,0.000,0.000,-0.004,0.151,0.081,0.458,0,150,-9999.000,-9999.000000,0.058905,0.000000,0.029230,0.000000,0.000000,-0.000068,standard,0,mpf,7000,500,-9999.000000,-9999.000000,300,300,300,265.728943,25,-7.939567,258.561005,261.817108,-3.256104,2.421969,2.415709,1.641037,0.922188,0.255033,-0.024992,0.685814,0.167682,116.358162,0.000502,2.381104,-0.000086,1.000000,2.374053,-0.000062,1.000000,0.601405,0.601525,0.107465,0.000000,PSF-00177_20250904122850_5e6,PFA-00163,PSA-00175,PSF-00177,RHS-00523,3.0.0,2020-08-19T15:15:59.596Z
326,12:29:04,2025-09-04,Manual gsw+F,LI-COR Default,,326,,,0.056162,2.921668,0.055103,1.318888,0.900141,0.870680,2.774134,1.873993,10.865602,11.233268,34.619663,0.441786,7.500000,PSF-00177_20250904122904_811,0.000000,0.000000,0.000000,86.801651,262.576813,0.669424,0.5,0.80,16.126255,1.000000,25.65,24.81,26.67,22.73,22.73,80.13,156.7,151.3,3.4,60,3.906,12:26:03,2025-09-04,0.09,1,0.000,-0.000,0.012,0.304,0.400,-0.463,0,150,-9999.000,-9999.000000,0.058905,0.000000,0.029230,0.000000,0.000000,-0.000068,standard,0,mpf,7000,500,-9999.000000,-9999.000000,300,300,300,262.576813,25,1.713614,260.138153,265.047821,-4.909668,2.422869,2.417504,1.641175,0.916855,0.255203,-0.045863,0.686301,0.159282,86.801651,0.000507,2.381104,-0.000086,1.000000,2.374053,-0.000062,1.000000,0.601405,0.601525,0.107465,0.000000,PSF-00177_20250904122904_811,PFA-00163,PSA-00175,PSF-00177,RHS-00523,3.0.0,2020-08-19T15:15:59.596Z
327,12:29:18,2025-09-04,Manual gsw+F,LI-COR Default,,327,,,0.001862,2.922074,0.001861,0.050213,0.879946,0.878825,2.989597,2.109651,10.967487,10.981484,37.309334,0.441786,7.500000,PSF-00177_20250904122918_7db,0.000000,0.000000,0.000000,110.748764,256.287994,0.567874,0.5,0.80,20.296711,1.000000,25.09,25.06,26.65,23.97,23.97,80.13,156.7,152.3,2.8,89,3.906,12:26:03,2025-09-04,0.09,1,-0.002,-0.001,-0.039,-0.929,0.047,50.642,0,150,-9999.000,-9999.000000,0.058905,0.000000,0.029230,0.000000,0.000000,-0.000068,standard,0,mpf,7000,500,-9999.000000,-9999.000000,300,300,300,246.840118,25,-6.612724,248.946548,246.752502,2.194046,2.423271,2.416653,1.641605,0.919404,0.255363,-0.031413,0.686687,0.184346,112.806198,0.000502,2.381104,-0.000086,1.000000,2.374053,-0.000062,1.000000,0.601405,0.601525,0.107465,0.000000,PSF-00177_20250904122918_7db,PFA-00163,PSA-00175,PSF-00177,RHS-00523,3.0.0,2020-08-19T15:15:59.596Z
328,12:30:01,2025-09-04,Manual gsw+F,LI-COR Default,,328,,,0.015052,2.921406,0.014975,0.416332,0.830119,0.820808,3.004709,2.174590,10.242625,10.358812,37.494888,0.441786,7.500000,PSF-00177_20250904123001_053,0.000000,0.000000,0.000000,84.502815,185.060257,0.543377,0.5,0.80,19.710152,1.000000,23.73,23.47,26.61,24.05,24.05,80.14,156.7,130.3,16.8,91,3.905,12:26:03,2025-09-04,0.09,1,0.000,0.002,0.001,-0.642,-1.351,-2.959,0,150,-9999.000,-9999.000000,0.058905,0.000000,0.029230,0.000000,0.000000,-0.000068,standard,0,mpf,7000,500,-9999.000000,-9999.000000,300,300,300,185.060257,25,-2.433440,175.075653,181.551254,-6.475601,2.420771,2.414538,1.640899,0.865629,0.255791,-0.029939,0.687540,0.185490,84.502815,0.000500,2.381104,-0.000086,1.000000,2.374053,-0.000062,1.000000,0.601405,0.601525,0.107465,0.000000,PSF-00177_20250904123001_053,PFA-00163,PSA-00175,PSF-00177,RHS-00523,3.0.0,2020-08-19T15:15:59.596Z
329,12:30:29,2025-09-04,Manual gsw+F,LI-COR Default,,329,,,0.009593,2.923623,0.009562,0.265081,0.878021,0.872107,3.045479,2.167457,10.881746,10.955549,38.000088,0.441786,7.500000,PSF-00177_20250904123029_b3c,0.000000,0.000000,0.000000,93.944908,236.499130,0.602769,0.5,0.80,21.842449,1.000000,25.13,24.96,26.59,24.28,24.28,80.14,156.9,156.8,0.1,91,3.905,12:26:03,2025-09-04,0.09,1,-0.001,0.000,-0.003,-0.177,-0.339,-0.312,0,150,-9999.000,-9999.000000,0.058905,0.000000,0.029230,0.000000,0.000000,-0.000068,standard,0,mpf,7000,500,-9999.000000,-9999.000000,300,300,300,227.850800,25,-6.462313,223.747009,227.180527,-3.433517,2.423130,2.416724,1.643245,0.930601,0.256015,-0.027069,0.688423,0.185411,93.944908,0.000506,2.381104,-0.000086,1.000000,2.374053,-0.000062,1.000000,0.601405,0.601525,0.107465,0.000000,PSF-00177_20250904123029_b3c,PFA-00163,PSA-00175,PSF-00177,RHS-00523,3.0.0,2020-08-19T15:15:59.596Z
330,12:30:57,2025-09-04,Manual gsw+F,LI-COR Default,,330,,,0.063909,2.921948,0.062541,1.710730,0.854287,0.816054,2.993822,2.139535,10.182667,10.659736,37.356701,0.441786,7.500000,PSF-00177_20250904123057_09a,0.000000,0.000000,0.000000,109.695198,314.440948,0.651142,0.5,0.80,33.275440,1.000000,24.47,23.38,26.58,23.99,23.99,80.14,156.7,147.6,5.8,128,3.905,12:26:03,2025-09-04,0.09,1,-0.001,-0.002,0.003,-0.083,-0.107,33.944,0,150,-9999.000,-9999.000000,0.058905,0.000000,0.029230,0.000000,0.000000,-0.000068,standard,0,mpf,7000,500,-9999.000000,-9999.000000,300,300,300,301.368347,25,-10.407028,294.166809,299.434113,-5.267303,2.420638,2.415700,1.641471,0.907586,0.256145,-0.030225,0.689504,0.217389,109.695198,0.000500,2.381104,-0.000086,1.000000,2.374053,-0.000062,1.000000,0.601405,0.601525,0.107465,0.000000,PSF-00177_20250904123057_09a,PFA-00163,PSA-00175,PSF-00177,RHS-00523,3.0.0,2020-08-19T15:15:59.596Z
331,12:31:13,2025-09-04,Manual gsw+F,LI-COR Default,,331,,,0.046524,2.921936,0.045795,1.165724,0.880505,0.854461,2.872719,1.992215,10.662066,10.987045,35.846149,0.441786,7.500000,PSF-00177_20250904123113_718,0.000000,0.000000,0.000000,90.487358,297.841187,0.696189,0.5,0.80,40.702477,1.000000,25.24,24.49,26.56,23.31,23.31,80.14,156.7,134.4,14.3,146,3.848,12:26:03,2025-09-04,0.09,1,-0.000,-0.002,0.007,0.229,0.173,0.833,0,150,-9999.000,-9999.000000,0.058905,0.000000,0.029230,0.000000,0.000000,-0.000068,standard,0,mpf,7000,500,-9999.000000,-9999.000000,300,300,300,284.242981,25,-9.982654,279.472961,283.446289,-3.973328,2.422397,2.416893,1.641458,0.875304,0.256258,-0.038010,0.690029,0.233223,90.487358,0.000499,2.381104,-0.000086,1.000000,2.374053,-0.000062,1.000000,0.601405,0.601525,0.107465,0.000000,PSF-00177_20250904123113_718,PFA-00163,PSA-00175,PSF-00177,RHS-00523,3.0.0,2020-08-19T15:15:59.596Z
332,12:31:27,2025-09-04,Manual gsw+F,LI-COR Default,,332,,,0.014162,2.921402,0.014094,0.394342,0.846320,0.837502,3.034317,2.187997,10.450491,10.560519,37.862698,0.441786,7.500000,PSF-00177_20250904123127_543,0.000000,0.000000,0.000000,80.232742,203.714844,0.606152,0.5,0.80,20.565331,1.000000,24.27,24.02,26.56,24.22,24.22,80.14,156.7,140.4,10.4,85,3.904,12:26:03,2025-09-04,0.09,1,-0.000,-0.001,-0.012,0.209,0.322,39.601,0,150,-9999.000,-9999.000000,0.058905,0.000000,0.029230,0.000000,0.000000,-0.000068,standard,0,mpf,7000,500,-9999.000000,-9999.000000,300,300,300,201.746109,25,-1.226568,201.039078,201.946136,-0.907059,2.421654,2.415391,1.640894,0.889833,0.256345,-0.027394,0.690552,0.180444,80.232742,0.000495,2.381104,-0.000086,1.000000,2.374053,-0.000062,1.000000,0.601405,0.601525,0.107465,0.000000,PSF-00177_20250904123127_543,PFA-00163,PSA-00175,PSF-00177,RHS-00523,3.0.0,2020-08-19T15:15:59.596Z
333,12:31:52,2025-09-04,Manual gsw+F,LI-COR Default,,333,,,0.093587,2.922017,0.090682,2.709822,0.916220,0.855713,3.248681,2.332461,10.678191,11.433243,40.539345,0.441786,7.500000,PSF-00177_20250904123152_cd8,0.000000,0.000000,0.000000,91.804863,291.428284,0.684983,0.5,0.80,23.386349,1.000000,26.28,24.55,26.55,25.36,25.36,80.14,156.7,1.5,99.1,85,3.904,12:26:03,2025-09-04,0.09,1,-0.006,-0.006,0.018,0.012,-0.003,0.094,0,150,-9999.000,-9999.000000,0.058905,0.000000,0.029230,0.000000,0.000000,-0.000068,standard,0,mpf,7000,500,-9999.000000,-9999.000000,300,300,300,284.906738,25,-4.693190,282.079346,284.660736,-2.581390,2.422482,2.418502,1.641544,0.604082,0.256378,-0.013992,0.691529,0.180904,91.804863,0.000507,2.381104,-0.000086,1.000000,2.374053,-0.000062,1.000000,0.601405,0.601525,0.107465,0.000000,PSF-00177_20250904123152_cd8,PFA-00163,PSA-00175,PSF-00177,RHS-00523,3.0.0,2020-08-19T15:15:59.596Z
334,12:32:24,2025-09-04,Manual gsw+F,LI-COR Default,,334,,,0.004867,2.921299,0.004859,0.180465,0.834941,0.830905,3.726446,2.891505,10.369108,10.419472,46.503403,0.441786,7.500000,PSF-00177_20250904123224_573,0.000000,0.000000,0.000000,52.368523,53.595333,0.022890,0.5,0.80,8.960978,1.000000,23.89,23.77,26.60,27.69,27.69,80.13,156.7,156.5,0.1,979,3.903,12:26:03,2025-09-04,0.09,1,0.001,0.002,0.000,-0.099,-0.745,-2.570,0,150,-9999.000,-9999.000000,0.058905,0.000000,0.029230,0.000000,0.000000,-0.000068,standard,0,mpf,7000,500,-9999.000000,-9999.000000,300,300,300,52.525162,25,-0.722959,52.157520,52.552834,-0.395313,2.421253,2.414780,1.640785,0.929977,0.255905,0.013190,0.693369,0.949536,52.368523,0.000492,2.381104,-0.000086,1.000000,2.374053,-0.000062,1.000000,0.601405,0.601525,0.107465,0.000000,PSF-00177_20250904123224_573,PFA-00163,PSA-00175,PSF-00177,RHS-00523,3.0.0,2020-08-19T15:15:59.596Z
335,12:32:46,2025-09-04,Manual gsw+F,LI-COR Default,,335,,,0.078140,2.922320,0.076105,2.320291,0.926493,0.874708,3.304952,2.378459,10.916309,11.562585,41.245651,0.441786,7.500000,PSF-00177_20250904123246_8b5,0.000000,0.000000,0.000000,97.382065,255.022919,0.618144,0.5,0.80,190.451080,1.000000,26.42,24.95,26.65,25.65,25.65,80.13,156.8,147.3,6.1,770,3.903,12:26:03,2025-09-04,0.09,1,-0.000,0.000,-0.004,0.394,1.002,2.386,0,150,-9999.000,-9999.000000,0.058905,0.000000,0.029230,0.000000,0.000000,-0.000068,standard,0,mpf,7000,500,-9999.000000,-9999.000000,300,300,300,248.748062,25,-4.514129,245.959290,248.513580,-2.554291,2.423093,2.418705,1.641864,0.906735,0.255385,-0.011753,0.695228,0.770196,97.081665,0.000498,2.381104,-0.000086,1.000000,2.374053,-0.000062,1.000000,0.601405,0.601525,0.107465,0.000000,PSF-00177_20250904123246_8b5,PFA-00163,PSA-00175,PSF-00177,RHS-00523,3.0.0,2020-08-19T15:15:59.596Z
336,12:33:11,2025-09-04,Manual gsw+F,LI-COR Default,,336,,,0.047318,2.921912,0.046564,1.533007,0.937815,0.903595,3.502740,2.564925,11.276998,11.704066,43.714714,0.441786,7.500000,PSF-00177_20250904123311_b5c,0.000000,0.000000,0.000000,92.138168,281.667633,0.672883,0.5,0.80,102.799194,1.000000,26.63,25.66,26.73,26.63,26.63,80.13,156.7,156.2,0.4,382,3.902,12:26:03,2025-09-04,0.09,1,0.001,-0.000,-0.001,0.364,0.798,20.951,0,150,-9999.000,-9999.000000,0.058905,0.000000,0.029230,0.000000,0.000000,-0.000068,standard,0,mpf,7000,500,-9999.000000,-9999.000000,300,300,300,274.312012,25,-6.854457,270.649567,271.783569,-1.134003,2.424184,2.419004,1.641434,0.929050,0.254609,-0.001006,0.697770,0.436085,92.138168,0.000501,2.381104,-0.000086,1.000000,2.374053,-0.000062,1.000000,0.601405,0.601525,0.107465,0.000000,PSF-00177_20250904123311_b5c,PFA-00163,PSA-00175,PSF-00177,RHS-00523,3.0.0,2020-08-19T15:15:59.596Z
337,12:33:29,2025-09-04,Manual gsw+F,LI-COR Default,,337,,,0.019731,2.922755,0.019598,0.842708,0.996622,0.977836,4.327806,3.331184,12.202589,12.437021,54.007450,0.441786,7.500000,PSF-00177_20250904123329_441,0.000000,0.000000,0.000000,76.934341,102.309082,0.248020,0.5,0.80,124.790932,1.000000,28.18,27.65,26.79,30.27,30.27,80.13,156.8,153.5,2.1,1258,3.902,12:26:03,2025-09-04,0.09,1,-0.001,0.002,-0.009,1.034,1.889,4.172,0,150,-9999.000,-9999.000000,0.058905,0.000000,0.029230,0.000000,0.000000,-0.000068,standard,0,mpf,7000,500,-9999.000000,-9999.000000,300,300,300,97.686409,25,-3.262492,95.908287,97.604599,-1.696312,2.427258,2.421367,1.642325,0.922308,0.253924,0.042518,0.699654,1.189744,76.934341,0.000495,2.381104,-0.000086,1.000000,2.374053,-0.000062,1.000000,0.601405,0.601525,0.107465,0.000000,PSF-00177_20250904123329_441,PFA-00163,PSA-00175,PSF-00177,RHS-00523,3.0.0,2020-08-19T15:15:59.596Z
338,12:33:51,2025-09-04,Manual gsw+F,LI-COR Default,,338,,,0.068384,2.921759,0.066820,2.167394,1.014497,0.966146,3.540231,2.525734,12.054981,12.658269,44.172825,0.441786,7.500000,PSF-00177_20250904123351_667,0.000000,0.000000,0.000000,78.045845,161.248459,0.515990,0.5,0.80,344.561859,1.000000,28.53,27.17,26.89,26.81,26.81,80.14,156.7,151.0,3.6,1669,3.901,12:26:03,2025-09-04,0.09,1,-0.002,-0.004,-0.008,0.408,0.826,3.707,0,150,-9999.000,-9999.000000,0.058905,0.000000,0.029230,0.000000,0.000000,-0.000068,standard,0,mpf,7000,500,-9999.000000,-9999.000000,300,300,300,155.070663,25,-4.867774,152.164215,154.229172,-2.064957,2.426494,2.421871,1.641272,0.916047,0.252951,-0.000817,0.702231,1.543845,77.575920,0.000493,2.381104,-0.000086,1.000000,2.374053,-0.000062,1.000000,0.601405,0.601525,0.107465,0.000000,PSF-00177_20250904123351_667,PFA-00163,PSA-00175,PSF-00177,RHS-00523,3.0.0,2020-08-19T15:15:59.596Z
339,12:34:06,2025-09-04,Manual gsw+F,LI-COR Default,,339,,,0.058593,2.921857,0.057442,2.174985,1.038527,0.990024,3.978240,2.939713,12.352685,12.957854,49.637100,0.441786,7.500000,PSF-00177_20250904123406_844,0.000000,0.000000,0.000000,48.122765,75.780731,0.364974,0.5,0.80,108.925339,1.000000,29.10,27.74,26.95,28.81,28.81,80.15,156.7,156.3,0.3,746,3.901,12:26:03,2025-09-04,0.09,1,-0.003,-0.003,0.003,0.288,1.601,4.380,0,150,-9999.000,-9999.000000,0.058905,0.000000,0.029230,0.000000,0.000000,-0.000068,standard,0,mpf,7000,500,-9999.000000,-9999.000000,300,300,300,68.026543,25,-5.126966,65.863251,68.387695,-2.524445,2.427359,2.422720,1.641375,0.929312,0.252326,0.022576,0.703702,0.749430,48.122765,0.000499,2.381104,-0.000086,1.000000,2.374053,-0.000062,1.000000,0.601405,0.601525,0.107465,0.000000,PSF-00177_20250904123406_844,PFA-00163,PSA-00175,PSF-00177,RHS-00523,3.0.0,2020-08-19T15:15:59.596Z
340,12:34:27,2025-09-04,Manual gsw+F,LI-COR Default,,340,,,0.080856,2.921202,0.078678,2.747998,1.016387,0.955057,3.732759,2.716372,11.916245,12.681461,46.573616,0.441786,7.500000,PSF-00177_20250904123427_6b2,0.000000,0.000000,0.000000,116.153595,229.593781,0.494091,0.5,0.80,196.302063,1.000000,28.31,26.60,27.05,27.72,27.72,80.15,156.6,137.7,12.1,993,3.900,12:26:03,2025-09-04,0.09,1,0.000,-0.000,0.004,0.154,-0.041,33.720,0,150,-9999.000,-9999.000000,0.058905,0.000000,0.029230,0.000000,0.000000,-0.000068,standard,0,mpf,7000,500,-9999.000000,-9999.000000,300,300,300,220.500107,25,-7.764087,214.724060,218.398041,-3.673981,2.425598,2.421520,1.640683,0.883185,0.251348,0.008104,0.705834,0.962063,116.153595,0.000496,2.381104,-0.000086,1.000000,2.374053,-0.000062,1.000000,0.601405,0.601525,0.107465,0.000000,PSF-00177_20250904123427_6b2,PFA-00163,PSA-00175,PSF-00177,RHS-00523,3.0.0,2020-08-19T15:15:59.596Z