Obs,Time,Date,configName,configAuthor,remark,Observation,,,gsw,gbw,gtw,E_apparent,VPcham,VPref,VPleaf,VPDleaf,H2O_r,H2O_s,H2O_leaf,leaf_area,leaf_width,flashID,Fo,Fm,Fv/Fm,Fs,Fm',PhiPS2,PS2/1,abs,ETR,TRANS,rh_s,rh_r,Tref,Tmeas,Tleaf,P_atm,flow,flow_s,leak_pct,Qamb,batt,match_time,match_date,rh_adj,type,gsw1sec,gsw2sec,gsw4sec,flr1sec,flr2sec,flr4sec,auto,flow_set,gsw_limit,gsw_period,aw,Bla,Blb,Blc,Bld,Ble,chamber,dark,flash_type,flash_intensity,modrate,flr_limit,flr_period,P1_dur,P2_dur,P3_dur,P1_Fmax,P2_ramp,P2_slp,P3_Fmax,P3_Pred,P3_DeltaF,v_humA,v_humB,v_flowIn,v_flowOut,v_temp,v_irt,v_pres,v_par,v_F,i_LED,b_rhr,m_rhr,span_rhr,b_rhs,m_rhs,span_rhs,z_flowIn,z_flowOut,z_quantum,z_flr,flashId,lciSerNum,lcpSerNum,lcfSerNum,lcrhSerNum,version,configUpdatedAt
1,10:02:40,2025-08-07,Manual gsw+F,LI-COR Default,,001,,,0.004915,2.675310,0.004906,0.102540,0.844641,0.841899,2.491143,1.646502,10.466562,10.500658,30.970121,0.441786,7.500000,PSF-00232_20250807100240_af7,0.000000,0.000000,0.000000,100.962997,430.697876,0.765583,0.5,0.80,12.150581,1.000000,31.40,31.29,22.23,20.97,20.97,80.44,131.5,129.6,1.4,40,4.110,09:56:03,2025-08-07,-0.46,1,0.000,0.001,0.002,-0.053,0.092,0.287,0,150,-9999.000,-9999.000000,0.058905,0.000000,0.029230,0.000000,0.000000,-0.000068,standard,0,mpf,7000,500,-9999.000000,-9999.000000,300,300,300,423.405640,25,-4.933402,422.657135,423.628754,-0.971619,2.455671,2.464947,1.436624,0.863971,0.304715,-0.013808,0.102948,0.140149,100.962997,0.000637,2.400430,-0.000041,1.000000,2.408421,-0.000039,1.000000,0.600250,0.601702,0.107071,0.000000,PSF-00232_20250807100240_af7,PFA-00245,PSA-00257,PSF-00232,RHS-00222,3.0.0,2021-01-19T12:57:14.097Z
2,10:03:20,2025-08-07,Manual gsw+F,LI-COR Default,,002,,,-0.014701,2.754706,-0.014780,-0.329921,0.833745,0.842110,2.590941,1.757196,10.469546,10.365548,32.211910,0.441786,7.500000,PSF-00232_20250807100320_b30,0.000000,0.000000,0.000000,87.137100,362.129913,0.759376,0.5,0.80,15.865520,1.000000,30.90,31.21,22.27,21.61,21.61,80.43,138.7,89.4,35.5,52,4.108,09:56:03,2025-08-07,-0.46,1,-0.000,-0.000,0.001,-0.034,-0.085,-0.098,0,150,-9999.000,-9999.000000,0.058905,0.000000,0.029230,0.000000,0.000000,-0.000068,standard,0,mpf,7000,500,-9999.000000,-9999.000000,300,300,300,361.719116,25,-0.105198,364.501465,361.979187,2.522278,2.455538,2.464173,1.494427,0.774074,0.304150,-0.007159,0.107199,0.150615,87.137100,0.000643,2.400430,-0.000041,1.000000,2.408421,-0.000039,1.000000,0.600250,0.601702,0.107071,0.000000,PSF-00232_20250807100320_b30,PFA-00245,PSA-00257,PSF-00232,RHS-00222,3.0.0,2021-01-19T12:57:14.097Z
3,10:03:51,2025-08-07,Manual gsw+F,LI-COR Default,,003,,,0.002344,2.686369,0.002342,0.050334,0.840690,0.839354,2.533006,1.692316,10.435537,10.452152,31.492424,0.441786,7.500000,PSF-00232_20250807100351_486,0.000000,0.000000,0.000000,97.611664,458.635925,0.787170,0.5,0.80,16.283308,1.000000,31.11,31.06,22.30,21.24,21.24,80.43,132.4,132.4,0.0,52,4.107,09:56:03,2025-08-07,-0.46,1,0.000,0.000,-0.000,0.148,0.270,0.403,0,150,-9999.000,-9999.000000,0.058905,0.000000,0.029230,0.000000,0.000000,-0.000068,standard,0,mpf,7000,500,-9999.000000,-9999.000000,300,300,300,458.635925,25,1.363940,461.389648,460.590332,0.799316,2.455304,2.464497,1.444311,0.870568,0.303852,-0.011581,0.110363,0.150184,97.611664,0.000641,2.400430,-0.000041,1.000000,2.408421,-0.000039,1.000000,0.600250,0.601702,0.107071,0.000000,PSF-00232_20250807100351_486,PFA-00245,PSA-00257,PSF-00232,RHS-00222,3.0.0,2021-01-19T12:57:14.097Z
4,10:04:20,2025-08-07,Manual gsw+F,LI-COR Default,,004,,,0.005363,2.672338,0.005352,0.108748,0.826649,0.823734,2.428208,1.601559,10.239813,10.276052,30.184977,0.441786,7.500000,PSF-00232_20250807100420_d46,0.000000,0.000000,0.000000,107.471466,447.095642,0.759623,0.5,0.80,16.107517,1.000000,30.56,30.46,22.31,20.55,20.55,80.44,131.2,132.3,-0.8,53,4.106,09:56:03,2025-08-07,-0.46,1,0.000,0.001,0.002,0.310,0.482,1.227,0,150,-9999.000,-9999.000000,0.058905,0.000000,0.029230,0.000000,0.000000,-0.000068,standard,0,mpf,7000,500,-9999.000000,-9999.000000,300,300,300,447.095642,25,1.389333,451.880341,449.086426,2.793915,2.454353,2.463635,1.434577,0.870157,0.303648,-0.019436,0.113285,0.151265,107.287643,0.000663,2.400430,-0.000041,1.000000,2.408421,-0.000039,1.000000,0.600250,0.601702,0.107071,0.000000,PSF-00232_20250807100420_d46,PFA-00245,PSA-00257,PSF-00232,RHS-00222,3.0.0,2021-01-19T12:57:14.097Z
5,10:04:44,2025-08-07,Manual gsw+F,LI-COR Default,,005,,,-0.013019,2.686909,-0.013082,-0.281769,0.812212,0.819694,2.509097,1.696885,10.189309,10.096298,31.189632,0.441786,7.500000,PSF-00232_20250807100444_536,0.000000,0.000000,0.000000,56.808113,315.446014,0.819912,0.5,0.80,16.715384,1.000000,30.01,30.29,22.32,21.09,21.09,80.45,132.5,132.9,-0.3,51,4.084,09:56:03,2025-08-07,-0.46,1,-0.000,0.000,0.001,-0.593,0.009,1.012,0,150,-9999.000,-9999.000000,0.058905,0.000000,0.029230,0.000000,0.000000,-0.000068,standard,0,mpf,7000,500,-9999.000000,-9999.000000,300,300,300,312.847504,25,-0.901434,314.994324,314.154327,0.839996,2.454093,2.462772,1.444689,0.871579,0.303539,-0.013605,0.115748,0.149561,56.808113,0.000646,2.400430,-0.000041,1.000000,2.408421,-0.000039,1.000000,0.600250,0.601702,0.107071,0.000000,PSF-00232_20250807100444_536,PFA-00245,PSA-00257,PSF-00232,RHS-00222,3.0.0,2021-01-19T12:57:14.097Z
6,10:05:14,2025-08-07,Manual gsw+F,LI-COR Default,,006,,,-0.005479,2.693260,-0.005490,-0.117556,0.827568,0.830676,2.514366,1.686798,10.326233,10.287600,31.256393,0.441786,7.500000,PSF-00232_20250807100514_359,0.000000,0.000000,0.000000,95.624329,410.413757,0.767005,0.5,0.80,31.797153,1.000000,30.57,30.68,22.33,21.12,21.12,80.44,133.0,133.5,-0.3,104,4.104,09:56:03,2025-08-07,-0.46,1,-0.001,0.000,0.002,0.424,-1.386,0.608,0,150,-9999.000,-9999.000000,0.058905,0.000000,0.029230,0.000000,0.000000,-0.000068,standard,0,mpf,7000,500,-9999.000000,-9999.000000,300,300,300,410.413757,25,10.994955,416.266693,426.168518,-9.901825,2.454702,2.463637,1.449156,0.873140,0.303447,-0.013309,0.118708,0.193473,95.624329,0.000651,2.400430,-0.000041,1.000000,2.408421,-0.000039,1.000000,0.600250,0.601702,0.107071,0.000000,PSF-00232_20250807100514_359,PFA-00245,PSA-00257,PSF-00232,RHS-00222,3.0.0,2021-01-19T12:57:14.097Z
7,10:05:38,2025-08-07,Manual gsw+F,LI-COR Default,,007,,,-0.021031,2.744415,-0.021193,-0.473177,0.818485,0.830571,2.576670,1.758185,10.324801,10.174562,32.030506,0.441786,7.500000,PSF-00232_20250807100538_c5c,0.000000,0.000000,0.000000,125.906113,461.780548,0.727346,0.5,0.80,23.193327,1.000000,30.22,30.67,22.34,21.52,21.52,80.44,137.7,104.3,24.3,80,4.104,09:56:03,2025-08-07,-0.46,1,0.000,0.000,-0.000,0.328,0.430,0.638,0,150,-9999.000,-9999.000000,0.058905,0.000000,0.029230,0.000000,0.000000,-0.000068,standard,0,mpf,7000,500,-9999.000000,-9999.000000,300,300,300,461.780548,25,0.866973,461.687927,463.022827,-1.334900,2.454677,2.463093,1.486568,0.806376,0.303371,-0.008906,0.121091,0.173530,125.906113,0.000653,2.400430,-0.000041,1.000000,2.408421,-0.000039,1.000000,0.600250,0.601702,0.107071,0.000000,PSF-00232_20250807100538_c5c,PFA-00245,PSA-00257,PSF-00232,RHS-00222,3.0.0,2021-01-19T12:57:14.097Z
8,10:06:11,2025-08-07,Manual gsw+F,LI-COR Default,,008,,,0.001206,2.697472,0.001206,0.026263,0.822822,0.822130,2.538768,1.715946,10.219394,10.228001,31.557877,0.441786,7.500000,PSF-00232_20250807100611_372,0.000000,0.000000,0.000000,96.213699,417.329193,0.769454,0.5,0.80,38.319118,1.000000,30.36,30.33,22.35,21.28,21.28,80.45,133.4,135.0,-1.2,125,4.103,09:56:03,2025-08-07,-0.46,1,0.000,0.001,0.003,0.334,0.362,0.615,0,150,-9999.000,-9999.000000,0.058905,0.000000,0.029230,0.000000,0.000000,-0.000068,standard,0,mpf,7000,500,-9999.000000,-9999.000000,300,300,300,405.402649,25,-8.586295,406.827087,405.025818,1.801270,2.454155,2.463307,1.452139,0.876722,0.303225,-0.011756,0.124394,0.210864,96.213699,0.000651,2.400430,-0.000041,1.000000,2.408421,-0.000039,1.000000,0.600250,0.601702,0.107071,0.000000,PSF-00232_20250807100611_372,PFA-00245,PSA-00257,PSF-00232,RHS-00222,3.0.0,2021-01-19T12:57:14.097Z
9,10:06:46,2025-08-07,Manual gsw+F,LI-COR Default,,009,,,0.040483,2.731364,0.039891,0.841597,0.828771,0.807083,2.491149,1.662377,10.031388,10.300959,30.962967,0.441786,7.500000,PSF-00232_20250807100646_c07,0.000000,0.000000,0.000000,104.527115,399.943390,0.738645,0.5,0.80,24.887739,1.000000,30.52,29.72,22.38,20.97,20.97,80.46,136.5,134.4,1.5,84,4.101,10:06:32,2025-08-07,0.02,1,0.001,0.001,0.004,-0.484,0.891,-0.429,0,150,-9999.000,-9999.000000,0.058905,0.000000,0.029230,0.000000,0.000000,-0.000068,standard,0,mpf,7000,500,-9999.000000,-9999.000000,300,300,300,392.970795,25,-4.889871,393.818024,392.936646,0.881378,2.453190,2.462807,1.476768,0.875260,0.302828,-0.015578,0.127962,0.177295,104.527115,0.000654,2.400430,-0.000041,1.000000,2.408421,-0.000039,1.000000,0.600250,0.601702,0.107071,0.000000,PSF-00232_20250807100646_c07,PFA-00245,PSA-00257,PSF-00232,RHS-00222,3.0.0,2021-01-19T12:57:14.097Z
10,10:07:12,2025-08-07,Manual gsw+F,LI-COR Default,,010,,,0.006694,2.710265,0.006677,0.136940,0.810315,0.806735,2.427198,1.616882,10.026376,10.070879,30.166044,0.441786,7.500000,PSF-00232_20250807100712_f70,0.000000,0.000000,0.000000,87.418198,378.272644,0.768902,0.5,0.80,55.950645,1.000000,29.81,29.67,22.40,20.55,20.55,80.46,134.6,134.7,-0.1,182,4.101,10:06:32,2025-08-07,0.02,1,0.000,-0.000,0.001,-0.001,-1.009,0.371,0,150,-9999.000,-9999.000000,0.058905,0.000000,0.029230,0.000000,0.000000,-0.000068,standard,0,mpf,7000,500,-9999.000000,-9999.000000,300,300,300,378.272644,25,3.707306,383.527283,383.584869,-0.057587,2.453119,2.461689,1.461302,0.876057,0.302624,-0.020472,0.130501,0.258730,87.418198,0.000645,2.400430,-0.000041,1.000000,2.408421,-0.000039,1.000000,0.600250,0.601702,0.107071,0.000000,PSF-00232_20250807100712_f70,PFA-00245,PSA-00257,PSF-00232,RHS-00222,3.0.0,2021-01-19T12:57:14.097Z
11,10:07:33,2025-08-07,Manual gsw+F,LI-COR Default,,011,,,0.006433,2.718161,0.006417,0.134070,0.796900,0.793413,2.443938,1.647038,9.861359,9.904705,30.375795,0.441786,7.500000,PSF-00232_20250807100733_23f,0.000000,0.000000,0.000000,82.291245,382.297333,0.784745,0.5,0.80,25.141064,1.000000,29.31,29.18,22.40,20.66,20.66,80.46,135.3,131.9,2.5,80,4.099,10:06:32,2025-08-07,0.02,1,0.002,0.002,0.004,0.246,0.034,-0.005,0,150,-9999.000,-9999.000000,0.058905,0.000000,0.029230,0.000000,0.000000,-0.000068,standard,0,mpf,7000,500,-9999.000000,-9999.000000,300,300,300,381.052490,25,-0.642068,381.771332,381.377319,0.394012,2.452340,2.460900,1.467037,0.869298,0.302575,-0.019279,0.132452,0.173842,82.291245,0.000660,2.400430,-0.000041,1.000000,2.408421,-0.000039,1.000000,0.600250,0.601702,0.107071,0.000000,PSF-00232_20250807100733_23f,PFA-00245,PSA-00257,PSF-00232,RHS-00222,3.0.0,2021-01-19T12:57:14.097Z
12,10:08:19,2025-08-07,Manual gsw+F,LI-COR Default,,012,,,0.015564,2.769958,0.015477,0.328674,0.795956,0.787703,2.469951,1.673995,9.789691,9.892261,30.696915,0.441786,7.500000,PSF-00232_20250807100819_6d1,0.000000,0.000000,0.000000,100.727676,441.951538,0.772084,0.5,0.80,22.370472,1.000000,29.27,28.97,22.40,20.83,20.83,80.46,140.2,105.1,25.0,72,4.099,10:06:32,2025-08-07,0.02,1,-0.000,-0.000,0.001,0.001,-0.140,-0.289,0,150,-9999.000,-9999.000000,0.058905,0.000000,0.029230,0.000000,0.000000,-0.000068,standard,0,mpf,7000,500,-9999.000000,-9999.000000,300,300,300,423.591614,25,-15.351584,417.111053,419.954102,-2.843048,2.452007,2.460843,1.506298,0.808091,0.302565,-0.017375,0.136979,0.167458,100.727676,0.000646,2.400430,-0.000041,1.000000,2.408421,-0.000039,1.000000,0.600250,0.601702,0.107071,0.000000,PSF-00232_20250807100819_6d1,PFA-00245,PSA-00257,PSF-00232,RHS-00222,3.0.0,2021-01-19T12:57:14.097Z
13,10:08:44,2025-08-07,Manual gsw+F,LI-COR Default,,013,,,0.008920,2.770678,0.008892,0.190632,0.801692,0.796908,2.491453,1.689761,9.904188,9.963645,30.964439,0.441786,7.500000,PSF-00232_20250807100844_dc1,0.000000,0.000000,0.000000,71.353912,348.215057,0.795087,0.5,0.80,40.901974,1.000000,29.48,29.31,22.40,20.97,20.97,80.46,140.2,103.0,26.5,129,4.098,10:06:32,2025-08-07,0.02,1,0.001,0.000,0.000,0.147,0.389,0.358,0,150,-9999.000,-9999.000000,0.058905,0.000000,0.029230,0.000000,0.000000,-0.000068,standard,0,mpf,7000,500,-9999.000000,-9999.000000,300,300,300,346.032501,25,-1.363940,352.247009,346.260651,5.986359,2.452543,2.461179,1.506865,0.803565,0.302580,-0.015789,0.139379,0.214288,71.351768,0.000646,2.400430,-0.000041,1.000000,2.408421,-0.000039,1.000000,0.600250,0.601702,0.107071,0.000000,PSF-00232_20250807100844_dc1,PFA-00245,PSA-00257,PSF-00232,RHS-00222,3.0.0,2021-01-19T12:57:14.097Z
14,10:09:26,2025-08-07,Manual gsw+F,LI-COR Default,,014,,,0.006534,2.727591,0.006519,0.139519,0.788333,0.784726,2.475586,1.687253,9.752332,9.797157,30.765812,0.441786,7.500000,PSF-00232_20250807100926_2dc,0.000000,0.000000,0.000000,100.290298,428.641693,0.766028,0.5,0.80,15.213588,1.000000,28.98,28.85,22.41,20.87,20.87,80.47,136.2,136.5,-0.3,50,4.097,10:06:32,2025-08-07,0.02,1,-0.000,0.000,0.002,0.161,0.336,0.721,0,150,-9999.000,-9999.000000,0.058905,0.000000,0.029230,0.000000,0.000000,-0.000068,standard,0,mpf,7000,500,-9999.000000,-9999.000000,300,300,300,425.190582,25,-2.405033,425.106537,425.195496,-0.088959,2.451826,2.460390,1.473969,0.880302,0.302524,-0.017000,0.143387,0.148463,100.290298,0.000658,2.400430,-0.000041,1.000000,2.408421,-0.000039,1.000000,0.600250,0.601702,0.107071,0.000000,PSF-00232_20250807100926_2dc,PFA-00245,PSA-00257,PSF-00232,RHS-00222,3.0.0,2021-01-19T12:57:14.097Z
15,10:09:59,2025-08-07,Manual gsw+F,LI-COR Default,,015,,,0.000373,2.734560,0.000372,0.008146,0.785649,0.785440,2.509328,1.723678,9.761530,9.764135,31.186203,0.441786,7.500000,PSF-00232_20250807100959_427,0.000000,0.000000,0.000000,69.291115,285.865906,0.757610,0.5,0.80,11.967621,1.000000,28.88,28.87,22.41,21.09,21.09,80.46,136.8,137.1,-0.2,39,4.096,10:06:32,2025-08-07,0.02,1,0.000,-0.000,0.002,0.043,0.161,0.346,0,150,-9999.000,-9999.000000,0.058905,0.000000,0.029230,0.000000,0.000000,-0.000068,standard,0,mpf,7000,500,-9999.000000,-9999.000000,300,300,300,283.227325,25,-1.721249,283.120758,283.399506,-0.278748,2.451851,2.460218,1.479152,0.881656,0.302460,-0.014603,0.146546,0.139994,69.100502,0.000648,2.400430,-0.000041,1.000000,2.408421,-0.000039,1.000000,0.600250,0.601702,0.107071,0.000000,PSF-00232_20250807100959_427,PFA-00245,PSA-00257,PSF-00232,RHS-00222,3.0.0,2021-01-19T12:57:14.097Z
16,10:10:36,2025-08-07,Manual gsw+F,LI-COR Default,,016,,,0.002009,2.734725,0.002008,0.042652,0.810273,0.809176,2.484387,1.674114,10.056527,10.070161,30.876242,0.441786,7.500000,PSF-00232_20250807101036_de0,0.000000,0.000000,0.000000,61.653255,321.059235,0.807969,0.5,0.80,19.024572,1.000000,29.75,29.71,22.43,20.92,20.92,80.46,136.8,131.6,3.8,59,4.095,10:06:32,2025-08-07,0.02,1,0.000,0.000,0.002,-1.456,0.342,4.510,0,150,-9999.000,-9999.000000,0.058905,0.000000,0.029230,0.000000,0.000000,-0.000068,standard,0,mpf,7000,500,-9999.000000,-9999.000000,300,300,300,312.459473,25,-5.680666,312.634003,312.919342,-0.285339,2.453173,2.461600,1.479274,0.868551,0.302275,-0.016593,0.150148,0.156145,61.653255,0.000649,2.400430,-0.000041,1.000000,2.408421,-0.000039,1.000000,0.600250,0.601702,0.107071,0.000000,PSF-00232_20250807101036_de0,PFA-00245,PSA-00257,PSF-00232,RHS-00222,3.0.0,2021-01-19T12:57:14.097Z
17,10:11:23,2025-08-07,Manual gsw+F,LI-COR Default,,017,,,0.101096,2.815319,0.097592,1.897142,0.888606,0.842520,2.420546,1.531939,10.471321,11.044112,30.083935,0.441786,7.500000,PSF-00232_20250807101123_6d8,0.000000,0.000000,0.000000,93.510391,365.533966,0.744181,0.5,0.80,43.572124,1.000000,32.52,30.83,22.48,20.50,20.50,80.46,144.7,145.5,-0.6,146,4.094,10:06:32,2025-08-07,0.02,1,0.003,0.003,0.006,-0.414,-3.245,3.930,0,150,-9999.000,-9999.000000,0.058905,0.000000,0.029230,0.000000,0.000000,-0.000068,standard,0,mpf,7000,500,-9999.000000,-9999.000000,300,300,300,363.708984,25,-0.395398,370.190613,364.967407,5.223206,2.454911,2.465909,1.543336,0.902008,0.301609,-0.021923,0.154680,0.229100,93.510391,0.000659,2.400430,-0.000041,1.000000,2.408421,-0.000039,1.000000,0.600250,0.601702,0.107071,0.000000,PSF-00232_20250807101123_6d8,PFA-00245,PSA-00257,PSF-00232,RHS-00222,3.0.0,2021-01-19T12:57:14.097Z
18,10:11:33,2025-08-07,Manual gsw+F,LI-COR Default,,018,,,-0.092539,2.922393,-0.095565,-1.002986,0.833332,0.855835,1.664644,0.831312,10.637209,10.357520,20.689924,0.441786,7.500000,PSF-00232_20250807101133_7d5,0.000000,0.000000,0.000000,2.025604,2.061725,0.017520,0.5,0.80,0.364505,1.000000,30.47,31.30,22.49,14.57,14.57,80.46,156.8,-10.7,106.8,52,4.094,10:06:32,2025-08-07,0.02,1,-9999.000,-9999.000,-9999.000,-9999.000,-9999.000,-9999.000,0,150,-9999.000,-9999.000000,0.058905,0.000000,0.029230,0.000000,0.000000,-0.000068,standard,0,mpf,7000,500,-9999.000000,-9999.000000,300,300,300,2.061725,25,0.003202,2.033830,2.066314,-0.032484,2.455628,2.462721,1.644039,0.583244,0.301461,-0.085807,0.155543,0.150434,2.025962,0.000639,2.400430,-0.000041,1.000000,2.408421,-0.000039,1.000000,0.600250,0.601702,0.107071,0.000000,PSF-00232_20250807101133_7d5,PFA-00245,PSA-00257,PSF-00232,RHS-00222,3.0.0,2021-01-19T12:57:14.097Z
19,10:11:49,2025-08-07,Manual gsw+F,LI-COR Default,,019,,,0.009614,2.778579,0.009581,0.209925,0.866568,0.861333,2.591657,1.725090,10.704738,10.769800,32.209404,0.441786,7.500000,PSF-00232_20250807101149_3d6,0.000000,0.000000,0.000000,99.022865,380.450592,0.739722,0.5,0.80,13.353686,1.000000,31.64,31.45,22.52,21.61,21.61,80.46,141.0,140.8,0.1,45,4.093,10:06:32,2025-08-07,0.02,1,-0.000,0.000,-0.008,-0.893,-0.197,0.406,0,150,-9999.000,-9999.000000,0.058905,0.000000,0.029230,0.000000,0.000000,-0.000068,standard,0,mpf,7000,500,-9999.000000,-9999.000000,300,300,300,380.450592,25,4.766536,386.213074,387.280609,-1.067535,2.455858,2.464536,1.513131,0.890617,0.301148,-0.009942,0.156922,0.144695,99.022865,0.000656,2.400430,-0.000041,1.000000,2.408421,-0.000039,1.000000,0.600250,0.601702,0.107071,0.000000,PSF-00232_20250807101149_3d6,PFA-00245,PSA-00257,PSF-00232,RHS-00222,3.0.0,2021-01-19T12:57:14.097Z
20,10:12:56,2025-08-07,Manual gsw+F,LI-COR Default,,020,,,0.002307,2.805673,0.002306,0.051111,0.825235,0.823984,2.571288,1.746053,10.240847,10.256396,31.957150,0.441786,7.500000,PSF-00232_20250807101256_e5e,0.000000,0.000000,0.000000,91.558456,273.637360,0.665402,0.5,0.80,40.455299,1.000000,29.93,29.88,22.63,21.48,21.48,80.46,143.7,142.8,0.6,152,4.063,10:06:32,2025-08-07,0.02,1,0.001,0.002,0.001,0.236,0.444,1.267,0,150,-9999.000,-9999.000000,0.058905,0.000000,0.029230,0.000000,0.000000,-0.000068,standard,0,mpf,7000,500,-9999.000000,-9999.000000,300,300,300,267.638336,25,-5.024089,264.775146,266.438293,-1.663147,2.453401,2.461837,1.535227,0.895371,0.299796,-0.012676,0.163151,0.233785,91.558456,0.000651,2.400430,-0.000041,1.000000,2.408421,-0.000039,1.000000,0.600250,0.601702,0.107071,0.000000,PSF-00232_20250807101256_e5e,PFA-00245,PSA-00257,PSF-00232,RHS-00222,3.0.0,2021-01-19T12:57:14.097Z
21,10:13:04,2025-08-07,Manual gsw+F,LI-COR Default,,021,,,-0.227708,2.921714,-0.246955,-1.996521,0.773535,0.818390,1.415194,0.641659,10.171005,9.613546,17.588137,0.441786,7.500000,PSF-00232_20250807101304_32d,0.000000,0.000000,0.000000,2.006650,2.059937,0.025868,0.5,0.80,0.870301,1.000000,28.03,29.66,22.64,12.08,12.08,80.46,156.7,-10.3,106.6,84,4.063,10:06:32,2025-08-07,0.02,1,-9999.000,-9999.000,-9999.000,-9999.000,-9999.000,-9999.000,0,150,-9999.000,-9999.000000,0.058905,0.000000,0.029230,0.000000,0.000000,-0.000068,standard,0,mpf,7000,500,-9999.000000,-9999.000000,300,300,300,2.059937,25,-0.009225,2.022386,2.046719,-0.024333,2.453050,2.458842,1.643326,0.583848,0.299660,-0.113112,0.163829,0.177191,2.006650,0.000648,2.400430,-0.000041,1.000000,2.408421,-0.000039,1.000000,0.600250,0.601702,0.107071,0.000000,PSF-00232_20250807101304_32d,PFA-00245,PSA-00257,PSF-00232,RHS-00222,3.0.0,2021-01-19T12:57:14.097Z
22,10:13:25,2025-08-07,Manual gsw+F,LI-COR Default,,022,,,0.007930,2.835166,0.007908,0.174574,0.821012,0.816827,2.560006,1.738994,10.151684,10.203689,31.816233,0.441786,7.500000,PSF-00232_20250807101325_19c,0.000000,0.000000,0.000000,48.770069,131.768341,0.629880,0.5,0.80,22.316618,1.000000,29.70,29.55,22.67,21.41,21.41,80.46,146.8,111.3,24.2,89,4.063,10:06:32,2025-08-07,0.02,1,-0.001,-0.000,0.002,0.041,0.019,0.090,0,150,-9999.000,-9999.000000,0.058905,0.000000,0.029230,0.000000,0.000000,-0.000068,standard,0,mpf,7000,500,-9999.000000,-9999.000000,300,300,300,131.768341,25,0.632092,133.079056,132.674072,0.404984,2.452870,2.461470,1.560452,0.821856,0.299292,-0.013962,0.165712,0.180913,48.770069,0.000648,2.400430,-0.000041,1.000000,2.408421,-0.000039,1.000000,0.600250,0.601702,0.107071,0.000000,PSF-00232_20250807101325_19c,PFA-00245,PSA-00257,PSF-00232,RHS-00222,3.0.0,2021-01-19T12:57:14.097Z
23,10:14:40,2025-08-07,Manual gsw+F,LI-COR Default,,023,,,0.066203,2.921643,0.064736,1.475599,0.864080,0.830960,2.658216,1.794136,10.326079,10.737644,33.032806,0.441786,7.500000,PSF-00232_20250807101440_d2e,0.000000,0.000000,0.000000,129.296783,231.304016,0.441009,0.5,0.80,92.961166,1.000000,31.02,29.83,22.80,22.03,22.03,80.47,156.7,32.4,79.3,527,4.089,10:06:32,2025-08-07,0.02,1,-0.000,0.003,0.006,-3.429,-3.193,-8.589,0,150,-9999.000,-9999.000000,0.058905,0.000000,0.029230,0.000000,0.000000,-0.000068,standard,0,mpf,7000,500,-9999.000000,-9999.000000,300,300,300,222.672699,25,-6.054299,221.779709,222.628754,-0.849045,2.453301,2.463527,1.643251,0.660305,0.297832,-0.008436,0.172486,0.546398,129.296783,0.000650,2.400430,-0.000041,1.000000,2.408421,-0.000039,1.000000,0.600250,0.601702,0.107071,0.000000,PSF-00232_20250807101440_d2e,PFA-00245,PSA-00257,PSF-00232,RHS-00222,3.0.0,2021-01-19T12:57:14.097Z
24,10:15:01,2025-08-07,Manual gsw+F,LI-COR Default,,024,,,0.028530,2.807709,0.028243,0.626388,0.812391,0.797076,2.559544,1.747153,9.906026,10.096356,31.809900,0.441786,7.500000,PSF-00232_20250807101501_62a,0.000000,0.000000,0.000000,107.892395,396.372772,0.727801,0.5,0.80,28.554127,1.000000,29.11,28.56,22.83,21.41,21.41,80.46,143.9,144.6,-0.5,98,4.088,10:06:32,2025-08-07,0.02,1,0.001,0.001,0.002,1.140,2.459,8.066,0,150,-9999.000,-9999.000000,0.058905,0.000000,0.029230,0.000000,0.000000,-0.000068,standard,0,mpf,7000,500,-9999.000000,-9999.000000,300,300,300,387.386810,25,-6.025279,384.650238,387.739105,-3.088867,2.451292,2.460512,1.536928,0.899826,0.297409,-0.015801,0.174256,0.188840,107.892395,0.000663,2.400430,-0.000041,1.000000,2.408421,-0.000039,1.000000,0.600250,0.601702,0.107071,0.000000,PSF-00232_20250807101501_62a,PFA-00245,PSA-00257,PSF-00232,RHS-00222,3.0.0,2021-01-19T12:57:14.097Z
25,10:15:26,2025-08-07,Manual gsw+F,LI-COR Default,,025,,,0.006381,2.923457,0.006367,0.152892,0.768981,0.765550,2.659950,1.890970,9.514075,9.556709,33.057236,0.441786,7.500000,PSF-00232_20250807101526_e77,0.000000,0.000000,0.000000,91.368553,362.742950,0.748118,0.5,0.80,42.358681,1.000000,27.49,27.37,22.87,22.04,22.04,80.46,156.9,-1.4,100.9,142,4.058,10:06:32,2025-08-07,0.02,1,0.001,0.002,0.006,2.153,6.096,5.287,0,150,-9999.000,-9999.000000,0.058905,0.000000,0.029230,0.000000,0.000000,-0.000068,standard,0,mpf,7000,500,-9999.000000,-9999.000000,300,300,300,338.578827,25,-15.474919,341.485626,340.568787,0.916840,2.449411,2.457947,1.645161,0.599206,0.296995,-0.009123,0.176363,0.225078,91.368553,0.000647,2.400430,-0.000041,1.000000,2.408421,-0.000039,1.000000,0.600250,0.601702,0.107071,0.000000,PSF-00232_20250807101526_e77,PFA-00245,PSA-00257,PSF-00232,RHS-00222,3.0.0,2021-01-19T12:57:14.097Z
26,10:15:45,2025-08-07,Manual gsw+F,LI-COR Default,,026,,,0.008375,2.776801,0.008350,0.209625,0.771620,0.766380,2.747612,1.975992,9.524413,9.589540,34.146782,0.441786,7.500000,PSF-00232_20250807101545_f86,0.000000,0.000000,0.000000,29.922367,53.840466,0.444240,0.5,0.80,68.668350,1.000000,27.54,27.36,22.89,22.57,22.57,80.46,140.8,141.4,-0.4,386,4.086,10:06:32,2025-08-07,0.02,1,0.001,0.002,0.005,-0.265,-1.410,-0.678,0,150,-9999.000,-9999.000000,0.058905,0.000000,0.029230,0.000000,0.000000,-0.000068,standard,0,mpf,7000,500,-9999.000000,-9999.000000,300,300,300,53.354145,25,-0.817095,53.351284,52.669643,0.681641,2.449384,2.458023,1.511714,0.892013,0.296681,-0.003396,0.177927,0.429232,37.071346,0.000647,2.400430,-0.000041,1.000000,2.408421,-0.000039,1.000000,0.600250,0.601702,0.107071,0.000000,PSF-00232_20250807101545_f86,PFA-00245,PSA-00257,PSF-00232,RHS-00222,3.0.0,2021-01-19T12:57:14.097Z
27,10:16:20,2025-08-07,Manual gsw+F,LI-COR Default,,027,,,0.015657,2.791332,0.015570,0.438054,0.799329,0.788492,3.009776,2.210446,9.798369,9.933044,37.401646,0.441786,7.500000,PSF-00232_20250807101620_6bb,0.000000,0.000000,0.000000,46.975494,109.356934,0.570439,0.5,0.80,188.100357,1.000000,28.38,27.99,22.98,24.08,24.08,80.47,142.3,143.0,-0.5,824,4.085,10:06:32,2025-08-07,0.02,1,0.002,0.001,-0.000,0.219,0.070,-0.006,0,150,-9999.000,-9999.000000,0.058905,0.000000,0.029230,0.000000,0.000000,-0.000068,standard,0,mpf,7000,500,-9999.000000,-9999.000000,300,300,300,98.175644,25,-6.871394,99.989532,99.510849,0.478683,2.450381,2.459339,1.523411,0.895893,0.295634,0.012872,0.180999,0.794321,46.975494,0.000648,2.400430,-0.000041,1.000000,2.408421,-0.000039,1.000000,0.600250,0.601702,0.107071,0.000000,PSF-00232_20250807101620_6bb,PFA-00245,PSA-00257,PSF-00232,RHS-00222,3.0.0,2021-01-19T12:57:14.097Z
28,10:16:46,2025-08-07,Manual gsw+F,LI-COR Default,,028,,,0.020441,2.761037,0.020291,0.572137,0.882040,0.867598,3.095165,2.213125,10.780727,10.960185,38.460358,0.441786,7.500000,PSF-00232_20250807101646_add,0.000000,0.000000,0.000000,98.744987,322.579987,0.693890,0.5,0.80,479.710999,1.000000,31.11,30.60,23.09,24.55,24.55,80.48,139.3,139.7,-0.3,1728,4.084,10:06:32,2025-08-07,0.02,1,0.002,0.007,0.008,0.571,0.776,0.445,0,150,-9999.000,-9999.000000,0.058905,0.000000,0.029230,0.000000,0.000000,-0.000068,standard,0,mpf,7000,500,-9999.000000,-9999.000000,300,300,300,315.140259,25,-5.093011,314.455017,315.282166,-0.827148,2.454447,2.463615,1.499321,0.887942,0.294369,0.017040,0.183189,1.547936,98.744987,0.000640,2.400430,-0.000041,1.000000,2.408421,-0.000039,1.000000,0.600250,0.601702,0.107071,0.000000,PSF-00232_20250807101646_add,PFA-00245,PSA-00257,PSF-00232,RHS-00222,3.0.0,2021-01-19T12:57:14.097Z
29,10:17:55,2025-08-07,Manual gsw+F,LI-COR Default,,029,,,0.002131,2.791242,0.002129,0.072725,0.818252,0.816453,3.493814,2.675562,10.144002,10.166356,43.408829,0.441786,7.500000,PSF-00232_20250807101755_8a4,0.000000,0.000000,0.000000,83.626625,90.993393,0.080959,0.5,0.80,50.654045,1.000000,28.08,28.02,23.55,26.59,26.59,80.49,142.3,143.2,-0.7,1564,4.081,10:17:09,2025-08-07,0.07,1,0.000,-0.000,0.002,-0.035,0.505,-0.109,0,150,-9999.000,-9999.000000,0.058905,0.000000,0.029230,0.000000,0.000000,-0.000068,standard,0,mpf,7000,500,-9999.000000,-9999.000000,300,300,300,90.812805,25,-0.088874,91.016296,90.866043,0.150253,2.450325,2.458688,1.523338,0.896381,0.289046,0.035719,0.188737,1.411082,83.626625,0.000627,2.400430,-0.000041,1.000000,2.408421,-0.000039,1.000000,0.600250,0.601702,0.107071,0.000000,PSF-00232_20250807101755_8a4,PFA-00245,PSA-00257,PSF-00232,RHS-00222,3.0.0,2021-01-19T12:57:14.097Z
30,10:18:20,2025-08-07,Manual gsw+F,LI-COR Default,,030,,,0.040512,2.789628,0.039933,1.074984,0.797808,0.771177,2.914424,2.116616,9.581950,9.912845,36.212013,0.441786,7.500000,PSF-00232_20250807101820_c38,0.000000,0.000000,0.000000,93.540787,218.162277,0.571233,0.5,0.80,383.897491,1.000000,27.13,26.23,23.69,23.55,23.55,80.48,142.1,143.0,-0.6,1680,4.081,10:17:09,2025-08-07,0.07,1,-0.000,0.000,-0.000,-1.416,0.909,10.607,0,150,-9999.000,-9999.000000,0.058905,0.000000,0.029230,0.000000,0.000000,-0.000068,standard,0,mpf,7000,500,-9999.000000,-9999.000000,300,300,300,207.767487,25,-7.360199,206.746811,207.615784,-0.868973,2.447464,2.457159,1.522025,0.895786,0.287324,-0.001533,0.190624,1.507743,93.540787,0.000642,2.400430,-0.000041,1.000000,2.408421,-0.000039,1.000000,0.600250,0.601702,0.107071,0.000000,PSF-00232_20250807101820_c38,PFA-00245,PSA-00257,PSF-00232,RHS-00222,3.0.0,2021-01-19T12:57:14.097Z
31,10:18:37,2025-08-07,Manual gsw+F,LI-COR Default,,031,,,0.062304,2.785709,0.060941,1.674131,0.818271,0.776692,2.977149,2.158878,9.650211,10.166816,36.990345,0.441786,7.500000,PSF-00232_20250807101837_e3e,0.000000,0.000000,0.000000,101.531265,211.165710,0.519187,0.5,0.80,400.927948,1.000000,27.68,26.27,23.78,23.90,23.90,80.48,141.7,142.2,-0.3,1931,4.080,10:17:09,2025-08-07,0.07,1,0.001,-0.000,0.001,-3.445,-6.175,-14.382,0,150,-9999.000,-9999.000000,0.058905,0.000000,0.029230,0.000000,0.000000,-0.000068,standard,0,mpf,7000,500,-9999.000000,-9999.000000,300,300,300,196.007614,25,-10.826277,195.773727,195.652649,0.121078,2.447524,2.458016,1.518853,0.893889,0.286306,0.001498,0.191838,1.716519,101.531265,0.000644,2.400430,-0.000041,1.000000,2.408421,-0.000039,1.000000,0.600250,0.601702,0.107071,0.000000,PSF-00232_20250807101837_e3e,PFA-00245,PSA-00257,PSF-00232,RHS-00222,3.0.0,2021-01-19T12:57:14.097Z
32,10:19:02,2025-08-07,Manual gsw+F,LI-COR Default,,032,,,0.035339,2.786603,0.034897,1.102050,0.810934,0.783575,3.288229,2.477294,9.734544,10.074434,40.850479,0.441786,7.500000,PSF-00232_20250807101902_1d4,0.000000,0.000000,0.000000,175.365326,226.391830,0.225390,0.5,0.80,172.585785,1.000000,27.21,26.29,23.92,25.56,25.56,80.49,141.8,142.8,-0.7,1914,4.080,10:17:09,2025-08-07,0.07,1,0.000,0.003,0.002,-9.039,-5.084,-8.818,0,150,-9999.000,-9999.000000,0.058905,0.000000,0.029230,0.000000,0.000000,-0.000068,standard,0,mpf,7000,500,-9999.000000,-9999.000000,300,300,300,224.446182,25,-1.028396,225.484375,224.918228,0.566147,2.447532,2.457246,1.519574,0.895275,0.284760,0.019241,0.193701,1.702966,175.365326,0.000619,2.400430,-0.000041,1.000000,2.408421,-0.000039,1.000000,0.600250,0.601702,0.107071,0.000000,PSF-00232_20250807101902_1d4,PFA-00245,PSA-00257,PSF-00232,RHS-00222,3.0.0,2021-01-19T12:57:14.097Z
33,10:19:07,2025-08-07,Manual gsw+F,LI-COR Default,,033,,,-0.024872,2.923331,-0.025086,-0.356045,0.778312,0.786300,1.901364,1.123052,9.771774,9.672495,23.629259,0.441786,7.500000,PSF-00232_20250807101907_263,0.000000,0.000000,0.000000,1.856804,1.993060,0.068365,0.5,0.80,36.167591,1.000000,26.07,26.33,23.95,16.65,16.65,80.47,156.9,-10.1,106.4,1323,4.080,10:17:09,2025-08-07,0.07,1,-9999.000,-9999.000,-9999.000,-9999.000,-9999.000,-9999.000,0,150,-9999.000,-9999.000000,0.058905,0.000000,0.029230,0.000000,0.000000,-0.000068,standard,0,mpf,7000,500,-9999.000000,-9999.000000,300,300,300,1.993060,25,-0.002650,1.959443,1.989263,-0.029820,2.447593,2.455412,1.645028,0.584313,0.284402,-0.080522,0.194019,1.209671,1.987338,0.000639,2.400430,-0.000041,1.000000,2.408421,-0.000039,1.000000,0.600250,0.601702,0.107071,0.000000,PSF-00232_20250807101907_263,PFA-00245,PSA-00257,PSF-00232,RHS-00222,3.0.0,2021-01-19T12:57:14.097Z
34,10:19:24,2025-08-07,Manual gsw+F,LI-COR Default,,034,,,0.038063,2.755793,0.037544,1.021686,0.826390,0.800487,2.964985,2.138595,9.945976,10.267825,36.839668,0.441786,7.500000,PSF-00232_20250807101924_a25,0.000000,0.000000,0.000000,117.613792,454.871124,0.741435,0.5,0.80,111.101768,1.000000,27.50,26.64,24.05,23.83,23.83,80.48,138.8,139.5,-0.5,375,4.079,10:17:09,2025-08-07,0.07,1,-0.000,0.000,0.001,0.176,0.813,0.965,0,150,-9999.000,-9999.000000,0.058905,0.000000,0.029230,0.000000,0.000000,-0.000068,standard,0,mpf,7000,500,-9999.000000,-9999.000000,300,300,300,437.416779,25,-13.062631,434.650909,436.153564,-1.502655,2.448065,2.457691,1.495264,0.887357,0.283219,-0.002434,0.195241,0.419378,117.613792,0.000648,2.400430,-0.000041,1.000000,2.408421,-0.000039,1.000000,0.600250,0.601702,0.107071,0.000000,PSF-00232_20250807101924_a25,PFA-00245,PSA-00257,PSF-00232,RHS-00222,3.0.0,2021-01-19T12:57:14.097Z
35,10:19:55,2025-08-07,Manual gsw+F,LI-COR Default,,035,,,0.032399,2.758891,0.032023,1.213501,0.871254,0.840563,3.832763,2.961509,10.441418,10.822663,47.610336,0.441786,7.500000,PSF-00232_20250807101955_4e2,0.000000,0.000000,0.000000,71.873543,103.121086,0.303018,0.5,0.80,230.659836,1.000000,28.66,27.65,24.25,28.17,28.17,80.50,139.1,140.1,-0.8,1903,4.052,10:17:09,2025-08-07,0.07,1,0.000,-0.000,0.005,-0.232,-1.019,-2.339,0,150,-9999.000,-9999.000000,0.058905,0.000000,0.029230,0.000000,0.000000,-0.000068,standard,0,mpf,7000,500,-9999.000000,-9999.000000,300,300,300,98.680969,25,-3.067052,98.522186,98.726280,-0.204094,2.449627,2.459486,1.497656,0.888964,0.281013,0.046403,0.197647,1.693563,71.873543,0.000632,2.400430,-0.000041,1.000000,2.408421,-0.000039,1.000000,0.600250,0.601702,0.107071,0.000000,PSF-00232_20250807101955_4e2,PFA-00245,PSA-00257,PSF-00232,RHS-00222,3.0.0,2021-01-19T12:57:14.097Z
36,10:20:11,2025-08-07,Manual gsw+F,LI-COR Default,,036,,,0.039466,2.750984,0.038908,1.093383,0.856540,0.828731,3.063729,2.207189,10.294374,10.639817,38.057209,0.441786,7.500000,PSF-00232_20250807102011_85f,0.000000,0.000000,0.000000,73.810455,384.957550,0.808263,0.5,0.80,582.494629,1.000000,28.01,27.10,24.35,24.38,24.38,80.50,138.3,138.3,0.1,1802,4.077,10:17:09,2025-08-07,0.07,1,0.001,0.001,0.008,-3.210,-3.449,-24.844,0,150,-9999.000,-9999.000000,0.058905,0.000000,0.029230,0.000000,0.000000,-0.000068,standard,0,mpf,7000,500,-9999.000000,-9999.000000,300,300,300,292.489899,25,-60.697159,279.068817,297.984039,-18.915222,2.448743,2.458444,1.491570,0.884443,0.279908,0.000426,0.198790,1.609083,73.810455,0.000643,2.400430,-0.000041,1.000000,2.408421,-0.000039,1.000000,0.600250,0.601702,0.107071,0.000000,PSF-00232_20250807102011_85f,PFA-00245,PSA-00257,PSF-00232,RHS-00222,3.0.0,2021-01-19T12:57:14.097Z
37,10:21:03,2025-08-07,Manual gsw+F,LI-COR Default,,037,,,0.040578,2.741000,0.039986,1.349460,0.937319,0.902793,3.578183,2.640864,11.213466,11.642301,44.444099,0.441786,7.500000,PSF-00232_20250807102103_b04,0.000000,0.000000,0.000000,44.498207,64.604073,0.311217,0.5,0.80,238.737106,1.000000,30.04,28.93,24.69,27.00,27.00,80.51,137.4,137.9,-0.3,1918,4.075,10:17:09,2025-08-07,0.07,1,0.000,0.001,0.003,-2.061,-2.727,-7.866,0,150,-9999.000,-9999.000000,0.058905,0.000000,0.029230,0.000000,0.000000,-0.000068,standard,0,mpf,7000,500,-9999.000000,-9999.000000,300,300,300,60.885429,25,-3.943547,58.577301,58.953327,-0.376026,2.451565,2.461575,1.483986,0.883473,0.276162,0.027153,0.202742,1.705861,44.498207,0.000638,2.400430,-0.000041,1.000000,2.408421,-0.000039,1.000000,0.600250,0.601702,0.107071,0.000000,PSF-00232_20250807102103_b04,PFA-00245,PSA-00257,PSF-00232,RHS-00222,3.0.0,2021-01-19T12:57:14.097Z
38,10:21:58,2025-08-07,Manual gsw+F,LI-COR Default,,038,,,0.031768,2.696145,0.031398,0.713437,0.864500,0.845670,2.653842,1.789342,10.504396,10.738299,32.964424,0.441786,7.500000,PSF-00232_20250807102158_345,0.000000,0.000000,0.000000,89.857574,357.697968,0.748789,0.5,0.80,14.339808,1.000000,27.27,26.68,24.95,22.00,22.00,80.51,133.3,134.0,-0.5,48,4.073,10:17:09,2025-08-07,0.07,1,0.000,0.002,0.011,0.070,0.178,0.476,0,150,-9999.000,-9999.000000,0.058905,0.000000,0.029230,0.000000,0.000000,-0.000068,standard,0,mpf,7000,500,-9999.000000,-9999.000000,300,300,300,349.284424,25,-5.573655,350.031494,349.711426,0.320068,2.447986,2.457185,1.451197,0.874271,0.273293,-0.033582,0.206762,0.146984,89.857574,0.000644,2.400430,-0.000041,1.000000,2.408421,-0.000039,1.000000,0.600250,0.601702,0.107071,0.000000,PSF-00232_20250807102158_345,PFA-00245,PSA-00257,PSF-00232,RHS-00222,3.0.0,2021-01-19T12:57:14.097Z
39,10:22:34,2025-08-07,Manual gsw+F,LI-COR Default,,039,,,0.008855,2.671445,0.008826,0.221958,0.831796,0.825839,2.810438,1.978642,10.258774,10.332779,34.911949,0.441786,7.500000,PSF-00232_20250807102234_7a2,0.000000,0.000000,0.000000,94.644783,365.641602,0.741154,0.5,0.80,14.254639,1.000000,26.11,25.93,25.03,22.95,22.95,80.50,131.1,131.8,-0.5,48,4.073,10:17:09,2025-08-07,0.07,1,-0.000,0.001,0.004,1.121,-1.132,-0.376,0,150,-9999.000,-9999.000000,0.058905,0.000000,0.029230,0.000000,0.000000,-0.000068,standard,0,mpf,7000,500,-9999.000000,-9999.000000,300,300,300,365.641602,25,13.429008,379.156342,384.884155,-5.727814,2.446782,2.455328,1.433964,0.869186,0.272411,-0.023886,0.209387,0.147156,94.644783,0.000638,2.400430,-0.000041,1.000000,2.408421,-0.000039,1.000000,0.600250,0.601702,0.107071,0.000000,PSF-00232_20250807102234_7a2,PFA-00245,PSA-00257,PSF-00232,RHS-00222,3.0.0,2021-01-19T12:57:14.097Z
40,10:22:53,2025-08-07,Manual gsw+F,LI-COR Default,,040,,,0.021593,2.657899,0.021419,0.536766,0.879015,0.864487,2.849720,1.970704,10.738602,10.919074,35.399040,0.441786,7.500000,PSF-00232_20250807102253_05a,0.000000,0.000000,0.000000,83.392021,394.968933,0.788864,0.5,0.80,43.480942,1.000000,27.56,27.10,25.05,23.17,23.17,80.50,130.0,129.5,0.3,138,4.072,10:17:09,2025-08-07,0.07,1,0.001,0.002,0.002,0.211,0.818,1.321,0,150,-9999.000,-9999.000000,0.058905,0.000000,0.029230,0.000000,0.000000,-0.000068,standard,0,mpf,7000,500,-9999.000000,-9999.000000,300,300,300,392.769470,25,-1.411098,393.599854,392.946960,0.652893,2.448642,2.457623,1.424740,0.863752,0.272164,-0.021548,0.210705,0.221947,83.392021,0.000648,2.400430,-0.000041,1.000000,2.408421,-0.000039,1.000000,0.600250,0.601702,0.107071,0.000000,PSF-00232_20250807102253_05a,PFA-00245,PSA-00257,PSF-00232,RHS-00222,3.0.0,2021-01-19T12:57:14.097Z
41,10:23:27,2025-08-07,Manual gsw+F,LI-COR Default,,041,,,0.006480,2.659432,0.006464,0.172693,0.816036,0.811362,2.916848,2.100812,10.078188,10.136238,36.231098,0.441786,7.500000,PSF-00232_20250807102327_163,0.000000,0.000000,0.000000,116.899963,311.575653,0.624810,0.5,0.80,17.414602,1.000000,25.53,25.38,25.09,23.56,23.56,80.51,130.1,131.1,-0.8,70,4.071,10:17:09,2025-08-07,0.07,1,0.000,0.001,0.006,2.403,-4.709,0.815,0,150,-9999.000,-9999.000000,0.058905,0.000000,0.029230,0.000000,0.000000,-0.000068,standard,0,mpf,7000,500,-9999.000000,-9999.000000,300,300,300,306.736359,25,-2.711557,306.563965,307.690247,-1.126282,2.445904,2.454379,1.425776,0.867540,0.271758,-0.017591,0.213190,0.165161,116.899963,0.000659,2.400430,-0.000041,1.000000,2.408421,-0.000039,1.000000,0.600250,0.601702,0.107071,0.000000,PSF-00232_20250807102327_163,PFA-00245,PSA-00257,PSF-00232,RHS-00222,3.0.0,2021-01-19T12:57:14.097Z
42,10:23:34,2025-08-07,Manual gsw+F,LI-COR Default,,042,,,-0.237930,2.856930,-0.259546,-1.969561,0.760462,0.806984,1.363299,0.602838,10.024279,9.446377,16.934767,0.441786,7.500000,PSF-00232_20250807102334_44a,0.000000,0.000000,0.000000,1.959085,1.999855,0.020386,0.5,0.80,0.491373,1.000000,23.78,25.24,25.09,11.52,11.52,80.50,149.1,-12.2,108.2,60,4.071,10:17:09,2025-08-07,0.07,1,-9999.000,-9999.000,-9999.000,-9999.000,-9999.000,-9999.000,0,150,-9999.000,-9999.000000,0.058905,0.000000,0.029230,0.000000,0.000000,-0.000068,standard,0,mpf,7000,500,-9999.000000,-9999.000000,300,300,300,1.999855,25,-0.006759,1.981974,1.990170,-0.008196,2.445673,2.451559,1.579944,0.580636,0.271707,-0.146777,0.213582,0.157306,1.959085,0.000651,2.400430,-0.000041,1.000000,2.408421,-0.000039,1.000000,0.600250,0.601702,0.107071,0.000000,PSF-00232_20250807102334_44a,PFA-00245,PSA-00257,PSF-00232,RHS-00222,3.0.0,2021-01-19T12:57:14.097Z
43,10:24:06,2025-08-07,Manual gsw+F,LI-COR Default,,043,,,0.039076,2.833090,0.038544,1.097971,0.825559,0.799190,3.063369,2.237810,9.927550,10.255108,38.053207,0.441786,7.500000,PSF-00232_20250807102406_b5c,0.000000,0.000000,0.000000,124.337555,431.525238,0.711865,0.5,0.80,13.881749,1.000000,25.79,24.96,25.11,24.38,24.38,80.50,146.6,18.6,87.3,49,4.070,10:17:09,2025-08-07,0.07,1,0.003,0.002,0.006,-0.993,-0.203,-0.440,0,150,-9999.000,-9999.000000,0.058905,0.000000,0.029230,0.000000,0.000000,-0.000068,standard,0,mpf,7000,500,-9999.000000,-9999.000000,300,300,300,431.525238,25,0.740010,429.200287,432.585602,-3.385315,2.445230,2.454790,1.558632,0.634776,0.271479,-0.008539,0.215888,0.147714,124.337555,0.000645,2.400430,-0.000041,1.000000,2.408421,-0.000039,1.000000,0.600250,0.601702,0.107071,0.000000,PSF-00232_20250807102406_b5c,PFA-00245,PSA-00257,PSF-00232,RHS-00222,3.0.0,2021-01-19T12:57:14.097Z
44,10:24:33,2025-08-07,Manual gsw+F,LI-COR Default,,044,,,0.002412,2.668924,0.002410,0.062481,0.814194,0.812514,2.853920,2.039726,10.093247,10.114120,35.452095,0.441786,7.500000,PSF-00232_20250807102433_c91,0.000000,0.000000,0.000000,80.943703,349.713562,0.768543,0.5,0.80,21.756845,1.000000,25.42,25.37,25.12,23.20,23.20,80.50,130.9,126.3,3.5,71,4.069,10:17:09,2025-08-07,0.07,1,0.000,0.001,0.003,-0.214,-4.174,-2.305,0,150,-9999.000,-9999.000000,0.058905,0.000000,0.029230,0.000000,0.000000,-0.000068,standard,0,mpf,7000,500,-9999.000000,-9999.000000,300,300,300,349.713562,25,8.450264,337.394012,361.822021,-24.428009,2.445875,2.454200,1.432235,0.856291,0.271394,-0.022099,0.217713,0.166072,80.943703,0.000646,2.400430,-0.000041,1.000000,2.408421,-0.000039,1.000000,0.600250,0.601702,0.107071,0.000000,PSF-00232_20250807102433_c91,PFA-00245,PSA-00257,PSF-00232,RHS-00222,3.0.0,2021-01-19T12:57:14.097Z
45,10:25:11,2025-08-07,Manual gsw+F,LI-COR Default,,045,,,0.041529,2.826503,0.040928,1.123556,0.826351,0.799239,2.984020,2.157668,9.928163,10.264946,37.067528,0.441786,7.500000,PSF-00232_20250807102511_d9f,0.000000,0.000000,0.000000,126.711128,629.034851,0.798563,0.5,0.80,52.984596,1.000000,25.79,24.94,25.13,23.94,23.94,80.50,145.9,26.6,81.8,166,4.068,10:17:09,2025-08-07,0.07,1,-0.001,-0.001,0.004,0.038,-2.682,-12.970,0,150,-9999.000,-9999.000000,0.058905,0.000000,0.029230,0.000000,0.000000,-0.000068,standard,0,mpf,7000,500,-9999.000000,-9999.000000,300,300,300,629.034851,25,17.901718,691.416626,654.686401,36.730225,2.445199,2.454794,1.552907,0.649440,0.271333,-0.013723,0.220500,0.245356,126.711128,0.000651,2.400430,-0.000041,1.000000,2.408421,-0.000039,1.000000,0.600250,0.601702,0.107071,0.000000,PSF-00232_20250807102511_d9f,PFA-00245,PSA-00257,PSF-00232,RHS-00222,3.0.0,2021-01-19T12:57:14.097Z
46,10:25:39,2025-08-07,Manual gsw+F,LI-COR Default,,046,,,0.000736,2.695643,0.000736,0.019759,0.784803,0.784280,2.897157,2.112355,9.743191,9.749677,35.991657,0.441786,7.500000,PSF-00232_20250807102539_47e,0.000000,0.000000,0.000000,109.472748,379.444977,0.711492,0.5,0.80,17.057400,1.000000,24.50,24.49,25.12,23.45,23.45,80.50,133.3,130.5,2.1,60,4.068,10:17:09,2025-08-07,0.07,1,0.000,0.001,0.001,1.035,-1.247,-2.988,0,150,-9999.000,-9999.000000,0.058905,0.000000,0.029230,0.000000,0.000000,-0.000068,standard,0,mpf,7000,500,-9999.000000,-9999.000000,300,300,300,378.197540,25,-0.355495,379.530426,378.935577,0.594849,2.444467,2.452724,1.450841,0.865986,0.271406,-0.019251,0.222358,0.157037,109.472748,0.000646,2.400430,-0.000041,1.000000,2.408421,-0.000039,1.000000,0.600250,0.601702,0.107071,0.000000,PSF-00232_20250807102539_47e,PFA-00245,PSA-00257,PSF-00232,RHS-00222,3.0.0,2021-01-19T12:57:14.097Z
47,10:26:07,2025-08-07,Manual gsw+F,LI-COR Default,,047,,,0.014000,2.684756,0.013927,0.345769,0.823715,0.814515,2.777556,1.953841,10.118134,10.232419,34.503586,0.441786,7.500000,PSF-00232_20250807102607_798,0.000000,0.000000,0.000000,68.178894,286.410919,0.761954,0.5,0.80,67.919518,1.000000,25.72,25.44,25.12,22.75,22.75,80.50,132.3,132.7,-0.3,223,4.067,10:17:09,2025-08-07,0.07,1,0.001,-0.000,-0.003,0.374,0.243,0.851,0,150,-9999.000,-9999.000000,0.058905,0.000000,0.029230,0.000000,0.000000,-0.000068,standard,0,mpf,7000,500,-9999.000000,-9999.000000,300,300,300,286.410919,25,1.657768,291.183472,288.786346,2.397125,2.445986,2.454688,1.443183,0.871277,0.271441,-0.027127,0.224283,0.292851,68.178894,0.000646,2.400430,-0.000041,1.000000,2.408421,-0.000039,1.000000,0.600250,0.601702,0.107071,0.000000,PSF-00232_20250807102607_798,PFA-00245,PSA-00257,PSF-00232,RHS-00222,3.0.0,2021-01-19T12:57:14.097Z
48,10:26:33,2025-08-07,Manual gsw+F,LI-COR Default,,048,,,0.000368,2.822052,0.000368,0.009925,0.812899,0.812659,2.934105,2.121206,10.095265,10.098250,36.448959,0.441786,7.500000,PSF-00232_20250807102633_9b7,0.000000,0.000000,0.000000,100.042107,352.470520,0.716169,0.5,0.80,12.108335,1.000000,25.39,25.39,25.11,23.66,23.66,80.50,145.4,51.0,64.9,42,4.066,10:17:09,2025-08-07,0.07,1,-0.001,-0.002,-0.005,0.432,1.635,1.940,0,150,-9999.000,-9999.000000,0.058905,0.000000,0.029230,0.000000,0.000000,-0.000068,standard,0,mpf,7000,500,-9999.000000,-9999.000000,300,300,300,352.470520,25,5.161934,357.518799,359.867096,-2.348297,2.445909,2.454162,1.549075,0.695893,0.271506,-0.016744,0.226127,0.142308,100.042107,0.000670,2.400430,-0.000041,1.000000,2.408421,-0.000039,1.000000,0.600250,0.601702,0.107071,0.000000,PSF-00232_20250807102633_9b7,PFA-00245,PSA-00257,PSF-00232,RHS-00222,3.0.0,2021-01-19T12:57:14.097Z
49,10:26:56,2025-08-07,Manual gsw+F,LI-COR Default,,049,,,0.019202,2.701052,0.019066,0.500499,0.782109,0.768931,2.847398,2.065289,9.553099,9.716820,35.375687,0.441786,7.500000,PSF-00232_20250807102656_e0f,0.000000,0.000000,0.000000,92.387794,414.466797,0.777092,0.5,0.80,17.920452,1.000000,24.44,24.03,25.11,23.16,23.16,80.49,133.7,133.6,0.1,58,4.065,10:17:09,2025-08-07,0.07,1,0.000,0.000,0.004,0.098,0.125,0.447,0,150,-9999.000,-9999.000000,0.058905,0.000000,0.029230,0.000000,0.000000,-0.000068,standard,0,mpf,7000,500,-9999.000000,-9999.000000,300,300,300,402.705780,25,-8.143740,401.788483,402.797546,-1.009064,2.443729,2.452622,1.454687,0.873397,0.271556,-0.022354,0.227634,0.155134,92.387794,0.000650,2.400430,-0.000041,1.000000,2.408421,-0.000039,1.000000,0.600250,0.601702,0.107071,0.000000,PSF-00232_20250807102656_e0f,PFA-00245,PSA-00257,PSF-00232,RHS-00222,3.0.0,2021-01-19T12:57:14.097Z
50,10:27:36,2025-08-07,Manual gsw+F,LI-COR Default,,050,,,0.023057,2.697226,0.022862,0.609984,0.796461,0.780361,2.894993,2.098531,9.694345,9.894356,35.964207,0.441786,7.500000,PSF-00232_20250807102736_128,0.000000,0.000000,0.000000,124.047157,417.115631,0.702607,0.5,0.80,31.544001,1.000000,24.89,24.39,25.11,23.44,23.44,80.50,133.4,134.0,-0.4,112,4.065,10:17:09,2025-08-07,0.07,1,0.000,0.001,0.005,0.016,1.561,3.571,0,150,-9999.000,-9999.000000,0.058905,0.000000,0.029230,0.000000,0.000000,-0.000068,standard,0,mpf,7000,500,-9999.000000,-9999.000000,300,300,300,405.984863,25,-9.460523,400.361176,403.559570,-3.198395,2.444307,2.453350,1.451964,0.874242,0.271568,-0.019218,0.230552,0.200641,124.047157,0.000670,2.400430,-0.000041,1.000000,2.408421,-0.000039,1.000000,0.600250,0.601702,0.107071,0.000000,PSF-00232_20250807102736_128,PFA-00245,PSA-00257,PSF-00232,RHS-00222,3.0.0,2021-01-19T12:57:14.097Z
51,10:28:19,2025-08-07,Manual gsw+F,LI-COR Default,,051,,,0.004842,2.745205,0.004834,0.137985,0.784087,0.780561,3.027458,2.243371,9.697073,9.740881,37.610748,0.441786,7.500000,PSF-00232_20250807102819_9fc,0.000000,0.000000,0.000000,164.907211,441.717255,0.626668,0.5,0.80,26.613199,1.000000,24.45,24.34,25.14,24.18,24.18,80.49,137.8,138.2,-0.3,106,4.063,10:27:52,2025-08-07,0.14,1,0.001,0.001,0.002,-3.479,-8.058,4.119,0,150,-9999.000,-9999.000000,0.058905,0.000000,0.029230,0.000000,0.000000,-0.000068,standard,0,mpf,7000,500,-9999.000000,-9999.000000,300,300,300,441.717255,25,11.150938,450.799225,457.695526,-6.896301,2.444234,2.452529,1.487167,0.884289,0.271206,-0.011098,0.233673,0.195581,164.907211,0.000670,2.400430,-0.000041,1.000000,2.408421,-0.000039,1.000000,0.600250,0.601702,0.107071,0.000000,PSF-00232_20250807102819_9fc,PFA-00245,PSA-00257,PSF-00232,RHS-00222,3.0.0,2021-01-19T12:57:14.097Z
52,10:28:28,2025-08-07,Manual gsw+F,LI-COR Default,,052,,,-0.176303,2.911035,-0.187669,-1.946209,0.754814,0.798934,1.577471,0.822657,9.925484,9.377358,19.597555,0.441786,7.500000,PSF-00232_20250807102828_7f4,0.000000,0.000000,0.000000,1.959443,1.982689,0.011724,0.5,0.80,0.421778,1.000000,23.53,24.91,25.15,13.74,13.74,80.49,155.4,-10.6,106.8,90,4.063,10:27:52,2025-08-07,0.14,1,-9999.000,-9999.000,-9999.000,-9999.000,-9999.000,-9999.000,0,150,-9999.000,-9999.000000,0.058905,0.000000,0.029230,0.000000,0.000000,-0.000068,standard,0,mpf,7000,500,-9999.000000,-9999.000000,300,300,300,1.982689,25,-0.003287,1.974463,1.977978,-0.003515,2.445141,2.451034,1.632245,0.583380,0.271152,-0.124650,0.234257,0.182048,1.959443,0.000656,2.400430,-0.000041,1.000000,2.408421,-0.000039,1.000000,0.600250,0.601702,0.107071,0.000000,PSF-00232_20250807102828_7f4,PFA-00245,PSA-00257,PSF-00232,RHS-00222,3.0.0,2021-01-19T12:57:14.097Z
53,10:28:47,2025-08-07,Manual gsw+F,LI-COR Default,,053,,,0.001953,2.732719,0.001951,0.053440,0.818538,0.817161,2.971069,2.152531,10.151956,10.169059,36.910896,0.441786,7.500000,PSF-00232_20250807102847_7d5,0.000000,0.000000,0.000000,114.899399,404.466766,0.715924,0.5,0.80,37.557182,1.000000,25.51,25.46,25.16,23.87,23.87,80.49,136.6,138.0,-1.0,131,4.062,10:27:52,2025-08-07,0.14,1,-0.000,-0.001,-0.002,0.119,0.105,0.156,0,150,-9999.000,-9999.000000,0.058905,0.000000,0.029230,0.000000,0.000000,-0.000068,standard,0,mpf,7000,500,-9999.000000,-9999.000000,300,300,300,403.545868,25,-0.892365,402.091370,403.188080,-1.096710,2.446023,2.454221,1.477777,0.883925,0.271041,-0.014868,0.235563,0.216406,114.899399,0.000653,2.400430,-0.000041,1.000000,2.408421,-0.000039,1.000000,0.600250,0.601702,0.107071,0.000000,PSF-00232_20250807102847_7d5,PFA-00245,PSA-00257,PSF-00232,RHS-00222,3.0.0,2021-01-19T12:57:14.097Z
54,10:29:10,2025-08-07,Manual gsw+F,LI-COR Default,,054,,,0.004385,2.720582,0.004378,0.121070,0.799757,0.796611,2.973659,2.173901,9.895579,9.934657,36.939056,0.441786,7.500000,PSF-00232_20250807102910_737,0.000000,0.000000,0.000000,175.516251,291.472778,0.397830,0.5,0.80,44.632820,1.000000,24.91,24.81,25.17,23.88,23.88,80.50,135.5,136.6,-0.8,280,4.062,10:27:52,2025-08-07,0.14,1,-0.001,0.001,0.002,1.095,2.229,8.523,0,150,-9999.000,-9999.000000,0.058905,0.000000,0.029230,0.000000,0.000000,-0.000068,standard,0,mpf,7000,500,-9999.000000,-9999.000000,300,300,300,291.472778,25,1.523550,288.877838,293.655884,-4.778046,2.444974,2.453255,1.468809,0.880597,0.270936,-0.014815,0.237195,0.340896,175.516251,0.000649,2.400430,-0.000041,1.000000,2.408421,-0.000039,1.000000,0.600250,0.601702,0.107071,0.000000,PSF-00232_20250807102910_737,PFA-00245,PSA-00257,PSF-00232,RHS-00222,3.0.0,2021-01-19T12:57:14.097Z
55,10:29:32,2025-08-07,Manual gsw+F,LI-COR Default,,055,,,0.044547,2.721734,0.043829,1.094185,0.824444,0.796044,2.789025,1.964581,9.888593,10.241385,34.645733,0.441786,7.500000,PSF-00232_20250807102932_5a4,0.000000,0.000000,0.000000,83.231094,360.242249,0.768958,0.5,0.80,59.373768,1.000000,25.66,24.78,25.18,22.82,22.82,80.50,135.6,136.8,-0.9,193,4.062,10:27:52,2025-08-07,0.14,1,-0.000,0.001,0.006,-0.172,-0.020,-0.101,0,150,-9999.000,-9999.000000,0.058905,0.000000,0.029230,0.000000,0.000000,-0.000068,standard,0,mpf,7000,500,-9999.000000,-9999.000000,300,300,300,342.483032,25,-12.195659,344.059814,342.766968,1.292847,2.444921,2.454465,1.469653,0.880970,0.270826,-0.027021,0.238711,0.267997,83.231094,0.000656,2.400430,-0.000041,1.000000,2.408421,-0.000039,1.000000,0.600250,0.601702,0.107071,0.000000,PSF-00232_20250807102932_5a4,PFA-00245,PSA-00257,PSF-00232,RHS-00222,3.0.0,2021-01-19T12:57:14.097Z
56,10:29:38,2025-08-07,Manual gsw+F,LI-COR Default,,056,,,-0.094714,2.903098,-0.097908,-0.930175,0.761620,0.782838,1.515613,0.753993,9.724392,9.460820,18.826902,0.441786,7.500000,PSF-00232_20250807102938_e34,0.000000,0.000000,0.000000,1.909375,1.980901,0.036108,0.5,0.80,2.402070,1.000000,23.70,24.36,25.18,13.13,13.13,80.50,154.4,-10.7,106.9,166,4.061,10:27:52,2025-08-07,0.14,1,-9999.000,-9999.000,-9999.000,-9999.000,-9999.000,-9999.000,0,150,-9999.000,-9999.000000,0.058905,0.000000,0.029230,0.000000,0.000000,-0.000068,standard,0,mpf,7000,500,-9999.000000,-9999.000000,300,300,300,1.980901,25,-0.006391,1.975536,1.971744,0.003793,2.444260,2.451305,1.624186,0.583276,0.270820,-0.131318,0.239074,0.245721,1.909375,0.000652,2.400430,-0.000041,1.000000,2.408421,-0.000039,1.000000,0.600250,0.601702,0.107071,0.000000,PSF-00232_20250807102938_e34,PFA-00245,PSA-00257,PSF-00232,RHS-00222,3.0.0,2021-01-19T12:57:14.097Z
57,10:29:58,2025-08-07,Manual gsw+F,LI-COR Default,,057,,,0.017385,2.703516,0.017274,0.466134,0.772311,0.760056,2.895093,2.122782,9.441951,9.594197,35.964890,0.441786,7.500000,PSF-00232_20250807102958_f91,0.000000,0.000000,0.000000,97.299812,337.120575,0.711380,0.5,0.80,85.459999,1.000000,24.03,23.65,25.18,23.44,23.44,80.50,134.0,133.9,0.0,300,4.060,10:27:52,2025-08-07,0.14,1,-0.000,0.001,0.001,-0.607,0.352,1.052,0,150,-9999.000,-9999.000000,0.058905,0.000000,0.029230,0.000000,0.000000,-0.000068,standard,0,mpf,7000,500,-9999.000000,-9999.000000,300,300,300,323.948975,25,-9.179391,322.594299,323.967346,-1.373047,2.443109,2.451837,1.456448,0.874108,0.270783,-0.020059,0.240520,0.357449,96.576691,0.000644,2.400430,-0.000041,1.000000,2.408421,-0.000039,1.000000,0.600250,0.601702,0.107071,0.000000,PSF-00232_20250807102958_f91,PFA-00245,PSA-00257,PSF-00232,RHS-00222,3.0.0,2021-01-19T12:57:14.097Z
58,10:30:32,2025-08-07,Manual gsw+F,LI-COR Default,,058,,,0.017416,2.703723,0.017305,0.456770,0.776697,0.764690,2.853544,2.076847,9.499612,9.648772,35.449074,0.441786,7.500000,PSF-00232_20250807103032_623,0.000000,0.000000,0.000000,82.826614,407.967590,0.796978,0.5,0.80,16.117912,1.000000,24.17,23.80,25.18,23.20,23.20,80.50,134.0,135.0,-0.8,51,4.059,10:27:52,2025-08-07,0.14,1,0.000,0.000,0.001,0.121,0.243,0.407,0,150,-9999.000,-9999.000000,0.058905,0.000000,0.029230,0.000000,0.000000,-0.000068,standard,0,mpf,7000,500,-9999.000000,-9999.000000,300,300,300,398.367035,25,-6.482344,404.385925,398.678986,5.706940,2.443345,2.452062,1.456596,0.876746,0.270799,-0.022766,0.242877,0.149221,82.826614,0.000656,2.400430,-0.000041,1.000000,2.408421,-0.000039,1.000000,0.600250,0.601702,0.107071,0.000000,PSF-00232_20250807103032_623,PFA-00245,PSA-00257,PSF-00232,RHS-00222,3.0.0,2021-01-19T12:57:14.097Z
59,10:30:57,2025-08-07,Manual gsw+F,LI-COR Default,,059,,,0.013456,2.774378,0.013391,0.347032,0.797712,0.789022,2.836596,2.038884,9.802708,9.910672,35.241486,0.441786,7.500000,PSF-00232_20250807103057_f79,0.000000,0.000000,0.000000,63.026905,297.680115,0.788273,0.5,0.80,13.784998,1.000000,24.84,24.56,25.17,23.10,23.10,80.49,140.6,99.4,29.3,44,4.059,10:27:52,2025-08-07,0.14,1,0.003,0.005,0.002,0.527,0.548,0.899,0,150,-9999.000,-9999.000000,0.058905,0.000000,0.029230,0.000000,0.000000,-0.000068,standard,0,mpf,7000,500,-9999.000000,-9999.000000,300,300,300,288.320648,25,-6.335431,293.108215,288.602020,4.506195,2.444584,2.453140,1.509790,0.795511,0.270885,-0.023792,0.244492,0.143518,63.026905,0.000658,2.400430,-0.000041,1.000000,2.408421,-0.000039,1.000000,0.600250,0.601702,0.107071,0.000000,PSF-00232_20250807103057_f79,PFA-00245,PSA-00257,PSF-00232,RHS-00222,3.0.0,2021-01-19T12:57:14.097Z
60,10:31:19,2025-08-07,Manual gsw+F,LI-COR Default,,060,,,0.008636,2.702973,0.008609,0.230015,0.793995,0.787948,2.895293,2.101298,9.789598,9.864732,35.971619,0.441786,7.500000,PSF-00232_20250807103119_6d7,0.000000,0.000000,0.000000,19.465685,89.088089,0.781501,0.5,0.80,19.441013,1.000000,24.73,24.55,25.16,23.44,23.44,80.49,133.9,134.8,-0.6,62,4.058,10:27:52,2025-08-07,0.14,1,0.001,0.001,-0.001,0.000,0.002,0.245,0,150,-9999.000,-9999.000000,0.058905,0.000000,0.029230,0.000000,0.000000,-0.000068,standard,0,mpf,7000,500,-9999.000000,-9999.000000,300,300,300,80.163719,25,-6.068809,81.542015,80.392036,1.149979,2.444555,2.452978,1.456060,0.876079,0.270991,-0.019821,0.245934,0.158918,19.465685,0.000666,2.400430,-0.000041,1.000000,2.408421,-0.000039,1.000000,0.600250,0.601702,0.107071,0.000000,PSF-00232_20250807103119_6d7,PFA-00245,PSA-00257,PSF-00232,RHS-00222,3.0.0,2021-01-19T12:57:14.097Z
61,10:31:37,2025-08-07,Manual gsw+F,LI-COR Default,,061,,,0.006932,2.711276,0.006914,0.175938,0.769337,0.764736,2.772385,2.003048,9.501066,9.558233,34.444061,0.441786,7.500000,PSF-00232_20250807103137_95d,0.000000,0.000000,0.000000,48.628807,219.113800,0.778066,0.5,0.80,11.801846,1.000000,23.98,23.84,25.15,22.72,22.72,80.49,134.7,135.0,-0.3,38,4.058,10:27:52,2025-08-07,0.14,1,-0.000,-0.000,0.000,-0.028,-0.060,-0.049,0,150,-9999.000,-9999.000000,0.058905,0.000000,0.029230,0.000000,0.000000,-0.000068,standard,0,mpf,7000,500,-9999.000000,-9999.000000,300,300,300,212.288254,25,-4.530749,215.738647,212.621643,3.117004,2.443423,2.451767,1.462033,0.876780,0.271136,-0.027803,0.247091,0.138684,48.628807,0.000658,2.400430,-0.000041,1.000000,2.408421,-0.000039,1.000000,0.600250,0.601702,0.107071,0.000000,PSF-00232_20250807103137_95d,PFA-00245,PSA-00257,PSF-00232,RHS-00222,3.0.0,2021-01-19T12:57:14.097Z
62,10:32:10,2025-08-07,Manual gsw+F,LI-COR Default,,062,,,0.010376,2.715347,0.010337,0.290278,0.831150,0.823584,3.037340,2.206191,10.231174,10.325164,37.732109,0.441786,7.500000,PSF-00232_20250807103210_cd0,0.000000,0.000000,0.000000,92.218994,578.174866,0.840500,0.5,0.80,102.560440,1.000000,25.91,25.68,25.15,24.23,24.23,80.50,135.0,135.3,-0.2,305,4.057,10:27:52,2025-08-07,0.14,1,-0.001,-0.002,-0.002,-3.306,-9.322,-5.971,0,150,-9999.000,-9999.000000,0.058905,0.000000,0.029230,0.000000,0.000000,-0.000068,standard,0,mpf,7000,500,-9999.000000,-9999.000000,300,300,300,473.818665,25,-84.992348,425.650482,456.388580,-30.738098,2.446366,2.454876,1.464986,0.877278,0.271142,-0.010543,0.249419,0.361389,92.218994,0.000647,2.400430,-0.000041,1.000000,2.408421,-0.000039,1.000000,0.600250,0.601702,0.107071,0.000000,PSF-00232_20250807103210_cd0,PFA-00245,PSA-00257,PSF-00232,RHS-00222,3.0.0,2021-01-19T12:57:14.097Z
63,10:32:28,2025-08-07,Manual gsw+F,LI-COR Default,,063,,,0.005692,2.714758,0.005681,0.149145,0.836464,0.832575,2.900872,2.064408,10.342967,10.391274,36.037136,0.441786,7.500000,PSF-00232_20250807103228_2a7,0.000000,0.000000,0.000000,63.813686,307.549774,0.792509,0.5,0.80,14.733348,1.000000,26.08,25.96,25.14,23.47,23.47,80.50,135.0,135.8,-0.6,46,4.056,10:27:52,2025-08-07,0.14,1,0.000,0.001,0.002,-0.075,1.524,3.689,0,150,-9999.000,-9999.000000,0.058905,0.000000,0.029230,0.000000,0.000000,-0.000068,standard,0,mpf,7000,500,-9999.000000,-9999.000000,300,300,300,307.107574,25,-0.063481,310.061218,307.458801,2.602417,2.446818,2.455148,1.464558,0.878593,0.271168,-0.019266,0.250671,0.145817,63.813686,0.000657,2.400430,-0.000041,1.000000,2.408421,-0.000039,1.000000,0.600250,0.601702,0.107071,0.000000,PSF-00232_20250807103228_2a7,PFA-00245,PSA-00257,PSF-00232,RHS-00222,3.0.0,2021-01-19T12:57:14.097Z
64,10:32:50,2025-08-07,Manual gsw+F,LI-COR Default,,064,,,0.015569,2.723552,0.015481,0.397190,0.840161,0.829867,2.857969,2.017808,10.309578,10.437459,35.505035,0.441786,7.500000,PSF-00232_20250807103250_d49,0.000000,0.000000,0.000000,95.013138,390.027344,0.756394,0.5,0.80,55.622730,1.000000,26.21,25.88,25.14,23.22,23.22,80.49,135.8,136.0,-0.1,184,4.055,10:27:52,2025-08-07,0.14,1,-0.000,-0.000,-0.001,0.133,0.183,0.560,0,150,-9999.000,-9999.000000,0.058905,0.000000,0.029230,0.000000,0.000000,-0.000068,standard,0,mpf,7000,500,-9999.000000,-9999.000000,300,300,300,371.424072,25,-15.656294,365.030762,367.593292,-2.562531,2.446697,2.455346,1.470989,0.878951,0.271225,-0.022015,0.252081,0.260334,95.011711,0.000666,2.400430,-0.000041,1.000000,2.408421,-0.000039,1.000000,0.600250,0.601702,0.107071,0.000000,PSF-00232_20250807103250_d49,PFA-00245,PSA-00257,PSF-00232,RHS-00222,3.0.0,2021-01-19T12:57:14.097Z
65,10:33:09,2025-08-07,Manual gsw+F,LI-COR Default,,065,,,0.006821,2.723092,0.006804,0.175272,0.832930,0.828385,2.858897,2.025968,10.291237,10.347691,35.516788,0.441786,7.500000,PSF-00232_20250807103309_5c1,0.000000,0.000000,0.000000,90.417984,390.504242,0.768458,0.5,0.80,14.403578,1.000000,25.99,25.85,25.13,23.23,23.23,80.49,135.7,134.7,0.7,47,4.054,10:27:52,2025-08-07,0.14,1,-0.001,-0.001,-0.001,0.334,0.629,1.405,0,150,-9999.000,-9999.000000,0.058905,0.000000,0.029230,0.000000,0.000000,-0.000068,standard,0,mpf,7000,500,-9999.000000,-9999.000000,300,300,300,390.504242,25,0.417163,390.850769,391.101990,-0.251221,2.446639,2.455000,1.470651,0.876065,0.271286,-0.021887,0.253352,0.146136,90.417984,0.000661,2.400430,-0.000041,1.000000,2.408421,-0.000039,1.000000,0.600250,0.601702,0.107071,0.000000,PSF-00232_20250807103309_5c1,PFA-00245,PSA-00257,PSF-00232,RHS-00222,3.0.0,2021-01-19T12:57:14.097Z
66,10:34:06,2025-08-07,Manual gsw+F,LI-COR Default,,066,,,0.011733,2.734959,0.011683,0.321888,0.765247,0.756961,2.932157,2.166910,9.403479,9.506413,36.425217,0.441786,7.500000,PSF-00232_20250807103406_2d7,0.000000,0.000000,0.000000,156.190033,467.812286,0.666127,0.5,0.80,28.811970,1.000000,23.88,23.62,25.13,23.65,23.65,80.50,136.8,133.5,2.4,108,4.050,10:27:52,2025-08-07,0.14,1,0.000,0.001,0.003,3.239,6.612,14.711,0,150,-9999.000,-9999.000000,0.058905,0.000000,0.029230,0.000000,0.000000,-0.000068,standard,0,mpf,7000,500,-9999.000000,-9999.000000,300,300,300,467.812286,25,0.185003,467.710724,468.077393,-0.366669,2.443071,2.451600,1.479449,0.873229,0.271314,-0.017079,0.257351,0.197218,156.190033,0.000642,2.400430,-0.000041,1.000000,2.408421,-0.000039,1.000000,0.600250,0.601702,0.107071,0.000000,PSF-00232_20250807103406_2d7,PFA-00245,PSA-00257,PSF-00232,RHS-00222,3.0.0,2021-01-19T12:57:14.097Z
67,10:34:37,2025-08-07,Manual gsw+F,LI-COR Default,,067,,,-0.000841,2.772332,-0.000841,-0.023844,0.760509,0.761108,2.989231,2.228722,9.455312,9.447880,37.135502,0.441786,7.500000,PSF-00232_20250807103437_02e,0.000000,0.000000,0.000000,111.912132,431.704468,0.740767,0.5,0.80,15.780128,1.000000,23.75,23.77,25.12,23.97,23.97,80.50,140.4,140.8,-0.3,53,4.053,10:27:52,2025-08-07,0.14,1,-0.000,-0.000,-0.001,0.224,0.613,1.885,0,150,-9999.000,-9999.000000,0.058905,0.000000,0.029230,0.000000,0.000000,-0.000068,standard,0,mpf,7000,500,-9999.000000,-9999.000000,300,300,300,430.079346,25,-0.972170,429.556854,430.311432,-0.754578,2.443304,2.451384,1.508170,0.890629,0.271420,-0.013296,0.259454,0.151469,111.912132,0.000643,2.400430,-0.000041,1.000000,2.408421,-0.000039,1.000000,0.600250,0.601702,0.107071,0.000000,PSF-00232_20250807103437_02e,PFA-00245,PSA-00257,PSF-00232,RHS-00222,3.0.0,2021-01-19T12:57:14.097Z
68,10:35:17,2025-08-07,Manual gsw+F,LI-COR Default,,068,,,0.026528,2.801248,0.026279,0.725495,0.830776,0.812953,3.000268,2.169492,10.098725,10.320131,37.270168,0.441786,7.500000,PSF-00232_20250807103517_8a2,0.000000,0.000000,0.000000,99.488495,250.814667,0.603339,0.5,0.80,41.384190,1.000000,25.93,25.37,25.13,24.03,24.03,80.50,143.3,138.2,3.6,171,4.024,10:27:52,2025-08-07,0.14,1,-0.001,-0.001,-0.000,-0.829,-3.871,1.499,0,150,-9999.000,-9999.000000,0.058905,0.000000,0.029230,0.000000,0.000000,-0.000068,standard,0,mpf,7000,500,-9999.000000,-9999.000000,300,300,300,230.028397,25,-14.344953,227.796082,230.259659,-2.463577,2.445885,2.454906,1.531552,0.884251,0.271343,-0.012676,0.262147,0.250029,99.488495,0.000648,2.400430,-0.000041,1.000000,2.408421,-0.000039,1.000000,0.600250,0.601702,0.107071,0.000000,PSF-00232_20250807103517_8a2,PFA-00245,PSA-00257,PSF-00232,RHS-00222,3.0.0,2021-01-19T12:57:14.097Z
69,10:36:00,2025-08-07,Manual gsw+F,LI-COR Default,,069,,,0.025599,2.813385,0.025368,0.673297,0.803048,0.786643,2.890615,2.087567,9.771873,9.975657,35.907921,0.441786,7.500000,PSF-00232_20250807103600_3d8,0.000000,0.000000,0.000000,91.010216,374.094513,0.756719,0.5,0.80,25.973370,1.000000,25.03,24.52,25.15,23.41,23.41,80.50,144.5,141.0,2.4,86,4.051,10:27:52,2025-08-07,0.14,1,0.001,0.001,0.002,0.156,0.412,0.754,0,150,-9999.000,-9999.000000,0.058905,0.000000,0.029230,0.000000,0.000000,-0.000068,standard,0,mpf,7000,500,-9999.000000,-9999.000000,300,300,300,361.741669,25,-8.375899,362.662201,362.092621,0.569580,2.444511,2.453455,1.541700,0.891102,0.271084,-0.020025,0.265163,0.178608,91.010216,0.000653,2.400430,-0.000041,1.000000,2.408421,-0.000039,1.000000,0.600250,0.601702,0.107071,0.000000,PSF-00232_20250807103600_3d8,PFA-00245,PSA-00257,PSF-00232,RHS-00222,3.0.0,2021-01-19T12:57:14.097Z
70,10:36:21,2025-08-07,Manual gsw+F,LI-COR Default,,070,,,0.002837,2.836905,0.002834,0.078937,0.787499,0.785607,2.977190,2.189691,9.758826,9.782322,36.982689,0.441786,7.500000,PSF-00232_20250807103621_f7e,0.000000,0.000000,0.000000,91.545937,407.803131,0.775514,0.5,0.80,18.007950,1.000000,24.53,24.47,25.16,23.90,23.90,80.50,147.0,130.1,11.5,58,4.051,10:27:52,2025-08-07,0.14,1,0.000,0.000,0.002,0.556,2.214,6.543,0,150,-9999.000,-9999.000000,0.058905,0.000000,0.029230,0.000000,0.000000,-0.000068,standard,0,mpf,7000,500,-9999.000000,-9999.000000,300,300,300,389.442078,25,-11.237998,392.199402,391.700104,0.499298,2.444429,2.452642,1.561980,0.865132,0.270954,-0.014570,0.266568,0.155467,91.545937,0.000658,2.400430,-0.000041,1.000000,2.408421,-0.000039,1.000000,0.600250,0.601702,0.107071,0.000000,PSF-00232_20250807103621_f7e,PFA-00245,PSA-00257,PSF-00232,RHS-00222,3.0.0,2021-01-19T12:57:14.097Z
71,10:36:34,2025-08-07,Manual gsw+F,LI-COR Default,,071,,,-0.063297,2.922864,-0.064698,-0.882912,0.762847,0.782677,1.843597,1.080749,9.722902,9.476570,22.902317,0.441786,7.500000,PSF-00232_20250807103634_226,0.000000,0.000000,0.000000,1.896501,1.940846,0.022849,0.5,0.80,0.536957,1.000000,23.75,24.36,25.17,16.16,16.16,80.50,156.8,-10.6,106.8,59,4.051,10:27:52,2025-08-07,0.14,1,-9999.000,-9999.000,-9999.000,-9999.000,-9999.000,-9999.000,0,150,-9999.000,-9999.000000,0.058905,0.000000,0.029230,0.000000,0.000000,-0.000068,standard,0,mpf,7000,500,-9999.000000,-9999.000000,300,300,300,1.940846,25,0.003047,1.941204,1.945212,-0.004008,2.444262,2.451377,1.644536,0.583346,0.270863,-0.099697,0.267372,0.156050,1.866102,0.000669,2.400430,-0.000041,1.000000,2.408421,-0.000039,1.000000,0.600250,0.601702,0.107071,0.000000,PSF-00232_20250807103634_226,PFA-00245,PSA-00257,PSF-00232,RHS-00222,3.0.0,2021-01-19T12:57:14.097Z
72,10:37:00,2025-08-07,Manual gsw+F,LI-COR Default,,072,,,0.001863,2.777714,0.001862,0.054035,0.827257,0.825907,3.106512,2.279255,10.259620,10.276385,38.589848,0.441786,7.500000,PSF-00232_20250807103700_91b,0.000000,0.000000,0.000000,99.592209,426.867188,0.766690,0.5,0.80,26.097910,1.000000,25.71,25.66,25.20,24.61,24.61,80.50,140.9,141.8,-0.6,85,4.049,10:27:52,2025-08-07,0.14,1,-0.000,-0.001,0.001,0.266,0.341,0.376,0,150,-9999.000,-9999.000000,0.058905,0.000000,0.029230,0.000000,0.000000,-0.000068,standard,0,mpf,7000,500,-9999.000000,-9999.000000,300,300,300,419.344055,25,-5.103894,420.179138,419.553772,0.625366,2.446337,2.454537,1.512441,0.892927,0.270541,-0.006860,0.269104,0.178016,99.592209,0.000648,2.400430,-0.000041,1.000000,2.408421,-0.000039,1.000000,0.600250,0.601702,0.107071,0.000000,PSF-00232_20250807103700_91b,PFA-00245,PSA-00257,PSF-00232,RHS-00222,3.0.0,2021-01-19T12:57:14.097Z
73,10:37:20,2025-08-07,Manual gsw+F,LI-COR Default,,073,,,-0.000364,2.779797,-0.000364,-0.010111,0.865814,0.866066,3.049049,2.183235,10.758315,10.755184,37.875439,0.441786,7.500000,PSF-00232_20250807103720_ca2,0.000000,0.000000,0.000000,160.939697,469.308014,0.657070,0.5,0.80,22.852190,1.000000,26.86,26.87,25.23,24.30,24.30,80.50,141.1,141.3,-0.1,87,4.048,10:27:52,2025-08-07,0.14,1,-0.001,-0.000,-0.002,-0.406,-1.518,0.246,0,150,-9999.000,-9999.000000,0.058905,0.000000,0.029230,0.000000,0.000000,-0.000068,standard,0,mpf,7000,500,-9999.000000,-9999.000000,300,300,300,461.077820,25,-5.495664,459.533569,461.433228,-1.899658,2.448241,2.456375,1.514103,0.891751,0.270243,-0.010779,0.270497,0.179556,160.939697,0.000644,2.400430,-0.000041,1.000000,2.408421,-0.000039,1.000000,0.600250,0.601702,0.107071,0.000000,PSF-00232_20250807103720_ca2,PFA-00245,PSA-00257,PSF-00232,RHS-00222,3.0.0,2021-01-19T12:57:14.097Z
74,10:37:37,2025-08-07,Manual gsw+F,LI-COR Default,,074,,,0.029795,2.765126,0.029477,0.784257,0.885831,0.866085,2.976291,2.090460,10.758453,11.003740,36.971298,0.441786,7.500000,PSF-00232_20250807103737_9c0,0.000000,0.000000,0.000000,88.226791,384.112305,0.770310,0.5,0.80,48.431286,1.000000,27.44,26.83,25.26,23.90,23.90,80.50,139.7,139.5,0.1,157,4.048,10:27:52,2025-08-07,0.14,1,0.001,0.002,0.002,-0.547,-1.139,4.296,0,150,-9999.000,-9999.000000,0.058905,0.000000,0.029230,0.000000,0.000000,-0.000068,standard,0,mpf,7000,500,-9999.000000,-9999.000000,300,300,300,375.592590,25,-7.577849,373.293762,373.253937,0.039825,2.448169,2.457286,1.502507,0.887403,0.269951,-0.015714,0.271670,0.238108,88.226791,0.000664,2.400430,-0.000041,1.000000,2.408421,-0.000039,1.000000,0.600250,0.601702,0.107071,0.000000,PSF-00232_20250807103737_9c0,PFA-00245,PSA-00257,PSF-00232,RHS-00222,3.0.0,2021-01-19T12:57:14.097Z
75,10:38:40,2025-08-07,Manual gsw+F,LI-COR Default,,075,,,0.031874,2.817091,0.031517,0.886044,0.802088,0.780553,3.011913,2.209825,9.694929,9.962400,37.409725,0.441786,7.500000,PSF-00232_20250807103840_860,0.000000,0.000000,0.000000,53.696751,191.970810,0.720287,0.5,0.80,58.458527,1.000000,24.70,24.03,25.36,24.09,24.09,80.51,144.9,145.5,-0.4,203,4.047,10:38:01,2025-08-07,0.13,1,-0.000,0.001,0.002,-0.916,-0.542,1.674,0,150,-9999.000,-9999.000000,0.058905,0.000000,0.029230,0.000000,0.000000,-0.000068,standard,0,mpf,7000,500,-9999.000000,-9999.000000,300,300,300,180.240158,25,-7.869864,180.505875,180.694016,-0.188141,2.443704,2.452909,1.544839,0.901921,0.268886,-0.014604,0.276003,0.276223,53.696751,0.000653,2.400430,-0.000041,1.000000,2.408421,-0.000039,1.000000,0.600250,0.601702,0.107071,0.000000,PSF-00232_20250807103840_860,PFA-00245,PSA-00257,PSF-00232,RHS-00222,3.0.0,2021-01-19T12:57:14.097Z
76,10:39:10,2025-08-07,Manual gsw+F,LI-COR Default,,076,,,0.005363,2.838436,0.005353,0.149345,0.821564,0.817991,3.014104,2.192540,10.160625,10.205009,37.439503,0.441786,7.500000,PSF-00232_20250807103910_ffc,0.000000,0.000000,0.000000,74.287537,291.461121,0.745120,0.5,0.80,179.338394,1.000000,25.25,25.14,25.39,24.11,24.11,80.51,147.1,147.2,-0.0,602,4.046,10:38:01,2025-08-07,0.13,1,0.001,0.002,0.000,2.942,4.950,7.336,0,150,-9999.000,-9999.000000,0.058905,0.000000,0.029230,0.000000,0.000000,-0.000068,standard,0,mpf,7000,500,-9999.000000,-9999.000000,300,300,300,264.230835,25,-16.519640,264.170776,267.789978,-3.619202,2.445468,2.453790,1.563330,0.906015,0.268530,-0.014854,0.277953,0.608698,74.287537,0.000649,2.400430,-0.000041,1.000000,2.408421,-0.000039,1.000000,0.600250,0.601702,0.107071,0.000000,PSF-00232_20250807103910_ffc,PFA-00245,PSA-00257,PSF-00232,RHS-00222,3.0.0,2021-01-19T12:57:14.097Z
77,10:39:36,2025-08-07,Manual gsw+F,LI-COR Default,,077,,,0.002389,2.808876,0.002387,0.067568,0.839701,0.838050,3.063646,2.223944,10.409657,10.430163,38.054398,0.441786,7.500000,PSF-00232_20250807103936_902,0.000000,0.000000,0.000000,73.363426,369.514252,0.801460,0.5,0.80,24.450516,1.000000,25.76,25.71,25.42,24.38,24.38,80.51,144.0,144.7,-0.5,76,4.035,10:38:01,2025-08-07,0.13,1,-0.001,-0.000,-0.008,0.336,0.505,4.053,0,150,-9999.000,-9999.000000,0.058905,0.000000,0.029230,0.000000,0.000000,-0.000068,standard,0,mpf,7000,500,-9999.000000,-9999.000000,300,300,300,358.437531,25,-7.334807,363.601318,359.004150,4.597168,2.446370,2.454603,1.537905,0.900040,0.268196,-0.012095,0.279688,0.170654,73.363426,0.000677,2.400430,-0.000041,1.000000,2.408421,-0.000039,1.000000,0.600250,0.601702,0.107071,0.000000,PSF-00232_20250807103936_902,PFA-00245,PSA-00257,PSF-00232,RHS-00222,3.0.0,2021-01-19T12:57:14.097Z
78,10:39:58,2025-08-07,Manual gsw+F,LI-COR Default,,078,,,0.086144,2.788106,0.083563,2.651340,0.877121,0.811414,3.364164,2.487043,10.079057,10.895234,41.788258,0.441786,7.500000,PSF-00232_20250807103958_b7c,0.000000,0.000000,0.000000,72.644234,265.861420,0.726759,0.5,0.80,231.854080,1.000000,26.84,24.83,25.46,25.95,25.95,80.50,141.9,142.3,-0.2,798,4.045,10:38:01,2025-08-07,0.13,1,-0.001,-0.002,0.002,0.445,0.880,2.099,0,150,-9999.000,-9999.000000,0.058905,0.000000,0.029230,0.000000,0.000000,-0.000068,standard,0,mpf,7000,500,-9999.000000,-9999.000000,300,300,300,226.776840,25,-28.602846,217.427017,224.876144,-7.449127,2.444973,2.456333,1.520791,0.894060,0.267797,0.005720,0.281158,0.771974,72.644234,0.000659,2.400430,-0.000041,1.000000,2.408421,-0.000039,1.000000,0.600250,0.601702,0.107071,0.000000,PSF-00232_20250807103958_b7c,PFA-00245,PSA-00257,PSF-00232,RHS-00222,3.0.0,2021-01-19T12:57:14.097Z
79,10:40:27,2025-08-07,Manual gsw+F,LI-COR Default,,079,,,0.022931,2.854841,0.022748,0.687278,0.825278,0.809032,3.196767,2.371489,10.049623,10.251428,39.709541,0.441786,7.500000,PSF-00232_20250807104027_017,0.000000,0.000000,0.000000,71.365715,243.387070,0.706781,0.5,0.80,19.672716,1.000000,25.17,24.67,25.52,25.09,25.09,80.50,148.9,112.6,24.4,70,4.015,10:38:01,2025-08-07,0.13,1,-0.001,0.000,0.006,0.408,0.948,2.192,0,150,-9999.000,-9999.000000,0.058905,0.000000,0.029230,0.000000,0.000000,-0.000068,standard,0,mpf,7000,500,-9999.000000,-9999.000000,300,300,300,226.745010,25,-11.551777,223.785278,226.834427,-3.049149,2.444705,2.453643,1.578038,0.824757,0.267151,-0.005016,0.282998,0.165082,71.365715,0.000651,2.400430,-0.000041,1.000000,2.408421,-0.000039,1.000000,0.600250,0.601702,0.107071,0.000000,PSF-00232_20250807104027_017,PFA-00245,PSA-00257,PSF-00232,RHS-00222,3.0.0,2021-01-19T12:57:14.097Z
80,10:40:48,2025-08-07,Manual gsw+F,LI-COR Default,,080,,,0.072552,2.770224,0.070700,2.491896,0.893994,0.831475,3.651498,2.757504,10.327724,11.104275,45.355152,0.441786,7.500000,PSF-00232_20250807104048_3f2,0.000000,0.000000,0.000000,63.769699,240.095230,0.734398,0.5,0.80,528.729614,1.000000,27.16,25.26,25.58,27.34,27.34,80.51,140.2,140.9,-0.5,1800,4.043,10:38:01,2025-08-07,0.13,1,0.000,0.003,0.007,-3.193,-2.621,-9.525,0,150,-9999.000,-9999.000000,0.058905,0.000000,0.029230,0.000000,0.000000,-0.000068,standard,0,mpf,7000,500,-9999.000000,-9999.000000,300,300,300,171.794769,25,-54.606586,141.223663,161.848969,-20.625305,2.445639,2.456817,1.506507,0.890778,0.266485,0.020715,0.284407,1.607572,63.769699,0.000647,2.400430,-0.000041,1.000000,2.408421,-0.000039,1.000000,0.600250,0.601702,0.107071,0.000000,PSF-00232_20250807104048_3f2,PFA-00245,PSA-00257,PSF-00232,RHS-00222,3.0.0,2021-01-19T12:57:14.097Z
81,10:41:23,2025-08-07,Manual gsw+F,LI-COR Default,,081,,,0.014757,2.776819,0.014679,0.453090,0.820128,0.808802,3.242470,2.422342,10.046359,10.187041,40.275631,0.441786,7.500000,PSF-00232_20250807104123_7ea,0.000000,0.000000,0.000000,93.223572,362.588196,0.742894,0.5,0.80,37.908012,1.000000,24.76,24.42,25.69,25.33,25.33,80.51,140.8,141.9,-0.7,128,4.041,10:38:01,2025-08-07,0.13,1,0.001,0.001,0.004,-0.856,1.290,2.080,0,150,-9999.000,-9999.000000,0.058905,0.000000,0.029230,0.000000,0.000000,-0.000068,standard,0,mpf,7000,500,-9999.000000,-9999.000000,300,300,300,348.733307,25,-9.427876,347.613586,349.078918,-1.465332,2.444271,2.452960,1.511728,0.893162,0.265344,-0.004248,0.286735,0.213421,93.223572,0.000641,2.400430,-0.000041,1.000000,2.408421,-0.000039,1.000000,0.600250,0.601702,0.107071,0.000000,PSF-00232_20250807104123_7ea,PFA-00245,PSA-00257,PSF-00232,RHS-00222,3.0.0,2021-01-19T12:57:14.097Z
82,10:42:11,2025-08-07,Manual gsw+F,LI-COR Default,,082,,,0.001279,2.776749,0.001279,0.035885,0.774511,0.773613,2.981079,2.206568,9.609716,9.620865,37.030540,0.441786,7.500000,PSF-00232_20250807104211_b96,0.000000,0.000000,0.000000,130.062454,459.408752,0.716892,0.5,0.80,11.320973,1.000000,23.26,23.23,25.78,23.92,23.92,80.50,140.8,142.0,-0.9,39,4.041,10:38:01,2025-08-07,0.13,1,-0.001,0.000,0.002,-1.727,1.861,1.248,0,150,-9999.000,-9999.000000,0.058905,0.000000,0.029230,0.000000,0.000000,-0.000068,standard,0,mpf,7000,500,-9999.000000,-9999.000000,300,300,300,459.408752,25,1.650513,459.473846,461.773773,-2.299927,2.442351,2.450519,1.511672,0.893553,0.264415,-0.021496,0.289675,0.139984,130.062454,0.000644,2.400430,-0.000041,1.000000,2.408421,-0.000039,1.000000,0.600250,0.601702,0.107071,0.000000,PSF-00232_20250807104211_b96,PFA-00245,PSA-00257,PSF-00232,RHS-00222,3.0.0,2021-01-19T12:57:14.097Z
83,10:42:32,2025-08-07,Manual gsw+F,LI-COR Default,,083,,,0.003576,2.779629,0.003571,0.100678,0.780556,0.778043,2.996887,2.216331,9.664560,9.695775,37.226208,0.441786,7.500000,PSF-00232_20250807104232_5b3,0.000000,0.000000,0.000000,49.635170,233.956207,0.787844,0.5,0.80,12.239737,1.000000,23.43,23.36,25.78,24.01,24.01,80.50,141.1,141.9,-0.5,39,4.040,10:38:01,2025-08-07,0.13,1,0.001,0.000,0.004,0.498,0.089,0.316,0,150,-9999.000,-9999.000000,0.058905,0.000000,0.029230,0.000000,0.000000,-0.000068,standard,0,mpf,7000,500,-9999.000000,-9999.000000,300,300,300,223.370789,25,-7.171569,226.732498,223.680008,3.052490,2.442552,2.450800,1.513969,0.893173,0.264352,-0.020560,0.290853,0.139450,49.635170,0.000646,2.400430,-0.000041,1.000000,2.408421,-0.000039,1.000000,0.600250,0.601702,0.107071,0.000000,PSF-00232_20250807104232_5b3,PFA-00245,PSA-00257,PSF-00232,RHS-00222,3.0.0,2021-01-19T12:57:14.097Z
84,10:42:53,2025-08-07,Manual gsw+F,LI-COR Default,,084,,,0.001176,2.781472,0.001175,0.034707,0.769065,0.768200,3.089861,2.320796,9.542287,9.553036,38.381100,0.441786,7.500000,PSF-00232_20250807104253_1f0,0.000000,0.000000,0.000000,111.331703,332.301239,0.664968,0.5,0.80,14.497688,1.000000,23.09,23.06,25.78,24.52,24.52,80.50,141.3,141.2,0.1,55,4.039,10:38:01,2025-08-07,0.13,1,0.000,-0.000,0.003,-0.317,0.527,-0.533,0,150,-9999.000,-9999.000000,0.058905,0.000000,0.029230,0.000000,0.000000,-0.000068,standard,0,mpf,7000,500,-9999.000000,-9999.000000,300,300,300,330.383423,25,-1.663209,328.190460,329.917999,-1.727539,2.442070,2.450235,1.515445,0.891424,0.264339,-0.014721,0.292036,0.152510,111.349579,0.000656,2.400430,-0.000041,1.000000,2.408421,-0.000039,1.000000,0.600250,0.601702,0.107071,0.000000,PSF-00232_20250807104253_1f0,PFA-00245,PSA-00257,PSF-00232,RHS-00222,3.0.0,2021-01-19T12:57:14.097Z
85,10:43:12,2025-08-07,Manual gsw+F,LI-COR Default,,085,,,0.004197,2.760242,0.004191,0.115491,0.756903,0.753980,2.924776,2.167873,9.365341,9.401644,36.329231,0.441786,7.500000,PSF-00232_20250807104312_594,0.000000,0.000000,0.000000,44.424175,272.205780,0.836799,0.5,0.80,18.379673,1.000000,22.73,22.64,25.78,23.61,23.61,80.51,139.2,136.3,2.1,55,4.039,10:38:01,2025-08-07,0.13,1,0.000,0.001,0.005,-1.763,-1.508,-2.776,0,150,-9999.000,-9999.000000,0.058905,0.000000,0.029230,0.000000,0.000000,-0.000068,standard,0,mpf,7000,500,-9999.000000,-9999.000000,300,300,300,214.142563,25,-45.267586,191.930649,207.341446,-15.410797,2.441391,2.449651,1.498703,0.879818,0.264398,-0.025135,0.293107,0.152848,44.424175,0.000647,2.400430,-0.000041,1.000000,2.408421,-0.000039,1.000000,0.600250,0.601702,0.107071,0.000000,PSF-00232_20250807104312_594,PFA-00245,PSA-00257,PSF-00232,RHS-00222,3.0.0,2021-01-19T12:57:14.097Z
86,10:43:40,2025-08-07,Manual gsw+F,LI-COR Default,,086,,,0.007673,2.753580,0.007652,0.203189,0.756872,0.751706,2.846937,2.090065,9.336776,9.400938,35.361172,0.441786,7.500000,PSF-00232_20250807104340_88f,0.000000,0.000000,0.000000,80.474136,318.922516,0.747669,0.5,0.80,14.470633,1.000000,22.76,22.60,25.76,23.16,23.16,80.51,138.6,137.4,0.8,48,4.038,10:38:01,2025-08-07,0.13,1,-0.000,0.000,0.003,0.837,3.048,3.827,0,150,-9999.000,-9999.000000,0.058905,0.000000,0.029230,0.000000,0.000000,-0.000068,standard,0,mpf,7000,500,-9999.000000,-9999.000000,300,300,300,318.922516,25,10.784560,324.400665,334.375793,-9.975128,2.441329,2.449700,1.493561,0.882453,0.264623,-0.029967,0.294679,0.147409,80.474136,0.000655,2.400430,-0.000041,1.000000,2.408421,-0.000039,1.000000,0.600250,0.601702,0.107071,0.000000,PSF-00232_20250807104340_88f,PFA-00245,PSA-00257,PSF-00232,RHS-00222,3.0.0,2021-01-19T12:57:14.097Z
87,10:44:11,2025-08-07,Manual gsw+F,LI-COR Default,,087,,,0.006064,2.747747,0.006051,0.174040,0.792266,0.787826,3.052496,2.260230,9.786143,9.841296,37.917206,0.441786,7.500000,PSF-00232_20250807104411_d33,0.000000,0.000000,0.000000,101.272705,242.108704,0.581706,0.5,0.80,65.591995,1.000000,23.87,23.73,25.72,24.32,24.32,80.50,138.0,138.7,-0.5,282,4.037,10:38:01,2025-08-07,0.13,1,0.001,0.003,0.003,-5.069,-2.520,-4.561,0,150,-9999.000,-9999.000000,0.058905,0.000000,0.029230,0.000000,0.000000,-0.000068,standard,0,mpf,7000,500,-9999.000000,-9999.000000,300,300,300,242.108704,25,6.531315,242.916946,251.467484,-8.550537,2.443168,2.451515,1.489099,0.885470,0.264973,-0.016353,0.296434,0.342079,101.272705,0.000652,2.400430,-0.000041,1.000000,2.408421,-0.000039,1.000000,0.600250,0.601702,0.107071,0.000000,PSF-00232_20250807104411_d33,PFA-00245,PSA-00257,PSF-00232,RHS-00222,3.0.0,2021-01-19T12:57:14.097Z
88,10:44:40,2025-08-07,Manual gsw+F,LI-COR Default,,088,,,0.006531,2.742623,0.006516,0.169488,0.791565,0.787226,2.838419,2.046854,9.778746,9.832644,35.258217,0.441786,7.500000,PSF-00232_20250807104440_4a3,0.000000,0.000000,0.000000,69.603683,282.400543,0.753529,0.5,0.80,16.963287,1.000000,23.89,23.76,25.69,23.11,23.11,80.50,137.6,138.0,-0.3,56,4.036,10:38:01,2025-08-07,0.13,1,-0.001,-0.000,0.006,0.210,-0.420,-0.131,0,150,-9999.000,-9999.000000,0.058905,0.000000,0.029230,0.000000,0.000000,-0.000068,standard,0,mpf,7000,500,-9999.000000,-9999.000000,300,300,300,276.434540,25,-4.790115,275.294067,275.536743,-0.242676,2.443211,2.451554,1.485211,0.883902,0.265292,-0.029788,0.298048,0.153990,67.905663,0.000654,2.400430,-0.000041,1.000000,2.408421,-0.000039,1.000000,0.600250,0.601702,0.107071,0.000000,PSF-00232_20250807104440_4a3,PFA-00245,PSA-00257,PSF-00232,RHS-00222,3.0.0,2021-01-19T12:57:14.097Z
89,10:45:13,2025-08-07,Manual gsw+F,LI-COR Default,,089,,,-0.000828,2.727239,-0.000829,-0.024067,0.785881,0.786504,3.068084,2.282203,9.769655,9.761920,38.110592,0.441786,7.500000,PSF-00232_20250807104513_413,0.000000,0.000000,0.000000,87.547661,398.363190,0.780232,0.5,0.80,16.165760,1.000000,23.78,23.80,25.65,24.40,24.40,80.50,136.1,136.8,-0.5,52,4.035,10:38:01,2025-08-07,0.13,1,0.000,0.001,-0.000,-0.186,0.328,0.021,0,150,-9999.000,-9999.000000,0.058905,0.000000,0.029230,0.000000,0.000000,-0.000068,standard,0,mpf,7000,500,-9999.000000,-9999.000000,300,300,300,393.741119,25,-3.061611,393.767944,393.976166,-0.208221,2.443277,2.451377,1.473709,0.880962,0.265734,-0.014530,0.299888,0.150253,87.547661,0.000651,2.400430,-0.000041,1.000000,2.408421,-0.000039,1.000000,0.600250,0.601702,0.107071,0.000000,PSF-00232_20250807104513_413,PFA-00245,PSA-00257,PSF-00232,RHS-00222,3.0.0,2021-01-19T12:57:14.097Z
90,10:45:41,2025-08-07,Manual gsw+F,LI-COR Default,,090,,,0.007923,2.777425,0.007900,0.218172,0.774844,0.769390,2.946610,2.171766,9.557286,9.625037,36.602486,0.441786,7.500000,PSF-00232_20250807104541_d05,0.000000,0.000000,0.000000,115.956184,466.810852,0.751599,0.5,0.80,14.315984,1.000000,23.49,23.33,25.61,23.73,23.73,80.50,140.9,138.7,1.5,48,4.035,10:38:01,2025-08-07,0.13,1,-0.000,0.000,0.003,0.381,0.518,1.424,0,150,-9999.000,-9999.000000,0.058905,0.000000,0.029230,0.000000,0.000000,-0.000068,standard,0,mpf,7000,500,-9999.000000,-9999.000000,300,300,300,466.254486,25,-0.261180,467.009430,466.436615,0.572815,2.442529,2.450923,1.512211,0.885530,0.266126,-0.021809,0.301400,0.146769,115.956184,0.000665,2.400430,-0.000041,1.000000,2.408421,-0.000039,1.000000,0.600250,0.601702,0.107071,0.000000,PSF-00232_20250807104541_d05,PFA-00245,PSA-00257,PSF-00232,RHS-00222,3.0.0,2021-01-19T12:57:14.097Z
91,10:46:04,2025-08-07,Manual gsw+F,LI-COR Default,,091,,,-0.001548,2.807719,-0.001549,-0.043788,0.746437,0.747509,2.969732,2.223294,9.285830,9.272514,36.891075,0.441786,7.500000,PSF-00232_20250807104604_62d,0.000000,0.000000,0.000000,67.602753,265.615570,0.745486,0.5,0.80,16.042360,1.000000,22.68,22.71,25.58,23.86,23.86,80.50,143.9,144.3,-0.2,54,4.035,10:38:01,2025-08-07,0.13,1,0.000,-0.000,0.000,-0.135,-0.028,0.109,0,150,-9999.000,-9999.000000,0.058905,0.000000,0.029230,0.000000,0.000000,-0.000068,standard,0,mpf,7000,500,-9999.000000,-9999.000000,300,300,300,265.615570,25,2.889305,266.615509,269.755676,-3.140167,2.441535,2.449599,1.536936,0.898964,0.266502,-0.019909,0.302587,0.151921,67.602753,0.000662,2.400430,-0.000041,1.000000,2.408421,-0.000039,1.000000,0.600250,0.601702,0.107071,0.000000,PSF-00232_20250807104604_62d,PFA-00245,PSA-00257,PSF-00232,RHS-00222,3.0.0,2021-01-19T12:57:14.097Z
92,10:46:22,2025-08-07,Manual gsw+F,LI-COR Default,,092,,,0.002855,2.828027,0.002852,0.077335,0.756082,0.754216,2.889139,2.133058,9.369554,9.392730,35.891491,0.441786,7.500000,PSF-00232_20250807104622_5f5,0.000000,0.000000,0.000000,117.392059,449.604401,0.738899,0.5,0.80,15.534945,1.000000,23.01,22.95,25.55,23.40,23.40,80.50,146.0,141.3,3.2,53,4.035,10:38:01,2025-08-07,0.13,1,-0.000,0.000,0.003,0.963,1.731,4.864,0,150,-9999.000,-9999.000000,0.058905,0.000000,0.029230,0.000000,0.000000,-0.000068,standard,0,mpf,7000,500,-9999.000000,-9999.000000,300,300,300,449.604401,25,1.015700,450.367218,451.059814,-0.692596,2.441931,2.450144,1.554226,0.891792,0.266798,-0.024795,0.303538,0.150890,117.392059,0.000654,2.400430,-0.000041,1.000000,2.408421,-0.000039,1.000000,0.600250,0.601702,0.107071,0.000000,PSF-00232_20250807104622_5f5,PFA-00245,PSA-00257,PSF-00232,RHS-00222,3.0.0,2021-01-19T12:57:14.097Z
93,10:46:57,2025-08-07,Manual gsw+F,LI-COR Default,,093,,,0.007105,2.856549,0.007087,0.197279,0.716740,0.712076,2.907053,2.190314,8.845916,8.903849,36.113476,0.441786,7.500000,PSF-00232_20250807104657_1ac,0.000000,0.000000,0.000000,65.254211,312.693939,0.791316,0.5,0.80,14.557322,1.000000,21.88,21.73,25.50,23.50,23.50,80.50,149.1,149.1,-0.0,46,4.033,10:38:01,2025-08-07,0.13,1,0.001,0.001,0.008,0.230,-0.662,-4.695,0,150,-9999.000,-9999.000000,0.058905,0.000000,0.029230,0.000000,0.000000,-0.000068,standard,0,mpf,7000,500,-9999.000000,-9999.000000,300,300,300,286.286469,25,-17.517202,292.162659,287.593384,4.569275,2.439947,2.448287,1.579595,0.910846,0.267310,-0.023064,0.305407,0.145412,65.254211,0.000679,2.400430,-0.000041,1.000000,2.408421,-0.000039,1.000000,0.600250,0.601702,0.107071,0.000000,PSF-00232_20250807104657_1ac,PFA-00245,PSA-00257,PSF-00232,RHS-00222,3.0.0,2021-01-19T12:57:14.097Z
94,10:47:20,2025-08-07,Manual gsw+F,LI-COR Default,,094,,,0.005211,2.860188,0.005201,0.142674,0.697564,0.694200,2.856702,2.159138,8.624623,8.666418,35.491173,0.441786,7.500000,PSF-00232_20250807104720_b81,0.000000,0.000000,0.000000,98.183151,404.397003,0.757211,0.5,0.80,25.151175,1.000000,21.34,21.24,25.47,23.22,23.22,80.49,149.5,147.4,1.4,83,4.034,10:38:01,2025-08-07,0.13,1,0.000,0.001,0.006,0.407,0.197,-0.105,0,150,-9999.000,-9999.000000,0.058905,0.000000,0.029230,0.000000,0.000000,-0.000068,standard,0,mpf,7000,500,-9999.000000,-9999.000000,300,300,300,404.397003,25,1.374823,406.629333,406.367004,0.262329,2.439133,2.447403,1.582931,0.906471,0.267709,-0.025920,0.306530,0.176298,98.183151,0.000662,2.400430,-0.000041,1.000000,2.408421,-0.000039,1.000000,0.600250,0.601702,0.107071,0.000000,PSF-00232_20250807104720_b81,PFA-00245,PSA-00257,PSF-00232,RHS-00222,3.0.0,2021-01-19T12:57:14.097Z
95,10:47:48,2025-08-07,Manual gsw+F,LI-COR Default,,095,,,0.004651,2.839028,0.004643,0.125997,0.712553,0.709537,2.848289,2.135735,8.815188,8.852668,35.386757,0.441786,7.500000,PSF-00232_20250807104748_a96,0.000000,0.000000,0.000000,74.970604,268.975494,0.721273,0.5,0.80,19.644039,1.000000,21.86,21.77,25.42,23.17,23.17,80.49,147.2,147.3,-0.1,68,4.031,10:38:01,2025-08-07,0.13,1,0.001,0.001,0.001,0.102,0.186,0.641,0,150,-9999.000,-9999.000000,0.058905,0.000000,0.029230,0.000000,0.000000,-0.000068,standard,0,mpf,7000,500,-9999.000000,-9999.000000,300,300,300,268.975494,25,3.502352,270.505432,273.994049,-3.488617,2.440011,2.448270,1.563853,0.906453,0.268219,-0.025915,0.307956,0.163834,74.970604,0.000663,2.400430,-0.000041,1.000000,2.408421,-0.000039,1.000000,0.600250,0.601702,0.107071,0.000000,PSF-00232_20250807104748_a96,PFA-00245,PSA-00257,PSF-00232,RHS-00222,3.0.0,2021-01-19T12:57:14.097Z
96,10:48:25,2025-08-07,Manual gsw+F,LI-COR Default,,096,,,-0.002079,2.838327,-0.002081,-0.058077,0.714417,0.715809,2.910576,2.196158,8.892642,8.875358,36.158688,0.441786,7.500000,PSF-00232_20250807104825_6c7,0.000000,0.000000,0.000000,119.539619,382.372131,0.687374,0.5,0.80,15.205572,1.000000,22.00,22.05,25.35,23.52,23.52,80.49,147.1,147.3,-0.1,55,4.031,10:38:01,2025-08-07,0.13,1,-0.001,-0.001,0.000,0.303,0.705,2.028,0,150,-9999.000,-9999.000000,0.058905,0.000000,0.029230,0.000000,0.000000,-0.000068,standard,0,mpf,7000,500,-9999.000000,-9999.000000,300,300,300,382.372131,25,1.226095,382.112854,384.129028,-2.016174,2.440479,2.448517,1.563234,0.906273,0.268938,-0.021054,0.309943,0.153176,119.539619,0.000652,2.400430,-0.000041,1.000000,2.408421,-0.000039,1.000000,0.600250,0.601702,0.107071,0.000000,PSF-00232_20250807104825_6c7,PFA-00245,PSA-00257,PSF-00232,RHS-00222,3.0.0,2021-01-19T12:57:14.097Z
97,10:49:00,2025-08-07,Manual gsw+F,LI-COR Default,,097,,,0.000554,2.891405,0.000554,0.015315,0.703341,0.702988,2.879819,2.176478,8.733778,8.738160,35.778267,0.441786,7.500000,PSF-00232_20250807104900_728,0.000000,0.000000,0.000000,104.237793,450.248322,0.768488,0.5,0.80,18.503075,1.000000,21.71,21.70,25.31,23.35,23.35,80.49,153.1,153.2,-0.1,60,4.030,10:48:47,2025-08-07,0.16,1,-0.000,0.001,0.002,0.300,0.148,0.699,0,150,-9999.000,-9999.000000,0.058905,0.000000,0.029230,0.000000,0.000000,-0.000068,standard,0,mpf,7000,500,-9999.000000,-9999.000000,300,300,300,449.752441,25,-0.170493,449.610474,450.004028,-0.393555,2.439918,2.447979,1.612571,0.920837,0.269351,-0.022610,0.311606,0.157252,104.237793,0.000668,2.400430,-0.000041,1.000000,2.408421,-0.000039,1.000000,0.600250,0.601702,0.107071,0.000000,PSF-00232_20250807104900_728,PFA-00245,PSA-00257,PSF-00232,RHS-00222,3.0.0,2021-01-19T12:57:14.097Z
98,10:49:16,2025-08-07,Manual gsw+F,LI-COR Default,,098,,,0.000181,2.875731,0.000181,0.004944,0.700330,0.700215,2.849228,2.148898,8.698889,8.700320,35.396442,0.441786,7.500000,PSF-00232_20250807104916_c4d,0.000000,0.000000,0.000000,93.565819,430.400391,0.782607,0.5,0.80,13.010176,1.000000,21.64,21.64,25.29,23.17,23.17,80.49,151.2,151.3,-0.0,42,4.031,10:48:47,2025-08-07,0.16,1,-0.000,-0.001,-0.000,0.161,0.261,1.313,0,150,-9999.000,-9999.000000,0.058905,0.000000,0.029230,0.000000,0.000000,-0.000068,standard,0,mpf,7000,500,-9999.000000,-9999.000000,300,300,300,427.259094,25,-1.842770,427.914978,427.759857,0.155121,2.439822,2.447870,1.597452,0.916181,0.269564,-0.024388,0.312332,0.141719,93.565819,0.000683,2.400430,-0.000041,1.000000,2.408421,-0.000039,1.000000,0.600250,0.601702,0.107071,0.000000,PSF-00232_20250807104916_c4d,PFA-00245,PSA-00257,PSF-00232,RHS-00222,3.0.0,2021-01-19T12:57:14.097Z
99,10:49:44,2025-08-07,Manual gsw+F,LI-COR Default,,099,,,0.002688,2.908810,0.002685,0.071420,0.715502,0.713879,2.809517,2.094015,8.868590,8.888749,34.902893,0.441786,7.500000,PSF-00232_20250807104944_5ed,0.000000,0.000000,0.000000,100.051048,353.471161,0.716947,0.5,0.80,14.781482,1.000000,22.17,22.12,25.25,22.94,22.94,80.50,155.1,154.8,0.2,52,4.031,10:48:47,2025-08-07,0.16,1,0.000,0.001,0.005,0.411,1.046,2.906,0,150,-9999.000,-9999.000000,0.058905,0.000000,0.029230,0.000000,0.000000,-0.000068,standard,0,mpf,7000,500,-9999.000000,-9999.000000,300,300,300,353.471161,25,1.164428,355.244995,355.139679,0.105316,2.440619,2.448750,1.629971,0.924819,0.270055,-0.026487,0.313789,0.150041,100.051048,0.000667,2.400430,-0.000041,1.000000,2.408421,-0.000039,1.000000,0.600250,0.601702,0.107071,0.000000,PSF-00232_20250807104944_5ed,PFA-00245,PSA-00257,PSF-00232,RHS-00222,3.0.0,2021-01-19T12:57:14.097Z
100,10:50:07,2025-08-07,Manual gsw+F,LI-COR Default,,100,,,0.010889,2.896127,0.010849,0.307724,0.700870,0.693809,2.932537,2.231666,8.619544,8.707276,36.432419,0.441786,7.500000,PSF-00232_20250807105007_c97,0.000000,0.000000,0.000000,102.489349,441.258423,0.767734,0.5,0.80,22.472988,1.000000,21.77,21.55,25.21,23.65,23.65,80.49,153.6,154.1,-0.3,73,4.029,10:48:47,2025-08-07,0.16,1,0.001,0.001,0.001,-0.179,0.463,0.954,0,150,-9999.000,-9999.000000,0.058905,0.000000,0.029230,0.000000,0.000000,-0.000068,standard,0,mpf,7000,500,-9999.000000,-9999.000000,300,300,300,441.258423,25,0.642068,450.927612,442.178436,8.749176,2.439692,2.448096,1.617225,0.923224,0.270504,-0.017929,0.315047,0.168079,102.489349,0.000669,2.400430,-0.000041,1.000000,2.408421,-0.000039,1.000000,0.600250,0.601702,0.107071,0.000000,PSF-00232_20250807105007_c97,PFA-00245,PSA-00257,PSF-00232,RHS-00222,3.0.0,2021-01-19T12:57:14.097Z
101,10:50:39,2025-08-07,Manual gsw+F,LI-COR Default,,101,,,0.003123,2.873322,0.003119,0.089439,0.710042,0.707954,2.965253,2.255211,8.795247,8.821189,36.838760,0.441786,7.500000,PSF-00232_20250807105039_85e,0.000000,0.000000,0.000000,82.135681,262.350189,0.686924,0.5,0.80,20.258627,1.000000,22.13,22.06,25.15,23.83,23.83,80.49,151.0,151.2,-0.1,74,4.027,10:48:47,2025-08-07,0.16,1,0.001,0.002,0.004,-0.009,-1.520,-5.068,0,150,-9999.000,-9999.000000,0.058905,0.000000,0.029230,0.000000,0.000000,-0.000068,standard,0,mpf,7000,500,-9999.000000,-9999.000000,300,300,300,261.927734,25,-0.313779,263.450867,261.900574,1.550293,2.440528,2.448682,1.595172,0.915815,0.271050,-0.015231,0.316801,0.168537,82.135681,0.000670,2.400430,-0.000041,1.000000,2.408421,-0.000039,1.000000,0.600250,0.601702,0.107071,0.000000,PSF-00232_20250807105039_85e,PFA-00245,PSA-00257,PSF-00232,RHS-00222,3.0.0,2021-01-19T12:57:14.097Z
102,10:51:07,2025-08-07,Manual gsw+F,LI-COR Default,,102,,,0.001057,2.847171,0.001056,0.030446,0.711980,0.711255,2.979118,2.267138,8.835688,8.844690,37.008598,0.441786,7.500000,PSF-00232_20250807105107_0d5,0.000000,0.000000,0.000000,93.278290,366.434082,0.745443,0.5,0.80,15.327421,1.000000,22.23,22.21,25.12,23.91,23.91,80.50,148.1,148.5,-0.3,51,4.028,10:48:47,2025-08-07,0.16,1,0.000,0.000,-0.000,0.110,0.104,0.150,0,150,-9999.000,-9999.000000,0.058905,0.000000,0.029230,0.000000,0.000000,-0.000068,standard,0,mpf,7000,500,-9999.000000,-9999.000000,300,300,300,366.434082,25,3.859661,368.569489,371.964630,-3.395142,2.440773,2.448859,1.571105,0.909264,0.271411,-0.013952,0.318349,0.149925,93.278290,0.000654,2.400430,-0.000041,1.000000,2.408421,-0.000039,1.000000,0.600250,0.601702,0.107071,0.000000,PSF-00232_20250807105107_0d5,PFA-00245,PSA-00257,PSF-00232,RHS-00222,3.0.0,2021-01-19T12:57:14.097Z
103,10:52:04,2025-08-07,Manual gsw+F,LI-COR Default,,103,,,0.003254,2.885026,0.003250,0.093236,0.716599,0.714441,2.972933,2.256334,8.874884,8.901687,36.930161,0.441786,7.500000,PSF-00232_20250807105204_42d,0.000000,0.000000,0.000000,105.972290,485.745911,0.781836,0.5,0.80,19.566875,1.000000,22.42,22.35,25.09,23.88,23.88,80.50,152.3,149.8,1.6,63,4.027,10:48:47,2025-08-07,0.16,1,0.001,0.001,0.000,0.240,-0.048,1.926,0,150,-9999.000,-9999.000000,0.058905,0.000000,0.029230,0.000000,0.000000,-0.000068,standard,0,mpf,7000,500,-9999.000000,-9999.000000,300,300,300,485.745911,25,11.052996,492.442841,501.583832,-9.140991,2.441015,2.449177,1.606358,0.912498,0.271785,-0.013945,0.321763,0.159231,105.972290,0.000651,2.400430,-0.000041,1.000000,2.408421,-0.000039,1.000000,0.600250,0.601702,0.107071,0.000000,PSF-00232_20250807105204_42d,PFA-00245,PSA-00257,PSF-00232,RHS-00222,3.0.0,2021-01-19T12:57:14.097Z
104,10:52:25,2025-08-07,Manual gsw+F,LI-COR Default,,104,,,0.000838,2.923421,0.000837,0.023893,0.691893,0.691356,2.936871,2.244978,8.588224,8.594893,36.482643,0.441786,7.500000,PSF-00232_20250807105225_b4f,0.000000,0.000000,0.000000,101.209045,472.660065,0.785873,0.5,0.80,18.760517,1.000000,21.67,21.65,25.07,23.67,23.67,80.50,156.9,127.1,19.0,60,4.027,10:48:47,2025-08-07,0.16,1,-0.000,0.000,-0.000,0.160,0.111,0.348,0,150,-9999.000,-9999.000000,0.058905,0.000000,0.029230,0.000000,0.000000,-0.000068,standard,0,mpf,7000,500,-9999.000000,-9999.000000,300,300,300,468.152771,25,-2.847588,468.755371,468.579742,0.175629,2.439864,2.447933,1.645123,0.858186,0.271938,-0.016100,0.322841,0.156825,101.209045,0.000652,2.400430,-0.000041,1.000000,2.408421,-0.000039,1.000000,0.600250,0.601702,0.107071,0.000000,PSF-00232_20250807105225_b4f,PFA-00245,PSA-00257,PSF-00232,RHS-00222,3.0.0,2021-01-19T12:57:14.097Z
105,10:52:44,2025-08-07,Manual gsw+F,LI-COR Default,,105,,,0.001698,2.916781,0.001697,0.045843,0.719454,0.718418,2.846281,2.126827,8.923481,8.936340,35.353687,0.441786,7.500000,PSF-00232_20250807105244_044,0.000000,0.000000,0.000000,41.953323,256.739624,0.836592,0.5,0.80,18.656626,1.000000,22.54,22.51,25.06,23.15,23.15,80.51,156.1,155.4,0.5,56,4.026,10:48:47,2025-08-07,0.16,1,-0.001,-0.001,0.002,-0.664,0.528,0.897,0,150,-9999.000,-9999.000000,0.058905,0.000000,0.029230,0.000000,0.000000,-0.000068,standard,0,mpf,7000,500,-9999.000000,-9999.000000,300,300,300,256.739624,25,-3.206711,197.891586,252.144699,-54.253113,2.441278,2.449384,1.638172,0.926271,0.272064,-0.021881,0.323838,0.153550,41.953323,0.000659,2.400430,-0.000041,1.000000,2.408421,-0.000039,1.000000,0.600250,0.601702,0.107071,0.000000,PSF-00232_20250807105244_044,PFA-00245,PSA-00257,PSF-00232,RHS-00222,3.0.0,2021-01-19T12:57:14.097Z
106,10:53:15,2025-08-07,Manual gsw+F,LI-COR Default,,106,,,0.006294,2.922091,0.006280,0.188591,0.740766,0.736527,3.100437,2.359671,9.149803,9.202466,38.516426,0.441786,7.500000,PSF-00232_20250807105315_209,0.000000,0.000000,0.000000,117.925644,164.548874,0.283340,0.5,0.80,16.409281,1.000000,23.23,23.09,25.05,24.58,24.58,80.50,156.7,157.0,-0.1,145,4.026,10:48:47,2025-08-07,0.16,1,-0.000,0.001,0.007,-11.379,5.011,17.658,0,150,-9999.000,-9999.000000,0.058905,0.000000,0.029230,0.000000,0.000000,-0.000068,standard,0,mpf,7000,500,-9999.000000,-9999.000000,300,300,300,164.548874,25,3.544975,163.743851,169.628494,-5.884644,2.442224,2.450501,1.643722,0.930312,0.272168,-0.005479,0.325619,0.227774,117.925644,0.000651,2.400430,-0.000041,1.000000,2.408421,-0.000039,1.000000,0.600250,0.601702,0.107071,0.000000,PSF-00232_20250807105315_209,PFA-00245,PSA-00257,PSF-00232,RHS-00222,3.0.0,2021-01-19T12:57:14.097Z
107,10:53:43,2025-08-07,Manual gsw+F,LI-COR Default,,107,,,0.024275,2.922182,0.024075,0.715201,0.721860,0.705782,3.056834,2.334974,8.768645,8.968396,37.978157,0.441786,7.500000,PSF-00232_20250807105343_78a,0.000000,0.000000,0.000000,105.000259,271.772125,0.613646,0.5,0.80,38.114555,1.000000,22.64,22.14,25.05,24.34,24.34,80.49,156.8,-6.4,104.1,155,4.026,10:48:47,2025-08-07,0.16,1,-0.002,-0.003,0.007,-2.032,-2.729,-3.584,0,150,-9999.000,-9999.000000,0.058905,0.000000,0.029230,0.000000,0.000000,-0.000068,standard,0,mpf,7000,500,-9999.000000,-9999.000000,300,300,300,260.811920,25,-7.878932,258.668671,260.482330,-1.813660,2.440666,2.449544,1.643818,0.590589,0.272232,-0.008138,0.327241,0.236523,105.000259,0.000643,2.400430,-0.000041,1.000000,2.408421,-0.000039,1.000000,0.600250,0.601702,0.107071,0.000000,PSF-00232_20250807105343_78a,PFA-00245,PSA-00257,PSF-00232,RHS-00222,3.0.0,2021-01-19T12:57:14.097Z
108,10:54:00,2025-08-07,Manual gsw+F,LI-COR Default,,108,,,0.002416,2.922401,0.002414,0.066418,0.708562,0.707069,2.874098,2.165536,8.784226,8.802776,35.706192,0.441786,7.500000,PSF-00232_20250807105400_e26,0.000000,0.000000,0.000000,88.056923,413.173920,0.786877,0.5,0.80,16.536089,1.000000,22.23,22.18,25.04,23.32,23.32,80.49,156.8,156.1,0.4,53,4.025,10:48:47,2025-08-07,0.16,1,-0.001,-0.001,0.005,0.763,7.783,11.547,0,150,-9999.000,-9999.000000,0.058905,0.000000,0.029230,0.000000,0.000000,-0.000068,standard,0,mpf,7000,500,-9999.000000,-9999.000000,300,300,300,413.173920,25,2.107578,414.811127,416.193878,-1.382751,2.440743,2.448869,1.644048,0.928109,0.272284,-0.019815,0.328114,0.150870,87.598083,0.000661,2.400430,-0.000041,1.000000,2.408421,-0.000039,1.000000,0.600250,0.601702,0.107071,0.000000,PSF-00232_20250807105400_e26,PFA-00245,PSA-00257,PSF-00232,RHS-00222,3.0.0,2021-01-19T12:57:14.097Z
109,10:54:31,2025-08-07,Manual gsw+F,LI-COR Default,,109,,,0.014629,2.921191,0.014556,0.416184,0.796675,0.787321,3.043253,2.246577,9.781322,9.897542,37.808022,0.441786,7.500000,PSF-00232_20250807105431_8b1,0.000000,0.000000,0.000000,119.824287,412.225159,0.709323,0.5,0.80,40.068649,1.000000,25.00,24.70,25.04,24.27,24.27,80.49,156.6,157.1,-0.3,141,4.024,10:48:47,2025-08-07,0.16,1,0.001,0.002,0.007,0.146,3.457,5.108,0,150,-9999.000,-9999.000000,0.058905,0.000000,0.029230,0.000000,0.000000,-0.000068,standard,0,mpf,7000,500,-9999.000000,-9999.000000,300,300,300,403.093811,25,-6.529502,401.580322,402.868988,-1.288666,2.444826,2.453379,1.642776,0.930664,0.272302,-0.008918,0.329974,0.224803,119.824287,0.000651,2.400430,-0.000041,1.000000,2.408421,-0.000039,1.000000,0.600250,0.601702,0.107071,0.000000,PSF-00232_20250807105431_8b1,PFA-00245,PSA-00257,PSF-00232,RHS-00222,3.0.0,2021-01-19T12:57:14.097Z
110,10:55:00,2025-08-07,Manual gsw+F,LI-COR Default,,110,,,0.000313,2.900488,0.000313,0.009843,0.810717,0.810492,3.274794,2.464077,10.068134,10.070928,40.680290,0.441786,7.500000,PSF-00232_20250807105500_3f6,0.000000,0.000000,0.000000,82.094193,151.024124,0.456417,0.5,0.80,94.010452,1.000000,25.35,25.34,25.10,25.50,25.50,80.50,154.1,154.7,-0.4,515,4.021,10:48:47,2025-08-07,0.16,1,-0.000,0.000,0.006,-2.288,0.302,3.609,0,150,-9999.000,-9999.000000,0.058905,0.000000,0.029230,0.000000,0.000000,-0.000068,standard,0,mpf,7000,500,-9999.000000,-9999.000000,300,300,300,146.131042,25,-3.477867,144.738434,146.040665,-1.302231,2.445837,2.453936,1.621567,0.924620,0.271661,0.004632,0.331847,0.536359,82.094193,0.000642,2.400430,-0.000041,1.000000,2.408421,-0.000039,1.000000,0.600250,0.601702,0.107071,0.000000,PSF-00232_20250807105500_3f6,PFA-00245,PSA-00257,PSF-00232,RHS-00222,3.0.0,2021-01-19T12:57:14.097Z
111,10:55:14,2025-08-07,Manual gsw+F,LI-COR Default,,111,,,0.016582,2.922197,0.016489,0.516910,0.793970,0.782358,3.254300,2.460330,9.718009,9.862247,40.423073,0.441786,7.500000,PSF-00232_20250807105514_847,0.000000,0.000000,0.000000,147.275452,273.258514,0.461040,0.5,0.80,317.211853,1.000000,24.78,24.42,25.13,25.39,25.39,80.51,156.8,156.4,0.3,1720,4.022,10:48:47,2025-08-07,0.16,1,-0.001,0.000,0.016,0.587,-4.904,12.238,0,150,-9999.000,-9999.000000,0.058905,0.000000,0.029230,0.000000,0.000000,-0.000068,standard,0,mpf,7000,500,-9999.000000,-9999.000000,300,300,300,265.048035,25,-5.664343,263.548492,265.142029,-1.593536,2.444353,2.453014,1.643833,0.928746,0.271330,0.003040,0.332732,1.541058,147.275452,0.000647,2.400430,-0.000041,1.000000,2.408421,-0.000039,1.000000,0.600250,0.601702,0.107071,0.000000,PSF-00232_20250807105514_847,PFA-00245,PSA-00257,PSF-00232,RHS-00222,3.0.0,2021-01-19T12:57:14.097Z
112,10:55:50,2025-08-07,Manual gsw+F,LI-COR Default,,112,,,0.003362,2.918441,0.003358,0.094048,0.782471,0.780351,2.984646,2.202175,9.692302,9.718627,37.070591,0.441786,7.500000,PSF-00232_20250807105550_5bd,0.000000,0.000000,0.000000,129.109741,431.971558,0.701115,0.5,0.80,22.205769,1.000000,24.32,24.26,25.20,23.94,23.94,80.51,156.3,156.5,-0.1,79,4.021,10:48:47,2025-08-07,0.16,1,-0.000,-0.001,0.000,0.166,0.537,8.116,0,150,-9999.000,-9999.000000,0.058905,0.000000,0.029230,0.000000,0.000000,-0.000068,standard,0,mpf,7000,500,-9999.000000,-9999.000000,300,300,300,431.971558,25,1.650513,431.173676,434.336578,-3.162903,2.444088,2.452269,1.639899,0.929164,0.270613,-0.014461,0.334924,0.173081,129.098648,0.000641,2.400430,-0.000041,1.000000,2.408421,-0.000039,1.000000,0.600250,0.601702,0.107071,0.000000,PSF-00232_20250807105550_5bd,PFA-00245,PSA-00257,PSF-00232,RHS-00222,3.0.0,2021-01-19T12:57:14.097Z
113,10:56:13,2025-08-07,Manual gsw+F,LI-COR Default,,113,,,0.022324,2.921469,0.022155,0.701622,0.788269,0.772497,3.273531,2.485262,9.595343,9.791249,40.661198,0.441786,7.500000,PSF-00232_20250807105613_177,0.000000,0.000000,0.000000,115.651131,319.219818,0.637707,0.5,0.80,15.818952,1.000000,24.44,23.95,25.24,25.49,25.49,80.51,156.7,144.2,8.0,62,4.020,10:48:47,2025-08-07,0.16,1,-0.000,0.001,0.004,7.649,2.721,10.417,0,150,-9999.000,-9999.000000,0.058905,0.000000,0.029230,0.000000,0.000000,-0.000068,standard,0,mpf,7000,500,-9999.000000,-9999.000000,300,300,300,309.724701,25,-6.344499,310.508606,310.128723,0.379883,2.443586,2.452450,1.643068,0.898716,0.270134,0.002896,0.336216,0.158771,115.651131,0.000633,2.400430,-0.000041,1.000000,2.408421,-0.000039,1.000000,0.600250,0.601702,0.107071,0.000000,PSF-00232_20250807105613_177,PFA-00245,PSA-00257,PSF-00232,RHS-00222,3.0.0,2021-01-19T12:57:14.097Z
114,10:56:47,2025-08-07,Manual gsw+F,LI-COR Default,,114,,,0.087496,2.923752,0.084954,2.911620,0.771595,0.706252,3.458218,2.686623,8.772875,9.584556,42.957100,0.441786,7.500000,PSF-00232_20250807105647_612,0.000000,0.000000,0.000000,107.452156,153.718964,0.300983,0.5,0.80,236.927124,1.000000,23.83,21.81,25.31,26.42,26.42,80.50,157.0,155.3,1.0,1968,4.018,10:48:47,2025-08-07,0.16,1,0.001,0.001,0.007,-1.459,-0.131,-2.720,0,150,-9999.000,-9999.000000,0.058905,0.000000,0.029230,0.000000,0.000000,-0.000068,standard,0,mpf,7000,500,-9999.000000,-9999.000000,300,300,300,146.049500,25,-5.486595,145.090347,145.857178,-0.766830,2.440098,2.451448,1.645472,0.926222,0.269419,0.012990,0.338115,1.747687,112.428543,0.000637,2.400430,-0.000041,1.000000,2.408421,-0.000039,1.000000,0.600250,0.601702,0.107071,0.000000,PSF-00232_20250807105647_612,PFA-00245,PSA-00257,PSF-00232,RHS-00222,3.0.0,2021-01-19T12:57:14.097Z
115,10:57:08,2025-08-07,Manual gsw+F,LI-COR Default,,115,,,0.008702,2.923566,0.008676,0.248659,0.722343,0.716758,2.976656,2.254313,8.903441,8.972814,36.975491,0.441786,7.500000,PSF-00232_20250807105708_db0,0.000000,0.000000,0.000000,99.997757,424.572906,0.764474,0.5,0.80,15.930717,1.000000,22.27,22.09,25.34,23.90,23.90,80.50,156.9,156.9,0.0,52,4.017,10:48:47,2025-08-07,0.16,1,0.001,0.000,0.012,0.103,0.063,0.026,0,150,-9999.000,-9999.000000,0.058905,0.000000,0.029230,0.000000,0.000000,-0.000068,standard,0,mpf,7000,500,-9999.000000,-9999.000000,300,300,300,423.600555,25,-0.544125,423.358429,423.793213,-0.434784,2.440557,2.448888,1.645276,0.930158,0.269078,-0.016641,0.339164,0.150503,99.997757,0.000652,2.400430,-0.000041,1.000000,2.408421,-0.000039,1.000000,0.600250,0.601702,0.107071,0.000000,PSF-00232_20250807105708_db0,PFA-00245,PSA-00257,PSF-00232,RHS-00222,3.0.0,2021-01-19T12:57:14.097Z
116,10:57:35,2025-08-07,Manual gsw+F,LI-COR Default,,116,,,0.152268,2.922360,0.144727,4.736791,0.863586,0.757305,3.427725,2.564139,9.408688,10.729106,42.585728,0.441786,7.500000,PSF-00232_20250807105735_69c,0.000000,0.000000,0.000000,108.818649,188.382492,0.422353,0.5,0.80,187.129715,1.000000,26.51,23.24,25.41,26.27,26.27,80.49,156.8,28.1,82.1,1108,4.019,10:48:47,2025-08-07,0.16,1,0.001,0.000,0.005,-0.843,-0.816,-1.869,0,150,-9999.000,-9999.000000,0.058905,0.000000,0.029230,0.000000,0.000000,-0.000068,standard,0,mpf,7000,500,-9999.000000,-9999.000000,300,300,300,182.619812,25,-3.810690,183.068985,182.922119,0.146866,2.442420,2.455743,1.644005,0.652233,0.268312,0.010006,0.340739,1.030496,108.818649,0.000646,2.400430,-0.000041,1.000000,2.408421,-0.000039,1.000000,0.600250,0.601702,0.107071,0.000000,PSF-00232_20250807105735_69c,PFA-00245,PSA-00257,PSF-00232,RHS-00222,3.0.0,2021-01-19T12:57:14.097Z
117,10:58:00,2025-08-07,Manual gsw+F,LI-COR Default,,117,,,0.016451,2.922570,0.016359,0.476858,0.835848,0.825143,3.125226,2.289378,10.247641,10.380593,38.812916,0.441786,7.500000,PSF-00232_20250807105800_b27,0.000000,0.000000,0.000000,97.181442,306.034821,0.682450,0.5,0.80,12.942189,1.000000,25.58,25.25,25.46,24.71,24.71,80.52,156.8,78.9,49.7,47,4.019,10:48:47,2025-08-07,0.16,1,-0.000,-0.000,0.007,0.882,1.384,2.697,0,150,-9999.000,-9999.000000,0.058905,0.000000,0.029230,0.000000,0.000000,-0.000068,standard,0,mpf,7000,500,-9999.000000,-9999.000000,300,300,300,303.166504,25,-1.822819,302.941559,303.422882,-0.481323,2.445639,2.454251,1.644226,0.752036,0.267775,-0.008721,0.342141,0.146596,97.181442,0.000643,2.400430,-0.000041,1.000000,2.408421,-0.000039,1.000000,0.600250,0.601702,0.107071,0.000000,PSF-00232_20250807105800_b27,PFA-00245,PSA-00257,PSF-00232,RHS-00222,3.0.0,2021-01-19T12:57:14.097Z
118,10:58:18,2025-08-07,Manual gsw+F,LI-COR Default,,118,,,0.052186,2.921690,0.051270,1.585320,0.805956,0.770328,3.233252,2.427296,9.566883,10.009360,40.154526,0.441786,7.500000,PSF-00232_20250807105818_fa4,0.000000,0.000000,0.000000,129.091507,270.216125,0.522266,0.5,0.80,253.227051,1.000000,24.61,23.52,25.50,25.28,25.28,80.52,156.7,156.7,0.0,1212,4.017,10:48:47,2025-08-07,0.16,1,-0.002,0.003,0.003,-1.272,3.254,-12.870,0,150,-9999.000,-9999.000000,0.058905,0.000000,0.029230,0.000000,0.000000,-0.000068,standard,0,mpf,7000,500,-9999.000000,-9999.000000,300,300,300,252.876526,25,-13.180525,247.106552,251.329636,-4.223083,2.442860,2.452690,1.643300,0.929614,0.267393,-0.002535,0.343088,1.117610,129.091507,0.000638,2.400430,-0.000041,1.000000,2.408421,-0.000039,1.000000,0.600250,0.601702,0.107071,0.000000,PSF-00232_20250807105818_fa4,PFA-00245,PSA-00257,PSF-00232,RHS-00222,3.0.0,2021-01-19T12:57:14.097Z
119,10:59:19,2025-08-07,Manual gsw+F,LI-COR Default,,119,,,0.015769,2.922650,0.015684,0.426372,0.763905,0.754325,2.902850,2.138945,9.368665,9.487641,36.053196,0.441786,7.500000,PSF-00232_20250807105919_136,0.000000,0.000000,0.000000,103.529694,376.537079,0.725048,0.5,0.80,10.931345,1.000000,23.16,22.87,25.61,23.48,23.48,80.52,156.8,157.0,-0.1,38,4.016,10:59:10,2025-08-07,0.25,1,0.001,0.000,0.001,0.309,1.679,5.908,0,150,-9999.000,-9999.000000,0.058905,0.000000,0.029230,0.000000,0.000000,-0.000068,standard,0,mpf,7000,500,-9999.000000,-9999.000000,300,300,300,376.537079,25,64.993935,377.365723,469.667480,-92.301758,2.441793,2.450192,1.644310,0.930489,0.266147,-0.024618,0.346114,0.138494,103.529694,0.000638,2.400430,-0.000041,1.000000,2.408421,-0.000039,1.000000,0.600250,0.601702,0.107071,0.000000,PSF-00232_20250807105919_136,PFA-00245,PSA-00257,PSF-00232,RHS-00222,3.0.0,2021-01-19T12:57:14.097Z
120,10:59:47,2025-08-07,Manual gsw+F,LI-COR Default,,120,,,0.014606,2.922219,0.014533,0.395315,0.785495,0.776613,2.925032,2.139537,9.645902,9.756220,36.330276,0.441786,7.500000,PSF-00232_20250807105947_20e,0.000000,0.000000,0.000000,115.891098,496.955505,0.766798,0.5,0.80,11.353829,1.000000,23.79,23.52,25.64,23.61,23.61,80.51,156.8,155.6,0.7,37,4.014,10:59:10,2025-08-07,0.25,1,-0.000,0.002,0.000,0.667,1.348,2.993,0,150,-9999.000,-9999.000000,0.058905,0.000000,0.029230,0.000000,0.000000,-0.000068,standard,0,mpf,7000,500,-9999.000000,-9999.000000,300,300,300,493.443146,25,-2.354248,493.266815,493.582092,-0.315277,2.442830,2.451200,1.643856,0.926896,0.265893,-0.023459,0.347456,0.137931,115.143654,0.000650,2.400430,-0.000041,1.000000,2.408421,-0.000039,1.000000,0.600250,0.601702,0.107071,0.000000,PSF-00232_20250807105947_20e,PFA-00245,PSA-00257,PSF-00232,RHS-00222,3.0.0,2021-01-19T12:57:14.097Z
121,11:00:10,2025-08-07,Manual gsw+F,LI-COR Default,,121,,,0.022345,2.923012,0.022176,0.648510,0.808032,0.793475,3.105332,2.297299,9.855269,10.036080,38.569443,0.441786,7.500000,PSF-00232_20250807110010_48f,0.000000,0.000000,0.000000,118.786095,372.812805,0.681379,0.5,0.80,14.872206,1.000000,24.46,24.02,25.64,24.60,24.60,80.51,156.9,7.0,95.5,55,4.015,10:59:10,2025-08-07,0.25,1,0.001,-0.001,0.005,-2.883,-1.583,8.204,0,150,-9999.000,-9999.000000,0.058905,0.000000,0.029230,0.000000,0.000000,-0.000068,standard,0,mpf,7000,500,-9999.000000,-9999.000000,300,300,300,370.608337,25,-1.454628,370.751373,370.728455,0.022919,2.443638,2.452291,1.644691,0.614039,0.265828,-0.012103,0.348536,0.152562,118.786095,0.000643,2.400430,-0.000041,1.000000,2.408421,-0.000039,1.000000,0.600250,0.601702,0.107071,0.000000,PSF-00232_20250807110010_48f,PFA-00245,PSA-00257,PSF-00232,RHS-00222,3.0.0,2021-01-19T12:57:14.097Z
122,11:01:02,2025-08-07,Manual gsw+F,LI-COR Default,,122,,,0.021304,2.921593,0.021150,0.584402,0.817949,0.804817,2.989976,2.172027,9.996270,10.159369,37.137135,0.441786,7.500000,PSF-00232_20250807110102_73e,0.000000,0.000000,0.000000,49.785019,190.071350,0.738072,0.5,0.80,49.363140,1.000000,24.73,24.33,25.66,23.97,23.97,80.51,156.7,157.2,-0.3,167,4.013,10:59:10,2025-08-07,0.25,1,-0.000,-0.001,-0.000,-0.121,-0.083,-11.816,0,150,-9999.000,-9999.000000,0.058905,0.000000,0.029230,0.000000,0.000000,-0.000068,standard,0,mpf,7000,500,-9999.000000,-9999.000000,300,300,300,190.071350,25,19.488749,212.326172,217.996948,-5.670776,2.444143,2.452729,1.643198,0.930880,0.265626,-0.019584,0.351012,0.246463,49.785019,0.000644,2.400430,-0.000041,1.000000,2.408421,-0.000039,1.000000,0.600250,0.601702,0.107071,0.000000,PSF-00232_20250807110102_73e,PFA-00245,PSA-00257,PSF-00232,RHS-00222,3.0.0,2021-01-19T12:57:14.097Z
123,11:02:12,2025-08-07,Manual gsw+F,LI-COR Default,,123,,,0.005987,2.922444,0.005975,0.166422,0.796820,0.793082,2.986789,2.189969,9.850177,9.896605,37.096291,0.441786,7.500000,PSF-00232_20250807110212_f60,0.000000,0.000000,0.000000,99.848984,402.274414,0.751789,0.5,0.80,16.992495,1.000000,24.11,24.00,25.65,23.95,23.95,80.51,156.8,155.9,0.6,57,4.013,10:59:10,2025-08-07,0.25,1,-0.000,0.000,-0.000,0.132,0.296,0.844,0,150,-9999.000,-9999.000000,0.058905,0.000000,0.029230,0.000000,0.000000,-0.000068,standard,0,mpf,7000,500,-9999.000000,-9999.000000,300,300,300,398.683533,25,-2.419543,398.751862,398.807434,-0.055573,2.443610,2.451733,1.644093,0.927533,0.265789,-0.019607,0.354196,0.154179,99.848984,0.000661,2.400430,-0.000041,1.000000,2.408421,-0.000039,1.000000,0.600250,0.601702,0.107071,0.000000,PSF-00232_20250807110212_f60,PFA-00245,PSA-00257,PSF-00232,RHS-00222,3.0.0,2021-01-19T12:57:14.097Z
124,11:02:34,2025-08-07,Manual gsw+F,LI-COR Default,,124,,,0.007347,2.921994,0.007328,0.212752,0.819035,0.814256,3.099558,2.280523,10.113224,10.172582,38.497135,0.441786,7.500000,PSF-00232_20250807110234_fa3,0.000000,0.000000,0.000000,98.991035,234.910004,0.578600,0.5,0.80,86.036293,1.000000,24.80,24.66,25.64,24.57,24.57,80.51,156.7,144.7,7.7,372,4.011,10:59:10,2025-08-07,0.25,1,0.000,0.001,0.007,1.851,2.528,1.938,0,150,-9999.000,-9999.000000,0.058905,0.000000,0.029230,0.000000,0.000000,-0.000068,standard,0,mpf,7000,500,-9999.000000,-9999.000000,300,300,300,230.422852,25,-3.114210,229.219086,230.447632,-1.228546,2.444666,2.452847,1.643620,0.900101,0.265902,-0.012380,0.355346,0.416982,99.946259,0.000651,2.400430,-0.000041,1.000000,2.408421,-0.000039,1.000000,0.600250,0.601702,0.107071,0.000000,PSF-00232_20250807110234_fa3,PFA-00245,PSA-00257,PSF-00232,RHS-00222,3.0.0,2021-01-19T12:57:14.097Z
125,11:03:28,2025-08-07,Manual gsw+F,LI-COR Default,,125,,,0.012158,2.922080,0.012107,0.339718,0.795598,0.787966,3.001323,2.205725,9.787177,9.881978,37.278893,0.441786,7.500000,PSF-00232_20250807110328_7b1,0.000000,0.000000,0.000000,228.350037,355.395874,0.357477,0.5,0.80,171.527802,1.000000,24.09,23.86,25.64,24.04,24.04,80.51,156.7,156.2,0.4,1200,4.009,10:59:10,2025-08-07,0.25,1,0.000,0.000,0.001,-0.609,-4.847,-3.211,0,150,-9999.000,-9999.000000,0.058905,0.000000,0.029230,0.000000,0.000000,-0.000068,standard,0,mpf,7000,500,-9999.000000,-9999.000000,300,300,300,345.164185,25,-7.318483,342.209106,344.909149,-2.700043,2.443386,2.451699,1.643710,0.928316,0.265899,-0.018559,0.357895,1.107119,228.350037,0.000647,2.400430,-0.000041,1.000000,2.408421,-0.000039,1.000000,0.600250,0.601702,0.107071,0.000000,PSF-00232_20250807110328_7b1,PFA-00245,PSA-00257,PSF-00232,RHS-00222,3.0.0,2021-01-19T12:57:14.097Z
126,11:03:58,2025-08-07,Manual gsw+F,LI-COR Default,,126,,,0.155190,2.923152,0.147366,4.159287,0.946450,0.853260,3.160805,2.214355,10.598213,11.755718,39.259899,0.441786,7.500000,PSF-00232_20250807110358_647,0.000000,0.000000,0.000000,68.440674,218.876480,0.687309,0.5,0.80,424.121643,1.000000,28.62,25.80,25.66,24.90,24.90,80.51,156.9,48.7,69.0,1543,4.010,10:59:10,2025-08-07,0.25,1,0.001,-0.001,0.004,0.423,1.228,5.031,0,150,-9999.000,-9999.000000,0.058905,0.000000,0.029230,0.000000,0.000000,-0.000068,standard,0,mpf,7000,500,-9999.000000,-9999.000000,300,300,300,218.876480,25,22.374426,231.405609,250.936996,-19.531387,2.446491,2.458922,1.644840,0.691304,0.265662,-0.008863,0.359527,1.393165,68.440674,0.000650,2.400430,-0.000041,1.000000,2.408421,-0.000039,1.000000,0.600250,0.601702,0.107071,0.000000,PSF-00232_20250807110358_647,PFA-00245,PSA-00257,PSF-00232,RHS-00222,3.0.0,2021-01-19T12:57:14.097Z
127,11:04:14,2025-08-07,Manual gsw+F,LI-COR Default,,127,,,0.050001,2.921924,0.049160,1.366922,0.863842,0.833156,3.047920,2.184078,10.349284,10.730455,37.860588,0.441786,7.500000,PSF-00232_20250807110414_4e3,0.000000,0.000000,0.000000,55.872917,304.862183,0.816727,0.5,0.80,128.381989,1.000000,26.08,25.15,25.69,24.29,24.29,80.50,156.7,153.9,1.8,393,4.009,10:59:10,2025-08-07,0.25,1,-0.000,-0.002,-0.000,-3.907,-0.090,1.649,0,150,-9999.000,-9999.000000,0.058905,0.000000,0.029230,0.000000,0.000000,-0.000068,standard,0,mpf,7000,500,-9999.000000,-9999.000000,300,300,300,261.814728,25,-29.823500,260.802277,262.127838,-1.325562,2.445451,2.454891,1.643546,0.922607,0.265362,-0.016209,0.360407,0.434684,55.872917,0.000630,2.400430,-0.000041,1.000000,2.408421,-0.000039,1.000000,0.600250,0.601702,0.107071,0.000000,PSF-00232_20250807110414_4e3,PFA-00245,PSA-00257,PSF-00232,RHS-00222,3.0.0,2021-01-19T12:57:14.097Z
128,11:04:32,2025-08-07,Manual gsw+F,LI-COR Default,,128,,,0.008010,2.923519,0.007988,0.305142,0.841429,0.834586,3.827658,2.986229,10.366590,10.451597,47.544262,0.441786,7.500000,PSF-00232_20250807110432_72b,0.000000,0.000000,0.000000,52.117825,94.206932,0.446773,0.5,0.80,229.191208,1.000000,25.34,25.13,25.73,28.15,28.15,80.51,156.9,156.9,-0.0,1282,4.009,10:59:10,2025-08-07,0.25,1,0.000,-0.000,0.004,0.481,1.351,3.434,0,150,-9999.000,-9999.000000,0.058905,0.000000,0.029230,0.000000,0.000000,-0.000068,standard,0,mpf,7000,500,-9999.000000,-9999.000000,300,300,300,84.671616,25,-7.393754,81.334236,83.612358,-2.278122,2.445412,2.453697,1.645227,0.930207,0.264910,0.028610,0.361350,1.176238,52.117825,0.000641,2.400430,-0.000041,1.000000,2.408421,-0.000039,1.000000,0.600250,0.601702,0.107071,0.000000,PSF-00232_20250807110432_72b,PFA-00245,PSA-00257,PSF-00232,RHS-00222,3.0.0,2021-01-19T12:57:14.097Z
129,11:05:00,2025-08-07,Manual gsw+F,LI-COR Default,,129,,,0.028491,2.922500,0.028216,0.934920,0.830152,0.809163,3.427289,2.597136,10.050376,10.311073,42.569332,0.441786,7.500000,PSF-00232_20250807110500_7ec,0.000000,0.000000,0.000000,213.037491,307.133881,0.306369,0.5,0.80,168.414642,1.000000,24.83,24.20,25.84,26.26,26.26,80.51,156.8,77.3,50.7,1374,4.008,10:59:10,2025-08-07,0.25,1,0.001,0.001,0.001,-3.941,-8.476,-9.108,0,150,-9999.000,-9999.000000,0.058905,0.000000,0.029230,0.000000,0.000000,-0.000068,standard,0,mpf,7000,500,-9999.000000,-9999.000000,300,300,300,291.859039,25,-11.680553,286.763916,290.396698,-3.632782,2.443909,2.452866,1.644152,0.748618,0.263718,0.004869,0.362702,1.252766,213.037491,0.000609,2.400430,-0.000041,1.000000,2.408421,-0.000039,1.000000,0.600250,0.601702,0.107071,0.000000,PSF-00232_20250807110500_7ec,PFA-00245,PSA-00257,PSF-00232,RHS-00222,3.0.0,2021-01-19T12:57:14.097Z
130,11:05:24,2025-08-07,Manual gsw+F,LI-COR Default,,130,,,0.019345,2.922692,0.019218,0.645016,0.791940,0.777452,3.423762,2.631823,9.655335,9.835254,42.520378,0.441786,7.500000,PSF-00232_20250807110524_282,0.000000,0.000000,0.000000,114.410522,278.219360,0.588776,0.5,0.80,59.164204,1.000000,23.56,23.13,25.94,26.25,26.25,80.52,156.8,142.1,9.4,251,4.008,10:59:10,2025-08-07,0.25,1,-0.001,-0.001,-0.000,0.370,0.679,1.773,0,150,-9999.000,-9999.000000,0.058905,0.000000,0.029230,0.000000,0.000000,-0.000068,standard,0,mpf,7000,500,-9999.000000,-9999.000000,300,300,300,270.537964,25,-5.482968,268.679749,270.362762,-1.683014,2.442157,2.450788,1.644354,0.893655,0.262727,0.003548,0.363751,0.316503,114.410522,0.000643,2.400430,-0.000041,1.000000,2.408421,-0.000039,1.000000,0.600250,0.601702,0.107071,0.000000,PSF-00232_20250807110524_282,PFA-00245,PSA-00257,PSF-00232,RHS-00222,3.0.0,2021-01-19T12:57:14.097Z
131,11:06:03,2025-08-07,Manual gsw+F,LI-COR Default,,131,,,0.153113,2.923457,0.145493,4.518416,0.936590,0.835355,3.370253,2.433663,10.374826,11.632128,41.857399,0.441786,7.500000,PSF-00232_20250807110603_b0e,0.000000,0.000000,0.000000,79.521416,217.451950,0.634304,0.5,0.80,260.638947,1.000000,27.62,24.63,26.09,25.98,25.98,80.52,156.9,16.0,89.8,1027,4.007,10:59:10,2025-08-07,0.25,1,0.003,0.004,-0.004,0.351,0.680,1.276,0,150,-9999.000,-9999.000000,0.058905,0.000000,0.029230,0.000000,0.000000,-0.000068,standard,0,mpf,7000,500,-9999.000000,-9999.000000,300,300,300,201.171036,25,-11.410304,200.822357,201.102020,-0.279663,2.444556,2.457267,1.645161,0.630121,0.261171,-0.001339,0.365355,0.963471,79.521416,0.000646,2.400430,-0.000041,1.000000,2.408421,-0.000039,1.000000,0.600250,0.601702,0.107071,0.000000,PSF-00232_20250807110603_b0e,PFA-00245,PSA-00257,PSF-00232,RHS-00222,3.0.0,2021-01-19T12:57:14.097Z
132,11:06:41,2025-08-07,Manual gsw+F,LI-COR Default,,132,,,0.020438,2.923297,0.020296,0.681417,0.865100,0.849819,3.495005,2.629904,10.555281,10.745087,43.410137,0.441786,7.500000,PSF-00232_20250807110641_d75,0.000000,0.000000,0.000000,66.666122,207.692856,0.679016,0.5,0.80,163.560379,1.000000,25.23,24.78,26.27,26.60,26.60,80.51,156.9,148.7,5.2,602,4.004,10:59:10,2025-08-07,0.25,1,0.001,-0.000,-0.004,0.270,0.473,1.169,0,150,-9999.000,-9999.000000,0.058905,0.000000,0.029230,0.000000,0.000000,-0.000068,standard,0,mpf,7000,500,-9999.000000,-9999.000000,300,300,300,194.003815,25,-10.173326,191.344147,193.115402,-1.771255,2.444775,2.453443,1.644992,0.909796,0.259254,0.003702,0.366771,0.609104,66.426872,0.000658,2.400430,-0.000041,1.000000,2.408421,-0.000039,1.000000,0.600250,0.601702,0.107071,0.000000,PSF-00232_20250807110641_d75,PFA-00245,PSA-00257,PSF-00232,RHS-00222,3.0.0,2021-01-19T12:57:14.097Z
133,11:07:02,2025-08-07,Manual gsw+F,LI-COR Default,,133,,,0.044119,2.922566,0.043463,1.457082,0.880255,0.847565,3.505889,2.625635,10.527154,10.933177,43.544792,0.441786,7.500000,PSF-00232_20250807110702_08c,0.000000,0.000000,0.000000,108.601212,204.068146,0.467819,0.5,0.80,211.343781,1.000000,25.47,24.52,26.41,26.65,26.65,80.51,156.8,156.1,0.5,1129,4.005,10:59:10,2025-08-07,0.25,1,-0.002,-0.001,0.007,-0.419,15.012,32.592,0,150,-9999.000,-9999.000000,0.058905,0.000000,0.029230,0.000000,0.000000,-0.000068,standard,0,mpf,7000,500,-9999.000000,-9999.000000,300,300,300,200.357437,25,-2.566457,206.051224,200.390640,5.660583,2.444339,2.453807,1.644222,0.928102,0.257876,0.002737,0.367530,1.048627,108.601212,0.000612,2.400430,-0.000041,1.000000,2.408421,-0.000039,1.000000,0.600250,0.601702,0.107071,0.000000,PSF-00232_20250807110702_08c,PFA-00245,PSA-00257,PSF-00232,RHS-00222,3.0.0,2021-01-19T12:57:14.097Z
134,11:07:25,2025-08-07,Manual gsw+F,LI-COR Default,,134,,,0.006710,2.920810,0.006695,0.242390,0.858465,0.853017,3.691340,2.832875,10.593757,10.661413,45.843346,0.441786,7.500000,PSF-00232_20250807110725_a89,0.000000,0.000000,0.000000,74.206711,163.245865,0.545430,0.5,0.80,29.444391,1.000000,24.62,24.46,26.56,27.53,27.53,80.52,156.6,156.2,0.2,135,4.005,10:59:10,2025-08-07,0.25,1,-0.001,-0.001,0.002,0.766,1.748,12.950,0,150,-9999.000,-9999.000000,0.058905,0.000000,0.029230,0.000000,0.000000,-0.000068,standard,0,mpf,7000,500,-9999.000000,-9999.000000,300,300,300,156.520493,25,-4.828204,154.421570,156.327484,-1.905914,2.444221,2.452420,1.642376,0.928442,0.256335,0.011351,0.368330,0.219583,74.206711,0.000639,2.400430,-0.000041,1.000000,2.408421,-0.000039,1.000000,0.600250,0.601702,0.107071,0.000000,PSF-00232_20250807110725_a89,PFA-00245,PSA-00257,PSF-00232,RHS-00222,3.0.0,2021-01-19T12:57:14.097Z
135,11:07:47,2025-08-07,Manual gsw+F,LI-COR Default,,135,,,0.202662,2.922201,0.189518,6.391415,0.996521,0.853272,3.634130,2.637609,10.596261,12.375179,45.130028,0.441786,7.500000,PSF-00232_20250807110747_4c6,0.000000,0.000000,0.000000,77.509758,147.122162,0.473161,0.5,0.80,280.337952,1.000000,28.32,24.25,26.71,27.26,27.26,80.53,156.8,125.5,19.9,1481,4.004,10:59:10,2025-08-07,0.25,1,0.003,0.002,0.014,0.594,1.532,3.470,0,150,-9999.000,-9999.000000,0.058905,0.000000,0.029230,0.000000,0.000000,-0.000068,standard,0,mpf,7000,500,-9999.000000,-9999.000000,300,300,300,138.986343,25,-5.572748,139.039276,139.136917,-0.097641,2.443850,2.458270,1.643838,0.854378,0.254741,0.006315,0.369218,1.341902,77.509758,0.000635,2.400430,-0.000041,1.000000,2.408421,-0.000039,1.000000,0.600250,0.601702,0.107071,0.000000,PSF-00232_20250807110747_4c6,PFA-00245,PSA-00257,PSF-00232,RHS-00222,3.0.0,2021-01-19T12:57:14.097Z
136,11:08:10,2025-08-07,Manual gsw+F,LI-COR Default,,136,,,0.071215,2.922939,0.069522,2.419678,0.855206,0.800914,3.580498,2.725292,9.946734,10.621004,44.467045,0.441786,7.500000,PSF-00232_20250807110810_96e,0.000000,0.000000,0.000000,181.393860,303.784790,0.402887,0.5,0.80,147.642960,1.000000,24.07,22.55,26.87,27.01,27.01,80.52,156.9,153.5,2.1,916,4.001,10:59:10,2025-08-07,0.25,1,0.002,0.007,0.009,-2.455,-4.784,14.468,0,150,-9999.000,-9999.000000,0.058905,0.000000,0.029230,0.000000,0.000000,-0.000068,standard,0,mpf,7000,500,-9999.000000,-9999.000000,300,300,300,296.051849,25,-12.456839,282.429443,285.935272,-3.505829,2.441091,2.451498,1.644614,0.921665,0.253143,0.001432,0.369986,0.870843,181.393860,0.000617,2.400430,-0.000041,1.000000,2.408421,-0.000039,1.000000,0.600250,0.601702,0.107071,0.000000,PSF-00232_20250807110810_96e,PFA-00245,PSA-00257,PSF-00232,RHS-00222,3.0.0,2021-01-19T12:57:14.097Z
137,11:08:29,2025-08-07,Manual gsw+F,LI-COR Default,,137,,,0.014720,2.922456,0.014646,0.503950,0.836977,0.825662,3.532352,2.695375,10.254157,10.394673,43.869385,0.441786,7.500000,PSF-00232_20250807110829_569,0.000000,0.000000,0.000000,136.028412,315.538971,0.568901,0.5,0.80,131.747955,1.000000,23.40,23.08,26.99,26.78,26.78,80.52,156.8,156.0,0.5,579,4.003,10:59:10,2025-08-07,0.25,1,0.000,0.001,0.002,3.379,3.688,12.852,0,150,-9999.000,-9999.000000,0.058905,0.000000,0.029230,0.000000,0.000000,-0.000068,standard,0,mpf,7000,500,-9999.000000,-9999.000000,300,300,300,305.628052,25,-7.115343,302.762390,305.343323,-2.580933,2.441936,2.450381,1.644105,0.927764,0.251932,-0.002723,0.370658,0.589731,136.028412,0.000629,2.400430,-0.000041,1.000000,2.408421,-0.000039,1.000000,0.600250,0.601702,0.107071,0.000000,PSF-00232_20250807110829_569,PFA-00245,PSA-00257,PSF-00232,RHS-00222,3.0.0,2021-01-19T12:57:14.097Z
138,11:08:58,2025-08-07,Manual gsw+F,LI-COR Default,,138,,,0.084577,2.922006,0.082197,2.980536,0.900646,0.833762,3.736107,2.835462,10.355362,11.186060,46.402626,0.441786,7.500000,PSF-00232_20250807110858_ba6,0.000000,0.000000,0.000000,111.514450,167.278641,0.333361,0.5,0.80,206.503830,1.000000,24.90,23.05,27.18,27.73,27.73,80.51,156.7,123.2,21.4,1549,4.001,10:59:10,2025-08-07,0.25,1,-0.001,0.001,0.005,-1.026,-2.366,-5.475,0,150,-9999.000,-9999.000000,0.058905,0.000000,0.029230,0.000000,0.000000,-0.000068,standard,0,mpf,7000,500,-9999.000000,-9999.000000,300,300,300,158.957367,25,-5.688828,159.361847,159.127075,0.234772,2.441866,2.452784,1.643632,0.848939,0.250070,0.006388,0.371760,1.398134,111.514450,0.000628,2.400430,-0.000041,1.000000,2.408421,-0.000039,1.000000,0.600250,0.601702,0.107071,0.000000,PSF-00232_20250807110858_ba6,PFA-00245,PSA-00257,PSF-00232,RHS-00222,3.0.0,2021-01-19T12:57:14.097Z
139,11:09:37,2025-08-07,Manual gsw+F,LI-COR Default,,139,,,0.064667,2.904943,0.063259,2.685305,0.947310,0.886268,4.255117,3.307807,11.006125,11.764172,52.842186,0.441786,7.500000,PSF-00232_20250807110937_f69,0.000000,0.000000,0.000000,77.750801,110.267555,0.294890,0.5,0.80,229.708771,1.000000,25.80,24.14,27.44,29.98,29.98,80.53,154.7,155.5,-0.5,1947,3.980,11:09:20,2025-08-07,0.19,1,0.000,-0.000,-0.002,-0.191,-0.261,-0.100,0,150,-9999.000,-9999.000000,0.058905,0.000000,0.029230,0.000000,0.000000,-0.000068,standard,0,mpf,7000,500,-9999.000000,-9999.000000,300,300,300,104.877594,25,-3.725444,104.837181,104.929337,-0.092155,2.443571,2.454266,1.626047,0.926537,0.247520,0.030402,0.373404,1.730572,77.750801,0.000626,2.400430,-0.000041,1.000000,2.408421,-0.000039,1.000000,0.600250,0.601702,0.107071,0.000000,PSF-00232_20250807110937_f69,PFA-00245,PSA-00257,PSF-00232,RHS-00222,3.0.0,2021-01-19T12:57:14.097Z
140,11:10:08,2025-08-07,Manual gsw+F,LI-COR Default,,140,,,0.025762,2.923244,0.025537,1.100106,0.876444,0.851772,4.235133,3.358688,10.578132,10.884532,52.595970,0.441786,7.500000,PSF-00232_20250807111008_eef,0.000000,0.000000,0.000000,221.675629,251.375488,0.118149,0.5,0.80,78.749664,1.000000,23.59,22.92,27.64,29.90,29.90,80.52,156.9,106.8,31.9,1666,3.999,11:09:20,2025-08-07,0.19,1,-0.002,-0.002,0.001,-4.687,-10.121,-25.197,0,150,-9999.000,-9999.000000,0.058905,0.000000,0.029230,0.000000,0.000000,-0.000068,standard,0,mpf,7000,500,-9999.000000,-9999.000000,300,300,300,244.543076,25,-5.239925,241.593002,243.867157,-2.274155,2.441596,2.450691,1.644936,0.811979,0.245539,0.026961,0.374630,1.496229,221.675629,0.000617,2.400430,-0.000041,1.000000,2.408421,-0.000039,1.000000,0.600250,0.601702,0.107071,0.000000,PSF-00232_20250807111008_eef,PFA-00245,PSA-00257,PSF-00232,RHS-00222,3.0.0,2021-01-19T12:57:14.097Z
141,11:10:33,2025-08-07,Manual gsw+F,LI-COR Default,,141,,,0.055376,2.923909,0.054347,2.149219,0.871907,0.823726,3.960947,3.089040,10.229057,10.827374,49.187199,0.441786,7.500000,PSF-00232_20250807111033_776,0.000000,0.000000,0.000000,72.951439,252.566177,0.711159,0.5,0.80,349.248322,1.000000,23.24,21.95,27.81,28.74,28.74,80.53,157.0,36.4,76.8,1228,3.999,11:09:20,2025-08-07,0.19,1,0.001,0.001,0.006,0.438,1.111,2.532,0,150,-9999.000,-9999.000000,0.058905,0.000000,0.029230,0.000000,0.000000,-0.000068,standard,0,mpf,7000,500,-9999.000000,-9999.000000,300,300,300,236.019730,25,-11.352264,240.647797,236.299423,4.348373,2.440007,2.450106,1.645638,0.667750,0.243935,0.010917,0.375593,1.130604,72.951439,0.000617,2.400430,-0.000041,1.000000,2.408421,-0.000039,1.000000,0.600250,0.601702,0.107071,0.000000,PSF-00232_20250807111033_776,PFA-00245,PSA-00257,PSF-00232,RHS-00222,3.0.0,2021-01-19T12:57:14.097Z
142,11:11:04,2025-08-07,Manual gsw+F,LI-COR Default,,142,,,0.017270,2.923470,0.017169,0.669976,0.813883,0.798846,3.865226,3.051343,9.919584,10.106298,47.996002,0.441786,7.500000,PSF-00232_20250807111104_24f,0.000000,0.000000,0.000000,108.823303,225.676804,0.517791,0.5,0.80,172.430649,1.000000,21.45,21.06,28.00,28.32,28.32,80.53,156.9,155.2,1.1,833,3.998,11:09:20,2025-08-07,0.19,1,-0.001,-0.000,0.002,2.358,9.670,22.744,0,150,-9999.000,-9999.000000,0.058905,0.000000,0.029230,0.000000,0.000000,-0.000068,standard,0,mpf,7000,500,-9999.000000,-9999.000000,300,300,300,205.423950,25,-14.655104,207.754257,204.677368,3.076889,2.438518,2.447166,1.645175,0.925825,0.242097,0.003570,0.376716,0.801126,108.823303,0.000629,2.400430,-0.000041,1.000000,2.408421,-0.000039,1.000000,0.600250,0.601702,0.107071,0.000000,PSF-00232_20250807111104_24f,PFA-00245,PSA-00257,PSF-00232,RHS-00222,3.0.0,2021-01-19T12:57:14.097Z
143,11:11:22,2025-08-07,Manual gsw+F,LI-COR Default,,143,,,0.020188,2.896082,0.020049,0.773370,0.863283,0.845563,3.878309,3.015025,10.499842,10.719890,48.159203,0.441786,7.500000,PSF-00232_20250807111122_788,0.000000,0.000000,0.000000,84.190964,202.881409,0.585024,0.5,0.80,268.504211,1.000000,22.62,22.16,28.10,28.37,28.37,80.53,153.6,153.6,0.0,1147,3.995,11:09:20,2025-08-07,0.19,1,0.002,0.001,0.002,1.026,2.113,4.818,0,150,-9999.000,-9999.000000,0.058905,0.000000,0.029230,0.000000,0.000000,-0.000068,standard,0,mpf,7000,500,-9999.000000,-9999.000000,300,300,300,189.694046,25,-9.155812,188.115479,189.761963,-1.646484,2.440294,2.449062,1.617181,0.921785,0.241120,0.003039,0.377410,1.063630,84.190964,0.000630,2.400430,-0.000041,1.000000,2.408421,-0.000039,1.000000,0.600250,0.601702,0.107071,0.000000,PSF-00232_20250807111122_788,PFA-00245,PSA-00257,PSF-00232,RHS-00222,3.0.0,2021-01-19T12:57:14.097Z
144,11:11:47,2025-08-07,Manual gsw+F,LI-COR Default,,144,,,0.024489,2.867923,0.024281,1.154581,0.944251,0.917249,4.641269,3.697018,11.388351,11.723599,57.624916,0.441786,7.500000,PSF-00232_20250807111147_87a,0.000000,0.000000,0.000000,77.173233,93.364395,0.173419,0.5,0.80,137.822906,1.000000,24.54,23.84,28.24,31.50,31.50,80.54,150.4,150.8,-0.3,1987,3.995,11:09:20,2025-08-07,0.19,1,0.000,0.001,0.002,-0.875,-1.358,13.483,0,150,-9999.000,-9999.000000,0.058905,0.000000,0.029230,0.000000,0.000000,-0.000068,standard,0,mpf,7000,500,-9999.000000,-9999.000000,300,300,300,90.605377,25,-1.999660,90.302467,90.499062,-0.196594,2.442980,2.452139,1.590101,0.914989,0.239770,0.039452,0.378401,1.763447,77.173233,0.000610,2.400430,-0.000041,1.000000,2.408421,-0.000039,1.000000,0.600250,0.601702,0.107071,0.000000,PSF-00232_20250807111147_87a,PFA-00245,PSA-00257,PSF-00232,RHS-00222,3.0.0,2021-01-19T12:57:14.097Z
145,11:12:11,2025-08-07,Manual gsw+F,LI-COR Default,,145,,,0.002972,2.899366,0.002969,0.129914,0.898559,0.895591,4.308397,3.409838,11.120411,11.157266,53.496704,0.441786,7.500000,PSF-00232_20250807111211_1fc,0.000000,0.000000,0.000000,62.921406,127.034996,0.504692,0.5,0.80,121.268631,1.000000,23.13,23.05,28.41,30.19,30.19,80.54,154.0,146.9,4.6,601,3.996,11:09:20,2025-08-07,0.19,1,0.001,-0.001,-0.004,0.433,0.866,1.370,0,150,-9999.000,-9999.000000,0.058905,0.000000,0.029230,0.000000,0.000000,-0.000068,standard,0,mpf,7000,500,-9999.000000,-9999.000000,300,300,300,124.581100,25,-1.709460,124.128342,124.585495,-0.457153,2.441697,2.449843,1.620446,0.905381,0.238200,0.021366,0.379285,0.607862,62.921406,0.000620,2.400430,-0.000041,1.000000,2.408421,-0.000039,1.000000,0.600250,0.601702,0.107071,0.000000,PSF-00232_20250807111211_1fc,PFA-00245,PSA-00257,PSF-00232,RHS-00222,3.0.0,2021-01-19T12:57:14.097Z
146,11:12:41,2025-08-07,Manual gsw+F,LI-COR Default,,146,,,0.029091,2.882656,0.028800,1.098895,0.921737,0.896319,3.902264,2.980526,11.130697,11.446352,48.459225,0.441786,7.500000,PSF-00232_20250807111241_79f,0.000000,0.000000,0.000000,201.095230,326.641113,0.384354,0.5,0.80,137.104324,1.000000,23.44,22.79,28.61,28.48,28.48,80.53,152.0,149.3,1.8,892,3.994,11:09:20,2025-08-07,0.19,1,0.003,0.004,0.034,-6.615,-8.415,60.072,0,150,-9999.000,-9999.000000,0.058905,0.000000,0.029230,0.000000,0.000000,-0.000068,standard,0,mpf,7000,500,-9999.000000,-9999.000000,300,300,300,316.235291,25,-8.444822,312.202698,314.540466,-2.337769,2.441254,2.450320,1.604070,0.911147,0.236251,-0.001894,0.380235,0.850525,201.095230,0.000622,2.400430,-0.000041,1.000000,2.408421,-0.000039,1.000000,0.600250,0.601702,0.107071,0.000000,PSF-00232_20250807111241_79f,PFA-00245,PSA-00257,PSF-00232,RHS-00222,3.0.0,2021-01-19T12:57:14.097Z
147,11:13:14,2025-08-07,Manual gsw+F,LI-COR Default,,147,,,0.106176,2.924414,0.102456,3.742383,1.017085,0.933385,3.868904,2.851820,11.592249,12.631767,48.050179,0.441786,7.500000,PSF-00232_20250807111314_b84,0.000000,0.000000,0.000000,61.599968,238.477356,0.741695,0.5,0.80,89.695129,1.000000,25.53,23.43,28.84,28.33,28.33,80.52,157.0,21.8,86.1,302,3.993,11:09:20,2025-08-07,0.19,1,0.001,0.001,0.009,0.166,0.239,0.539,0,150,-9999.000,-9999.000000,0.058905,0.000000,0.029230,0.000000,0.000000,-0.000068,standard,0,mpf,7000,500,-9999.000000,-9999.000000,300,300,300,217.227097,25,-14.870940,214.980835,217.168655,-2.187820,2.442246,2.453636,1.646171,0.640610,0.234170,-0.006358,0.381511,0.359116,61.410069,0.000639,2.400430,-0.000041,1.000000,2.408421,-0.000039,1.000000,0.600250,0.601702,0.107071,0.000000,PSF-00232_20250807111314_b84,PFA-00245,PSA-00257,PSF-00232,RHS-00222,3.0.0,2021-01-19T12:57:14.097Z
148,11:13:34,2025-08-07,Manual gsw+F,LI-COR Default,,148,,,0.086537,2.825814,0.083965,3.016291,1.053278,0.980648,3.857635,2.804356,12.178789,13.080791,47.908428,0.441786,7.500000,PSF-00232_20250807111334_523,0.000000,0.000000,0.000000,94.441292,369.661591,0.744520,0.5,0.80,280.054535,1.000000,26.24,24.43,28.97,28.28,28.28,80.52,145.8,145.9,-0.1,940,3.992,11:09:20,2025-08-07,0.19,1,0.000,0.001,0.004,0.351,0.696,1.620,0,150,-9999.000,-9999.000000,0.058905,0.000000,0.029230,0.000000,0.000000,-0.000068,standard,0,mpf,7000,500,-9999.000000,-9999.000000,300,300,300,325.059052,25,-31.562885,320.830475,324.434845,-3.604370,2.443820,2.454737,1.552312,0.902945,0.232953,-0.008548,0.382278,0.891043,94.441292,0.000634,2.400430,-0.000041,1.000000,2.408421,-0.000039,1.000000,0.600250,0.601702,0.107071,0.000000,PSF-00232_20250807111334_523,PFA-00245,PSA-00257,PSF-00232,RHS-00222,3.0.0,2021-01-19T12:57:14.097Z
149,11:13:49,2025-08-07,Manual gsw+F,LI-COR Default,,149,,,0.013190,2.788545,0.013128,0.526845,1.035629,1.022598,4.163249,3.127620,12.698153,12.859962,51.697304,0.441786,7.500000,PSF-00232_20250807111349_b3f,0.000000,0.000000,0.000000,254.970428,351.877533,0.275400,0.5,0.80,109.277847,1.000000,25.63,25.30,29.08,29.60,29.60,80.53,142.0,142.5,-0.4,992,3.991,11:09:20,2025-08-07,0.19,1,0.001,0.001,0.001,-5.890,-2.663,46.810,0,150,-9999.000,-9999.000000,0.058905,0.000000,0.029230,0.000000,0.000000,-0.000068,standard,0,mpf,7000,500,-9999.000000,-9999.000000,300,300,300,347.885010,25,-8.306977,336.637604,339.974396,-3.336792,2.445188,2.453753,1.521146,0.894698,0.231892,0.005893,0.382874,0.934065,254.970428,0.000624,2.400430,-0.000041,1.000000,2.408421,-0.000039,1.000000,0.600250,0.601702,0.107071,0.000000,PSF-00232_20250807111349_b3f,PFA-00245,PSA-00257,PSF-00232,RHS-00222,3.0.0,2021-01-19T12:57:14.097Z
150,11:14:19,2025-08-07,Manual gsw+F,LI-COR Default,,150,,,0.051605,2.751788,0.050655,1.940277,0.981157,0.931897,3.970842,2.989685,11.572412,12.184129,49.310390,0.441786,7.500000,PSF-00232_20250807111419_7f0,0.000000,0.000000,0.000000,81.107140,294.700745,0.724781,0.5,0.80,138.702271,1.000000,23.96,22.76,29.31,28.78,28.78,80.53,138.4,138.1,0.2,478,3.990,11:09:20,2025-08-07,0.19,1,-0.001,-0.000,0.005,1.320,1.972,7.117,0,150,-9999.000,-9999.000000,0.058905,0.000000,0.029230,0.000000,0.000000,-0.000068,standard,0,mpf,7000,500,-9999.000000,-9999.000000,300,300,300,294.700745,25,24.073910,323.574890,329.196472,-5.621582,2.441103,2.451063,1.492186,0.884075,0.229805,-0.006752,0.383923,0.505922,81.107140,0.000625,2.400430,-0.000041,1.000000,2.408421,-0.000039,1.000000,0.600250,0.601702,0.107071,0.000000,PSF-00232_20250807111419_7f0,PFA-00245,PSA-00257,PSF-00232,RHS-00222,3.0.0,2021-01-19T12:57:14.097Z
151,11:14:34,2025-08-07,Manual gsw+F,LI-COR Default,,151,,,0.039118,2.751850,0.038570,1.506560,0.950059,0.911797,3.998837,3.048778,11.322762,11.797906,49.657879,0.441786,7.500000,PSF-00232_20250807111434_c6e,0.000000,0.000000,0.000000,97.645279,302.237488,0.676925,0.5,0.80,25.428156,1.000000,23.06,22.13,29.42,28.90,28.90,80.53,138.4,137.8,0.5,94,3.990,11:09:20,2025-08-07,0.19,1,0.000,0.002,0.004,0.462,-2.362,-0.513,0,150,-9999.000,-9999.000000,0.058905,0.000000,0.029230,0.000000,0.000000,-0.000068,standard,0,mpf,7000,500,-9999.000000,-9999.000000,300,300,300,280.899170,25,-15.821345,277.648315,279.566956,-1.918640,2.440079,2.449597,1.492233,0.883239,0.228837,-0.006593,0.384366,0.185361,97.645279,0.000630,2.400430,-0.000041,1.000000,2.408421,-0.000039,1.000000,0.600250,0.601702,0.107071,0.000000,PSF-00232_20250807111434_c6e,PFA-00245,PSA-00257,PSF-00232,RHS-00222,3.0.0,2021-01-19T12:57:14.097Z
152,11:14:49,2025-08-07,Manual gsw+F,LI-COR Default,,152,,,-0.051275,2.921269,-0.052192,-1.153914,0.897890,0.923803,2.639148,1.741258,11.472148,11.150344,32.773968,0.441786,7.500000,PSF-00232_20250807111449_391,0.000000,0.000000,0.000000,1.773834,1.853585,0.043025,0.5,0.80,30.814800,1.000000,21.67,22.29,29.52,21.91,21.91,80.53,156.6,-10.3,106.6,1791,3.989,11:09:20,2025-08-07,0.19,1,-9999.000,-9999.000,-9999.000,-9999.000,-9999.000,-9999.000,0,150,-9999.000,-9999.000000,0.058905,0.000000,0.029230,0.000000,0.000000,-0.000068,standard,0,mpf,7000,500,-9999.000000,-9999.000000,300,300,300,1.853585,25,0.010627,1.819968,1.868813,-0.048845,2.440331,2.447328,1.642859,0.583961,0.227947,-0.088628,0.384806,1.599762,1.773834,0.000598,2.400430,-0.000041,1.000000,2.408421,-0.000039,1.000000,0.600250,0.601702,0.107071,0.000000,PSF-00232_20250807111449_391,PFA-00245,PSA-00257,PSF-00232,RHS-00222,3.0.0,2021-01-19T12:57:14.097Z
153,11:15:00,2025-08-07,Manual gsw+F,LI-COR Default,,153,,,0.031849,2.729811,0.031481,1.385927,1.000536,0.964827,4.426217,3.425681,11.981256,12.424693,54.964943,0.441786,7.500000,PSF-00232_20250807111500_991,0.000000,0.000000,0.000000,104.850052,136.685608,0.232911,0.5,0.80,150.006897,1.000000,24.03,23.17,29.60,30.67,30.67,80.53,136.4,137.0,-0.5,1610,3.988,11:09:20,2025-08-07,0.19,1,-0.001,0.001,0.010,-1.998,-4.543,-8.516,0,150,-9999.000,-9999.000000,0.058905,0.000000,0.029230,0.000000,0.000000,-0.000068,standard,0,mpf,7000,500,-9999.000000,-9999.000000,300,300,300,131.314514,25,-3.942187,130.248779,131.036819,-0.788040,2.441731,2.451136,1.475614,0.881483,0.227203,0.012611,0.385142,1.449391,104.850052,0.000604,2.400430,-0.000041,1.000000,2.408421,-0.000039,1.000000,0.600250,0.601702,0.107071,0.000000,PSF-00232_20250807111500_991,PFA-00245,PSA-00257,PSF-00232,RHS-00222,3.0.0,2021-01-19T12:57:14.097Z
154,11:15:31,2025-08-07,Manual gsw+F,LI-COR Default,,154,,,0.089543,2.819963,0.086787,3.273147,1.005176,0.925978,3.948739,2.943563,11.499257,12.482786,49.037430,0.441786,7.500000,PSF-00232_20250807111531_e2e,0.000000,0.000000,0.000000,94.355103,252.926804,0.626947,0.5,0.80,132.913727,1.000000,23.87,21.99,29.80,28.68,28.68,80.53,145.2,70.7,51.3,530,3.988,11:09:20,2025-08-07,0.19,1,0.001,0.000,0.013,0.519,0.860,2.829,0,150,-9999.000,-9999.000000,0.058905,0.000000,0.029230,0.000000,0.000000,-0.000068,standard,0,mpf,7000,500,-9999.000000,-9999.000000,300,300,300,228.718048,25,-16.925920,227.399475,228.673508,-1.274033,2.439802,2.450850,1.547287,0.735044,0.225438,-0.013804,0.386324,0.548919,94.407318,0.000634,2.400430,-0.000041,1.000000,2.408421,-0.000039,1.000000,0.600250,0.601702,0.107071,0.000000,PSF-00232_20250807111531_e2e,PFA-00245,PSA-00257,PSF-00232,RHS-00222,3.0.0,2021-01-19T12:57:14.097Z
155,11:15:53,2025-08-07,Manual gsw+F,LI-COR Default,,155,,,0.014901,2.686207,0.014819,0.616678,0.929334,0.912957,4.174408,3.245075,11.336891,11.540251,51.836845,0.441786,7.500000,PSF-00232_20250807111553_abd,0.000000,0.000000,0.000000,83.606956,275.617004,0.696655,0.5,0.80,368.960419,1.000000,21.91,21.52,29.92,29.65,29.65,80.53,132.4,132.9,-0.4,1324,3.972,11:09:20,2025-08-07,0.19,1,-0.000,0.001,0.004,-8.814,14.004,15.772,0,150,-9999.000,-9999.000000,0.058905,0.000000,0.029230,0.000000,0.000000,-0.000068,standard,0,mpf,7000,500,-9999.000000,-9999.000000,300,300,300,275.617004,25,62.222523,284.576294,364.776215,-80.199921,2.439037,2.447673,1.444197,0.871683,0.224338,-0.003740,0.387089,1.210886,83.606956,0.000636,2.400430,-0.000041,1.000000,2.408421,-0.000039,1.000000,0.600250,0.601702,0.107071,0.000000,PSF-00232_20250807111553_abd,PFA-00245,PSA-00257,PSF-00232,RHS-00222,3.0.0,2021-01-19T12:57:14.097Z
156,11:26:39,2025-08-07,Manual gsw+F,LI-COR Default,,156,,,0.184696,2.923531,0.173721,6.668242,0.908974,0.759520,3.907378,2.998404,9.432364,11.288415,48.525143,0.441786,7.500000,PSF-00232_20250807112639_233,0.000000,0.000000,0.000000,123.383041,410.553528,0.699471,0.5,0.80,104.707581,1.000000,21.37,17.86,29.97,28.50,28.50,80.52,156.9,31.2,80.1,374,3.972,11:26:01,2025-08-07,0.18,1,0.001,0.000,0.009,0.480,0.803,1.749,0,150,-9999.000,-9999.000000,0.058905,0.000000,0.029230,0.000000,0.000000,-0.000068,standard,0,mpf,7000,500,-9999.000000,-9999.000000,300,300,300,394.187439,25,-10.784560,395.480286,395.100250,0.380035,2.433000,2.446805,1.645239,0.657978,0.223933,-0.018038,0.407012,0.419062,123.383041,0.000625,2.400430,-0.000041,1.000000,2.408421,-0.000039,1.000000,0.600250,0.601702,0.107071,0.000000,PSF-00232_20250807112639_233,PFA-00245,PSA-00257,PSF-00232,RHS-00222,3.0.0,2021-01-19T12:57:14.097Z
157,11:26:57,2025-08-07,Manual gsw+F,LI-COR Default,,157,,,0.103884,2.788935,0.100154,4.715270,0.889642,0.772835,4.552942,3.663300,9.596765,11.047228,56.536690,0.441786,7.500000,PSF-00232_20250807112657_c9a,0.000000,0.000000,0.000000,95.043182,114.181046,0.167610,0.5,0.80,136.518555,1.000000,20.89,18.15,29.99,31.16,31.16,80.53,142.0,143.1,-0.7,2036,3.970,11:26:01,2025-08-07,0.18,1,0.002,0.004,0.008,-0.117,-0.462,-1.159,0,150,-9999.000,-9999.000000,0.058905,0.000000,0.029230,0.000000,0.000000,-0.000068,standard,0,mpf,7000,500,-9999.000000,-9999.000000,300,300,300,112.234352,25,-1.314062,112.871292,112.298111,0.573181,2.433476,2.446007,1.521462,0.896025,0.223707,0.013888,0.408022,1.804637,95.043182,0.000597,2.400430,-0.000041,1.000000,2.408421,-0.000039,1.000000,0.600250,0.601702,0.107071,0.000000,PSF-00232_20250807112657_c9a,PFA-00245,PSA-00257,PSF-00232,RHS-00222,3.0.0,2021-01-19T12:57:14.097Z
158,11:27:14,2025-08-07,Manual gsw+F,LI-COR Default,,158,,,0.086427,2.768566,0.083811,3.665892,0.908491,0.816413,4.316277,3.407786,10.138973,11.282484,53.603535,0.441786,7.500000,PSF-00232_20250807112714_f50,0.000000,0.000000,0.000000,181.445007,222.318939,0.183853,0.5,0.80,149.042435,1.000000,21.30,19.14,30.02,30.23,30.23,80.52,140.0,140.0,-0.0,2027,3.969,11:26:01,2025-08-07,0.18,1,-0.001,-0.001,0.007,-5.316,-10.307,-19.624,0,150,-9999.000,-9999.000000,0.058905,0.000000,0.029230,0.000000,0.000000,-0.000068,standard,0,mpf,7000,500,-9999.000000,-9999.000000,300,300,300,212.093002,25,-7.753783,209.706192,211.208481,-1.502289,2.435121,2.446671,1.505203,0.888742,0.223456,0.002101,0.409071,1.796634,185.635681,0.000589,2.400430,-0.000041,1.000000,2.408421,-0.000039,1.000000,0.600250,0.601702,0.107071,0.000000,PSF-00232_20250807112714_f50,PFA-00245,PSA-00257,PSF-00232,RHS-00222,3.0.0,2021-01-19T12:57:14.097Z
159,11:27:33,2025-08-07,Manual gsw+F,LI-COR Default,,159,,,0.010136,2.782539,0.010099,0.561433,0.813287,0.799304,5.124864,4.311577,9.925883,10.099526,63.641361,0.441786,7.500000,PSF-00232_20250807112733_72c,0.000000,0.000000,0.000000,75.440170,98.128525,0.231211,0.5,0.80,178.261154,1.000000,19.02,18.70,30.06,33.25,33.25,80.53,141.4,142.2,-0.6,1927,3.969,11:26:01,2025-08-07,0.18,1,-0.000,-0.000,0.005,-1.161,-5.744,-8.546,0,150,-9999.000,-9999.000000,0.058905,0.000000,0.029230,0.000000,0.000000,-0.000068,standard,0,mpf,7000,500,-9999.000000,-9999.000000,300,300,300,91.035606,25,-5.034064,89.416626,90.915169,-1.498543,2.434386,2.442915,1.516301,0.893935,0.223132,0.039194,0.410151,1.713951,75.440170,0.000605,2.400430,-0.000041,1.000000,2.408421,-0.000039,1.000000,0.600250,0.601702,0.107071,0.000000,PSF-00232_20250807112733_72c,PFA-00245,PSA-00257,PSF-00232,RHS-00222,3.0.0,2021-01-19T12:57:14.097Z
160,11:27:50,2025-08-07,Manual gsw+F,LI-COR Default,,160,,,0.043251,2.792589,0.042592,1.953976,0.856918,0.808618,4.430174,3.573256,10.041012,10.640780,55.011688,0.441786,7.500000,PSF-00232_20250807112750_715,0.000000,0.000000,0.000000,91.794495,169.739822,0.459205,0.5,0.80,355.910065,1.000000,20.00,18.87,30.10,30.68,30.68,80.53,142.4,108.1,24.1,1938,3.968,11:26:01,2025-08-07,0.18,1,-0.001,-0.001,0.005,-0.073,1.385,7.073,0,150,-9999.000,-9999.000000,0.058905,0.000000,0.029230,0.000000,0.000000,-0.000068,standard,0,mpf,7000,500,-9999.000000,-9999.000000,300,300,300,153.720261,25,-11.394888,151.094193,153.411987,-2.317795,2.434677,2.444535,1.524436,0.814854,0.222805,0.006752,0.411157,1.722427,91.794495,0.000594,2.400430,-0.000041,1.000000,2.408421,-0.000039,1.000000,0.600250,0.601702,0.107071,0.000000,PSF-00232_20250807112750_715,PFA-00245,PSA-00257,PSF-00232,RHS-00222,3.0.0,2021-01-19T12:57:14.097Z
161,11:28:07,2025-08-07,Manual gsw+F,LI-COR Default,,161,,,0.044462,2.712970,0.043745,1.897956,0.819334,0.769757,4.204370,3.385036,9.558373,10.173990,52.207291,0.441786,7.500000,PSF-00232_20250807112807_750,0.000000,0.000000,0.000000,124.633316,149.627563,0.167043,0.5,0.80,134.227463,1.000000,19.10,17.94,30.12,29.77,29.77,80.53,134.8,136.3,-1.1,2009,3.939,11:26:01,2025-08-07,0.18,1,-0.000,-0.002,0.004,6.125,-5.297,-2.574,0,150,-9999.000,-9999.000000,0.058905,0.000000,0.029230,0.000000,0.000000,-0.000068,standard,0,mpf,7000,500,-9999.000000,-9999.000000,300,300,300,149.627563,25,0.583121,150.207993,150.463120,-0.255127,2.433125,2.443035,1.463260,0.879761,0.222606,-0.004633,0.412092,1.781810,124.633316,0.000598,2.400430,-0.000041,1.000000,2.408421,-0.000039,1.000000,0.600250,0.601702,0.107071,0.000000,PSF-00232_20250807112807_750,PFA-00245,PSA-00257,PSF-00232,RHS-00222,3.0.0,2021-01-19T12:57:14.097Z
162,11:28:37,2025-08-07,Manual gsw+F,LI-COR Default,,162,,,-0.001721,2.707004,-0.001722,-0.084678,0.786464,0.788686,4.614550,3.828086,9.793448,9.765861,57.300827,0.441786,7.500000,PSF-00232_20250807112837_662,0.000000,0.000000,0.000000,44.576881,44.369919,-0.004664,0.5,0.80,-3.649552,1.000000,18.30,18.35,30.15,31.40,31.40,80.53,134.3,134.1,0.2,1956,3.967,11:26:01,2025-08-07,0.18,1,-0.001,0.001,0.001,-7.511,-1.308,-19.066,0,150,-9999.000,-9999.000000,0.058905,0.000000,0.029230,0.000000,0.000000,-0.000068,standard,0,mpf,7000,500,-9999.000000,-9999.000000,300,300,300,36.705853,25,-2.979312,53.697109,40.100838,13.596272,2.433801,2.441692,1.458951,0.874425,0.222322,0.014872,0.413750,1.737758,44.576881,0.000632,2.400430,-0.000041,1.000000,2.408421,-0.000039,1.000000,0.600250,0.601702,0.107071,0.000000,PSF-00232_20250807112837_662,PFA-00245,PSA-00257,PSF-00232,RHS-00222,3.0.0,2021-01-19T12:57:14.097Z
163,11:29:15,2025-08-07,Manual gsw+F,LI-COR Default,,163,,,0.056816,2.702725,0.055646,2.694564,0.861277,0.790434,4.628466,3.767190,9.813931,10.693508,57.466492,0.441786,7.500000,PSF-00232_20250807112915_b92,0.000000,0.000000,0.000000,225.849503,244.852295,0.077609,0.5,0.80,62.186920,1.000000,20.00,18.35,30.19,31.45,31.45,80.54,133.9,134.6,-0.6,2003,3.966,11:26:01,2025-08-07,0.18,1,-0.001,-0.001,0.004,-5.232,-12.824,-46.045,0,150,-9999.000,-9999.000000,0.058905,0.000000,0.029230,0.000000,0.000000,-0.000068,standard,0,mpf,7000,500,-9999.000000,-9999.000000,300,300,300,241.753937,25,-2.920138,239.823822,240.667999,-0.844177,2.433797,2.444515,1.455883,0.875808,0.221986,0.015055,0.415797,1.777085,225.849503,0.000608,2.400430,-0.000041,1.000000,2.408421,-0.000039,1.000000,0.600250,0.601702,0.107071,0.000000,PSF-00232_20250807112915_b92,PFA-00245,PSA-00257,PSF-00232,RHS-00222,3.0.0,2021-01-19T12:57:14.097Z
164,11:29:32,2025-08-07,Manual gsw+F,LI-COR Default,,164,,,0.041080,2.715045,0.040468,1.927136,0.860473,0.810252,4.564722,3.704248,10.065522,10.689405,56.706200,0.441786,7.500000,PSF-00232_20250807112932_349,0.000000,0.000000,0.000000,88.006500,120.413979,0.269134,0.5,0.80,162.499298,1.000000,19.93,18.76,30.23,31.21,31.21,80.50,135.0,135.5,-0.4,1509,3.965,11:26:01,2025-08-07,0.18,1,-0.000,0.002,0.006,-1.113,-3.855,-21.244,0,150,-9999.000,-9999.000000,0.058905,0.000000,0.029230,0.000000,0.000000,-0.000068,standard,0,mpf,7000,500,-9999.000000,-9999.000000,300,300,300,114.309669,25,-4.319447,113.160965,114.224602,-1.063637,2.434478,2.444395,1.464767,0.877933,0.221601,0.011509,0.416680,1.365468,88.006500,0.000594,2.400430,-0.000041,1.000000,2.408421,-0.000039,1.000000,0.600250,0.601702,0.107071,0.000000,PSF-00232_20250807112932_349,PFA-00245,PSA-00257,PSF-00232,RHS-00222,3.0.0,2021-01-19T12:57:14.097Z
165,11:29:53,2025-08-07,Manual gsw+F,LI-COR Default,,165,,,0.018378,2.758500,0.018257,0.814859,0.785160,0.764520,4.265971,3.480811,9.495644,9.751994,52.985039,0.441786,7.500000,PSF-00232_20250807112953_1b3,0.000000,0.000000,0.000000,97.374916,256.491455,0.620358,0.5,0.80,411.182800,1.000000,18.15,17.67,30.27,30.02,30.02,80.51,139.1,138.9,0.1,1657,3.966,11:26:01,2025-08-07,0.18,1,-0.001,0.001,0.004,-0.409,-1.019,-4.171,0,150,-9999.000,-9999.000000,0.058905,0.000000,0.029230,0.000000,0.000000,-0.000068,standard,0,mpf,7000,500,-9999.000000,-9999.000000,300,300,300,249.531982,25,-4.786488,249.487640,249.632858,-0.145218,2.432653,2.441426,1.497354,0.885963,0.221313,-0.003370,0.417672,1.488494,97.053406,0.000614,2.400430,-0.000041,1.000000,2.408421,-0.000039,1.000000,0.600250,0.601702,0.107071,0.000000,PSF-00232_20250807112953_1b3,PFA-00245,PSA-00257,PSF-00232,RHS-00222,3.0.0,2021-01-19T12:57:14.097Z
166,11:30:12,2025-08-07,Manual gsw+F,LI-COR Default,,166,,,0.038871,2.735847,0.038326,1.668081,0.760640,0.717727,4.156917,3.396277,8.916696,9.449827,51.643532,0.441786,7.500000,PSF-00232_20250807113012_e2b,0.000000,0.000000,0.000000,98.405243,151.474854,0.350353,0.5,0.80,204.636932,1.000000,17.55,16.56,30.29,29.57,29.57,80.49,136.9,137.4,-0.4,1460,3.965,11:26:01,2025-08-07,0.18,1,-0.000,0.000,0.007,-3.998,-10.349,-21.172,0,150,-9999.000,-9999.000000,0.058905,0.000000,0.029230,0.000000,0.000000,-0.000068,standard,0,mpf,7000,500,-9999.000000,-9999.000000,300,300,300,143.159866,25,-6.178541,141.583084,142.621567,-1.038483,2.430784,2.440420,1.480114,0.882419,0.221072,-0.009160,0.418453,1.324414,98.405243,0.000602,2.400430,-0.000041,1.000000,2.408421,-0.000039,1.000000,0.600250,0.601702,0.107071,0.000000,PSF-00232_20250807113012_e2b,PFA-00245,PSA-00257,PSF-00232,RHS-00222,3.0.0,2021-01-19T12:57:14.097Z
167,11:30:32,2025-08-07,Manual gsw+F,LI-COR Default,,167,,,-0.025573,2.921269,-0.025799,-0.809878,0.757773,0.775991,3.223010,2.465237,9.637217,9.410960,40.027325,0.441786,7.500000,PSF-00232_20250807113032_9c8,0.000000,0.000000,0.000000,1.803875,1.812816,0.004932,0.5,0.80,3.616723,1.000000,17.45,17.87,30.33,25.23,25.23,80.52,156.6,-10.4,106.6,1833,3.965,11:26:01,2025-08-07,0.18,1,-9999.000,-9999.000,-9999.000,-9999.000,-9999.000,-9999.000,0,150,-9999.000,-9999.000000,0.058905,0.000000,0.029230,0.000000,0.000000,-0.000068,standard,0,mpf,7000,500,-9999.000000,-9999.000000,300,300,300,1.812816,25,0.005781,1.794219,1.821100,-0.026881,2.432984,2.440247,1.642858,0.583743,0.220772,-0.060847,0.419271,1.635453,1.803875,0.000604,2.400430,-0.000041,1.000000,2.408421,-0.000039,1.000000,0.600250,0.601702,0.107071,0.000000,PSF-00232_20250807113032_9c8,PFA-00245,PSA-00257,PSF-00232,RHS-00222,3.0.0,2021-01-19T12:57:14.097Z
168,11:30:47,2025-08-07,Manual gsw+F,LI-COR Default,,168,,,0.024063,2.700355,0.023850,1.102112,0.807797,0.778768,4.407551,3.599755,9.673204,10.033775,54.746918,0.441786,7.500000,PSF-00232_20250807113047_5db,0.000000,0.000000,0.000000,55.625797,150.943268,0.631479,0.5,0.80,92.221176,1.000000,18.56,17.90,30.37,30.59,30.59,80.51,133.7,133.6,0.1,365,3.963,11:26:01,2025-08-07,0.18,1,-0.001,-0.000,0.004,0.296,3.009,4.330,0,150,-9999.000,-9999.000000,0.058905,0.000000,0.029230,0.000000,0.000000,-0.000068,standard,0,mpf,7000,500,-9999.000000,-9999.000000,300,300,300,140.502335,25,-7.449980,140.897156,140.268127,0.629028,2.433017,2.442110,1.454190,0.873297,0.220421,0.002318,0.419933,0.411444,55.473446,0.000626,2.400430,-0.000041,1.000000,2.408421,-0.000039,1.000000,0.600250,0.601702,0.107071,0.000000,PSF-00232_20250807113047_5db,PFA-00245,PSA-00257,PSF-00232,RHS-00222,3.0.0,2021-01-19T12:57:14.097Z
169,11:31:22,2025-08-07,Manual gsw+F,LI-COR Default,,169,,,0.067704,2.691340,0.066043,3.551975,0.910339,0.816323,5.079930,4.169590,10.137980,11.305579,63.088066,0.441786,7.500000,PSF-00232_20250807113122_f47,0.000000,0.000000,0.000000,62.695026,75.549736,0.170149,0.5,0.80,134.846970,1.000000,20.81,18.66,30.46,33.10,33.10,80.52,132.9,133.8,-0.7,1981,3.963,11:26:01,2025-08-07,0.18,1,0.000,0.002,0.005,-0.443,-0.972,-2.219,0,150,-9999.000,-9999.000000,0.058905,0.000000,0.029230,0.000000,0.000000,-0.000068,standard,0,mpf,7000,500,-9999.000000,-9999.000000,300,300,300,72.961807,25,-1.846851,72.578789,72.903366,-0.324577,2.434283,2.445824,1.447801,0.873746,0.219640,0.032282,0.421380,1.758828,62.695026,0.000600,2.400430,-0.000041,1.000000,2.408421,-0.000039,1.000000,0.600250,0.601702,0.107071,0.000000,PSF-00232_20250807113122_f47,PFA-00245,PSA-00257,PSF-00232,RHS-00222,3.0.0,2021-01-19T12:57:14.097Z
170,11:31:42,2025-08-07,Manual gsw+F,LI-COR Default,,170,,,0.016844,2.686799,0.016739,0.752176,0.797375,0.777382,4.300300,3.502924,9.656713,9.905067,53.418713,0.441786,7.500000,PSF-00232_20250807113142_722,0.000000,0.000000,0.000000,215.097427,395.070587,0.455547,0.5,0.80,142.110703,1.000000,18.17,17.71,30.52,30.16,30.16,80.50,132.5,133.1,-0.5,780,3.962,11:26:01,2025-08-07,0.18,1,-0.001,-0.002,0.005,-6.192,-45.183,-2.066,0,150,-9999.000,-9999.000000,0.058905,0.000000,0.029230,0.000000,0.000000,-0.000068,standard,0,mpf,7000,500,-9999.000000,-9999.000000,300,300,300,384.237518,25,-7.661282,380.779968,384.092682,-3.312714,2.432693,2.441430,1.444612,0.872175,0.219125,-0.004759,0.422063,0.757243,215.097427,0.000618,2.400430,-0.000041,1.000000,2.408421,-0.000039,1.000000,0.600250,0.601702,0.107071,0.000000,PSF-00232_20250807113142_722,PFA-00245,PSA-00257,PSF-00232,RHS-00222,3.0.0,2021-01-19T12:57:14.097Z
171,11:32:16,2025-08-07,Manual gsw+F,LI-COR Default,,171,,,0.024864,2.677036,0.024635,1.327148,0.856822,0.821334,5.035969,4.179147,10.200315,10.641040,62.542690,0.441786,7.500000,PSF-00232_20250807113216_33c,0.000000,0.000000,0.000000,58.061958,89.477776,0.351102,0.5,0.80,260.673645,1.000000,19.36,18.56,30.67,32.94,32.94,80.52,131.6,132.3,-0.5,1856,3.961,11:26:01,2025-08-07,0.18,1,0.001,-0.000,0.014,-1.558,-3.162,11.433,0,150,-9999.000,-9999.000000,0.058905,0.000000,0.029230,0.000000,0.000000,-0.000068,standard,0,mpf,7000,500,-9999.000000,-9999.000000,300,300,300,83.335876,25,-5.875645,80.383659,81.058510,-0.674850,2.434086,2.443404,1.437817,0.870246,0.217867,0.027797,0.423219,1.654456,59.283257,0.000613,2.400430,-0.000041,1.000000,2.408421,-0.000039,1.000000,0.600250,0.601702,0.107071,0.000000,PSF-00232_20250807113216_33c,PFA-00245,PSA-00257,PSF-00232,RHS-00222,3.0.0,2021-01-19T12:57:14.097Z
172,11:32:37,2025-08-07,Manual gsw+F,LI-COR Default,,172,,,0.040516,2.656328,0.039907,1.961708,0.827037,0.773839,4.650493,3.823456,9.610582,10.271264,57.756111,0.441786,7.500000,PSF-00232_20250807113237_4f5,0.000000,0.000000,0.000000,140.078903,256.646637,0.454195,0.5,0.80,370.265594,1.000000,18.60,17.41,30.74,31.53,31.53,80.52,129.8,130.4,-0.5,2038,3.960,11:26:01,2025-08-07,0.18,1,0.001,0.001,0.008,-3.519,-3.204,-39.424,0,150,-9999.000,-9999.000000,0.058905,0.000000,0.029230,0.000000,0.000000,-0.000068,standard,0,mpf,7000,500,-9999.000000,-9999.000000,300,300,300,256.646637,25,4.042850,265.795105,262.439667,3.355438,2.432156,2.442134,1.423680,0.865901,0.217193,0.009281,0.423744,1.806116,140.078903,0.000599,2.400430,-0.000041,1.000000,2.408421,-0.000039,1.000000,0.600250,0.601702,0.107071,0.000000,PSF-00232_20250807113237_4f5,PFA-00245,PSA-00257,PSF-00232,RHS-00222,3.0.0,2021-01-19T12:57:14.097Z
173,11:32:53,2025-08-07,Manual gsw+F,LI-COR Default,,173,,,0.042267,2.662094,0.041607,2.159534,0.873171,0.814860,4.902868,4.029697,10.119211,10.843339,60.885529,0.441786,7.500000,PSF-00232_20250807113253_0f9,0.000000,0.000000,0.000000,86.217285,102.233528,0.156663,0.5,0.80,127.482910,1.000000,19.58,18.28,30.79,32.47,32.47,80.53,130.3,131.4,-0.8,2034,3.960,11:26:01,2025-08-07,0.18,1,0.000,-0.000,0.004,-1.727,-4.322,-11.915,0,150,-9999.000,-9999.000000,0.058905,0.000000,0.029230,0.000000,0.000000,-0.000068,standard,0,mpf,7000,500,-9999.000000,-9999.000000,300,300,300,99.522110,25,-1.934365,99.087593,99.461761,-0.374168,2.433604,2.443761,1.427580,0.868178,0.216764,0.020251,0.424208,1.803044,86.217285,0.000608,2.400430,-0.000041,1.000000,2.408421,-0.000039,1.000000,0.600250,0.601702,0.107071,0.000000,PSF-00232_20250807113253_0f9,PFA-00245,PSA-00257,PSF-00232,RHS-00222,3.0.0,2021-01-19T12:57:14.097Z
174,11:33:16,2025-08-07,Manual gsw+F,LI-COR Default,,174,,,0.047489,2.658318,0.046656,1.899584,0.819411,0.767973,3.998860,3.179449,9.540037,10.179018,49.675278,0.441786,7.500000,PSF-00232_20250807113316_8c7,0.000000,0.000000,0.000000,227.640869,420.455261,0.458585,0.5,0.80,126.376633,1.000000,18.30,17.15,30.87,28.90,28.90,80.50,130.0,130.7,-0.5,689,3.959,11:26:01,2025-08-07,0.18,1,-0.000,-0.000,0.013,-2.418,5.177,61.704,0,150,-9999.000,-9999.000000,0.058905,0.000000,0.029230,0.000000,0.000000,-0.000068,standard,0,mpf,7000,500,-9999.000000,-9999.000000,300,300,300,402.325623,25,-13.429008,397.290955,401.212708,-3.921753,2.431720,2.441619,1.425023,0.866452,0.216151,-0.024229,0.424703,0.681427,227.640869,0.000616,2.400430,-0.000041,1.000000,2.408421,-0.000039,1.000000,0.600250,0.601702,0.107071,0.000000,PSF-00232_20250807113316_8c7,PFA-00245,PSA-00257,PSF-00232,RHS-00222,3.0.0,2021-01-19T12:57:14.097Z
175,11:33:35,2025-08-07,Manual gsw+F,LI-COR Default,,175,,,0.064229,2.661897,0.062715,3.207561,0.897001,0.810401,4.868275,3.971273,10.063282,11.138651,60.452553,0.441786,7.500000,PSF-00232_20250807113335_0c3,0.000000,0.000000,0.000000,60.756325,84.593506,0.281785,0.5,0.80,227.361008,1.000000,19.97,18.05,30.92,32.34,32.34,80.53,130.3,125.3,3.8,2017,3.958,11:26:01,2025-08-07,0.18,1,-0.001,0.000,0.006,-0.751,-1.061,-9.646,0,150,-9999.000,-9999.000000,0.058905,0.000000,0.029230,0.000000,0.000000,-0.000068,standard,0,mpf,7000,500,-9999.000000,-9999.000000,300,300,300,83.487152,25,-2.554667,82.650307,80.932899,1.717407,2.433209,2.444394,1.427446,0.853916,0.215703,0.017148,0.425276,1.788709,60.756325,0.000613,2.400430,-0.000041,1.000000,2.408421,-0.000039,1.000000,0.600250,0.601702,0.107071,0.000000,PSF-00232_20250807113335_0c3,PFA-00245,PSA-00257,PSF-00232,RHS-00222,3.0.0,2021-01-19T12:57:14.097Z
176,11:34:30,2025-08-07,Manual gsw+F,LI-COR Default,,176,,,0.004590,2.790678,0.004583,0.266233,0.844721,0.838130,5.343121,4.498400,10.408032,10.489875,66.351707,0.441786,7.500000,PSF-00232_20250807113430_896,0.000000,0.000000,0.000000,100.443359,113.210243,0.112771,0.5,0.80,91.237282,1.000000,18.64,18.49,31.08,34.00,34.00,80.53,142.2,72.1,49.3,2023,3.957,11:26:01,2025-08-07,0.18,1,0.001,0.001,0.001,-0.214,-0.263,-0.493,0,150,-9999.000,-9999.000000,0.058905,0.000000,0.029230,0.000000,0.000000,-0.000068,standard,0,mpf,7000,500,-9999.000000,-9999.000000,300,300,300,111.746552,25,-0.976705,111.965057,111.810715,0.154343,2.433932,2.442157,1.522879,0.737980,0.214330,0.036001,0.426892,1.793265,100.443359,0.000608,2.400430,-0.000041,1.000000,2.408421,-0.000039,1.000000,0.600250,0.601702,0.107071,0.000000,PSF-00232_20250807113430_896,PFA-00245,PSA-00257,PSF-00232,RHS-00222,3.0.0,2021-01-19T12:57:14.097Z
177,11:34:54,2025-08-07,Manual gsw+F,LI-COR Default,,177,,,0.038275,2.669500,0.037734,1.757725,0.856635,0.809412,4.482036,3.625401,10.055087,10.641724,55.679024,0.441786,7.500000,PSF-00232_20250807113454_b27,0.000000,0.000000,0.000000,290.339111,347.772675,0.165147,0.5,0.80,113.955956,1.000000,18.80,17.77,31.17,30.89,30.89,80.50,131.0,130.3,0.5,1725,3.957,11:26:01,2025-08-07,0.18,1,-0.000,0.001,0.005,-9.300,-21.102,-27.962,0,150,-9999.000,-9999.000000,0.058905,0.000000,0.029230,0.000000,0.000000,-0.000068,standard,0,mpf,7000,500,-9999.000000,-9999.000000,300,300,300,334.307678,25,-10.864366,328.458679,332.205017,-3.746338,2.432716,2.442424,1.432630,0.865475,0.213573,-0.003946,0.427392,1.545211,290.339111,0.000612,2.400430,-0.000041,1.000000,2.408421,-0.000039,1.000000,0.600250,0.601702,0.107071,0.000000,PSF-00232_20250807113454_b27,PFA-00245,PSA-00257,PSF-00232,RHS-00222,3.0.0,2021-01-19T12:57:14.097Z
178,11:35:08,2025-08-07,Manual gsw+F,LI-COR Default,,178,,,-0.042740,2.864312,-0.043387,-0.954430,0.745720,0.768148,2.481323,1.735603,9.540792,9.262223,30.819298,0.441786,7.500000,PSF-00232_20250807113508_2d1,0.000000,0.000000,0.000000,1.659036,1.751304,0.052685,0.5,0.80,27.881683,1.000000,16.32,16.81,31.22,20.90,20.90,80.51,150.0,-9.5,106.4,1323,3.957,11:26:01,2025-08-07,0.18,1,-9999.000,-9999.000,-9999.000,-9999.000,-9999.000,-9999.000,0,150,-9999.000,-9999.000000,0.058905,0.000000,0.029230,0.000000,0.000000,-0.000068,standard,0,mpf,7000,500,-9999.000000,-9999.000000,300,300,300,1.751304,25,-0.001474,1.747370,1.749192,-0.001822,2.431112,2.438235,1.586741,0.585218,0.213159,-0.120532,0.427789,1.210041,1.708746,0.000619,2.400430,-0.000041,1.000000,2.408421,-0.000039,1.000000,0.600250,0.601702,0.107071,0.000000,PSF-00232_20250807113508_2d1,PFA-00245,PSA-00257,PSF-00232,RHS-00222,3.0.0,2021-01-19T12:57:14.097Z
179,11:35:21,2025-08-07,Manual gsw+F,LI-COR Default,,179,,,0.012278,2.665038,0.012222,0.650460,0.807778,0.790235,4.940304,4.132526,9.813871,10.031736,61.353279,0.441786,7.500000,PSF-00232_20250807113521_ac6,0.000000,0.000000,0.000000,206.618073,233.559219,0.115350,0.5,0.80,77.720161,1.000000,17.63,17.24,31.27,32.60,32.60,80.52,130.6,131.6,-0.8,1684,3.955,11:26:01,2025-08-07,0.18,1,0.001,0.003,0.007,-11.185,-30.590,-57.973,0,150,-9999.000,-9999.000000,0.058905,0.000000,0.029230,0.000000,0.000000,-0.000068,standard,0,mpf,7000,500,-9999.000000,-9999.000000,300,300,300,227.096909,25,-5.785864,223.051071,225.268600,-2.217529,2.431832,2.440443,1.429582,0.868699,0.212712,0.016008,0.428157,1.511336,206.618073,0.000615,2.400430,-0.000041,1.000000,2.408421,-0.000039,1.000000,0.600250,0.601702,0.107071,0.000000,PSF-00232_20250807113521_ac6,PFA-00245,PSA-00257,PSF-00232,RHS-00222,3.0.0,2021-01-19T12:57:14.097Z
180,11:35:39,2025-08-07,Manual gsw+F,LI-COR Default,,180,,,0.012650,2.702821,0.012591,0.608034,0.860933,0.844954,4.616754,3.755821,10.494861,10.693327,57.342964,0.441786,7.500000,PSF-00232_20250807113539_540,0.000000,0.000000,0.000000,103.987816,158.596710,0.344326,0.5,0.80,203.850128,1.000000,18.71,18.37,31.34,31.41,31.41,80.51,133.9,134.1,-0.1,1480,3.955,11:26:01,2025-08-07,0.18,1,-0.000,-0.001,0.001,-5.875,-14.158,-37.295,0,150,-9999.000,-9999.000000,0.058905,0.000000,0.029230,0.000000,0.000000,-0.000068,standard,0,mpf,7000,500,-9999.000000,-9999.000000,300,300,300,151.191833,25,-5.521057,148.828629,150.685532,-1.856903,2.433696,2.442257,1.455951,0.874473,0.212139,0.000323,0.428643,1.340960,109.713074,0.000615,2.400430,-0.000041,1.000000,2.408421,-0.000039,1.000000,0.600250,0.601702,0.107071,0.000000,PSF-00232_20250807113539_540,PFA-00245,PSA-00257,PSF-00232,RHS-00222,3.0.0,2021-01-19T12:57:14.097Z
181,11:36:00,2025-08-07,Manual gsw+F,LI-COR Default,,181,,,0.030845,2.682713,0.030495,1.593649,0.941300,0.898884,4.994930,4.053630,11.161448,11.688125,62.022049,0.441786,7.500000,PSF-00232_20250807113600_415,0.000000,0.000000,0.000000,86.305618,173.918060,0.503757,0.5,0.80,405.793365,1.000000,20.37,19.45,31.42,32.80,32.80,80.53,132.1,132.8,-0.5,2014,3.955,11:26:01,2025-08-07,0.18,1,-0.001,-0.000,0.006,0.404,0.628,-2.319,0,150,-9999.000,-9999.000000,0.058905,0.000000,0.029230,0.000000,0.000000,-0.000068,standard,0,mpf,7000,500,-9999.000000,-9999.000000,300,300,300,159.536713,25,-10.270362,156.676407,159.201569,-2.525162,2.435482,2.444990,1.441757,0.871512,0.211501,0.016650,0.429217,1.785945,86.305618,0.000599,2.400430,-0.000041,1.000000,2.408421,-0.000039,1.000000,0.600250,0.601702,0.107071,0.000000,PSF-00232_20250807113600_415,PFA-00245,PSA-00257,PSF-00232,RHS-00222,3.0.0,2021-01-19T12:57:14.097Z
182,11:36:25,2025-08-07,Manual gsw+F,LI-COR Default,,182,,,0.010445,2.745491,0.010406,0.552911,0.884028,0.869913,5.006362,4.122334,10.802850,10.978135,62.170563,0.441786,7.500000,PSF-00232_20250807113625_dd1,0.000000,0.000000,0.000000,92.744354,101.302841,0.084484,0.5,0.80,68.670349,1.000000,19.03,18.72,31.52,32.84,32.84,80.53,137.8,135.2,1.9,2032,3.954,11:36:15,2025-08-07,0.25,1,0.001,0.002,-0.000,-1.628,-3.970,-11.561,0,150,-9999.000,-9999.000000,0.058905,0.000000,0.029230,0.000000,0.000000,-0.000068,standard,0,mpf,7000,500,-9999.000000,-9999.000000,300,300,300,99.514961,25,-1.298645,99.048256,99.442001,-0.393745,2.434263,2.442641,1.487384,0.877134,0.210677,0.015926,0.429989,1.801129,92.744354,0.000608,2.400430,-0.000041,1.000000,2.408421,-0.000039,1.000000,0.600250,0.601702,0.107071,0.000000,PSF-00232_20250807113625_dd1,PFA-00245,PSA-00257,PSF-00232,RHS-00222,3.0.0,2021-01-19T12:57:14.097Z
183,11:36:45,2025-08-07,Manual gsw+F,LI-COR Default,,183,,,0.000935,2.708805,0.000935,0.054442,0.873429,0.872004,5.382590,4.509161,10.828147,10.845842,66.838524,0.441786,7.500000,PSF-00232_20250807113645_c8d,0.000000,0.000000,0.000000,73.339104,80.164169,0.085139,0.5,0.80,69.536423,1.000000,18.72,18.69,31.59,34.13,34.13,80.53,134.4,135.2,-0.5,2042,3.954,11:36:15,2025-08-07,0.25,1,-0.001,-0.000,-0.000,-0.412,-0.871,-3.098,0,150,-9999.000,-9999.000000,0.058905,0.000000,0.029230,0.000000,0.000000,-0.000068,standard,0,mpf,7000,500,-9999.000000,-9999.000000,300,300,300,79.004288,25,-0.816641,78.855873,78.993996,-0.138123,2.434201,2.442123,1.460249,0.877044,0.210071,0.031329,0.430576,1.809308,73.339104,0.000608,2.400430,-0.000041,1.000000,2.408421,-0.000039,1.000000,0.600250,0.601702,0.107071,0.000000,PSF-00232_20250807113645_c8d,PFA-00245,PSA-00257,PSF-00232,RHS-00222,3.0.0,2021-01-19T12:57:14.097Z
184,11:37:03,2025-08-07,Manual gsw+F,LI-COR Default,,184,,,0.029011,2.810201,0.028714,1.697577,0.841824,0.800372,5.417862,4.576038,9.938468,10.453186,67.275261,0.441786,7.500000,PSF-00232_20250807113703_d5d,0.000000,0.000000,0.000000,48.314095,65.896835,0.266822,0.5,0.80,204.133087,1.000000,17.98,17.09,31.65,34.25,34.25,80.53,144.2,67.7,53.0,1913,3.954,11:36:15,2025-08-07,0.25,1,-0.000,-0.001,-0.005,0.128,-0.676,-2.075,0,150,-9999.000,-9999.000000,0.058905,0.000000,0.029230,0.000000,0.000000,-0.000068,standard,0,mpf,7000,500,-9999.000000,-9999.000000,300,300,300,62.661766,25,-2.231367,62.469719,62.699490,-0.229771,2.431540,2.440880,1.539017,0.729024,0.209572,0.032066,0.431031,1.701576,48.314095,0.000608,2.400430,-0.000041,1.000000,2.408421,-0.000039,1.000000,0.600250,0.601702,0.107071,0.000000,PSF-00232_20250807113703_d5d,PFA-00245,PSA-00257,PSF-00232,RHS-00222,3.0.0,2021-01-19T12:57:14.097Z
185,11:37:21,2025-08-07,Manual gsw+F,LI-COR Default,,185,,,0.005109,2.679692,0.005100,0.285004,0.836367,0.828756,5.169382,4.333015,10.290828,10.385331,64.189209,0.441786,7.500000,PSF-00232_20250807113721_095,0.000000,0.000000,0.000000,56.080700,192.865494,0.709224,0.5,0.80,563.877502,1.000000,17.81,17.65,31.71,33.41,33.41,80.53,131.9,132.3,-0.3,1988,3.952,11:36:15,2025-08-07,0.25,1,-0.002,-0.002,0.005,26.680,-36.009,48.054,0,150,-9999.000,-9999.000000,0.058905,0.000000,0.029230,0.000000,0.000000,-0.000068,standard,0,mpf,7000,500,-9999.000000,-9999.000000,300,300,300,192.865494,25,-48.029018,80.246689,124.044281,-43.797592,2.432458,2.440587,1.439657,0.870216,0.209130,0.020760,0.431398,1.764122,56.080700,0.000623,2.400430,-0.000041,1.000000,2.408421,-0.000039,1.000000,0.600250,0.601702,0.107071,0.000000,PSF-00232_20250807113721_095,PFA-00245,PSA-00257,PSF-00232,RHS-00222,3.0.0,2021-01-19T12:57:14.097Z
186,11:37:47,2025-08-07,Manual gsw+F,LI-COR Default,,186,,,0.000664,2.679777,0.000664,0.036072,0.813709,0.812745,5.031666,4.217957,10.094271,10.106235,62.493130,0.441786,7.500000,PSF-00232_20250807113747_aba,0.000000,0.000000,0.000000,85.405823,114.551262,0.254431,0.5,0.80,85.358170,1.000000,17.25,17.22,31.79,32.93,32.93,80.52,131.9,131.8,0.1,839,3.952,11:36:15,2025-08-07,0.25,1,-0.000,0.000,0.001,-0.110,-0.861,-1.464,0,150,-9999.000,-9999.000000,0.058905,0.000000,0.029230,0.000000,0.000000,-0.000068,standard,0,mpf,7000,500,-9999.000000,-9999.000000,300,300,300,109.906555,25,-3.570368,108.002899,109.435249,-1.432350,2.431744,2.439629,1.439716,0.869050,0.208454,0.013695,0.432150,0.806283,85.405823,0.000614,2.400430,-0.000041,1.000000,2.408421,-0.000039,1.000000,0.600250,0.601702,0.107071,0.000000,PSF-00232_20250807113747_aba,PFA-00245,PSA-00257,PSF-00232,RHS-00222,3.0.0,2021-01-19T12:57:14.097Z
187,11:38:11,2025-08-07,Manual gsw+F,LI-COR Default,,187,,,0.030684,2.671141,0.030336,1.736145,0.856708,0.810091,5.290153,4.433445,10.058402,10.637210,65.684570,0.441786,7.500000,PSF-00232_20250807113811_4f3,0.000000,0.000000,0.000000,75.195908,104.180252,0.278213,0.5,0.80,214.337936,1.000000,18.09,17.11,31.85,33.82,33.82,80.54,131.1,128.8,1.8,1926,3.952,11:36:15,2025-08-07,0.25,1,-0.000,0.000,0.004,-0.240,-0.687,-1.550,0,150,-9999.000,-9999.000000,0.058905,0.000000,0.029230,0.000000,0.000000,-0.000068,standard,0,mpf,7000,500,-9999.000000,-9999.000000,300,300,300,99.820374,25,-2.962761,99.837898,99.934883,-0.096985,2.431537,2.441043,1.433755,0.862055,0.207919,0.024129,0.432710,1.712737,75.195908,0.000599,2.400430,-0.000041,1.000000,2.408421,-0.000039,1.000000,0.600250,0.601702,0.107071,0.000000,PSF-00232_20250807113811_4f3,PFA-00245,PSA-00257,PSF-00232,RHS-00222,3.0.0,2021-01-19T12:57:14.097Z
188,11:38:32,2025-08-07,Manual gsw+F,LI-COR Default,,188,,,0.040164,2.658284,0.039566,2.241630,0.960448,0.899821,5.345064,4.384615,11.171755,11.924479,66.361832,0.441786,7.500000,PSF-00232_20250807113832_249,0.000000,0.000000,0.000000,81.879616,114.905777,0.287419,0.5,0.80,232.924561,1.000000,20.21,18.94,31.91,34.01,34.01,80.54,130.0,130.8,-0.6,2026,3.951,11:36:15,2025-08-07,0.25,1,0.002,0.003,0.005,-1.821,-5.402,-11.697,0,150,-9999.000,-9999.000000,0.058905,0.000000,0.029230,0.000000,0.000000,-0.000068,standard,0,mpf,7000,500,-9999.000000,-9999.000000,300,300,300,105.516312,25,-7.039165,102.890968,104.819290,-1.928322,2.434572,2.444555,1.425000,0.866753,0.207433,0.025727,0.433340,1.796085,81.879616,0.000582,2.400430,-0.000041,1.000000,2.408421,-0.000039,1.000000,0.600250,0.601702,0.107071,0.000000,PSF-00232_20250807113832_249,PFA-00245,PSA-00257,PSF-00232,RHS-00222,3.0.0,2021-01-19T12:57:14.097Z
189,11:38:48,2025-08-07,Manual gsw+F,LI-COR Default,,189,,,0.012962,2.677646,0.012900,0.709786,0.828289,0.809304,5.097370,4.269081,10.047189,10.282888,63.281872,0.441786,7.500000,PSF-00232_20250807113848_4f9,0.000000,0.000000,0.000000,77.514412,98.591431,0.213781,0.5,0.80,168.882950,1.000000,17.39,16.99,31.96,33.16,33.16,80.55,131.7,130.1,1.2,1975,3.950,11:36:15,2025-08-07,0.25,1,-0.000,0.001,0.003,-1.766,-4.880,-13.757,0,150,-9999.000,-9999.000000,0.058905,0.000000,0.029230,0.000000,0.000000,-0.000068,standard,0,mpf,7000,500,-9999.000000,-9999.000000,300,300,300,96.089958,25,-1.927110,96.938255,95.830055,1.108200,2.431334,2.439855,1.438239,0.865019,0.207092,0.014512,0.433675,1.753527,78.075882,0.000597,2.400430,-0.000041,1.000000,2.408421,-0.000039,1.000000,0.600250,0.601702,0.107071,0.000000,PSF-00232_20250807113848_4f9,PFA-00245,PSA-00257,PSF-00232,RHS-00222,3.0.0,2021-01-19T12:57:14.097Z
190,11:39:12,2025-08-07,Manual gsw+F,LI-COR Default,,190,,,0.020820,2.810412,0.020667,1.237092,0.869677,0.839481,5.500363,4.630686,10.422536,10.797444,68.289536,0.441786,7.500000,PSF-00232_20250807113912_e18,0.000000,0.000000,0.000000,73.420288,94.936699,0.226640,0.5,0.80,179.602814,1.000000,18.19,17.56,32.02,34.52,34.52,80.54,144.2,27.2,81.1,1981,3.950,11:36:15,2025-08-07,0.25,1,-0.000,-0.001,0.006,-0.369,-0.850,-2.848,0,150,-9999.000,-9999.000000,0.058905,0.000000,0.029230,0.000000,0.000000,-0.000068,standard,0,mpf,7000,500,-9999.000000,-9999.000000,300,300,300,90.137604,25,-3.418013,89.291451,90.039001,-0.747551,2.432282,2.441198,1.539194,0.650631,0.206580,0.030956,0.434320,1.758697,73.420288,0.000607,2.400430,-0.000041,1.000000,2.408421,-0.000039,1.000000,0.600250,0.601702,0.107071,0.000000,PSF-00232_20250807113912_e18,PFA-00245,PSA-00257,PSF-00232,RHS-00222,3.0.0,2021-01-19T12:57:14.097Z
191,11:39:40,2025-08-07,Manual gsw+F,LI-COR Default,,191,,,0.098708,2.779035,0.095322,5.058070,0.928839,0.802710,5.044335,4.115496,9.965947,11.531895,62.627346,0.441786,7.500000,PSF-00232_20250807113940_213,0.000000,0.000000,0.000000,82.814812,125.340050,0.339279,0.5,0.80,276.451019,1.000000,19.35,16.72,32.09,32.97,32.97,80.55,141.1,48.6,65.6,2037,3.950,11:36:15,2025-08-07,0.25,1,-0.000,-0.001,0.005,-0.094,-0.288,-0.783,0,150,-9999.000,-9999.000000,0.058905,0.000000,0.029230,0.000000,0.000000,-0.000068,standard,0,mpf,7000,500,-9999.000000,-9999.000000,300,300,300,117.761848,25,-5.197302,118.023277,117.892792,0.130486,2.430867,2.443112,1.513495,0.691086,0.205975,0.010462,0.434887,1.805298,82.814812,0.000608,2.400430,-0.000041,1.000000,2.408421,-0.000039,1.000000,0.600250,0.601702,0.107071,0.000000,PSF-00232_20250807113940_213,PFA-00245,PSA-00257,PSF-00232,RHS-00222,3.0.0,2021-01-19T12:57:14.097Z
192,11:39:55,2025-08-07,Manual gsw+F,LI-COR Default,,192,,,0.069045,2.642895,0.067288,3.240504,0.907449,0.818856,4.652442,3.744993,10.166698,11.266639,57.763451,0.441786,7.500000,PSF-00232_20250807113955_930,0.000000,0.000000,0.000000,78.142403,155.397614,0.497145,0.5,0.80,377.256897,1.000000,18.88,17.03,32.12,31.54,31.54,80.54,128.7,127.9,0.6,1897,3.948,11:36:15,2025-08-07,0.25,1,0.000,0.000,-0.001,-0.955,-2.243,-8.381,0,150,-9999.000,-9999.000000,0.058905,0.000000,0.029230,0.000000,0.000000,-0.000068,standard,0,mpf,7000,500,-9999.000000,-9999.000000,300,300,300,144.571777,25,-7.757411,142.526505,144.281952,-1.755447,2.431389,2.442327,1.414701,0.860005,0.205775,-0.007615,0.435291,1.688640,80.114006,0.000613,2.400430,-0.000041,1.000000,2.408421,-0.000039,1.000000,0.600250,0.601702,0.107071,0.000000,PSF-00232_20250807113955_930,PFA-00245,PSA-00257,PSF-00232,RHS-00222,3.0.0,2021-01-19T12:57:14.097Z
193,11:40:21,2025-08-07,Manual gsw+F,LI-COR Default,,193,,,0.007882,2.750985,0.007859,0.435010,0.859500,0.848431,5.151338,4.291837,10.533461,10.670893,63.955032,0.441786,7.500000,PSF-00232_20250807114021_43e,0.000000,0.000000,0.000000,50.614716,81.087570,0.375802,0.5,0.80,280.209900,1.000000,17.83,17.60,32.17,33.35,33.35,80.55,138.3,62.0,55.2,1864,3.948,11:36:15,2025-08-07,0.25,1,0.002,0.001,0.004,0.541,0.344,-4.460,0,150,-9999.000,-9999.000000,0.058905,0.000000,0.029230,0.000000,0.000000,-0.000068,standard,0,mpf,7000,500,-9999.000000,-9999.000000,300,300,300,75.829269,25,-3.830188,74.153069,75.599258,-1.446190,2.432337,2.440579,1.491571,0.717556,0.205405,0.014272,0.436200,1.661100,50.614716,0.000611,2.400430,-0.000041,1.000000,2.408421,-0.000039,1.000000,0.600250,0.601702,0.107071,0.000000,PSF-00232_20250807114021_43e,PFA-00245,PSA-00257,PSF-00232,RHS-00222,3.0.0,2021-01-19T12:57:14.097Z
194,11:40:37,2025-08-07,Manual gsw+F,LI-COR Default,,194,,,0.034630,2.646309,0.034183,1.672590,0.807530,0.761849,4.615793,3.808264,9.459111,10.026286,57.309681,0.441786,7.500000,PSF-00232_20250807114037_4c8,0.000000,0.000000,0.000000,81.185463,227.960693,0.643862,0.5,0.80,431.232422,1.000000,16.73,15.78,32.19,31.40,31.40,80.54,129.0,125.9,2.4,1674,3.922,11:36:15,2025-08-07,0.25,1,-0.001,0.000,0.002,0.682,0.806,-0.803,0,150,-9999.000,-9999.000000,0.058905,0.000000,0.029230,0.000000,0.000000,-0.000068,standard,0,mpf,7000,500,-9999.000000,-9999.000000,300,300,300,201.614136,25,-18.955507,195.364960,200.799179,-5.434219,2.429267,2.438711,1.416969,0.855205,0.205175,-0.010254,0.436482,1.502967,81.185463,0.000634,2.400430,-0.000041,1.000000,2.408421,-0.000039,1.000000,0.600250,0.601702,0.107071,0.000000,PSF-00232_20250807114037_4c8,PFA-00245,PSA-00257,PSF-00232,RHS-00222,3.0.0,2021-01-19T12:57:14.097Z
195,11:40:58,2025-08-07,Manual gsw+F,LI-COR Default,,195,,,0.031881,2.692314,0.031507,1.735761,0.871542,0.825592,5.143117,4.271576,10.250104,10.820589,63.854164,0.441786,7.500000,PSF-00232_20250807114058_72f,0.000000,0.000000,0.000000,62.477230,84.547035,0.261036,0.5,0.80,210.192108,1.000000,18.01,17.06,32.23,33.32,33.32,80.54,133.0,99.7,25.0,2013,3.947,11:36:15,2025-08-07,0.25,1,0.000,0.001,0.007,0.090,-0.211,-1.770,0,150,-9999.000,-9999.000000,0.058905,0.000000,0.029230,0.000000,0.000000,-0.000068,standard,0,mpf,7000,500,-9999.000000,-9999.000000,300,300,300,81.333160,25,-2.324775,81.879257,81.215843,0.663414,2.431425,2.440872,1.448488,0.796284,0.204844,0.013046,0.436957,1.785298,62.477230,0.000608,2.400430,-0.000041,1.000000,2.408421,-0.000039,1.000000,0.600250,0.601702,0.107071,0.000000,PSF-00232_20250807114058_72f,PFA-00245,PSA-00257,PSF-00232,RHS-00222,3.0.0,2021-01-19T12:57:14.097Z
196,11:41:22,2025-08-07,Manual gsw+F,LI-COR Default,,196,,,0.015233,2.619421,0.015145,0.878142,0.913477,0.889098,5.400795,4.487318,11.038290,11.340950,67.051682,0.441786,7.500000,PSF-00232_20250807114122_827,0.000000,0.000000,0.000000,92.138168,124.029312,0.257126,0.5,0.80,176.530853,1.000000,18.81,18.30,32.30,34.19,34.19,80.55,126.7,128.0,-1.0,1716,3.946,11:36:15,2025-08-07,0.25,1,0.001,0.001,0.002,-0.590,-2.090,-3.807,0,150,-9999.000,-9999.000000,0.058905,0.000000,0.029230,0.000000,0.000000,-0.000068,standard,0,mpf,7000,500,-9999.000000,-9999.000000,300,300,300,116.786957,25,-5.189140,115.604637,116.593750,-0.989113,2.433488,2.442192,1.399352,0.860237,0.204309,0.023256,0.437724,1.537971,92.138168,0.000594,2.400430,-0.000041,1.000000,2.408421,-0.000039,1.000000,0.600250,0.601702,0.107071,0.000000,PSF-00232_20250807114122_827,PFA-00245,PSA-00257,PSF-00232,RHS-00222,3.0.0,2021-01-19T12:57:14.097Z
197,11:42:07,2025-08-07,Manual gsw+F,LI-COR Default,,197,,,0.334587,2.809520,0.298981,15.158504,1.125577,0.756568,5.052085,3.926508,9.394399,13.976421,62.732330,0.441786,7.500000,PSF-00232_20250807114207_f97,0.000000,0.000000,0.000000,90.477348,164.290634,0.449285,0.5,0.80,280.790405,1.000000,23.00,15.46,32.43,33.00,33.00,80.53,144.1,14.7,89.8,1562,3.945,11:36:15,2025-08-07,0.25,1,0.000,0.003,0.017,-1.512,-2.047,-3.425,0,150,-9999.000,-9999.000000,0.058905,0.000000,0.029230,0.000000,0.000000,-0.000068,standard,0,mpf,7000,500,-9999.000000,-9999.000000,300,300,300,153.056503,25,-7.799127,152.307266,153.115189,-0.807922,2.428700,2.449015,1.538446,0.627752,0.203259,0.006584,0.438948,1.409622,90.196968,0.000603,2.400430,-0.000041,1.000000,2.408421,-0.000039,1.000000,0.600250,0.601702,0.107071,0.000000,PSF-00232_20250807114207_f97,PFA-00245,PSA-00257,PSF-00232,RHS-00222,3.0.0,2021-01-19T12:57:14.097Z
198,11:42:33,2025-08-07,Manual gsw+F,LI-COR Default,,198,,,0.032706,2.624773,0.032303,1.679314,0.895254,0.848797,4.930203,4.034949,10.540260,11.117164,61.222710,0.441786,7.500000,PSF-00232_20250807114233_67a,0.000000,0.000000,0.000000,97.389580,120.453964,0.191479,0.5,0.80,152.886749,1.000000,18.21,17.27,32.51,32.57,32.57,80.53,127.2,127.7,-0.4,1996,3.945,11:36:15,2025-08-07,0.25,1,0.002,0.001,0.021,-1.556,-2.737,8.614,0,150,-9999.000,-9999.000000,0.058905,0.000000,0.029230,0.000000,0.000000,-0.000068,standard,0,mpf,7000,500,-9999.000000,-9999.000000,300,300,300,116.285561,25,-2.894746,116.023422,116.306061,-0.282639,2.431744,2.441184,1.402815,0.859420,0.202640,0.000197,0.439611,1.771186,97.389580,0.000589,2.400430,-0.000041,1.000000,2.408421,-0.000039,1.000000,0.600250,0.601702,0.107071,0.000000,PSF-00232_20250807114233_67a,PFA-00245,PSA-00257,PSF-00232,RHS-00222,3.0.0,2021-01-19T12:57:14.097Z
199,11:42:52,2025-08-07,Manual gsw+F,LI-COR Default,,199,,,0.077388,2.624721,0.075172,3.746137,0.905871,0.802246,4.777380,3.871510,9.962194,11.248999,59.324966,0.441786,7.500000,PSF-00232_20250807114252_2e0,0.000000,0.000000,0.000000,86.337807,149.562485,0.422731,0.5,0.80,327.598206,1.000000,18.39,16.28,32.55,32.01,32.01,80.53,127.2,127.9,-0.6,1937,3.944,11:36:15,2025-08-07,0.25,1,-0.000,-0.001,0.005,-0.121,-0.700,-2.906,0,150,-9999.000,-9999.000000,0.058905,0.000000,0.029230,0.000000,0.000000,-0.000068,standard,0,mpf,7000,500,-9999.000000,-9999.000000,300,300,300,138.239258,25,-8.173667,136.768341,137.850357,-1.082016,2.430082,2.441464,1.402781,0.859994,0.202294,-0.007264,0.440098,1.722217,86.337807,0.000615,2.400430,-0.000041,1.000000,2.408421,-0.000039,1.000000,0.600250,0.601702,0.107071,0.000000,PSF-00232_20250807114252_2e0,PFA-00245,PSA-00257,PSF-00232,RHS-00222,3.0.0,2021-01-19T12:57:14.097Z
200,11:43:29,2025-08-07,Manual gsw+F,LI-COR Default,,200,,,0.093193,2.631704,0.090006,4.812781,0.956681,0.824236,5.100934,4.144253,10.234885,11.879509,63.340462,0.441786,7.500000,PSF-00232_20250807114329_cf7,0.000000,0.000000,0.000000,87.734344,137.625946,0.362516,0.5,0.80,277.148224,1.000000,19.32,16.64,32.64,33.17,33.17,80.53,127.7,121.2,5.2,1911,3.943,11:36:15,2025-08-07,0.25,1,0.001,0.002,0.007,-1.407,-3.645,-7.550,0,150,-9999.000,-9999.000000,0.058905,0.000000,0.029230,0.000000,0.000000,-0.000068,standard,0,mpf,7000,500,-9999.000000,-9999.000000,300,300,300,126.307365,25,-8.043983,124.557495,126.099648,-1.542152,2.430682,2.443002,1.407330,0.844331,0.201583,0.006090,0.441174,1.700451,87.734344,0.000598,2.400430,-0.000041,1.000000,2.408421,-0.000039,1.000000,0.600250,0.601702,0.107071,0.000000,PSF-00232_20250807114329_cf7,PFA-00245,PSA-00257,PSF-00232,RHS-00222,3.0.0,2021-01-19T12:57:14.097Z
201,11:43:50,2025-08-07,Manual gsw+F,LI-COR Default,,201,,,0.029643,2.617400,0.029311,1.580553,0.818733,0.774757,5.003924,4.185192,9.621288,10.167405,62.141056,0.441786,7.500000,PSF-00232_20250807114350_1a0,0.000000,0.000000,0.000000,150.997635,178.815506,0.155567,0.5,0.80,121.806900,1.000000,16.48,15.60,32.70,32.83,32.83,80.53,126.6,127.1,-0.4,1957,3.943,11:36:15,2025-08-07,0.25,1,-0.001,-0.001,0.003,-5.134,-13.400,-37.755,0,150,-9999.000,-9999.000000,0.058905,0.000000,0.029230,0.000000,0.000000,-0.000068,standard,0,mpf,7000,500,-9999.000000,-9999.000000,300,300,300,172.731400,25,-4.758374,170.851349,171.997192,-1.145844,2.428909,2.438249,1.398050,0.858045,0.201168,0.001158,0.441521,1.738948,150.997635,0.000607,2.400430,-0.000041,1.000000,2.408421,-0.000039,1.000000,0.600250,0.601702,0.107071,0.000000,PSF-00232_20250807114350_1a0,PFA-00245,PSA-00257,PSF-00232,RHS-00222,3.0.0,2021-01-19T12:57:14.097Z
202,11:44:15,2025-08-07,Manual gsw+F,LI-COR Default,,202,,,0.040243,2.628409,0.039636,1.919160,0.831037,0.778034,4.598310,3.767273,9.662644,10.320910,57.107853,0.441786,7.500000,PSF-00232_20250807114415_3cc,0.000000,0.000000,0.000000,172.991394,474.673401,0.635557,0.5,0.80,126.019554,1.000000,16.66,15.60,32.77,31.34,31.34,80.52,127.5,128.0,-0.4,496,3.942,11:36:15,2025-08-07,0.25,1,0.001,0.001,0.005,7.770,7.730,11.139,0,150,-9999.000,-9999.000000,0.058905,0.000000,0.029230,0.000000,0.000000,-0.000068,standard,0,mpf,7000,500,-9999.000000,-9999.000000,300,300,300,455.225586,25,-14.016664,451.203339,454.588806,-3.385468,2.428906,2.438547,1.405179,0.860071,0.200599,-0.018242,0.441951,0.520326,172.991394,0.000612,2.400430,-0.000041,1.000000,2.408421,-0.000039,1.000000,0.600250,0.601702,0.107071,0.000000,PSF-00232_20250807114415_3cc,PFA-00245,PSA-00257,PSF-00232,RHS-00222,3.0.0,2021-01-19T12:57:14.097Z
203,11:44:33,2025-08-07,Manual gsw+F,LI-COR Default,,203,,,0.053058,2.617819,0.052004,3.032260,0.890866,0.806593,5.402899,4.512033,10.016094,11.062574,67.091965,0.441786,7.500000,PSF-00232_20250807114433_25d,0.000000,0.000000,0.000000,60.601471,83.624535,0.275315,0.5,0.80,206.300003,1.000000,17.81,16.13,32.82,34.20,34.20,80.53,126.6,126.2,0.3,1873,3.941,11:36:15,2025-08-07,0.25,1,-0.000,-0.000,0.005,-0.496,-3.536,-1.112,0,150,-9999.000,-9999.000000,0.058905,0.000000,0.029230,0.000000,0.000000,-0.000068,standard,0,mpf,7000,500,-9999.000000,-9999.000000,300,300,300,81.334946,25,-1.879952,80.853943,80.930733,-0.076790,2.429795,2.440479,1.398320,0.856075,0.200206,0.016861,0.442555,1.668795,60.601471,0.000608,2.400430,-0.000041,1.000000,2.408421,-0.000039,1.000000,0.600250,0.601702,0.107071,0.000000,PSF-00232_20250807114433_25d,PFA-00245,PSA-00257,PSF-00232,RHS-00222,3.0.0,2021-01-19T12:57:14.097Z
204,11:45:01,2025-08-07,Manual gsw+F,LI-COR Default,,204,,,0.055856,2.626327,0.054693,3.162173,0.944108,0.856770,5.416232,4.472124,10.639170,11.723722,67.257530,0.441786,7.500000,PSF-00232_20250807114501_c7e,0.000000,0.000000,0.000000,91.876389,129.628235,0.291232,0.5,0.80,239.289032,1.000000,18.78,17.05,32.91,34.24,34.24,80.53,127.3,117.0,8.1,2054,3.941,11:36:15,2025-08-07,0.25,1,0.002,0.000,0.004,-2.098,-6.170,-25.780,0,150,-9999.000,-9999.000000,0.058905,0.000000,0.029230,0.000000,0.000000,-0.000068,standard,0,mpf,7000,500,-9999.000000,-9999.000000,300,300,300,119.972351,25,-6.807005,118.592262,119.874413,-1.282150,2.431329,2.442088,1.403824,0.834906,0.199511,0.016308,0.443374,1.819524,91.876389,0.000593,2.400430,-0.000041,1.000000,2.408421,-0.000039,1.000000,0.600250,0.601702,0.107071,0.000000,PSF-00232_20250807114501_c7e,PFA-00245,PSA-00257,PSF-00232,RHS-00222,3.0.0,2021-01-19T12:57:14.097Z
205,11:45:18,2025-08-07,Manual gsw+F,LI-COR Default,,205,,,0.015179,2.615715,0.015092,0.767668,0.827297,0.805919,4.780277,3.952980,10.009430,10.274940,59.370522,0.441786,7.500000,PSF-00232_20250807114518_390,0.000000,0.000000,0.000000,92.142105,254.504532,0.637955,0.5,0.80,223.317047,1.000000,16.42,16.00,32.95,32.02,32.02,80.52,126.4,126.1,0.3,875,3.939,11:36:15,2025-08-07,0.25,1,-0.000,0.000,0.001,-0.571,-4.236,-19.219,0,150,-9999.000,-9999.000000,0.058905,0.000000,0.029230,0.000000,0.000000,-0.000068,standard,0,mpf,7000,500,-9999.000000,-9999.000000,300,300,300,246.342300,25,-5.782237,243.751999,246.219116,-2.467117,2.429561,2.438118,1.396967,0.855749,0.199189,-0.012066,0.443792,0.836640,92.142105,0.000623,2.400430,-0.000041,1.000000,2.408421,-0.000039,1.000000,0.600250,0.601702,0.107071,0.000000,PSF-00232_20250807114518_390,PFA-00245,PSA-00257,PSF-00232,RHS-00222,3.0.0,2021-01-19T12:57:14.097Z
206,11:46:47,2025-08-07,Manual gsw+F,LI-COR Default,,206,,,0.044095,2.652404,0.043374,1.943658,0.864079,0.811255,4.355638,3.491559,10.074448,10.730440,54.089832,0.441786,7.500000,PSF-00232_20250807114647_41d,0.000000,0.000000,0.000000,93.352318,265.756165,0.648729,0.5,0.80,165.184387,1.000000,17.08,16.04,33.02,30.39,30.39,80.53,129.5,125.8,2.8,637,3.908,11:46:36,2025-08-07,0.27,1,0.000,0.001,0.006,0.045,0.366,0.614,0,150,-9999.000,-9999.000000,0.058905,0.000000,0.029230,0.000000,0.000000,-0.000068,standard,0,mpf,7000,500,-9999.000000,-9999.000000,300,300,300,248.167282,25,-12.981012,243.618256,247.155563,-3.537308,2.429623,2.439193,1.421042,0.855086,0.198630,-0.032990,0.444554,0.637760,93.352318,0.000617,2.400430,-0.000041,1.000000,2.408421,-0.000039,1.000000,0.600250,0.601702,0.107071,0.000000,PSF-00232_20250807114647_41d,PFA-00245,PSA-00257,PSF-00232,RHS-00222,3.0.0,2021-01-19T12:57:14.097Z
207,11:47:08,2025-08-07,Manual gsw+F,LI-COR Default,,207,,,0.062746,2.623205,0.061281,2.542938,0.834455,0.763978,4.074401,3.239946,9.486663,10.361814,50.593727,0.441786,7.500000,PSF-00232_20250807114708_c29,0.000000,0.000000,0.000000,155.373566,393.500885,0.605151,0.5,0.80,393.103912,1.000000,16.52,15.12,33.00,29.22,29.22,80.53,127.0,127.7,-0.5,1624,3.938,11:46:36,2025-08-07,0.27,1,0.001,0.001,0.011,-7.896,-113.268,13.407,0,150,-9999.000,-9999.000000,0.058905,0.000000,0.029230,0.000000,0.000000,-0.000068,standard,0,mpf,7000,500,-9999.000000,-9999.000000,300,300,300,378.232605,25,-10.447203,376.703369,378.531006,-1.827637,2.428068,2.438237,1.401798,0.859482,0.198796,-0.046738,0.444734,1.460945,155.373566,0.000605,2.400430,-0.000041,1.000000,2.408421,-0.000039,1.000000,0.600250,0.601702,0.107071,0.000000,PSF-00232_20250807114708_c29,PFA-00245,PSA-00257,PSF-00232,RHS-00222,3.0.0,2021-01-19T12:57:14.097Z
208,11:47:32,2025-08-07,Manual gsw+F,LI-COR Default,,208,,,0.014220,2.637296,0.014144,0.599090,0.759937,0.743471,4.068792,3.308855,9.232105,9.436584,50.524548,0.441786,7.500000,PSF-00232_20250807114732_751,0.000000,0.000000,0.000000,69.998505,285.630096,0.754933,0.5,0.80,41.280891,1.000000,15.10,14.77,32.94,29.20,29.20,80.53,128.2,114.1,11.0,137,3.937,11:46:36,2025-08-07,0.27,1,0.000,0.000,0.003,0.134,0.218,0.441,0,150,-9999.000,-9999.000000,0.058905,0.000000,0.029230,0.000000,0.000000,-0.000068,standard,0,mpf,7000,500,-9999.000000,-9999.000000,300,300,300,274.564850,25,-7.819078,272.370819,274.426056,-2.055237,2.427469,2.435811,1.411001,0.828308,0.199289,-0.046233,0.444824,0.221037,69.998505,0.000618,2.400430,-0.000041,1.000000,2.408421,-0.000039,1.000000,0.600250,0.601702,0.107071,0.000000,PSF-00232_20250807114732_751,PFA-00245,PSA-00257,PSF-00232,RHS-00222,3.0.0,2021-01-19T12:57:14.097Z
209,11:48:24,2025-08-07,Manual gsw+F,LI-COR Default,,209,,,0.048696,2.616449,0.047806,2.101225,0.797347,0.738828,4.226498,3.429151,9.174544,9.901210,52.483353,0.441786,7.500000,PSF-00232_20250807114824_c4a,0.000000,0.000000,0.000000,65.795303,292.142944,0.774784,0.5,0.80,65.488724,1.000000,15.92,14.75,32.84,29.86,29.86,80.53,126.5,126.9,-0.3,211,3.935,11:46:36,2025-08-07,0.27,1,0.001,0.002,0.005,-0.120,-13.129,-20.959,0,150,-9999.000,-9999.000000,0.058905,0.000000,0.029230,0.000000,0.000000,-0.000068,standard,0,mpf,7000,500,-9999.000000,-9999.000000,300,300,300,265.786163,25,-17.907158,270.575531,266.483612,4.091919,2.427454,2.437242,1.397439,0.857637,0.200032,-0.037101,0.444915,0.283236,65.795303,0.000629,2.400430,-0.000041,1.000000,2.408421,-0.000039,1.000000,0.600250,0.601702,0.107071,0.000000,PSF-00232_20250807114824_c4a,PFA-00245,PSA-00257,PSF-00232,RHS-00222,3.0.0,2021-01-19T12:57:14.097Z
210,11:48:45,2025-08-07,Manual gsw+F,LI-COR Default,,210,,,0.014620,2.615126,0.014539,0.772427,0.777268,0.755733,4.904658,4.127390,9.384749,9.652175,60.906433,0.441786,7.500000,PSF-00232_20250807114845_04a,0.000000,0.000000,0.000000,164.516327,197.084778,0.165251,0.5,0.80,130.722382,1.000000,15.56,15.13,32.80,32.47,32.47,80.53,126.4,126.7,-0.2,1978,3.935,11:46:36,2025-08-07,0.27,1,-0.000,0.001,0.008,-14.717,-21.480,-40.471,0,150,-9999.000,-9999.000000,0.058905,0.000000,0.029230,0.000000,0.000000,-0.000068,standard,0,mpf,7000,500,-9999.000000,-9999.000000,300,300,300,196.934219,25,-5.813070,195.765503,188.755173,7.010330,2.428093,2.436618,1.396589,0.857028,0.200341,-0.004587,0.445001,1.755766,164.516327,0.000612,2.400430,-0.000041,1.000000,2.408421,-0.000039,1.000000,0.600250,0.601702,0.107071,0.000000,PSF-00232_20250807114845_04a,PFA-00245,PSA-00257,PSF-00232,RHS-00222,3.0.0,2021-01-19T12:57:14.097Z
211,11:49:15,2025-08-07,Manual gsw+F,LI-COR Default,,211,,,0.079388,2.774879,0.077180,4.127393,0.887179,0.783934,5.034980,4.147801,9.735554,11.017738,62.528664,0.441786,7.500000,PSF-00232_20250807114915_338,0.000000,0.000000,0.000000,264.216187,332.143066,0.204511,0.5,0.80,158.729492,1.000000,17.81,15.73,32.75,32.94,32.94,80.52,140.6,40.0,71.6,1940,3.934,11:46:36,2025-08-07,0.27,1,-0.000,0.000,0.011,-12.022,5.081,-23.844,0,150,-9999.000,-9999.000000,0.058905,0.000000,0.029230,0.000000,0.000000,-0.000068,standard,0,mpf,7000,500,-9999.000000,-9999.000000,300,300,300,317.291016,25,-10.728334,311.700226,316.770355,-5.070129,2.429132,2.440436,1.510187,0.674618,0.200723,0.001825,0.445287,1.724687,281.935577,0.000619,2.400430,-0.000041,1.000000,2.408421,-0.000039,1.000000,0.600250,0.601702,0.107071,0.000000,PSF-00232_20250807114915_338,PFA-00245,PSA-00257,PSF-00232,RHS-00222,3.0.0,2021-01-19T12:57:14.097Z
212,11:49:41,2025-08-07,Manual gsw+F,LI-COR Default,,212,,,0.009855,2.632139,0.009818,0.468003,0.797868,0.784969,4.509666,3.711798,9.748773,9.908973,56.006954,0.441786,7.500000,PSF-00232_20250807114941_9ed,0.000000,0.000000,0.000000,60.582520,137.881180,0.560618,0.5,0.80,267.407654,1.000000,16.04,15.78,32.72,30.99,30.99,80.52,127.8,127.9,-0.1,1192,3.934,11:46:36,2025-08-07,0.27,1,0.000,0.003,0.006,0.742,1.522,3.399,0,150,-9999.000,-9999.000000,0.058905,0.000000,0.029230,0.000000,0.000000,-0.000068,standard,0,mpf,7000,500,-9999.000000,-9999.000000,300,300,300,130.880356,25,-4.812787,129.655487,130.984894,-1.329407,2.429222,2.437459,1.407615,0.859848,0.200991,-0.021809,0.445495,1.101196,60.582520,0.000626,2.400430,-0.000041,1.000000,2.408421,-0.000039,1.000000,0.600250,0.601702,0.107071,0.000000,PSF-00232_20250807114941_9ed,PFA-00245,PSA-00257,PSF-00232,RHS-00222,3.0.0,2021-01-19T12:57:14.097Z
213,11:50:00,2025-08-07,Manual gsw+F,LI-COR Default,,213,,,0.069089,2.632223,0.067322,3.281573,0.877779,0.787433,4.667273,3.789493,9.779953,10.902061,57.967743,0.441786,7.500000,PSF-00232_20250807115000_9fe,0.000000,0.000000,0.000000,90.802429,174.889328,0.480801,0.5,0.80,349.861938,1.000000,17.68,15.86,32.69,31.60,31.60,80.51,127.8,128.0,-0.2,1819,3.933,11:46:36,2025-08-07,0.27,1,0.000,0.001,0.015,1.489,3.563,8.343,0,150,-9999.000,-9999.000000,0.058905,0.000000,0.029230,0.000000,0.000000,-0.000068,standard,0,mpf,7000,500,-9999.000000,-9999.000000,300,300,300,174.889328,25,-16.261181,132.419235,151.588531,-19.169296,2.429348,2.440226,1.407670,0.860142,0.201194,-0.014078,0.445642,1.623653,90.802429,0.000623,2.400430,-0.000041,1.000000,2.408421,-0.000039,1.000000,0.600250,0.601702,0.107071,0.000000,PSF-00232_20250807115000_9fe,PFA-00245,PSA-00257,PSF-00232,RHS-00222,3.0.0,2021-01-19T12:57:14.097Z
214,11:50:15,2025-08-07,Manual gsw+F,LI-COR Default,,214,,,0.024323,2.636256,0.024101,0.995118,0.865550,0.838220,4.087826,3.222276,10.410439,10.749866,50.769566,0.441786,7.500000,PSF-00232_20250807115015_4dc,0.000000,0.000000,0.000000,70.058586,321.743591,0.782253,0.5,0.80,294.841400,1.000000,17.44,16.89,32.68,29.28,29.28,80.52,128.1,126.8,1.0,942,3.933,11:46:36,2025-08-07,0.27,1,0.001,0.006,0.026,0.707,2.215,54.421,0,150,-9999.000,-9999.000000,0.058905,0.000000,0.029230,0.000000,0.000000,-0.000068,standard,0,mpf,7000,500,-9999.000000,-9999.000000,300,300,300,287.857178,25,-24.645243,283.660065,286.429199,-2.769135,2.431094,2.439834,1.410317,0.857446,0.201292,-0.042077,0.445976,0.892624,71.744797,0.000609,2.400430,-0.000041,1.000000,2.408421,-0.000039,1.000000,0.600250,0.601702,0.107071,0.000000,PSF-00232_20250807115015_4dc,PFA-00245,PSA-00257,PSF-00232,RHS-00222,3.0.0,2021-01-19T12:57:14.097Z
215,11:50:38,2025-08-07,Manual gsw+F,LI-COR Default,,215,,,0.080125,2.635792,0.077761,4.286611,0.892810,0.775086,5.164475,4.271665,9.626184,11.088262,64.140228,0.441786,7.500000,PSF-00232_20250807115038_2ba,0.000000,0.000000,0.000000,84.124084,106.191185,0.207805,0.5,0.80,166.602417,1.000000,18.00,15.62,32.68,33.39,33.39,80.52,128.1,128.6,-0.4,2004,3.932,11:46:36,2025-08-07,0.27,1,0.000,0.000,0.003,-0.806,-1.652,-3.478,0,150,-9999.000,-9999.000000,0.058905,0.000000,0.029230,0.000000,0.000000,-0.000068,standard,0,mpf,7000,500,-9999.000000,-9999.000000,300,300,300,102.120995,25,-2.755994,102.250816,102.242096,0.008720,2.428952,2.440763,1.410012,0.861544,0.201323,0.008447,0.446788,1.778003,84.124084,0.000597,2.400430,-0.000041,1.000000,2.408421,-0.000039,1.000000,0.600250,0.601702,0.107071,0.000000,PSF-00232_20250807115038_2ba,PFA-00245,PSA-00257,PSF-00232,RHS-00222,3.0.0,2021-01-19T12:57:14.097Z
216,11:51:06,2025-08-07,Manual gsw+F,LI-COR Default,,216,,,0.100361,2.654217,0.096705,4.527062,0.840595,0.717685,4.485152,3.644557,8.913575,10.440101,55.705101,0.441786,7.500000,PSF-00232_20250807115106_c42,0.000000,0.000000,0.000000,117.620941,197.322601,0.403916,0.5,0.80,243.206589,1.000000,16.93,14.45,32.69,30.90,30.90,80.52,129.6,123.2,5.0,1505,3.902,11:46:36,2025-08-07,0.27,1,0.001,0.001,0.005,-1.509,-5.282,-16.105,0,150,-9999.000,-9999.000000,0.058905,0.000000,0.029230,0.000000,0.000000,-0.000068,standard,0,mpf,7000,500,-9999.000000,-9999.000000,300,300,300,191.840179,25,-4.704869,197.252518,190.580948,6.671570,2.426951,2.438968,1.422260,0.848962,0.201212,-0.022626,0.447713,1.362000,117.620941,0.000618,2.400430,-0.000041,1.000000,2.408421,-0.000039,1.000000,0.600250,0.601702,0.107071,0.000000,PSF-00232_20250807115106_c42,PFA-00245,PSA-00257,PSF-00232,RHS-00222,3.0.0,2021-01-19T12:57:14.097Z
217,11:51:14,2025-08-07,Manual gsw+F,LI-COR Default,,217,,,-0.029912,2.842305,-0.030230,-0.687529,0.691020,0.707453,2.486159,1.795139,8.786166,8.582080,30.876678,0.441786,7.500000,PSF-00232_20250807115114_401,0.000000,0.000000,0.000000,1.703024,1.677632,-0.015135,0.5,0.80,-6.951875,1.000000,13.92,14.25,32.69,20.94,20.94,80.52,147.6,-10.1,106.9,1148,3.902,11:46:36,2025-08-07,0.27,1,-9999.000,-9999.000,-9999.000,-9999.000,-9999.000,-9999.000,0,150,-9999.000,-9999.000000,0.058905,0.000000,0.029230,0.000000,0.000000,-0.000068,standard,0,mpf,7000,500,-9999.000000,-9999.000000,300,300,300,1.677632,25,0.000879,1.671195,1.678891,-0.007696,2.426592,2.433782,1.566759,0.584205,0.201192,-0.138474,0.447975,1.064361,1.703024,0.000613,2.400430,-0.000041,1.000000,2.408421,-0.000039,1.000000,0.600250,0.601702,0.107071,0.000000,PSF-00232_20250807115114_401,PFA-00245,PSA-00257,PSF-00232,RHS-00222,3.0.0,2021-01-19T12:57:14.097Z
218,11:51:25,2025-08-07,Manual gsw+F,LI-COR Default,,218,,,0.048605,2.649345,0.047730,2.161944,0.803634,0.744718,4.334485,3.530851,9.248832,9.980519,53.830997,0.441786,7.500000,PSF-00232_20250807115125_58d,0.000000,0.000000,0.000000,92.686058,380.795105,0.756599,0.5,0.80,157.769379,1.000000,16.17,14.99,32.71,30.30,30.30,80.52,129.2,128.9,0.3,521,3.931,11:46:36,2025-08-07,0.27,1,-0.000,-0.000,0.029,-0.586,-7.092,-14.171,0,150,-9999.000,-9999.000000,0.058905,0.000000,0.029230,0.000000,0.000000,-0.000068,standard,0,mpf,7000,500,-9999.000000,-9999.000000,300,300,300,361.072174,25,-13.994899,361.041779,360.741699,0.300079,2.427864,2.437680,1.418994,0.862205,0.201098,-0.030085,0.448266,0.541673,92.686058,0.000612,2.400430,-0.000041,1.000000,2.408421,-0.000039,1.000000,0.600250,0.601702,0.107071,0.000000,PSF-00232_20250807115125_58d,PFA-00245,PSA-00257,PSF-00232,RHS-00222,3.0.0,2021-01-19T12:57:14.097Z
219,11:51:48,2025-08-07,Manual gsw+F,LI-COR Default,,219,,,0.033841,2.819928,0.033439,1.747267,0.847395,0.805035,4.904478,4.057083,9.997884,10.523965,60.909676,0.441786,7.500000,PSF-00232_20250807115148_49e,0.000000,0.000000,0.000000,182.523605,270.487274,0.325204,0.5,0.80,146.166107,1.000000,17.01,16.16,32.75,32.47,32.47,80.52,145.2,14.2,90.2,1124,3.930,11:46:36,2025-08-07,0.27,1,0.004,0.001,0.003,-2.142,-7.112,-24.255,0,150,-9999.000,-9999.000000,0.058905,0.000000,0.029230,0.000000,0.000000,-0.000068,standard,0,mpf,7000,500,-9999.000000,-9999.000000,300,300,300,261.935944,25,-6.039789,262.826813,261.832794,0.994019,2.429853,2.439096,1.547258,0.626958,0.200739,-0.003961,0.449028,1.043823,207.597977,0.000610,2.400430,-0.000041,1.000000,2.408421,-0.000039,1.000000,0.600250,0.601702,0.107071,0.000000,PSF-00232_20250807115148_49e,PFA-00245,PSA-00257,PSF-00232,RHS-00222,3.0.0,2021-01-19T12:57:14.097Z
220,11:52:25,2025-08-07,Manual gsw+F,LI-COR Default,,220,,,-0.010477,2.838006,-0.010516,-0.568275,0.825799,0.839400,5.018835,4.193036,10.425487,10.256557,62.334743,0.441786,7.500000,PSF-00232_20250807115225_94a,0.000000,0.000000,0.000000,129.788879,201.141907,0.354740,0.5,0.80,113.442749,1.000000,16.50,16.77,32.84,32.88,32.88,80.51,147.1,-2.5,101.7,799,3.929,11:46:36,2025-08-07,0.27,1,-0.004,-0.001,-0.008,-3.061,-6.201,2.788,0,150,-9999.000,-9999.000000,0.058905,0.000000,0.029230,0.000000,0.000000,-0.000068,standard,0,mpf,7000,500,-9999.000000,-9999.000000,300,300,300,194.146149,25,-5.258063,192.211746,193.607574,-1.395828,2.430869,2.438217,1.562951,0.597300,0.200065,0.000062,0.450334,0.773573,129.788879,0.000604,2.400430,-0.000041,1.000000,2.408421,-0.000039,1.000000,0.600250,0.601702,0.107071,0.000000,PSF-00232_20250807115225_94a,PFA-00245,PSA-00257,PSF-00232,RHS-00222,3.0.0,2021-01-19T12:57:14.097Z
221,11:52:57,2025-08-07,Manual gsw+F,LI-COR Default,,221,,,0.012913,2.670799,0.012851,0.628844,0.817298,0.800405,4.624401,3.807102,9.940420,10.150219,57.431522,0.441786,7.500000,PSF-00232_20250807115257_41f,0.000000,0.000000,0.000000,114.718437,348.266724,0.670602,0.5,0.80,308.593079,1.000000,16.26,15.92,32.91,31.43,31.43,80.52,131.1,124.7,4.9,1150,3.929,11:46:36,2025-08-07,0.27,1,-0.002,0.001,0.014,-3.236,-4.134,-9.311,0,150,-9999.000,-9999.000000,0.058905,0.000000,0.029230,0.000000,0.000000,-0.000068,standard,0,mpf,7000,500,-9999.000000,-9999.000000,300,300,300,339.084869,25,-6.518619,337.306030,338.926147,-1.620117,2.429438,2.437807,1.433521,0.852535,0.199491,-0.018787,0.451578,1.066153,114.385132,0.000605,2.400430,-0.000041,1.000000,2.408421,-0.000039,1.000000,0.600250,0.601702,0.107071,0.000000,PSF-00232_20250807115257_41f,PFA-00245,PSA-00257,PSF-00232,RHS-00222,3.0.0,2021-01-19T12:57:14.097Z
222,11:53:15,2025-08-07,Manual gsw+F,LI-COR Default,,222,,,0.000537,2.657958,0.000537,0.028402,0.757223,0.756453,4.869804,4.112581,9.394571,9.404135,60.479252,0.441786,7.500000,PSF-00232_20250807115315_787,0.000000,0.000000,0.000000,106.708290,280.416504,0.619465,0.5,0.80,119.671532,1.000000,15.03,15.02,32.95,32.35,32.35,80.52,130.0,129.3,0.6,483,3.928,11:46:36,2025-08-07,0.27,1,-0.001,-0.000,-0.001,1.432,3.946,12.440,0,150,-9999.000,-9999.000000,0.058905,0.000000,0.029230,0.000000,0.000000,-0.000068,standard,0,mpf,7000,500,-9999.000000,-9999.000000,300,300,300,254.427917,25,-18.939182,245.117432,253.278381,-8.160950,2.427898,2.435706,1.424779,0.863107,0.199226,-0.007941,0.452231,0.509703,106.708290,0.000608,2.400430,-0.000041,1.000000,2.408421,-0.000039,1.000000,0.600250,0.601702,0.107071,0.000000,PSF-00232_20250807115315_787,PFA-00245,PSA-00257,PSF-00232,RHS-00222,3.0.0,2021-01-19T12:57:14.097Z
223,11:53:32,2025-08-07,Manual gsw+F,LI-COR Default,,223,,,0.024592,2.671597,0.024368,1.199866,0.804131,0.771910,4.635082,3.830951,9.586349,9.986510,57.563107,0.441786,7.500000,PSF-00232_20250807115332_08a,0.000000,0.000000,0.000000,60.302498,203.788666,0.704093,0.5,0.80,278.402924,1.000000,15.93,15.29,32.98,31.48,31.48,80.52,131.1,119.8,8.6,989,3.928,11:46:36,2025-08-07,0.27,1,-0.001,-0.000,0.003,-0.269,-0.070,2.581,0,150,-9999.000,-9999.000000,0.058905,0.000000,0.029230,0.000000,0.000000,-0.000068,standard,0,mpf,7000,500,-9999.000000,-9999.000000,300,300,300,192.094086,25,-8.156436,197.131271,192.101242,5.030029,2.428365,2.437246,1.434068,0.841317,0.198944,-0.019165,0.452823,0.931167,60.302498,0.000624,2.400430,-0.000041,1.000000,2.408421,-0.000039,1.000000,0.600250,0.601702,0.107071,0.000000,PSF-00232_20250807115332_08a,PFA-00245,PSA-00257,PSF-00232,RHS-00222,3.0.0,2021-01-19T12:57:14.097Z
224,11:53:55,2025-08-07,Manual gsw+F,LI-COR Default,,224,,,0.027432,2.668021,0.027153,1.260955,0.758764,0.724802,4.378798,3.620034,9.001266,9.423038,54.379974,0.441786,7.500000,PSF-00232_20250807115355_386,0.000000,0.000000,0.000000,93.862297,317.702454,0.704559,0.5,0.80,391.298462,1.000000,15.01,14.34,33.01,30.48,30.48,80.52,130.8,129.6,1.0,1388,3.927,11:46:36,2025-08-07,0.27,1,0.000,0.001,0.023,0.663,1.487,28.870,0,150,-9999.000,-9999.000000,0.058905,0.000000,0.029230,0.000000,0.000000,-0.000068,standard,0,mpf,7000,500,-9999.000000,-9999.000000,300,300,300,301.867950,25,-11.580797,300.115601,301.108215,-0.992615,2.426728,2.435663,1.431617,0.863879,0.198744,-0.031681,0.453682,1.264582,93.862297,0.000620,2.400430,-0.000041,1.000000,2.408421,-0.000039,1.000000,0.600250,0.601702,0.107071,0.000000,PSF-00232_20250807115355_386,PFA-00245,PSA-00257,PSF-00232,RHS-00222,3.0.0,2021-01-19T12:57:14.097Z
225,11:54:38,2025-08-07,Manual gsw+F,LI-COR Default,,225,,,0.013808,2.658422,0.013737,0.784598,0.844417,0.823178,5.267996,4.423579,10.225307,10.489127,65.437691,0.441786,7.500000,PSF-00232_20250807115438_1fb,0.000000,0.000000,0.000000,90.698364,141.518036,0.359104,0.5,0.80,239.086823,1.000000,16.67,16.25,33.05,33.75,33.75,80.50,130.0,128.4,1.2,1664,3.926,11:46:36,2025-08-07,0.27,1,-0.001,-0.002,0.003,-1.193,-1.585,-1.291,0,150,-9999.000,-9999.000000,0.058905,0.000000,0.029230,0.000000,0.000000,-0.000068,standard,0,mpf,7000,500,-9999.000000,-9999.000000,300,300,300,127.438545,25,-10.770050,122.406723,126.085533,-3.678810,2.429973,2.438486,1.425093,0.861177,0.198402,0.008232,0.454884,1.494689,90.698364,0.000582,2.400430,-0.000041,1.000000,2.408421,-0.000039,1.000000,0.600250,0.601702,0.107071,0.000000,PSF-00232_20250807115438_1fb,PFA-00245,PSA-00257,PSF-00232,RHS-00222,3.0.0,2021-01-19T12:57:14.097Z
226,11:54:54,2025-08-07,Manual gsw+F,LI-COR Default,,226,,,0.008109,2.651835,0.008084,0.419738,0.772980,0.761554,4.809662,4.036682,9.455951,9.597830,59.719910,0.441786,7.500000,PSF-00232_20250807115454_47e,0.000000,0.000000,0.000000,116.076706,278.889740,0.583790,0.5,0.80,124.421707,1.000000,15.24,15.02,33.06,32.13,32.13,80.54,129.4,129.6,-0.2,533,3.926,11:46:36,2025-08-07,0.27,1,0.001,0.000,0.003,0.178,1.407,3.363,0,150,-9999.000,-9999.000000,0.058905,0.000000,0.029230,0.000000,0.000000,-0.000068,standard,0,mpf,7000,500,-9999.000000,-9999.000000,300,300,300,255.121353,25,-18.208241,246.972443,252.798996,-5.826553,2.427887,2.436058,1.420660,0.864030,0.198299,-0.012158,0.455335,0.551266,116.076706,0.000610,2.400430,-0.000041,1.000000,2.408421,-0.000039,1.000000,0.600250,0.601702,0.107071,0.000000,PSF-00232_20250807115454_47e,PFA-00245,PSA-00257,PSF-00232,RHS-00222,3.0.0,2021-01-19T12:57:14.097Z
227,11:55:21,2025-08-07,Manual gsw+F,LI-COR Default,,227,,,0.042315,2.834981,0.041692,2.563520,0.808185,0.746661,5.564402,4.756216,9.270656,10.034554,69.088455,0.441786,7.500000,PSF-00232_20250807115521_8f9,0.000000,0.000000,0.000000,219.977982,252.746170,0.129649,0.5,0.80,98.715340,1.000000,15.91,14.69,33.10,34.73,34.73,80.54,146.8,13.7,90.6,1904,3.925,11:46:36,2025-08-07,0.27,1,0.003,0.002,0.007,-2.606,-5.761,-17.877,0,150,-9999.000,-9999.000000,0.058905,0.000000,0.029230,0.000000,0.000000,-0.000068,standard,0,mpf,7000,500,-9999.000000,-9999.000000,300,300,300,247.959854,25,-3.190387,247.683044,248.174637,-0.491592,2.427328,2.437187,1.560289,0.626028,0.198010,0.020054,0.456450,1.693977,219.977982,0.000596,2.400430,-0.000041,1.000000,2.408421,-0.000039,1.000000,0.600250,0.601702,0.107071,0.000000,PSF-00232_20250807115521_8f9,PFA-00245,PSA-00257,PSF-00232,RHS-00222,3.0.0,2021-01-19T12:57:14.097Z
228,11:55:44,2025-08-07,Manual gsw+F,LI-COR Default,,228,,,0.000616,2.851410,0.000616,0.033995,0.694143,0.693336,4.984524,4.290381,8.607972,8.617996,61.884384,0.441786,7.500000,PSF-00232_20250807115544_a5a,0.000000,0.000000,0.000000,50.405502,112.776489,0.553050,0.5,0.80,277.038452,1.000000,13.65,13.64,33.11,32.76,32.76,80.55,148.5,-5.3,103.6,1252,3.924,11:46:36,2025-08-07,0.27,1,-0.001,-0.002,0.001,-1.004,-1.898,-0.743,0,150,-9999.000,-9999.000000,0.058905,0.000000,0.029230,0.000000,0.000000,-0.000068,standard,0,mpf,7000,500,-9999.000000,-9999.000000,300,300,300,102.857353,25,-6.793403,101.175072,103.042160,-1.867088,2.425503,2.433290,1.574924,0.592529,0.197936,-0.004884,0.457121,1.151095,50.405502,0.000604,2.400430,-0.000041,1.000000,2.408421,-0.000039,1.000000,0.600250,0.601702,0.107071,0.000000,PSF-00232_20250807115544_a5a,PFA-00245,PSA-00257,PSF-00232,RHS-00222,3.0.0,2021-01-19T12:57:14.097Z
229,11:56:26,2025-08-07,Manual gsw+F,LI-COR Default,,229,,,0.011441,2.700007,0.011392,0.523421,0.757880,0.744076,4.341238,3.583358,9.238355,9.409747,53.900303,0.441786,7.500000,PSF-00232_20250807115626_085,0.000000,0.000000,0.000000,80.000282,201.507874,0.602992,0.5,0.80,75.150955,1.000000,14.96,14.68,33.05,30.33,30.33,80.54,133.6,109.3,18.3,312,3.923,11:46:36,2025-08-07,0.27,1,-0.000,-0.000,0.006,-3.882,-2.940,-5.430,0,150,-9999.000,-9999.000000,0.058905,0.000000,0.029230,0.000000,0.000000,-0.000068,standard,0,mpf,7000,500,-9999.000000,-9999.000000,300,300,300,195.392487,25,-9.271893,184.316757,188.222092,-3.905334,2.427311,2.435559,1.453942,0.817367,0.198373,-0.034106,0.457926,0.366822,80.000282,0.000618,2.400430,-0.000041,1.000000,2.408421,-0.000039,1.000000,0.600250,0.601702,0.107071,0.000000,PSF-00232_20250807115626_085,PFA-00245,PSA-00257,PSF-00232,RHS-00222,3.0.0,2021-01-19T12:57:14.097Z
230,11:56:45,2025-08-07,Manual gsw+F,LI-COR Default,,230,,,0.028535,2.669329,0.028233,1.421053,0.701875,0.663602,4.621288,3.919413,8.240206,8.715456,57.384312,0.441786,7.500000,PSF-00232_20250807115645_93d,0.000000,0.000000,0.000000,114.050034,231.681122,0.507728,0.5,0.80,194.920853,1.000000,13.88,13.12,33.02,31.42,31.42,80.53,130.9,131.2,-0.2,960,3.923,11:46:36,2025-08-07,0.27,1,-0.001,-0.001,0.005,0.713,10.721,5.946,0,150,-9999.000,-9999.000000,0.058905,0.000000,0.029230,0.000000,0.000000,-0.000068,standard,0,mpf,7000,500,-9999.000000,-9999.000000,300,300,300,202.905899,25,-19.884146,201.637741,203.188950,-1.551208,2.424615,2.433695,1.432513,0.867571,0.198681,-0.020232,0.458074,0.907202,114.050034,0.000608,2.400430,-0.000041,1.000000,2.408421,-0.000039,1.000000,0.600250,0.601702,0.107071,0.000000,PSF-00232_20250807115645_93d,PFA-00245,PSA-00257,PSF-00232,RHS-00222,3.0.0,2021-01-19T12:57:14.097Z
231,11:57:26,2025-08-07,Manual gsw+F,LI-COR Default,,231,,,0.039963,2.836586,0.039408,1.888763,0.697203,0.651873,4.433597,3.736393,8.095537,8.658492,55.060345,0.441786,7.500000,PSF-00232_20250807115726_f8f,0.000000,0.000000,0.000000,67.631004,177.985779,0.620020,0.5,0.80,205.945160,1.000000,13.87,12.97,32.91,30.70,30.70,80.52,146.9,60.2,59.0,830,3.894,11:57:06,2025-08-07,0.25,1,0.002,0.002,0.008,0.760,1.464,2.122,0,150,-9999.000,-9999.000000,0.058905,0.000000,0.029230,0.000000,0.000000,-0.000068,standard,0,mpf,7000,500,-9999.000000,-9999.000000,300,300,300,163.504242,25,-9.999207,160.878540,163.657822,-2.779282,2.424352,2.433731,1.561700,0.713971,0.199502,-0.027818,0.457683,0.799348,67.631004,0.000616,2.400430,-0.000041,1.000000,2.408421,-0.000039,1.000000,0.600250,0.601702,0.107071,0.000000,PSF-00232_20250807115726_f8f,PFA-00245,PSA-00257,PSF-00232,RHS-00222,3.0.0,2021-01-19T12:57:14.097Z
232,11:57:47,2025-08-07,Manual gsw+F,LI-COR Default,,232,,,0.007043,2.699662,0.007025,0.320955,0.663906,0.655432,4.230912,3.567007,8.140137,8.245379,52.545837,0.441786,7.500000,PSF-00232_20250807115747_e28,0.000000,0.000000,0.000000,94.791771,348.009979,0.727618,0.5,0.80,41.664539,1.000000,13.27,13.10,32.83,29.88,29.88,80.52,133.6,129.3,3.2,143,3.921,11:57:06,2025-08-07,0.25,1,0.001,0.002,-0.000,0.835,1.097,3.683,0,150,-9999.000,-9999.000000,0.058905,0.000000,0.029230,0.000000,0.000000,-0.000068,standard,0,mpf,7000,500,-9999.000000,-9999.000000,300,300,300,341.517792,25,-4.387463,340.963837,341.723145,-0.759308,2.424582,2.432676,1.453696,0.863164,0.200112,-0.036754,0.457740,0.226414,94.791771,0.000626,2.400430,-0.000041,1.000000,2.408421,-0.000039,1.000000,0.600250,0.601702,0.107071,0.000000,PSF-00232_20250807115747_e28,PFA-00245,PSA-00257,PSF-00232,RHS-00222,3.0.0,2021-01-19T12:57:14.097Z
233,11:58:07,2025-08-07,Manual gsw+F,LI-COR Default,,233,,,0.003620,2.686225,0.003615,0.161014,0.645518,0.641227,4.125118,3.479600,7.964049,8.017335,51.233994,0.441786,7.500000,PSF-00232_20250807115807_a36,0.000000,0.000000,0.000000,94.555374,317.453339,0.702144,0.5,0.80,34.357185,1.000000,12.97,12.88,32.74,29.44,29.44,80.52,132.4,130.6,1.4,122,3.921,11:57:06,2025-08-07,0.25,1,-0.000,0.001,0.001,0.575,0.622,0.664,0,150,-9999.000,-9999.000000,0.058905,0.000000,0.029230,0.000000,0.000000,-0.000068,standard,0,mpf,7000,500,-9999.000000,-9999.000000,300,300,300,312.485229,25,-3.319163,311.465973,312.697266,-1.231293,2.424210,2.432153,1.444210,0.866306,0.200837,-0.040905,0.457766,0.209054,94.555374,0.000625,2.400430,-0.000041,1.000000,2.408421,-0.000039,1.000000,0.600250,0.601702,0.107071,0.000000,PSF-00232_20250807115807_a36,PFA-00245,PSA-00257,PSF-00232,RHS-00222,3.0.0,2021-01-19T12:57:14.097Z
234,11:58:28,2025-08-07,Manual gsw+F,LI-COR Default,,234,,,0.011383,2.685027,0.011335,0.493052,0.647209,0.634062,4.047404,3.400195,7.875146,8.038443,50.269413,0.441786,7.500000,PSF-00232_20250807115828_37b,0.000000,0.000000,0.000000,67.667130,174.231873,0.611626,0.5,0.80,38.425575,1.000000,13.08,12.81,32.64,29.11,29.11,80.51,132.3,132.8,-0.4,157,3.919,11:57:06,2025-08-07,0.25,1,0.000,0.000,0.004,-0.050,0.053,-0.540,0,150,-9999.000,-9999.000000,0.058905,0.000000,0.029230,0.000000,0.000000,-0.000068,standard,0,mpf,7000,500,-9999.000000,-9999.000000,300,300,300,164.602875,25,-6.797937,162.739639,164.491043,-1.751404,2.424097,2.432357,1.443372,0.871499,0.201655,-0.043568,0.457786,0.238010,67.667130,0.000623,2.400430,-0.000041,1.000000,2.408421,-0.000039,1.000000,0.600250,0.601702,0.107071,0.000000,PSF-00232_20250807115828_37b,PFA-00245,PSA-00257,PSF-00232,RHS-00222,3.0.0,2021-01-19T12:57:14.097Z
235,11:59:19,2025-08-07,Manual gsw+F,LI-COR Default,,235,,,-0.001437,2.679865,-0.001438,-0.068050,0.722916,0.724735,4.412241,3.689326,9.001075,8.978480,54.799217,0.441786,7.500000,PSF-00232_20250807115919_2a3,0.000000,0.000000,0.000000,103.709938,316.023865,0.671829,0.5,0.80,25.113590,1.000000,14.79,14.82,32.42,30.61,30.61,80.52,131.9,132.1,-0.2,93,3.918,11:57:06,2025-08-07,0.25,1,0.002,0.003,-0.002,0.428,0.337,0.609,0,150,-9999.000,-9999.000000,0.058905,0.000000,0.029230,0.000000,0.000000,-0.000068,standard,0,mpf,7000,500,-9999.000000,-9999.000000,300,300,300,309.627777,25,-4.396531,307.342529,309.724030,-2.381500,2.427611,2.435369,1.439777,0.869908,0.203384,-0.022715,0.457334,0.184979,103.709938,0.000630,2.400430,-0.000041,1.000000,2.408421,-0.000039,1.000000,0.600250,0.601702,0.107071,0.000000,PSF-00232_20250807115919_2a3,PFA-00245,PSA-00257,PSF-00232,RHS-00222,3.0.0,2021-01-19T12:57:14.097Z
236,11:59:53,2025-08-07,Manual gsw+F,LI-COR Default,,236,,,0.043855,2.693253,0.043152,1.900111,0.787607,0.737300,4.222855,3.435248,9.156555,9.781321,52.443821,0.441786,7.500000,PSF-00232_20250807115953_96b,0.000000,0.000000,0.000000,118.706345,349.518860,0.660372,0.5,0.80,118.010536,1.000000,16.23,15.19,32.29,29.85,29.85,80.52,133.0,130.2,2.2,447,3.918,11:57:06,2025-08-07,0.25,1,-0.001,0.001,0.006,-0.250,1.288,7.573,0,150,-9999.000,-9999.000000,0.058905,0.000000,0.029230,0.000000,0.000000,-0.000068,standard,0,mpf,7000,500,-9999.000000,-9999.000000,300,300,300,331.086884,25,-12.647283,329.667450,331.396454,-1.729004,2.428254,2.437860,1.449151,0.865284,0.204422,-0.030385,0.457211,0.479520,118.706345,0.000623,2.400430,-0.000041,1.000000,2.408421,-0.000039,1.000000,0.600250,0.601702,0.107071,0.000000,PSF-00232_20250807115953_96b,PFA-00245,PSA-00257,PSF-00232,RHS-00222,3.0.0,2021-01-19T12:57:14.097Z
237,12:00:19,2025-08-07,Manual gsw+F,LI-COR Default,,237,,,0.105301,2.872184,0.101577,4.497587,0.792815,0.687802,4.246293,3.453478,8.542484,9.846740,52.738827,0.441786,7.500000,PSF-00232_20250807120019_518,0.000000,0.000000,0.000000,88.051201,413.993195,0.787312,0.5,0.80,23.813030,1.000000,16.42,14.24,32.20,29.94,29.94,80.52,150.8,10.6,93.0,76,3.917,11:57:06,2025-08-07,0.25,1,0.001,0.001,0.003,0.341,0.953,1.758,0,150,-9999.000,-9999.000000,0.058905,0.000000,0.029230,0.000000,0.000000,-0.000068,standard,0,mpf,7000,500,-9999.000000,-9999.000000,300,300,300,397.346008,25,-11.470159,396.472687,397.557495,-1.084808,2.426629,2.438189,1.594098,0.620398,0.205121,-0.028139,0.457513,0.170109,88.051201,0.000630,2.400430,-0.000041,1.000000,2.408421,-0.000039,1.000000,0.600250,0.601702,0.107071,0.000000,PSF-00232_20250807120019_518,PFA-00245,PSA-00257,PSF-00232,RHS-00222,3.0.0,2021-01-19T12:57:14.097Z
238,12:00:55,2025-08-07,Manual gsw+F,LI-COR Default,,238,,,0.003572,2.755814,0.003567,0.162678,0.695508,0.691375,4.254396,3.558889,8.586826,8.638157,52.839310,0.441786,7.500000,PSF-00232_20250807120055_f27,0.000000,0.000000,0.000000,112.426399,341.659882,0.670941,0.5,0.80,9.118232,1.000000,14.50,14.41,32.08,29.98,29.98,80.52,138.8,109.9,20.8,34,3.916,11:57:06,2025-08-07,0.25,1,0.002,0.002,0.001,0.136,0.413,0.394,0,150,-9999.000,-9999.000000,0.058905,0.000000,0.029230,0.000000,0.000000,-0.000068,standard,0,mpf,7000,500,-9999.000000,-9999.000000,300,300,300,322.709442,25,-14.178087,316.051117,321.343964,-5.292847,2.426937,2.434901,1.495280,0.818755,0.206094,-0.026242,0.457915,0.135395,112.426399,0.000633,2.400430,-0.000041,1.000000,2.408421,-0.000039,1.000000,0.600250,0.601702,0.107071,0.000000,PSF-00232_20250807120055_f27,PFA-00245,PSA-00257,PSF-00232,RHS-00222,3.0.0,2021-01-19T12:57:14.097Z
239,12:01:18,2025-08-07,Manual gsw+F,LI-COR Default,,239,,,0.012417,2.726545,0.012361,0.515782,0.678284,0.664913,3.941607,3.263324,8.258118,8.424182,48.954185,0.441786,7.500000,PSF-00232_20250807120118_bff,0.000000,0.000000,0.000000,100.930809,429.506165,0.765007,0.5,0.80,11.317866,1.000000,14.20,13.92,32.00,28.65,28.65,80.52,136.1,129.1,5.1,37,3.916,11:57:06,2025-08-07,0.25,1,-0.000,0.000,0.002,0.065,1.357,8.608,0,150,-9999.000,-9999.000000,0.058905,0.000000,0.029230,0.000000,0.000000,-0.000068,standard,0,mpf,7000,500,-9999.000000,-9999.000000,300,300,300,429.293640,25,-0.812560,428.213226,428.341827,-0.128601,2.426094,2.434390,1.473196,0.862722,0.206721,-0.041184,0.458168,0.137905,100.930809,0.000643,2.400430,-0.000041,1.000000,2.408421,-0.000039,1.000000,0.600250,0.601702,0.107071,0.000000,PSF-00232_20250807120118_bff,PFA-00245,PSA-00257,PSF-00232,RHS-00222,3.0.0,2021-01-19T12:57:14.097Z
240,12:01:36,2025-08-07,Manual gsw+F,LI-COR Default,,240,,,0.006088,2.723005,0.006074,0.262087,0.603270,0.596453,3.978651,3.375381,7.407374,7.492039,49.411041,0.441786,7.500000,PSF-00232_20250807120136_b93,0.000000,0.000000,0.000000,116.663933,476.428528,0.755128,0.5,0.80,14.842021,1.000000,12.69,12.55,31.92,28.81,28.81,80.52,135.7,133.8,1.4,49,3.915,11:57:06,2025-08-07,0.25,1,0.000,0.000,0.001,0.608,1.130,2.729,0,150,-9999.000,-9999.000000,0.058905,0.000000,0.029230,0.000000,0.000000,-0.000068,standard,0,mpf,7000,500,-9999.000000,-9999.000000,300,300,300,471.450104,25,-3.301026,470.699066,471.698456,-0.999390,2.423691,2.431729,1.470587,0.873913,0.207379,-0.038254,0.458199,0.148035,116.663933,0.000640,2.400430,-0.000041,1.000000,2.408421,-0.000039,1.000000,0.600250,0.601702,0.107071,0.000000,PSF-00232_20250807120136_b93,PFA-00245,PSA-00257,PSF-00232,RHS-00222,3.0.0,2021-01-19T12:57:14.097Z
241,12:02:12,2025-08-07,Manual gsw+F,LI-COR Default,,241,,,0.000081,2.725576,0.000081,0.003697,0.677967,0.677871,4.223594,3.545627,8.417250,8.418441,52.445175,0.441786,7.500000,PSF-00232_20250807120212_88d,0.000000,0.000000,0.000000,46.600700,180.046097,0.741174,0.5,0.80,19.362028,1.000000,14.38,14.38,31.78,29.85,29.85,80.53,136.0,136.0,-0.0,65,3.915,11:57:06,2025-08-07,0.25,1,-0.000,0.002,0.006,-0.317,-0.777,-5.053,0,150,-9999.000,-9999.000000,0.058905,0.000000,0.029230,0.000000,0.000000,-0.000068,standard,0,mpf,7000,500,-9999.000000,-9999.000000,300,300,300,168.081161,25,-8.392223,166.161423,168.020798,-1.859375,2.426902,2.434718,1.472481,0.879097,0.208570,-0.024005,0.458363,0.161517,46.600700,0.000633,2.400430,-0.000041,1.000000,2.408421,-0.000039,1.000000,0.600250,0.601702,0.107071,0.000000,PSF-00232_20250807120212_88d,PFA-00245,PSA-00257,PSF-00232,RHS-00222,3.0.0,2021-01-19T12:57:14.097Z
242,12:02:27,2025-08-07,Manual gsw+F,LI-COR Default,,242,,,0.011123,2.736113,0.011078,0.445004,0.674396,0.662932,3.819042,3.144646,8.232136,8.374491,47.423988,0.441786,7.500000,PSF-00232_20250807120227_03a,0.000000,0.000000,0.000000,85.484863,340.924347,0.749256,0.5,0.80,28.048634,1.000000,14.35,14.11,31.72,28.11,28.11,80.53,136.9,134.6,1.7,94,3.898,11:57:06,2025-08-07,0.25,1,0.002,0.003,0.008,0.512,0.835,2.506,0,150,-9999.000,-9999.000000,0.058905,0.000000,0.029230,0.000000,0.000000,-0.000068,standard,0,mpf,7000,500,-9999.000000,-9999.000000,300,300,300,323.375702,25,-12.525761,318.346375,322.976074,-4.629700,2.426439,2.434673,1.480313,0.875706,0.209043,-0.044135,0.458535,0.185093,85.484863,0.000627,2.400430,-0.000041,1.000000,2.408421,-0.000039,1.000000,0.600250,0.601702,0.107071,0.000000,PSF-00232_20250807120227_03a,PFA-00245,PSA-00257,PSF-00232,RHS-00222,3.0.0,2021-01-19T12:57:14.097Z
243,12:21:56,2025-08-07,Manual gsw+F,LI-COR Default,,243,,,0.002213,2.923731,0.002211,0.077660,0.652734,0.650989,3.408924,2.756190,8.087116,8.108798,42.348461,0.441786,7.500000,PSF-00232_20250807122156_deb,0.000000,0.000000,0.000000,99.240303,367.098816,0.729663,0.5,0.80,17.260147,1.000000,17.03,16.99,28.17,26.17,26.17,80.50,157.0,122.2,22.1,59,3.895,12:21:45,2025-08-07,0.21,1,0.001,0.003,0.001,0.224,0.270,1.192,0,150,-9999.000,-9999.000000,0.058905,0.000000,0.029230,0.000000,0.000000,-0.000068,standard,0,mpf,7000,500,-9999.000000,-9999.000000,300,300,300,362.154358,25,-3.449754,361.060028,362.155640,-1.095612,2.431718,2.439705,1.645450,0.846720,0.240437,-0.023840,0.484702,0.156372,99.240303,0.000646,2.400430,-0.000041,1.000000,2.408421,-0.000039,1.000000,0.600250,0.601702,0.107071,0.000000,PSF-00232_20250807122156_deb,PFA-00245,PSA-00257,PSF-00232,RHS-00222,3.0.0,2021-01-19T12:57:14.097Z
244,12:22:14,2025-08-07,Manual gsw+F,LI-COR Default,,244,,,0.000181,2.922035,0.000181,0.006202,0.642684,0.642544,3.331879,2.689195,7.982489,7.984223,41.392761,0.441786,7.500000,PSF-00232_20250807122214_30f,0.000000,0.000000,0.000000,58.030846,229.977005,0.747667,0.5,0.80,11.278780,1.000000,16.81,16.80,28.13,25.79,25.79,80.49,156.7,153.9,1.8,38,3.896,12:21:45,2025-08-07,0.21,1,-0.001,-0.000,0.002,0.097,0.434,0.596,0,150,-9999.000,-9999.000000,0.058905,0.000000,0.029230,0.000000,0.000000,-0.000068,standard,0,mpf,7000,500,-9999.000000,-9999.000000,300,300,300,224.059937,25,-3.895936,224.397903,224.394485,0.003418,2.431410,2.439322,1.643662,0.922657,0.240794,-0.027892,0.485268,0.138511,58.030846,0.000639,2.400430,-0.000041,1.000000,2.408421,-0.000039,1.000000,0.600250,0.601702,0.107071,0.000000,PSF-00232_20250807122214_30f,PFA-00245,PSA-00257,PSF-00232,RHS-00222,3.0.0,2021-01-19T12:57:14.097Z
245,12:22:37,2025-08-07,Manual gsw+F,LI-COR Default,,245,,,0.003374,2.920798,0.003370,0.113933,0.704882,0.702317,3.357299,2.652418,8.725789,8.757651,41.712055,0.441786,7.500000,PSF-00232_20250807122237_504,0.000000,0.000000,0.000000,71.919678,365.293976,0.803118,0.5,0.80,15.379972,1.000000,18.49,18.43,28.07,25.91,25.91,80.49,156.6,156.2,0.3,48,3.895,12:21:45,2025-08-07,0.21,1,0.001,-0.001,-0.003,1.587,3.315,5.077,0,150,-9999.000,-9999.000000,0.058905,0.000000,0.029230,0.000000,0.000000,-0.000068,standard,0,mpf,7000,500,-9999.000000,-9999.000000,300,300,300,365.293976,25,4.759281,384.476074,372.113586,12.362488,2.434159,2.442202,1.642364,0.928262,0.241348,-0.025707,0.486024,0.146984,71.919678,0.000639,2.400430,-0.000041,1.000000,2.408421,-0.000039,1.000000,0.600250,0.601702,0.107071,0.000000,PSF-00232_20250807122237_504,PFA-00245,PSA-00257,PSF-00232,RHS-00222,3.0.0,2021-01-19T12:57:14.097Z
246,12:23:09,2025-08-07,Manual gsw+F,LI-COR Default,,246,,,-0.000144,2.925388,-0.000144,-0.005284,0.652810,0.652928,3.524616,2.871806,8.111188,8.109715,43.785542,0.441786,7.500000,PSF-00232_20250807122309_544,0.000000,0.000000,0.000000,62.433243,324.838501,0.807802,0.5,0.80,18.577360,1.000000,17.21,17.22,27.99,26.74,26.74,80.50,157.2,57.3,63.5,57,3.894,12:21:45,2025-08-07,0.21,1,0.001,0.001,-0.001,0.068,0.141,0.278,0,150,-9999.000,-9999.000000,0.058905,0.000000,0.029230,0.000000,0.000000,-0.000068,standard,0,mpf,7000,500,-9999.000000,-9999.000000,300,300,300,312.891846,25,-8.132857,313.144684,313.184845,-0.040161,2.432129,2.440035,1.647204,0.708206,0.242165,-0.015048,0.486988,0.155002,62.433243,0.000633,2.400430,-0.000041,1.000000,2.408421,-0.000039,1.000000,0.600250,0.601702,0.107071,0.000000,PSF-00232_20250807122309_544,PFA-00245,PSA-00257,PSF-00232,RHS-00222,3.0.0,2021-01-19T12:57:14.097Z
247,12:23:28,2025-08-07,Manual gsw+F,LI-COR Default,,247,,,0.001588,2.923164,0.001587,0.055816,0.653362,0.652107,3.412820,2.759458,8.100708,8.116299,42.395283,0.441786,7.500000,PSF-00232_20250807122328_f14,0.000000,0.000000,0.000000,63.440323,305.175781,0.792119,0.5,0.80,19.217331,1.000000,17.28,17.25,27.94,26.19,26.19,80.50,156.9,156.0,0.6,61,3.894,12:21:45,2025-08-07,0.21,1,0.000,0.001,0.004,0.173,0.162,0.212,0,150,-9999.000,-9999.000000,0.058905,0.000000,0.029230,0.000000,0.000000,-0.000068,standard,0,mpf,7000,500,-9999.000000,-9999.000000,300,300,300,296.702393,25,-5.559145,300.258270,297.210022,3.048248,2.432186,2.440155,1.644851,0.927798,0.242663,-0.020834,0.487390,0.157634,63.440323,0.000644,2.400430,-0.000041,1.000000,2.408421,-0.000039,1.000000,0.600250,0.601702,0.107071,0.000000,PSF-00232_20250807122328_f14,PFA-00245,PSA-00257,PSF-00232,RHS-00222,3.0.0,2021-01-19T12:57:14.097Z
248,12:23:55,2025-08-07,Manual gsw+F,LI-COR Default,,248,,,0.016460,2.924668,0.016368,0.602336,0.658312,0.644786,3.543400,2.885088,8.009813,8.177845,44.017670,0.441786,7.500000,PSF-00232_20250807122355_642,0.000000,0.000000,0.000000,151.543732,213.097321,0.288852,0.5,0.80,50.791264,1.000000,17.48,17.12,27.87,26.83,26.83,80.50,157.1,-7.8,105.0,440,3.893,12:21:45,2025-08-07,0.21,1,-0.001,-0.001,-0.006,-3.961,-9.397,-22.504,0,150,-9999.000,-9999.000000,0.058905,0.000000,0.029230,0.000000,0.000000,-0.000068,standard,0,mpf,7000,500,-9999.000000,-9999.000000,300,300,300,206.506134,25,-4.853596,204.466217,206.142563,-1.676346,2.431978,2.440501,1.646441,0.588129,0.243307,-0.012565,0.487965,0.473549,151.543732,0.000619,2.400430,-0.000041,1.000000,2.408421,-0.000039,1.000000,0.600250,0.601702,0.107071,0.000000,PSF-00232_20250807122355_642,PFA-00245,PSA-00257,PSF-00232,RHS-00222,3.0.0,2021-01-19T12:57:14.097Z
249,12:24:12,2025-08-07,Manual gsw+F,LI-COR Default,,249,,,0.009744,2.922536,0.009712,0.329832,0.660034,0.652615,3.326240,2.666205,8.107173,8.199339,41.320522,0.441786,7.500000,PSF-00232_20250807122412_613,0.000000,0.000000,0.000000,80.996277,329.670441,0.754311,0.5,0.80,17.320286,1.000000,17.57,17.37,27.83,25.76,25.76,80.50,156.8,156.0,0.5,57,3.893,12:21:45,2025-08-07,0.21,1,-0.000,-0.001,-0.000,0.114,0.327,0.667,0,150,-9999.000,-9999.000000,0.058905,0.000000,0.029230,0.000000,0.000000,-0.000068,standard,0,mpf,7000,500,-9999.000000,-9999.000000,300,300,300,324.382782,25,-3.536813,325.268616,324.602509,0.666107,2.432405,2.440655,1.644189,0.927975,0.243704,-0.024605,0.488412,0.154927,80.996277,0.000650,2.400430,-0.000041,1.000000,2.408421,-0.000039,1.000000,0.600250,0.601702,0.107071,0.000000,PSF-00232_20250807122412_613,PFA-00245,PSA-00257,PSF-00232,RHS-00222,3.0.0,2021-01-19T12:57:14.097Z
250,12:24:34,2025-08-07,Manual gsw+F,LI-COR Default,,250,,,0.013958,2.922368,0.013892,0.474412,0.660979,0.650305,3.341861,2.680882,8.078002,8.210585,41.512119,0.441786,7.500000,PSF-00232_20250807122434_e58,0.000000,0.000000,0.000000,73.672775,332.818359,0.778640,0.5,0.80,29.842060,1.000000,17.65,17.36,27.78,25.84,25.84,80.50,156.8,156.8,0.0,96,3.892,12:21:45,2025-08-07,0.21,1,-0.000,0.002,0.006,-0.292,0.047,0.033,0,150,-9999.000,-9999.000000,0.058905,0.000000,0.029230,0.000000,0.000000,-0.000068,standard,0,mpf,7000,500,-9999.000000,-9999.000000,300,300,300,313.859589,25,-12.950178,318.339935,314.261932,4.078003,2.432398,2.440797,1.644013,0.929810,0.244219,-0.023050,0.488876,0.186949,73.672775,0.000642,2.400430,-0.000041,1.000000,2.408421,-0.000039,1.000000,0.600250,0.601702,0.107071,0.000000,PSF-00232_20250807122434_e58,PFA-00245,PSA-00257,PSF-00232,RHS-00222,3.0.0,2021-01-19T12:57:14.097Z
251,12:25:33,2025-08-07,Manual gsw+F,LI-COR Default,,251,,,0.000294,2.923755,0.000294,0.010191,0.652169,0.651940,3.370140,2.717972,8.099030,8.101875,41.867176,0.441786,7.500000,PSF-00232_20250807122533_22c,0.000000,0.000000,0.000000,79.829697,249.698914,0.680296,0.5,0.80,18.136141,1.000000,17.55,17.54,27.64,25.98,25.98,80.50,157.0,156.8,0.1,67,3.891,12:21:45,2025-08-07,0.21,1,0.001,-0.002,0.001,0.777,0.940,6.144,0,150,-9999.000,-9999.000000,0.058905,0.000000,0.029230,0.000000,0.000000,-0.000068,standard,0,mpf,7000,500,-9999.000000,-9999.000000,300,300,300,243.100052,25,-4.476336,242.666595,243.284729,-0.618134,2.432716,2.440641,1.645475,0.929902,0.245510,-0.019807,0.490036,0.162633,79.829697,0.000644,2.400430,-0.000041,1.000000,2.408421,-0.000039,1.000000,0.600250,0.601702,0.107071,0.000000,PSF-00232_20250807122533_22c,PFA-00245,PSA-00257,PSF-00232,RHS-00222,3.0.0,2021-01-19T12:57:14.097Z
252,12:26:16,2025-08-07,Manual gsw+F,LI-COR Default,,252,,,0.014241,2.922999,0.014172,0.604656,0.703282,0.689692,4.036743,3.333461,8.567343,8.736150,50.144318,0.441786,7.500000,PSF-00232_20250807122616_2cc,0.000000,0.000000,0.000000,158.273575,172.705948,0.083566,0.5,0.80,64.787460,1.000000,18.94,18.58,27.62,29.06,29.06,80.50,156.9,156.8,0.1,1938,3.888,12:21:45,2025-08-07,0.21,1,0.000,0.000,-0.002,-4.775,-10.052,-15.539,0,150,-9999.000,-9999.000000,0.058905,0.000000,0.029230,0.000000,0.000000,-0.000068,standard,0,mpf,7000,500,-9999.000000,-9999.000000,300,300,300,168.661957,25,-3.537720,166.211487,167.636719,-1.425232,2.434462,2.443008,1.644678,0.929748,0.245693,0.017041,0.491524,1.722898,161.861298,0.000623,2.400430,-0.000041,1.000000,2.408421,-0.000039,1.000000,0.600250,0.601702,0.107071,0.000000,PSF-00232_20250807122616_2cc,PFA-00245,PSA-00257,PSF-00232,RHS-00222,3.0.0,2021-01-19T12:57:14.097Z
253,12:26:38,2025-08-07,Manual gsw+F,LI-COR Default,,253,,,0.038797,2.923557,0.038289,1.250301,0.705421,0.677336,3.269137,2.563716,8.414238,8.763131,40.611027,0.441786,7.500000,PSF-00232_20250807122638_a6c,0.000000,0.000000,0.000000,1.930118,2.063798,0.064774,0.5,0.80,51.098854,1.000000,18.97,18.21,27.65,25.47,25.47,80.50,156.9,-10.4,106.6,1972,3.890,12:21:45,2025-08-07,0.21,1,0.010,0.017,0.000,-0.059,0.013,-0.011,0,150,-9999.000,-9999.000000,0.058905,0.000000,0.029230,0.000000,0.000000,-0.000068,standard,0,mpf,7000,500,-9999.000000,-9999.000000,300,300,300,2.047420,25,-0.023678,2.033114,2.029870,0.003245,2.433846,2.443046,1.645266,0.583794,0.245400,-0.025908,0.492658,1.751235,1.930118,0.000625,2.400430,-0.000041,1.000000,2.408421,-0.000039,1.000000,0.600250,0.601702,0.107071,0.000000,PSF-00232_20250807122638_a6c,PFA-00245,PSA-00257,PSF-00232,RHS-00222,3.0.0,2021-01-19T12:57:14.097Z
254,12:27:02,2025-08-07,Manual gsw+F,LI-COR Default,,254,,,0.014209,2.924409,0.014140,0.705054,0.714904,0.699083,4.595342,3.880439,8.686659,8.883245,57.100777,0.441786,7.500000,PSF-00232_20250807122702_d0b,0.000000,0.000000,0.000000,34.803986,50.143452,0.305912,0.5,0.80,235.836105,1.000000,19.16,18.73,27.71,31.32,31.32,80.48,157.0,144.7,7.8,1927,3.889,12:21:45,2025-08-07,0.21,1,0.000,0.000,-0.001,-0.014,-0.012,0.414,0,150,-9999.000,-9999.000000,0.058905,0.000000,0.029230,0.000000,0.000000,-0.000068,standard,0,mpf,7000,500,-9999.000000,-9999.000000,300,300,300,47.073483,25,-2.191011,46.798111,47.003933,-0.205822,2.434715,2.443360,1.646167,0.900094,0.244845,0.043687,0.493912,1.713822,34.803986,0.000635,2.400430,-0.000041,1.000000,2.408421,-0.000039,1.000000,0.600250,0.601702,0.107071,0.000000,PSF-00232_20250807122702_d0b,PFA-00245,PSA-00257,PSF-00232,RHS-00222,3.0.0,2021-01-19T12:57:14.097Z
255,12:27:29,2025-08-07,Manual gsw+F,LI-COR Default,,255,,,0.010208,2.922213,0.010173,0.458425,0.704072,0.693766,4.219729,3.515657,8.620644,8.748705,52.433811,0.441786,7.500000,PSF-00232_20250807122729_219,0.000000,0.000000,0.000000,68.521141,138.617142,0.505681,0.5,0.80,380.069031,1.000000,18.79,18.51,27.79,29.83,29.83,80.48,156.8,156.8,-0.0,1879,3.888,12:21:45,2025-08-07,0.21,1,0.002,-0.002,-0.003,-0.671,-0.859,-1.202,0,150,-9999.000,-9999.000000,0.058905,0.000000,0.029230,0.000000,0.000000,-0.000068,standard,0,mpf,7000,500,-9999.000000,-9999.000000,300,300,300,129.616135,25,-6.448790,128.334763,129.376617,-1.041855,2.434333,2.442726,1.643850,0.929953,0.244125,0.024433,0.495300,1.673535,68.521141,0.000626,2.400430,-0.000041,1.000000,2.408421,-0.000039,1.000000,0.600250,0.601702,0.107071,0.000000,PSF-00232_20250807122729_219,PFA-00245,PSA-00257,PSF-00232,RHS-00222,3.0.0,2021-01-19T12:57:14.097Z
256,12:27:54,2025-08-07,Manual gsw+F,LI-COR Default,,256,,,0.028410,2.923046,0.028136,1.350762,0.744770,0.714438,4.482961,3.738190,8.877155,9.254047,55.702446,0.441786,7.500000,PSF-00232_20250807122754_7cd,0.000000,0.000000,0.000000,68.937424,92.640427,0.255860,0.5,0.80,204.968842,1.000000,19.79,18.98,27.86,30.89,30.89,80.48,156.9,20.1,87.2,2003,3.888,12:21:45,2025-08-07,0.21,1,0.000,-0.001,0.008,-0.412,-0.918,-2.819,0,150,-9999.000,-9999.000000,0.058905,0.000000,0.029230,0.000000,0.000000,-0.000068,standard,0,mpf,7000,500,-9999.000000,-9999.000000,300,300,300,87.923523,25,-3.251148,87.636353,87.981827,-0.345474,2.435106,2.444392,1.644727,0.637523,0.243395,0.036488,0.496675,1.776698,68.937424,0.000608,2.400430,-0.000041,1.000000,2.408421,-0.000039,1.000000,0.600250,0.601702,0.107071,0.000000,PSF-00232_20250807122754_7cd,PFA-00245,PSA-00257,PSF-00232,RHS-00222,3.0.0,2021-01-19T12:57:14.097Z
257,12:28:24,2025-08-07,Manual gsw+F,LI-COR Default,,257,,,0.009913,2.923548,0.009879,0.461868,0.732329,0.721961,4.375242,3.642913,8.971466,9.100306,54.369068,0.441786,7.500000,PSF-00232_20250807122824_fe0,0.000000,0.000000,0.000000,87.614891,123.281868,0.289312,0.5,0.80,107.179947,1.000000,19.30,19.03,28.00,30.46,30.46,80.47,156.9,111.5,29.0,926,3.887,12:21:45,2025-08-07,0.21,1,0.000,-0.002,0.000,-2.474,-6.751,-22.529,0,150,-9999.000,-9999.000000,0.058905,0.000000,0.029230,0.000000,0.000000,-0.000068,standard,0,mpf,7000,500,-9999.000000,-9999.000000,300,300,300,117.783310,25,-4.651363,114.908340,116.616890,-1.708549,2.435174,2.443569,1.645257,0.822329,0.242098,0.029615,0.498494,0.879184,89.982750,0.000618,2.400430,-0.000041,1.000000,2.408421,-0.000039,1.000000,0.600250,0.601702,0.107071,0.000000,PSF-00232_20250807122824_fe0,PFA-00245,PSA-00257,PSF-00232,RHS-00222,3.0.0,2021-01-19T12:57:14.097Z
258,12:28:49,2025-08-07,Manual gsw+F,LI-COR Default,,258,,,0.033208,2.924480,0.032835,1.524980,0.774557,0.740365,4.392224,3.617667,9.199684,9.624544,54.577217,0.441786,7.500000,PSF-00232_20250807122849_b37,0.000000,0.000000,0.000000,136.641388,321.981873,0.575624,0.5,0.80,141.016556,1.000000,20.26,19.36,28.13,30.53,30.53,80.48,157.0,157.1,-0.1,612,3.887,12:21:45,2025-08-07,0.21,1,0.001,0.001,0.004,1.730,4.334,29.703,0,150,-9999.000,-9999.000000,0.058905,0.000000,0.029230,0.000000,0.000000,-0.000068,standard,0,mpf,7000,500,-9999.000000,-9999.000000,300,300,300,301.459564,25,-15.181091,295.849091,300.228760,-4.379669,2.435712,2.445144,1.646242,0.930748,0.240814,0.028824,0.499976,0.617653,136.641388,0.000628,2.400430,-0.000041,1.000000,2.408421,-0.000039,1.000000,0.600250,0.601702,0.107071,0.000000,PSF-00232_20250807122849_b37,PFA-00245,PSA-00257,PSF-00232,RHS-00222,3.0.0,2021-01-19T12:57:14.097Z
259,12:29:17,2025-08-07,Manual gsw+F,LI-COR Default,,259,,,0.053196,2.924375,0.052246,2.297671,0.778546,0.727036,4.207595,3.429050,9.035460,9.675611,52.291161,0.441786,7.500000,PSF-00232_20250807122917_a09,0.000000,0.000000,0.000000,84.302902,302.398254,0.721219,0.5,0.80,340.440552,1.000000,20.15,18.82,28.31,29.78,29.78,80.46,157.0,156.6,0.3,1180,3.886,12:21:45,2025-08-07,0.21,1,-0.001,-0.001,0.001,2.053,1.697,-3.702,0,150,-9999.000,-9999.000000,0.058905,0.000000,0.029230,0.000000,0.000000,-0.000068,standard,0,mpf,7000,500,-9999.000000,-9999.000000,300,300,300,262.690552,25,-27.356798,262.960541,263.198456,-0.237915,2.434783,2.444945,1.646131,0.929277,0.239109,0.017501,0.501625,1.090875,84.302902,0.000620,2.400430,-0.000041,1.000000,2.408421,-0.000039,1.000000,0.600250,0.601702,0.107071,0.000000,PSF-00232_20250807122917_a09,PFA-00245,PSA-00257,PSF-00232,RHS-00222,3.0.0,2021-01-19T12:57:14.097Z
260,12:29:40,2025-08-07,Manual gsw+F,LI-COR Default,,260,,,0.073197,2.922565,0.071409,3.590471,0.901299,0.820788,4.804971,3.903672,10.197237,11.197474,59.695568,0.441786,7.500000,PSF-00232_20250807122940_d8c,0.000000,0.000000,0.000000,58.751823,114.246841,0.485747,0.5,0.80,339.585083,1.000000,23.10,21.04,28.48,32.11,32.11,80.49,156.8,157.1,-0.2,1748,3.884,12:21:45,2025-08-07,0.21,1,-0.001,-0.001,0.006,-2.694,-2.250,10.222,0,150,-9999.000,-9999.000000,0.058905,0.000000,0.029230,0.000000,0.000000,-0.000068,standard,0,mpf,7000,500,-9999.000000,-9999.000000,300,300,300,100.447655,25,-9.819645,97.667816,100.176186,-2.508369,2.438430,2.449765,1.644220,0.930535,0.237544,0.044215,0.503023,1.564117,58.751823,0.000596,2.400430,-0.000041,1.000000,2.408421,-0.000039,1.000000,0.600250,0.601702,0.107071,0.000000,PSF-00232_20250807122940_d8c,PFA-00245,PSA-00257,PSF-00232,RHS-00222,3.0.0,2021-01-19T12:57:14.097Z
261,12:29:56,2025-08-07,Manual gsw+F,LI-COR Default,,261,,,0.067627,2.923382,0.066098,3.021173,0.907272,0.839570,4.463900,3.556627,10.429605,11.270639,55.453033,0.441786,7.500000,PSF-00232_20250807122956_46a,0.000000,0.000000,0.000000,190.207245,285.768707,0.334401,0.5,0.80,229.205048,1.000000,23.11,21.38,28.59,30.81,30.81,80.50,156.9,155.5,0.9,1714,3.885,12:21:45,2025-08-07,0.21,1,0.002,0.001,-0.001,-6.579,-10.851,59.128,0,150,-9999.000,-9999.000000,0.058905,0.000000,0.029230,0.000000,0.000000,-0.000068,standard,0,mpf,7000,500,-9999.000000,-9999.000000,300,300,300,265.983582,25,-14.823783,260.594849,264.527588,-3.932739,2.438974,2.449754,1.645081,0.926572,0.236493,0.026767,0.503941,1.535604,190.207245,0.000600,2.400430,-0.000041,1.000000,2.408421,-0.000039,1.000000,0.600250,0.601702,0.107071,0.000000,PSF-00232_20250807122956_46a,PFA-00245,PSA-00257,PSF-00232,RHS-00222,3.0.0,2021-01-19T12:57:14.097Z
262,12:30:25,2025-08-07,Manual gsw+F,LI-COR Default,,262,,,0.043024,2.922753,0.042399,2.090091,0.842059,0.795160,4.674260,3.832201,9.878010,10.460616,58.066776,0.441786,7.500000,PSF-00232_20250807123025_027,0.000000,0.000000,0.000000,69.793938,95.769524,0.271230,0.5,0.80,209.084183,1.000000,21.19,20.01,28.79,31.62,31.62,80.50,156.8,156.7,0.1,1927,3.884,12:21:45,2025-08-07,0.21,1,0.003,0.001,0.003,-6.745,-12.393,3.420,0,150,-9999.000,-9999.000000,0.058905,0.000000,0.029230,0.000000,0.000000,-0.000068,standard,0,mpf,7000,500,-9999.000000,-9999.000000,300,300,300,95.769524,25,27.982542,123.300430,135.865952,-12.565521,2.436707,2.446609,1.644419,0.929518,0.234591,0.034293,0.505417,1.713707,69.793938,0.000622,2.400430,-0.000041,1.000000,2.408421,-0.000039,1.000000,0.600250,0.601702,0.107071,0.000000,PSF-00232_20250807123025_027,PFA-00245,PSA-00257,PSF-00232,RHS-00222,3.0.0,2021-01-19T12:57:14.097Z
263,12:30:46,2025-08-07,Manual gsw+F,LI-COR Default,,263,,,0.032553,2.924169,0.032194,1.852441,0.838163,0.796637,5.294063,4.455901,9.895276,10.411084,65.759239,0.441786,7.500000,PSF-00232_20250807123046_037,0.000000,0.000000,0.000000,51.153660,65.191368,0.215331,0.5,0.80,172.512863,1.000000,20.91,19.87,28.94,33.84,33.84,80.51,157.0,55.6,64.6,2003,3.884,12:21:45,2025-08-07,0.21,1,0.000,0.001,0.005,-0.042,-0.305,-1.062,0,150,-9999.000,-9999.000000,0.058905,0.000000,0.029230,0.000000,0.000000,-0.000068,standard,0,mpf,7000,500,-9999.000000,-9999.000000,300,300,300,62.700390,25,-1.706739,62.648891,62.745766,-0.096874,2.436463,2.446128,1.645912,0.704751,0.233198,0.060317,0.506396,1.776814,51.153660,0.000603,2.400430,-0.000041,1.000000,2.408421,-0.000039,1.000000,0.600250,0.601702,0.107071,0.000000,PSF-00232_20250807123046_037,PFA-00245,PSA-00257,PSF-00232,RHS-00222,3.0.0,2021-01-19T12:57:14.097Z
264,12:31:10,2025-08-07,Manual gsw+F,LI-COR Default,,264,,,0.014249,2.923107,0.014179,0.776438,0.803826,0.786399,5.051759,4.247933,9.768388,9.984861,62.751263,0.441786,7.500000,PSF-00232_20250807123110_3ec,0.000000,0.000000,0.000000,111.245155,125.519402,0.113721,0.5,0.80,85.796371,1.000000,19.84,19.41,29.12,33.00,33.00,80.50,156.9,156.3,0.3,1886,3.883,12:21:45,2025-08-07,0.21,1,-0.000,0.000,0.006,-3.532,-9.291,-33.091,0,150,-9999.000,-9999.000000,0.058905,0.000000,0.029230,0.000000,0.000000,-0.000068,standard,0,mpf,7000,500,-9999.000000,-9999.000000,300,300,300,122.170326,25,-2.601825,121.089218,121.791222,-0.702003,2.435681,2.444343,1.644792,0.928708,0.231527,0.047460,0.507507,1.679463,111.245155,0.000602,2.400430,-0.000041,1.000000,2.408421,-0.000039,1.000000,0.600250,0.601702,0.107071,0.000000,PSF-00232_20250807123110_3ec,PFA-00245,PSA-00257,PSF-00232,RHS-00222,3.0.0,2021-01-19T12:57:14.097Z
265,12:31:41,2025-08-07,Manual gsw+F,LI-COR Default,,265,,,0.055957,2.922597,0.054906,2.872256,0.941960,0.877567,4.998724,4.056763,10.898914,11.698644,62.081482,0.441786,7.500000,PSF-00232_20250807123141_d45,0.000000,0.000000,0.000000,75.403336,114.151314,0.339444,0.5,0.80,273.925720,1.000000,22.96,21.39,29.35,32.81,32.81,80.52,156.8,157.0,-0.1,2017,3.883,12:21:45,2025-08-07,0.21,1,0.001,0.000,0.013,-0.628,-0.854,13.522,0,150,-9999.000,-9999.000000,0.058905,0.000000,0.029230,0.000000,0.000000,-0.000068,standard,0,mpf,7000,500,-9999.000000,-9999.000000,300,300,300,103.245377,25,-8.024940,100.716949,102.652306,-1.935356,2.438888,2.449414,1.644255,0.930353,0.229497,0.042360,0.508911,1.788967,76.823112,0.000598,2.400430,-0.000041,1.000000,2.408421,-0.000039,1.000000,0.600250,0.601702,0.107071,0.000000,PSF-00232_20250807123141_d45,PFA-00245,PSA-00257,PSF-00232,RHS-00222,3.0.0,2021-01-19T12:57:14.097Z
266,12:32:09,2025-08-07,Manual gsw+F,LI-COR Default,,266,,,0.019048,2.923708,0.018925,0.974674,0.831173,0.809321,4.830280,3.999107,10.056272,10.327789,60.018948,0.441786,7.500000,PSF-00232_20250807123209_548,0.000000,0.000000,0.000000,208.404068,298.134125,0.300972,0.5,0.80,120.485672,1.000000,19.98,19.45,29.59,32.20,32.20,80.48,157.0,59.2,62.3,1001,3.881,12:31:57,2025-08-07,0.24,1,-0.000,0.000,0.001,-7.894,-10.902,17.945,0,150,-9999.000,-9999.000000,0.058905,0.000000,0.029230,0.000000,0.000000,-0.000068,standard,0,mpf,7000,500,-9999.000000,-9999.000000,300,300,300,282.817474,25,-11.294225,278.303864,281.950531,-3.646667,2.435694,2.444465,1.645427,0.712011,0.227342,0.031811,0.510102,0.941412,209.353928,0.000618,2.400430,-0.000041,1.000000,2.408421,-0.000039,1.000000,0.600250,0.601702,0.107071,0.000000,PSF-00232_20250807123209_548,PFA-00245,PSA-00257,PSF-00232,RHS-00222,3.0.0,2021-01-19T12:57:14.097Z
267,12:32:29,2025-08-07,Manual gsw+F,LI-COR Default,,267,,,0.028004,2.923414,0.027739,1.301655,0.776489,0.747271,4.431894,3.655406,9.282644,9.645585,55.053219,0.441786,7.500000,PSF-00232_20250807123229_5c9,0.000000,0.000000,0.000000,69.564346,177.767441,0.608678,0.5,0.80,44.593285,1.000000,18.52,17.82,29.72,30.69,30.69,80.50,156.9,151.9,3.2,183,3.881,12:31:57,2025-08-07,0.24,1,-0.000,-0.000,0.000,0.962,1.661,2.977,0,150,-9999.000,-9999.000000,0.058905,0.000000,0.029230,0.000000,0.000000,-0.000068,standard,0,mpf,7000,500,-9999.000000,-9999.000000,300,300,300,158.521408,25,-13.088023,160.113571,159.013489,1.100082,2.432965,2.442014,1.645115,0.917712,0.226125,0.011417,0.510733,0.259763,69.564346,0.000612,2.400430,-0.000041,1.000000,2.408421,-0.000039,1.000000,0.600250,0.601702,0.107071,0.000000,PSF-00232_20250807123229_5c9,PFA-00245,PSA-00257,PSF-00232,RHS-00222,3.0.0,2021-01-19T12:57:14.097Z
268,12:32:53,2025-08-07,Manual gsw+F,LI-COR Default,,268,,,0.017922,2.924235,0.017812,0.777918,0.841686,0.824250,4.246416,3.404729,10.238589,10.455178,52.747719,0.441786,7.500000,PSF-00232_20250807123253_422,0.000000,0.000000,0.000000,147.333023,309.490051,0.523949,0.5,0.80,24.085567,1.000000,19.90,19.49,29.87,29.94,29.94,80.50,157.0,47.0,70.1,115,3.881,12:31:57,2025-08-07,0.24,1,-0.000,0.002,0.002,-4.050,8.840,43.738,0,150,-9999.000,-9999.000000,0.058905,0.000000,0.029230,0.000000,0.000000,-0.000068,standard,0,mpf,7000,500,-9999.000000,-9999.000000,300,300,300,286.963806,25,-17.408377,278.314240,284.545441,-6.231201,2.435719,2.444303,1.645983,0.688008,0.224788,0.000484,0.511642,0.202879,147.333023,0.000628,2.400430,-0.000041,1.000000,2.408421,-0.000039,1.000000,0.600250,0.601702,0.107071,0.000000,PSF-00232_20250807123253_422,PFA-00245,PSA-00257,PSF-00232,RHS-00222,3.0.0,2021-01-19T12:57:14.097Z
269,12:33:22,2025-08-07,Manual gsw+F,LI-COR Default,,269,,,0.049797,2.924401,0.048963,2.486964,0.908829,0.853149,4.850986,3.942158,10.599143,11.290889,60.266506,0.441786,7.500000,PSF-00232_20250807123322_aca,0.000000,0.000000,0.000000,50.686241,124.095085,0.591553,0.5,0.80,281.390411,1.000000,21.27,19.97,30.05,32.28,32.28,80.49,157.0,88.9,43.4,1189,3.880,12:31:57,2025-08-07,0.24,1,-0.000,-0.000,0.008,2.390,-2.049,4.433,0,150,-9999.000,-9999.000000,0.058905,0.000000,0.029230,0.000000,0.000000,-0.000068,standard,0,mpf,7000,500,-9999.000000,-9999.000000,300,300,300,124.095085,25,2.023239,127.959251,126.994202,0.965050,2.436491,2.446542,1.646158,0.772930,0.223244,0.027102,0.512662,1.098473,50.686241,0.000627,2.400430,-0.000041,1.000000,2.408421,-0.000039,1.000000,0.600250,0.601702,0.107071,0.000000,PSF-00232_20250807123322_aca,PFA-00245,PSA-00257,PSF-00232,RHS-00222,3.0.0,2021-01-19T12:57:14.097Z
270,12:33:46,2025-08-07,Manual gsw+F,LI-COR Default,,270,,,0.221935,2.923071,0.206273,8.922613,1.082639,0.883064,4.445453,3.362814,10.968951,13.447969,55.219078,0.441786,7.500000,PSF-00232_20250807123346_d77,0.000000,0.000000,0.000000,118.048668,162.958069,0.275589,0.5,0.80,225.385941,1.000000,25.12,20.49,30.20,30.74,30.74,80.51,156.9,81.0,48.3,2045,3.866,12:31:57,2025-08-07,0.24,1,-0.001,-0.000,0.007,-2.261,-4.439,-10.565,0,150,-9999.000,-9999.000000,0.058905,0.000000,0.029230,0.000000,0.000000,-0.000068,standard,0,mpf,7000,500,-9999.000000,-9999.000000,300,300,300,153.763885,25,-6.456952,152.958160,153.705841,-0.747681,2.437318,2.452710,1.644753,0.756437,0.221880,0.006199,0.513748,1.811582,118.048668,0.000608,2.400430,-0.000041,1.000000,2.408421,-0.000039,1.000000,0.600250,0.601702,0.107071,0.000000,PSF-00232_20250807123346_d77,PFA-00245,PSA-00257,PSF-00232,RHS-00222,3.0.0,2021-01-19T12:57:14.097Z
271,12:34:06,2025-08-07,Manual gsw+F,LI-COR Default,,271,,,0.023189,2.923987,0.023007,1.215949,0.975505,0.948287,5.071036,4.095531,11.777772,12.115816,62.982498,0.441786,7.500000,PSF-00232_20250807123406_c5e,0.000000,0.000000,0.000000,166.978241,196.860535,0.151794,0.5,0.80,121.502975,1.000000,22.44,21.82,30.35,33.07,33.07,80.51,157.0,155.0,1.3,2001,3.877,12:31:57,2025-08-07,0.24,1,0.000,-0.003,0.005,-3.290,-7.547,-22.398,0,150,-9999.000,-9999.000000,0.058905,0.000000,0.029230,0.000000,0.000000,-0.000068,standard,0,mpf,7000,500,-9999.000000,-9999.000000,300,300,300,189.910416,25,-4.995069,188.699127,189.703049,-1.003922,2.439456,2.448406,1.645720,0.925264,0.220602,0.033258,0.514573,1.775340,166.978241,0.000606,2.400430,-0.000041,1.000000,2.408421,-0.000039,1.000000,0.600250,0.601702,0.107071,0.000000,PSF-00232_20250807123406_c5e,PFA-00245,PSA-00257,PSF-00232,RHS-00222,3.0.0,2021-01-19T12:57:14.097Z
272,12:34:28,2025-08-07,Manual gsw+F,LI-COR Default,,272,,,0.021113,2.923545,0.020962,1.184914,0.923778,0.897228,5.299291,4.375513,11.143334,11.473080,65.815796,0.441786,7.500000,PSF-00232_20250807123428_1b1,0.000000,0.000000,0.000000,173.517822,195.633087,0.113045,0.5,0.80,85.081894,1.000000,21.05,20.44,30.52,33.85,33.85,80.52,156.9,156.9,0.0,1882,3.877,12:31:57,2025-08-07,0.24,1,-0.001,0.001,0.001,-2.356,-2.844,-21.653,0,150,-9999.000,-9999.000000,0.058905,0.000000,0.029230,0.000000,0.000000,-0.000068,standard,0,mpf,7000,500,-9999.000000,-9999.000000,300,300,300,191.965698,25,-2.604546,190.950043,191.901016,-0.950974,2.437209,2.446116,1.645254,0.930167,0.219147,0.041124,0.515491,1.675705,173.517822,0.000596,2.400430,-0.000041,1.000000,2.408421,-0.000039,1.000000,0.600250,0.601702,0.107071,0.000000,PSF-00232_20250807123428_1b1,PFA-00245,PSA-00257,PSF-00232,RHS-00222,3.0.0,2021-01-19T12:57:14.097Z
273,12:34:44,2025-08-07,Manual gsw+F,LI-COR Default,,273,,,0.037205,2.923479,0.036737,1.856061,0.884676,0.843066,4.808781,3.924104,10.470717,10.987515,59.724163,0.441786,7.500000,PSF-00232_20250807123444_025,0.000000,0.000000,0.000000,90.452316,224.638214,0.597342,0.5,0.80,443.368256,1.000000,20.02,19.08,30.64,32.12,32.12,80.52,156.9,155.3,1.0,1856,3.878,12:31:57,2025-08-07,0.24,1,0.001,0.001,0.005,-0.472,1.019,7.681,0,150,-9999.000,-9999.000000,0.058905,0.000000,0.029230,0.000000,0.000000,-0.000068,standard,0,mpf,7000,500,-9999.000000,-9999.000000,300,300,300,205.506561,25,-14.112793,201.650269,204.415863,-2.765594,2.434957,2.444415,1.645184,0.926147,0.218129,0.017944,0.516024,1.654019,90.452316,0.000606,2.400430,-0.000041,1.000000,2.408421,-0.000039,1.000000,0.600250,0.601702,0.107071,0.000000,PSF-00232_20250807123444_025,PFA-00245,PSA-00257,PSF-00232,RHS-00222,3.0.0,2021-01-19T12:57:14.097Z
274,12:35:23,2025-08-07,Manual gsw+F,LI-COR Default,,274,,,0.039935,2.923588,0.039397,2.020771,0.879572,0.834274,4.861830,3.982257,10.362429,10.925075,60.388275,0.441786,7.500000,PSF-00232_20250807123523_2d8,0.000000,0.000000,0.000000,221.984268,280.666809,0.209083,0.5,0.80,133.155884,1.000000,19.60,18.59,30.91,32.32,32.32,80.51,156.9,156.9,-0.0,1592,3.877,12:31:57,2025-08-07,0.24,1,0.001,-0.001,0.001,-5.005,-8.342,-16.294,0,150,-9999.000,-9999.000000,0.058905,0.000000,0.029230,0.000000,0.000000,-0.000068,standard,0,mpf,7000,500,-9999.000000,-9999.000000,300,300,300,268.928284,25,-8.076631,266.816132,269.093719,-2.277588,2.434110,2.443679,1.645299,0.930228,0.215782,0.016971,0.517207,1.434395,225.198273,0.000605,2.400430,-0.000041,1.000000,2.408421,-0.000039,1.000000,0.600250,0.601702,0.107071,0.000000,PSF-00232_20250807123523_2d8,PFA-00245,PSA-00257,PSF-00232,RHS-00222,3.0.0,2021-01-19T12:57:14.097Z
275,12:35:43,2025-08-07,Manual gsw+F,LI-COR Default,,275,,,0.059221,2.925196,0.058046,2.563455,0.841894,0.784475,4.284302,3.442408,9.743614,10.456787,53.213379,0.441786,7.500000,PSF-00232_20250807123543_566,0.000000,0.000000,0.000000,50.610424,117.819244,0.570440,0.5,0.80,402.893616,1.000000,18.63,17.36,31.03,30.10,30.10,80.51,157.1,150.1,4.5,1766,3.876,12:31:57,2025-08-07,0.24,1,0.001,0.003,0.008,-9.148,3.502,49.784,0,150,-9999.000,-9999.000000,0.058905,0.000000,0.029230,0.000000,0.000000,-0.000068,standard,0,mpf,7000,500,-9999.000000,-9999.000000,300,300,300,98.950623,25,-12.808706,102.720024,99.465538,3.254486,2.432053,2.442061,1.646999,0.913139,0.214787,-0.011783,0.517674,1.579094,76.150421,0.000616,2.400430,-0.000041,1.000000,2.408421,-0.000039,1.000000,0.600250,0.601702,0.107071,0.000000,PSF-00232_20250807123543_566,PFA-00245,PSA-00257,PSF-00232,RHS-00222,3.0.0,2021-01-19T12:57:14.097Z
276,12:36:14,2025-08-07,Manual gsw+F,LI-COR Default,,276,,,0.004012,2.923486,0.004007,0.222057,0.792390,0.787407,5.091164,4.298773,9.780663,9.842564,63.239166,0.441786,7.500000,PSF-00232_20250807123614_e25,0.000000,0.000000,0.000000,81.557755,94.152603,0.133771,0.5,0.80,67.997932,1.000000,17.36,17.25,31.21,33.14,33.14,80.51,156.9,153.5,2.2,1271,3.875,12:31:57,2025-08-07,0.24,1,0.001,0.001,0.004,-0.163,0.472,0.451,0,150,-9999.000,-9999.000000,0.058905,0.000000,0.029230,0.000000,0.000000,-0.000068,standard,0,mpf,7000,500,-9999.000000,-9999.000000,300,300,300,93.315483,25,-0.550473,93.292595,93.363823,-0.071228,2.431849,2.439904,1.645191,0.921579,0.213289,0.023560,0.517930,1.166494,81.557755,0.000624,2.400430,-0.000041,1.000000,2.408421,-0.000039,1.000000,0.600250,0.601702,0.107071,0.000000,PSF-00232_20250807123614_e25,PFA-00245,PSA-00257,PSF-00232,RHS-00222,3.0.0,2021-01-19T12:57:14.097Z
277,12:36:27,2025-08-07,Manual gsw+F,LI-COR Default,,277,,,0.033382,2.924581,0.033005,2.003455,0.889681,0.844812,5.580303,4.690622,10.493324,11.050639,69.312355,0.441786,7.500000,PSF-00232_20250807123627_17d,0.000000,0.000000,0.000000,54.536461,77.166061,0.293258,0.5,0.80,242.515015,1.000000,19.40,18.42,31.28,34.78,34.78,80.51,157.1,139.8,11.0,2067,3.873,12:31:57,2025-08-07,0.24,1,-0.001,-0.000,0.009,-0.400,-1.044,-2.388,0,150,-9999.000,-9999.000000,0.058905,0.000000,0.029230,0.000000,0.000000,-0.000068,standard,0,mpf,7000,500,-9999.000000,-9999.000000,300,300,300,72.121025,25,-3.645638,71.090698,71.942192,-0.851494,2.433799,2.443316,1.646349,0.888106,0.212624,0.043437,0.518274,1.830615,54.536461,0.000602,2.400430,-0.000041,1.000000,2.408421,-0.000039,1.000000,0.600250,0.601702,0.107071,0.000000,PSF-00232_20250807123627_17d,PFA-00245,PSA-00257,PSF-00232,RHS-00222,3.0.0,2021-01-19T12:57:14.097Z
278,12:36:45,2025-08-07,Manual gsw+F,LI-COR Default,,278,,,0.040839,2.924181,0.040277,1.988533,0.856955,0.812388,4.694771,3.837816,10.090712,10.644279,58.313976,0.441786,7.500000,PSF-00232_20250807123645_032,0.000000,0.000000,0.000000,130.361435,225.665009,0.422323,0.5,0.80,287.241028,1.000000,18.57,17.60,31.40,31.70,31.70,80.51,157.0,157.0,-0.0,1700,3.868,12:31:57,2025-08-07,0.24,1,0.001,0.000,0.027,-3.182,0.959,44.751,0,150,-9999.000,-9999.000000,0.058905,0.000000,0.029230,0.000000,0.000000,-0.000068,standard,0,mpf,7000,500,-9999.000000,-9999.000000,300,300,300,204.066040,25,-16.363657,198.422318,202.217377,-3.795059,2.432421,2.441918,1.645926,0.930490,0.211687,0.003291,0.518804,1.524613,130.361435,0.000609,2.400430,-0.000041,1.000000,2.408421,-0.000039,1.000000,0.600250,0.601702,0.107071,0.000000,PSF-00232_20250807123645_032,PFA-00245,PSA-00257,PSF-00232,RHS-00222,3.0.0,2021-01-19T12:57:14.097Z
279,12:37:15,2025-08-07,Manual gsw+F,LI-COR Default,,279,,,0.068127,2.923597,0.066576,3.533328,0.914568,0.835392,5.030027,4.115458,10.375418,11.358769,62.472000,0.441786,7.500000,PSF-00232_20250807123715_73f,0.000000,0.000000,0.000000,92.904213,193.770554,0.520545,0.5,0.80,400.820251,1.000000,19.64,17.94,31.56,32.92,32.92,80.52,156.9,125.6,20.0,1925,3.872,12:31:57,2025-08-07,0.24,1,0.003,0.003,-0.003,-2.107,-5.595,-4.028,0,150,-9999.000,-9999.000000,0.058905,0.000000,0.029230,0.000000,0.000000,-0.000068,standard,0,mpf,7000,500,-9999.000000,-9999.000000,300,300,300,174.622894,25,-13.059004,173.953415,175.058197,-1.104782,2.432963,2.443677,1.645308,0.854470,0.210365,0.016507,0.519792,1.711888,92.904213,0.000614,2.400430,-0.000041,1.000000,2.408421,-0.000039,1.000000,0.600250,0.601702,0.107071,0.000000,PSF-00232_20250807123715_73f,PFA-00245,PSA-00257,PSF-00232,RHS-00222,3.0.0,2021-01-19T12:57:14.097Z
280,12:37:37,2025-08-07,Manual gsw+F,LI-COR Default,,280,,,0.032853,2.922273,0.032488,1.520421,0.874503,0.840389,4.515542,3.641039,10.440129,10.863930,56.096474,0.441786,7.500000,PSF-00232_20250807123737_a1a,0.000000,0.000000,0.000000,94.508888,204.302429,0.537407,0.5,0.80,183.681122,1.000000,18.65,17.92,31.68,31.02,31.02,80.50,156.8,61.4,60.9,854,3.873,12:31:57,2025-08-07,0.24,1,0.001,-0.007,-0.006,6.833,17.686,18.311,0,150,-9999.000,-9999.000000,0.058905,0.000000,0.029230,0.000000,0.000000,-0.000068,standard,0,mpf,7000,500,-9999.000000,-9999.000000,300,300,300,204.302429,25,30.839199,229.461197,248.492188,-19.030991,2.432923,2.442023,1.643913,0.716271,0.209369,-0.008593,0.520057,0.819425,139.776703,0.000617,2.400430,-0.000041,1.000000,2.408421,-0.000039,1.000000,0.600250,0.601702,0.107071,0.000000,PSF-00232_20250807123737_a1a,PFA-00245,PSA-00257,PSF-00232,RHS-00222,3.0.0,2021-01-19T12:57:14.097Z
281,12:38:22,2025-08-07,Manual gsw+F,LI-COR Default,,281,,,0.060576,2.923501,0.059346,2.870862,0.919397,0.855060,4.679226,3.759830,10.618999,11.417995,58.111332,0.441786,7.500000,PSF-00232_20250807123822_ee0,0.000000,0.000000,0.000000,122.389557,324.279968,0.622581,0.5,0.80,495.560364,1.000000,19.33,17.98,31.93,31.64,31.64,80.52,156.9,149.2,4.9,1990,3.872,12:31:57,2025-08-07,0.24,1,0.004,0.001,0.022,-3.080,-7.783,-22.751,0,150,-9999.000,-9999.000000,0.058905,0.000000,0.029230,0.000000,0.000000,-0.000068,standard,0,mpf,7000,500,-9999.000000,-9999.000000,300,300,300,303.203705,25,-14.401179,303.589569,303.644379,-0.054810,2.432990,2.443127,1.645207,0.911060,0.207325,-0.003995,0.520975,1.766029,125.832077,0.000615,2.400430,-0.000041,1.000000,2.408421,-0.000039,1.000000,0.600250,0.601702,0.107071,0.000000,PSF-00232_20250807123822_ee0,PFA-00245,PSA-00257,PSF-00232,RHS-00222,3.0.0,2021-01-19T12:57:14.097Z
282,12:38:42,2025-08-07,Manual gsw+F,LI-COR Default,,282,,,0.021977,2.923767,0.021813,1.104452,0.818745,0.793976,4.753548,3.934802,9.863330,10.171036,59.051929,0.441786,7.500000,PSF-00232_20250807123842_a0b,0.000000,0.000000,0.000000,86.787346,364.955963,0.762198,0.5,0.80,411.003571,1.000000,17.12,16.61,32.02,31.92,31.92,80.50,157.0,156.8,0.1,1348,3.871,12:31:57,2025-08-07,0.24,1,-0.000,-0.000,0.002,1.675,9.002,18.311,0,150,-9999.000,-9999.000000,0.058905,0.000000,0.029230,0.000000,0.000000,-0.000068,standard,0,mpf,7000,500,-9999.000000,-9999.000000,300,300,300,342.666138,25,-15.772374,342.648621,342.355591,0.293030,2.430681,2.439423,1.645488,0.929768,0.206555,-0.001740,0.521258,1.230931,86.787346,0.000630,2.400430,-0.000041,1.000000,2.408421,-0.000039,1.000000,0.600250,0.601702,0.107071,0.000000,PSF-00232_20250807123842_a0b,PFA-00245,PSA-00257,PSF-00232,RHS-00222,3.0.0,2021-01-19T12:57:14.097Z
283,12:39:32,2025-08-07,Manual gsw+F,LI-COR Default,,283,,,0.028741,2.922149,0.028461,1.622130,0.928417,0.892041,5.337762,4.409345,11.081604,11.533494,66.309662,0.441786,7.500000,PSF-00232_20250807123932_ac0,0.000000,0.000000,0.000000,70.839645,126.176437,0.438567,0.5,0.80,280.081299,1.000000,19.20,18.45,32.22,33.98,33.98,80.50,156.8,156.5,0.2,1597,3.871,12:31:57,2025-08-07,0.24,1,0.001,0.002,-0.005,-0.191,-1.827,-5.116,0,150,-9999.000,-9999.000000,0.058905,0.000000,0.029230,0.000000,0.000000,-0.000068,standard,0,mpf,7000,500,-9999.000000,-9999.000000,300,300,300,117.334839,25,-6.108712,116.590622,117.423210,-0.832588,2.433740,2.442881,1.643783,0.929041,0.204973,0.021622,0.521730,1.438085,70.839645,0.000617,2.400430,-0.000041,1.000000,2.408421,-0.000039,1.000000,0.600250,0.601702,0.107071,0.000000,PSF-00232_20250807123932_ac0,PFA-00245,PSA-00257,PSF-00232,RHS-00222,3.0.0,2021-01-19T12:57:14.097Z
284,12:39:58,2025-08-07,Manual gsw+F,LI-COR Default,,284,,,-0.000115,2.925028,-0.000115,-0.007251,0.813218,0.813380,5.694317,4.881099,10.100497,10.098478,70.711609,0.441786,7.500000,PSF-00232_20250807123958_902,0.000000,0.000000,0.000000,70.353630,76.730263,0.083105,0.5,0.80,53.310680,1.000000,16.73,16.74,32.31,35.15,35.15,80.53,157.1,156.3,0.5,1604,3.870,12:31:57,2025-08-07,0.24,1,-0.002,-0.001,-0.001,-0.367,-0.888,-2.447,0,150,-9999.000,-9999.000000,0.058905,0.000000,0.029230,0.000000,0.000000,-0.000068,standard,0,mpf,7000,500,-9999.000000,-9999.000000,300,300,300,76.373222,25,-0.295188,76.409340,76.307289,0.102051,2.430872,2.438732,1.646822,0.928612,0.204232,0.035303,0.522242,1.444048,70.353630,0.000607,2.400430,-0.000041,1.000000,2.408421,-0.000039,1.000000,0.600250,0.601702,0.107071,0.000000,PSF-00232_20250807123958_902,PFA-00245,PSA-00257,PSF-00232,RHS-00222,3.0.0,2021-01-19T12:57:14.097Z
285,12:40:20,2025-08-07,Manual gsw+F,LI-COR Default,,285,,,0.156318,2.922783,0.148382,7.409307,0.963199,0.797142,4.839336,3.876137,9.899126,11.961267,60.096199,0.441786,7.500000,PSF-00232_20250807124020_6a8,0.000000,0.000000,0.000000,77.178596,158.312149,0.512491,0.5,0.80,414.255066,1.000000,19.73,16.33,32.39,32.24,32.24,80.53,156.8,156.0,0.5,2021,3.869,12:31:57,2025-08-07,0.24,1,0.001,0.002,0.005,2.605,7.290,10.068,0,150,-9999.000,-9999.000000,0.058905,0.000000,0.029230,0.000000,0.000000,-0.000068,standard,0,mpf,7000,500,-9999.000000,-9999.000000,300,300,300,137.868042,25,-15.696197,137.976044,135.820923,2.155121,2.430178,2.443733,1.644450,0.927964,0.203603,-0.002389,0.522622,1.791745,77.178596,0.000605,2.400430,-0.000041,1.000000,2.408421,-0.000039,1.000000,0.600250,0.601702,0.107071,0.000000,PSF-00232_20250807124020_6a8,PFA-00245,PSA-00257,PSF-00232,RHS-00222,3.0.0,2021-01-19T12:57:14.097Z
286,12:40:42,2025-08-07,Manual gsw+F,LI-COR Default,,286,,,0.018044,2.924442,0.017933,1.181048,0.826965,0.800483,5.908820,5.081855,9.939968,10.268805,73.372543,0.441786,7.500000,PSF-00232_20250807124042_2be,0.000000,0.000000,0.000000,68.879128,88.220390,0.219238,0.5,0.80,177.547424,1.000000,16.86,16.32,32.47,35.82,35.82,80.53,157.0,156.5,0.3,2025,3.869,12:31:57,2025-08-07,0.24,1,0.002,0.000,-0.003,-0.161,-0.557,-0.540,0,150,-9999.000,-9999.000000,0.058905,0.000000,0.029230,0.000000,0.000000,-0.000068,standard,0,mpf,7000,500,-9999.000000,-9999.000000,300,300,300,84.192398,25,-2.571898,84.424500,84.535095,-0.110596,2.430161,2.438938,1.646202,0.929231,0.202965,0.041940,0.523300,1.794917,68.879128,0.000609,2.400430,-0.000041,1.000000,2.408421,-0.000039,1.000000,0.600250,0.601702,0.107071,0.000000,PSF-00232_20250807124042_2be,PFA-00245,PSA-00257,PSF-00232,RHS-00222,3.0.0,2021-01-19T12:57:14.097Z
287,12:41:00,2025-08-07,Manual gsw+F,LI-COR Default,,287,,,0.047617,2.924573,0.046854,2.481031,0.882793,0.827215,4.991040,4.108247,10.273252,10.963482,61.984142,0.441786,7.500000,PSF-00232_20250807124100_020,0.000000,0.000000,0.000000,139.425156,204.737885,0.319007,0.5,0.80,250.942047,1.000000,17.92,16.79,32.55,32.78,32.78,80.52,157.1,154.7,1.5,1967,3.868,12:31:57,2025-08-07,0.24,1,-0.002,-0.002,0.010,-4.794,-8.572,-3.058,0,150,-9999.000,-9999.000000,0.058905,0.000000,0.029230,0.000000,0.000000,-0.000068,standard,0,mpf,7000,500,-9999.000000,-9999.000000,300,300,300,191.280838,25,-9.919401,188.881866,190.524292,-1.642426,2.430945,2.440713,1.646341,0.924512,0.202339,0.002438,0.523767,1.746559,139.425156,0.000595,2.400430,-0.000041,1.000000,2.408421,-0.000039,1.000000,0.600250,0.601702,0.107071,0.000000,PSF-00232_20250807124100_020,PFA-00245,PSA-00257,PSF-00232,RHS-00222,3.0.0,2021-01-19T12:57:14.097Z
288,12:41:43,2025-08-07,Manual gsw+F,LI-COR Default,,288,,,0.023159,2.922726,0.022977,1.361255,0.881356,0.850816,5.463990,4.582633,10.565895,10.945163,67.854782,0.441786,7.500000,PSF-00232_20250807124143_ab2,0.000000,0.000000,0.000000,79.087975,119.346069,0.337322,0.5,0.80,231.099655,1.000000,17.74,17.12,32.71,34.40,34.40,80.52,156.8,134.7,14.1,1713,3.867,12:31:57,2025-08-07,0.24,1,0.001,0.003,0.001,-0.220,-0.292,1.596,0,150,-9999.000,-9999.000000,0.058905,0.000000,0.029230,0.000000,0.000000,-0.000068,standard,0,mpf,7000,500,-9999.000000,-9999.000000,300,300,300,112.769005,25,-4.500822,112.506149,112.896805,-0.390656,2.431477,2.440384,1.644389,0.875959,0.201101,0.020853,0.524478,1.534941,79.087975,0.000604,2.400430,-0.000041,1.000000,2.408421,-0.000039,1.000000,0.600250,0.601702,0.107071,0.000000,PSF-00232_20250807124143_ab2,PFA-00245,PSA-00257,PSF-00232,RHS-00222,3.0.0,2021-01-19T12:57:14.097Z
289,12:43:03,2025-08-07,Manual gsw+F,LI-COR Default,,289,,,0.061982,2.923134,0.060695,3.441448,0.885182,0.808002,5.276208,4.391026,10.034394,10.992882,65.524040,0.441786,7.500000,PSF-00232_20250807124303_40d,0.000000,0.000000,0.000000,86.021301,141.732269,0.393072,0.5,0.80,267.755249,1.000000,17.52,15.99,33.00,33.77,33.77,80.52,156.9,156.7,0.1,1703,3.866,12:31:57,2025-08-07,0.24,1,0.002,0.003,0.027,-3.258,-6.447,15.958,0,150,-9999.000,-9999.000000,0.058905,0.000000,0.029230,0.000000,0.000000,-0.000068,standard,0,mpf,7000,500,-9999.000000,-9999.000000,300,300,300,126.001595,25,-11.598934,122.058395,125.112053,-3.053658,2.429548,2.439991,1.644820,0.929693,0.198791,0.009212,0.525718,1.526783,86.021301,0.000611,2.400430,-0.000041,1.000000,2.408421,-0.000039,1.000000,0.600250,0.601702,0.107071,0.000000,PSF-00232_20250807124303_40d,PFA-00245,PSA-00257,PSF-00232,RHS-00222,3.0.0,2021-01-19T12:57:14.097Z
290,12:43:37,2025-08-07,Manual gsw+F,LI-COR Default,,290,,,0.016189,2.923174,0.016100,0.956519,0.925424,0.903985,5.517727,4.592304,11.227365,11.493624,68.529358,0.441786,7.500000,PSF-00232_20250807124337_991,0.000000,0.000000,0.000000,99.497078,138.658966,0.282433,0.5,0.80,122.593887,1.000000,18.16,17.74,33.16,34.58,34.58,80.52,156.9,136.4,13.1,1085,3.863,12:43:28,2025-08-07,0.38,1,0.003,0.004,0.001,-1.392,-3.752,-22.183,0,150,-9999.000,-9999.000000,0.058905,0.000000,0.029230,0.000000,0.000000,-0.000068,standard,0,mpf,7000,500,-9999.000000,-9999.000000,300,300,300,133.874054,25,-3.309188,133.034698,133.917206,-0.882507,2.432455,2.440803,1.644863,0.879889,0.197591,0.017442,0.526389,1.011735,99.497078,0.000611,2.400430,-0.000041,1.000000,2.408421,-0.000039,1.000000,0.600250,0.601702,0.107071,0.000000,PSF-00232_20250807124337_991,PFA-00245,PSA-00257,PSF-00232,RHS-00222,3.0.0,2021-01-19T12:57:14.097Z
291,12:44:50,2025-08-07,Manual gsw+F,LI-COR Default,,291,,,-0.061000,2.923001,-0.062300,-0.735622,0.748791,0.765316,1.685045,0.936254,9.506023,9.300771,20.930021,0.441786,7.500000,PSF-00232_20250807124450_f1f,0.000000,0.000000,0.000000,1.617551,1.661897,0.026684,0.5,0.80,0.714012,1.000000,14.68,15.00,33.17,14.76,14.76,80.51,156.9,-10.2,106.5,67,3.863,12:43:28,2025-08-07,0.38,1,-9999.000,-9999.000,-9999.000,-9999.000,-9999.000,-9999.000,0,150,-9999.000,-9999.000000,0.058905,0.000000,0.029230,0.000000,0.000000,-0.000068,standard,0,mpf,7000,500,-9999.000000,-9999.000000,300,300,300,1.661897,25,-0.000255,1.631856,1.661531,-0.029675,2.427850,2.434884,1.644680,0.584051,0.197474,-0.211283,0.525433,0.162840,1.612902,0.000638,2.400430,-0.000041,1.000000,2.408421,-0.000039,1.000000,0.600250,0.601702,0.107071,0.000000,PSF-00232_20250807124450_f1f,PFA-00245,PSA-00257,PSF-00232,RHS-00222,3.0.0,2021-01-19T12:57:14.097Z
292,12:45:15,2025-08-07,Manual gsw+F,LI-COR Default,,292,,,0.013884,2.924216,0.013819,0.606492,0.772718,0.759110,4.197497,3.424779,9.427976,9.596985,52.131973,0.441786,7.500000,PSF-00232_20250807124515_afb,0.000000,0.000000,0.000000,87.121010,364.010315,0.760663,0.5,0.80,13.444832,1.000000,15.24,14.98,33.06,29.74,29.74,80.52,157.0,150.7,4.0,44,3.855,12:43:28,2025-08-07,0.38,1,-0.000,0.000,0.001,0.423,0.940,2.242,0,150,-9999.000,-9999.000000,0.058905,0.000000,0.029230,0.000000,0.000000,-0.000068,standard,0,mpf,7000,500,-9999.000000,-9999.000000,300,300,300,353.755829,25,-7.371082,351.495636,353.448212,-1.952576,2.427813,2.435870,1.645963,0.914714,0.198338,-0.041262,0.525031,0.143909,87.121010,0.000639,2.400430,-0.000041,1.000000,2.408421,-0.000039,1.000000,0.600250,0.601702,0.107071,0.000000,PSF-00232_20250807124515_afb,PFA-00245,PSA-00257,PSF-00232,RHS-00222,3.0.0,2021-01-19T12:57:14.097Z
293,12:45:37,2025-08-07,Manual gsw+F,LI-COR Default,,293,,,0.007328,2.924166,0.007309,0.301315,0.746882,0.740120,3.968670,3.221787,9.192634,9.276630,49.292744,0.441786,7.500000,PSF-00232_20250807124537_ee9,0.000000,0.000000,0.000000,85.084679,396.814758,0.785581,0.5,0.80,13.841037,1.000000,14.83,14.69,32.95,28.77,28.77,80.51,157.0,131.4,16.3,44,3.860,12:43:28,2025-08-07,0.38,1,0.000,0.001,0.017,0.370,0.888,16.523,0,150,-9999.000,-9999.000000,0.058905,0.000000,0.029230,0.000000,0.000000,-0.000068,standard,0,mpf,7000,500,-9999.000000,-9999.000000,300,300,300,385.998474,25,-7.302159,389.585510,386.351440,3.234070,2.427341,2.435163,1.645909,0.868174,0.199222,-0.051496,0.524601,0.143792,85.084679,0.000629,2.400430,-0.000041,1.000000,2.408421,-0.000039,1.000000,0.600250,0.601702,0.107071,0.000000,PSF-00232_20250807124537_ee9,PFA-00245,PSA-00257,PSF-00232,RHS-00222,3.0.0,2021-01-19T12:57:14.097Z
294,12:45:55,2025-08-07,Manual gsw+F,LI-COR Default,,294,,,0.004290,2.923563,0.004283,0.173425,0.777832,0.773940,3.941913,3.164081,9.612963,9.661312,48.961777,0.441786,7.500000,PSF-00232_20250807124555_8af,0.000000,0.000000,0.000000,103.942398,364.124878,0.714542,0.5,0.80,15.540382,1.000000,15.53,15.45,32.85,28.65,28.65,80.51,156.9,132.5,15.6,54,3.861,12:43:28,2025-08-07,0.38,1,0.001,0.002,0.004,0.085,0.303,0.807,0,150,-9999.000,-9999.000000,0.058905,0.000000,0.029230,0.000000,0.000000,-0.000068,standard,0,mpf,7000,500,-9999.000000,-9999.000000,300,300,300,355.634094,25,-5.865669,354.485046,355.719910,-1.234863,2.428639,2.436375,1.645273,0.870803,0.199967,-0.051699,0.524005,0.152399,103.942398,0.000636,2.400430,-0.000041,1.000000,2.408421,-0.000039,1.000000,0.600250,0.601702,0.107071,0.000000,PSF-00232_20250807124555_8af,PFA-00245,PSA-00257,PSF-00232,RHS-00222,3.0.0,2021-01-19T12:57:14.097Z
295,12:46:13,2025-08-07,Manual gsw+F,LI-COR Default,,295,,,0.004781,2.923887,0.004773,0.208871,0.799258,0.794572,4.213220,3.413962,9.868502,9.926702,52.327736,0.441786,7.500000,PSF-00232_20250807124613_21c,0.000000,0.000000,0.000000,100.065704,357.078003,0.719765,0.5,0.80,11.096488,1.000000,16.04,15.95,32.75,29.81,29.81,80.52,157.0,156.6,0.2,39,3.861,12:43:28,2025-08-07,0.38,1,0.001,0.003,0.002,0.237,0.395,0.933,0,150,-9999.000,-9999.000000,0.058905,0.000000,0.029230,0.000000,0.000000,-0.000068,standard,0,mpf,7000,500,-9999.000000,-9999.000000,300,300,300,343.917480,25,-9.277334,341.512787,343.784424,-2.271637,2.429501,2.437273,1.645615,0.929369,0.200755,-0.036613,0.523626,0.139202,100.065704,0.000623,2.400430,-0.000041,1.000000,2.408421,-0.000039,1.000000,0.600250,0.601702,0.107071,0.000000,PSF-00232_20250807124613_21c,PFA-00245,PSA-00257,PSF-00232,RHS-00222,3.0.0,2021-01-19T12:57:14.097Z
296,12:46:30,2025-08-07,Manual gsw+F,LI-COR Default,,296,,,0.007075,2.923782,0.007058,0.305999,0.736373,0.729502,4.121709,3.385336,9.061179,9.146519,51.195946,0.441786,7.500000,PSF-00232_20250807124630_ae5,0.000000,0.000000,0.000000,167.094833,433.680359,0.614705,0.5,0.80,47.487755,1.000000,14.86,14.72,32.65,29.42,29.42,80.51,157.0,147.5,6.0,193,3.859,12:43:28,2025-08-07,0.38,1,0.000,-0.001,0.000,0.060,0.309,0.911,0,150,-9999.000,-9999.000000,0.058905,0.000000,0.029230,0.000000,0.000000,-0.000068,standard,0,mpf,7000,500,-9999.000000,-9999.000000,300,300,300,431.313873,25,-1.628748,430.150879,431.346497,-1.195618,2.427420,2.435248,1.645504,0.906888,0.201518,-0.040000,0.523317,0.268080,167.077667,0.000624,2.400430,-0.000041,1.000000,2.408421,-0.000039,1.000000,0.600250,0.601702,0.107071,0.000000,PSF-00232_20250807124630_ae5,PFA-00245,PSA-00257,PSF-00232,RHS-00222,3.0.0,2021-01-19T12:57:14.097Z
297,12:46:57,2025-08-07,Manual gsw+F,LI-COR Default,,297,,,0.040218,2.923993,0.039673,1.906038,0.770466,0.727699,4.511249,3.740782,9.039486,9.570743,56.038788,0.441786,7.500000,PSF-00232_20250807124657_4f7,0.000000,0.000000,0.000000,39.655567,131.072739,0.697454,0.5,0.80,243.188324,1.000000,15.67,14.80,32.52,31.00,31.00,80.50,157.0,142.1,9.5,872,3.856,12:43:28,2025-08-07,0.38,1,-0.000,0.000,0.008,0.448,0.241,0.997,0,150,-9999.000,-9999.000000,0.058905,0.000000,0.029230,0.000000,0.000000,-0.000068,standard,0,mpf,7000,500,-9999.000000,-9999.000000,300,300,300,113.734962,25,-12.328062,113.122345,113.407745,-0.285400,2.427563,2.436654,1.645727,0.893568,0.202592,-0.019209,0.522904,0.833782,39.655567,0.000628,2.400430,-0.000041,1.000000,2.408421,-0.000039,1.000000,0.600250,0.601702,0.107071,0.000000,PSF-00232_20250807124657_4f7,PFA-00245,PSA-00257,PSF-00232,RHS-00222,3.0.0,2021-01-19T12:57:14.097Z
298,12:47:14,2025-08-07,Manual gsw+F,LI-COR Default,,298,,,0.022332,2.922281,0.022162,1.279281,0.833450,0.804727,5.303627,4.470177,9.995367,10.352136,65.875381,0.441786,7.500000,PSF-00232_20250807124714_74c,0.000000,0.000000,0.000000,80.140472,107.131462,0.251943,0.5,0.80,191.952408,1.000000,17.00,16.42,32.47,33.87,33.87,80.51,156.8,155.8,0.6,1905,3.858,12:43:28,2025-08-07,0.38,1,-0.001,-0.003,0.005,-0.386,-2.144,0.724,0,150,-9999.000,-9999.000000,0.058905,0.000000,0.029230,0.000000,0.000000,-0.000068,standard,0,mpf,7000,500,-9999.000000,-9999.000000,300,300,300,94.892624,25,-8.060308,92.669968,95.581772,-2.911804,2.430315,2.438928,1.643921,0.927384,0.203002,0.017088,0.522973,1.694982,80.140472,0.000614,2.400430,-0.000041,1.000000,2.408421,-0.000039,1.000000,0.600250,0.601702,0.107071,0.000000,PSF-00232_20250807124714_74c,PFA-00245,PSA-00257,PSF-00232,RHS-00222,3.0.0,2021-01-19T12:57:14.097Z
299,12:47:31,2025-08-07,Manual gsw+F,LI-COR Default,,299,,,0.029729,2.922951,0.029430,1.515286,0.828864,0.794859,4.828419,3.999555,9.873105,10.295490,59.974773,0.441786,7.500000,PSF-00232_20250807124731_9d8,0.000000,0.000000,0.000000,121.300217,264.826447,0.541963,0.5,0.80,330.923798,1.000000,16.93,16.24,32.44,32.20,32.20,80.51,156.9,156.0,0.5,1527,3.858,12:43:28,2025-08-07,0.38,1,-0.000,0.000,0.011,-8.674,-12.116,2.047,0,150,-9999.000,-9999.000000,0.058905,0.000000,0.029230,0.000000,0.000000,-0.000068,standard,0,mpf,7000,500,-9999.000000,-9999.000000,300,300,300,241.756790,25,-18.551041,232.468842,238.244492,-5.775650,2.430021,2.438817,1.644627,0.927977,0.203223,-0.003479,0.523137,1.379673,132.746460,0.000621,2.400430,-0.000041,1.000000,2.408421,-0.000039,1.000000,0.600250,0.601702,0.107071,0.000000,PSF-00232_20250807124731_9d8,PFA-00245,PSA-00257,PSF-00232,RHS-00222,3.0.0,2021-01-19T12:57:14.097Z
300,12:47:52,2025-08-07,Manual gsw+F,LI-COR Default,,300,,,0.022119,2.923746,0.021953,1.008713,0.845083,0.822467,4.423139,3.578056,10.216532,10.497475,54.943439,0.441786,7.500000,PSF-00232_20250807124752_57c,0.000000,0.000000,0.000000,67.284821,268.362885,0.749277,0.5,0.80,321.077057,1.000000,17.28,16.82,32.42,30.65,30.65,80.50,157.0,153.4,2.2,1071,3.855,12:43:28,2025-08-07,0.38,1,0.000,0.001,0.013,0.882,2.683,-3.384,0,150,-9999.000,-9999.000000,0.058905,0.000000,0.029230,0.000000,0.000000,-0.000068,standard,0,mpf,7000,500,-9999.000000,-9999.000000,300,300,300,268.362885,25,1.626934,277.892578,270.694122,7.198456,2.430993,2.439400,1.645466,0.921475,0.203326,-0.022279,0.523394,1.000174,67.284821,0.000628,2.400430,-0.000041,1.000000,2.408421,-0.000039,1.000000,0.600250,0.601702,0.107071,0.000000,PSF-00232_20250807124752_57c,PFA-00245,PSA-00257,PSF-00232,RHS-00222,3.0.0,2021-01-19T12:57:14.097Z
301,12:48:12,2025-08-07,Manual gsw+F,LI-COR Default,,301,,,0.038546,2.923869,0.038045,2.294201,0.865623,0.814205,5.527204,4.661580,10.114471,10.753218,68.661766,0.441786,7.500000,PSF-00232_20250807124812_414,0.000000,0.000000,0.000000,48.648476,78.288330,0.378599,0.5,0.80,172.637863,1.000000,17.69,16.64,32.43,34.61,34.61,80.50,157.0,155.5,0.9,1140,3.857,12:43:28,2025-08-07,0.38,1,-0.001,-0.002,0.003,0.325,0.600,1.367,0,150,-9999.000,-9999.000000,0.058905,0.000000,0.029230,0.000000,0.000000,-0.000068,standard,0,mpf,7000,500,-9999.000000,-9999.000000,300,300,300,71.613907,25,-4.892592,70.519928,71.277695,-0.757767,2.430700,2.440099,1.645596,0.926713,0.203285,0.026944,0.523586,1.057438,48.648476,0.000617,2.400430,-0.000041,1.000000,2.408421,-0.000039,1.000000,0.600250,0.601702,0.107071,0.000000,PSF-00232_20250807124812_414,PFA-00245,PSA-00257,PSF-00232,RHS-00222,3.0.0,2021-01-19T12:57:14.097Z
302,12:48:39,2025-08-07,Manual gsw+F,LI-COR Default,,302,,,0.012849,2.924139,0.012793,0.640990,0.788027,0.773650,4.684440,3.896413,9.610496,9.789094,58.191437,0.441786,7.500000,PSF-00232_20250807124839_cf4,0.000000,0.000000,0.000000,63.280464,141.996109,0.554351,0.5,0.80,226.989410,1.000000,16.09,15.80,32.45,31.66,31.66,80.50,157.0,156.2,0.5,1024,3.856,12:43:28,2025-08-07,0.38,1,-0.000,-0.001,0.003,0.477,1.110,2.400,0,150,-9999.000,-9999.000000,0.058905,0.000000,0.029230,0.000000,0.000000,-0.000068,standard,0,mpf,7000,500,-9999.000000,-9999.000000,300,300,300,131.970398,25,-7.267698,129.565353,131.582153,-2.016800,2.429272,2.437381,1.645881,0.928409,0.203149,-0.010202,0.524143,0.960476,63.280464,0.000608,2.400430,-0.000041,1.000000,2.408421,-0.000039,1.000000,0.600250,0.601702,0.107071,0.000000,PSF-00232_20250807124839_cf4,PFA-00245,PSA-00257,PSF-00232,RHS-00222,3.0.0,2021-01-19T12:57:14.097Z
303,12:48:58,2025-08-07,Manual gsw+F,LI-COR Default,,303,,,0.000382,2.923346,0.000382,0.019894,0.835368,0.834922,4.877794,4.042426,10.371119,10.376662,60.590324,0.441786,7.500000,PSF-00232_20250807124858_e01,0.000000,0.000000,0.000000,78.805450,242.068298,0.674450,0.5,0.80,259.215118,1.000000,17.05,17.04,32.45,32.38,32.38,80.50,156.9,154.2,1.7,961,3.856,12:43:28,2025-08-07,0.38,1,-0.001,0.000,0.001,0.160,0.288,0.747,0,150,-9999.000,-9999.000000,0.058905,0.000000,0.029230,0.000000,0.000000,-0.000068,standard,0,mpf,7000,500,-9999.000000,-9999.000000,300,300,300,228.500961,25,-10.403673,223.149063,227.160782,-4.011719,2.431369,2.439013,1.645043,0.923430,0.203090,-0.001453,0.524738,0.908094,78.805450,0.000627,2.400430,-0.000041,1.000000,2.408421,-0.000039,1.000000,0.600250,0.601702,0.107071,0.000000,PSF-00232_20250807124858_e01,PFA-00245,PSA-00257,PSF-00232,RHS-00222,3.0.0,2021-01-19T12:57:14.097Z
304,12:49:29,2025-08-07,Manual gsw+F,LI-COR Default,,304,,,0.060950,2.924199,0.059706,3.026634,0.839880,0.772036,4.778514,3.938635,9.589821,10.432542,59.356186,0.441786,7.500000,PSF-00232_20250807124929_a45,0.000000,0.000000,0.000000,60.895084,207.297501,0.706243,0.5,0.80,347.988190,1.000000,17.10,15.72,32.49,32.01,32.01,80.51,157.0,156.1,0.6,1232,3.855,12:43:28,2025-08-07,0.38,1,-0.001,-0.000,0.005,0.523,0.911,1.721,0,150,-9999.000,-9999.000000,0.058905,0.000000,0.029230,0.000000,0.000000,-0.000068,standard,0,mpf,7000,500,-9999.000000,-9999.000000,300,300,300,181.570175,25,-21.760471,174.745209,176.116730,-1.371521,2.429140,2.439100,1.645945,0.928185,0.202775,-0.006457,0.525740,1.134010,60.895084,0.000613,2.400430,-0.000041,1.000000,2.408421,-0.000039,1.000000,0.600250,0.601702,0.107071,0.000000,PSF-00232_20250807124929_a45,PFA-00245,PSA-00257,PSF-00232,RHS-00222,3.0.0,2021-01-19T12:57:14.097Z
305,12:49:43,2025-08-07,Manual gsw+F,LI-COR Default,,305,,,0.112205,2.924440,0.108059,4.562107,0.979536,0.877465,4.267857,3.288320,10.898595,12.166377,53.009113,0.441786,7.500000,PSF-00232_20250807124943_c8c,0.000000,0.000000,0.000000,105.397224,276.369293,0.618636,0.5,0.80,412.036713,1.000000,19.92,17.85,32.52,30.03,30.03,80.51,157.0,15.3,90.3,1665,3.855,12:43:28,2025-08-07,0.38,1,-9999.000,-9999.000,-9999.000,-9999.000,-9999.000,-9999.000,0,150,-9999.000,-9999.000000,0.058905,0.000000,0.029230,0.000000,0.000000,-0.000068,standard,0,mpf,7000,500,-9999.000000,-9999.000000,300,300,300,254.811646,25,-14.678682,255.902054,255.336075,0.565979,2.432703,2.443795,1.646199,0.628870,0.202579,-0.031025,0.526280,1.495216,105.397224,0.000609,2.400430,-0.000041,1.000000,2.408421,-0.000039,1.000000,0.600250,0.601702,0.107071,0.000000,PSF-00232_20250807124943_c8c,PFA-00245,PSA-00257,PSF-00232,RHS-00222,3.0.0,2021-01-19T12:57:14.097Z
306,12:50:13,2025-08-07,Manual gsw+F,LI-COR Default,,306,,,0.129697,2.923711,0.124188,5.969399,1.042565,0.909039,4.772680,3.730115,11.291081,12.949587,59.280952,0.441786,7.500000,PSF-00232_20250807125013_7e7,0.000000,0.000000,0.000000,75.800659,265.233337,0.714211,0.5,0.80,460.036194,1.000000,21.12,18.42,32.59,31.99,31.99,80.51,157.0,-3.0,101.9,1610,3.855,12:43:28,2025-08-07,0.38,1,-0.000,-0.009,-0.017,2.469,4.368,-1.563,0,150,-9999.000,-9999.000000,0.058905,0.000000,0.029230,0.000000,0.000000,-0.000068,standard,0,mpf,7000,500,-9999.000000,-9999.000000,300,300,300,231.340530,25,-23.411892,229.534149,231.686234,-2.152084,2.433645,2.445755,1.645429,0.596496,0.202053,-0.007859,0.527487,1.449525,75.800659,0.000623,2.400430,-0.000041,1.000000,2.408421,-0.000039,1.000000,0.600250,0.601702,0.107071,0.000000,PSF-00232_20250807125013_7e7,PFA-00245,PSA-00257,PSF-00232,RHS-00222,3.0.0,2021-01-19T12:57:14.097Z
307,12:50:33,2025-08-07,Manual gsw+F,LI-COR Default,,307,,,0.121951,2.923673,0.117068,4.974279,0.917272,0.805825,4.228897,3.311625,10.008882,11.393129,52.525703,0.441786,7.500000,PSF-00232_20250807125033_0cc,0.000000,0.000000,0.000000,88.892342,334.013153,0.733866,0.5,0.80,285.015198,1.000000,18.53,16.28,32.64,29.87,29.87,80.51,156.9,156.1,0.5,971,3.854,12:43:28,2025-08-07,0.38,1,0.003,0.007,0.001,0.261,0.514,1.354,0,150,-9999.000,-9999.000000,0.058905,0.000000,0.029230,0.000000,0.000000,-0.000068,standard,0,mpf,7000,500,-9999.000000,-9999.000000,300,300,300,311.583282,25,-15.315310,313.570618,312.067719,1.502899,2.430071,2.441483,1.645389,0.928166,0.201657,-0.034406,0.528240,0.916513,88.892342,0.000641,2.400430,-0.000041,1.000000,2.408421,-0.000039,1.000000,0.600250,0.601702,0.107071,0.000000,PSF-00232_20250807125033_0cc,PFA-00245,PSA-00257,PSF-00232,RHS-00222,3.0.0,2021-01-19T12:57:14.097Z
308,12:50:55,2025-08-07,Manual gsw+F,LI-COR Default,,308,,,0.015130,2.924440,0.015052,0.770526,0.791876,0.774596,4.770981,3.979105,9.621056,9.835686,59.259121,0.441786,7.500000,PSF-00232_20250807125055_5f4,0.000000,0.000000,0.000000,56.662918,122.598701,0.537818,0.5,0.80,243.655853,1.000000,15.95,15.60,32.70,31.98,31.98,80.51,157.0,155.8,0.8,1133,3.822,12:43:28,2025-08-07,0.38,1,-0.002,-0.001,0.005,0.728,1.751,14.403,0,150,-9999.000,-9999.000000,0.058905,0.000000,0.029230,0.000000,0.000000,-0.000068,standard,0,mpf,7000,500,-9999.000000,-9999.000000,300,300,300,109.426971,25,-9.488636,105.837463,109.002350,-3.164886,2.428907,2.437108,1.646200,0.927349,0.201185,-0.009309,0.528674,1.051297,56.662918,0.000609,2.400430,-0.000041,1.000000,2.408421,-0.000039,1.000000,0.600250,0.601702,0.107071,0.000000,PSF-00232_20250807125055_5f4,PFA-00245,PSA-00257,PSF-00232,RHS-00222,3.0.0,2021-01-19T12:57:14.097Z
309,12:51:15,2025-08-07,Manual gsw+F,LI-COR Default,,309,,,0.025144,2.924097,0.024929,1.153092,0.872989,0.847148,4.473407,3.600418,10.521912,10.842866,55.561478,0.441786,7.500000,PSF-00232_20250807125115_39b,0.000000,0.000000,0.000000,67.909241,197.506561,0.656167,0.5,0.80,381.660400,1.000000,17.52,17.01,32.75,30.85,30.85,80.51,157.0,146.1,6.9,1454,3.825,12:43:28,2025-08-07,0.38,1,-0.004,-0.003,-0.001,0.359,0.598,-2.279,0,150,-9999.000,-9999.000000,0.058905,0.000000,0.029230,0.000000,0.000000,-0.000068,standard,0,mpf,7000,500,-9999.000000,-9999.000000,300,300,300,178.220993,25,-13.457122,176.956055,178.223724,-1.267670,2.431278,2.439783,1.645837,0.903406,0.200753,-0.023915,0.529338,1.319334,67.909241,0.000615,2.400430,-0.000041,1.000000,2.408421,-0.000039,1.000000,0.600250,0.601702,0.107071,0.000000,PSF-00232_20250807125115_39b,PFA-00245,PSA-00257,PSF-00232,RHS-00222,3.0.0,2021-01-19T12:57:14.097Z
310,12:51:39,2025-08-07,Manual gsw+F,LI-COR Default,,310,,,0.053064,2.922812,0.052118,2.779879,0.875391,0.813035,5.012560,4.137169,10.098652,10.873176,62.260681,0.441786,7.500000,PSF-00232_20250807125139_b25,0.000000,0.000000,0.000000,67.159653,216.859528,0.690308,0.5,0.80,388.730682,1.000000,17.50,16.26,32.82,32.86,32.86,80.51,156.8,15.5,90.1,1408,3.853,12:43:28,2025-08-07,0.38,1,0.001,0.001,-0.009,0.208,0.561,1.296,0,150,-9999.000,-9999.000000,0.058905,0.000000,0.029230,0.000000,0.000000,-0.000068,standard,0,mpf,7000,500,-9999.000000,-9999.000000,300,300,300,191.030853,25,-20.177975,185.554855,187.946335,-2.391479,2.430014,2.439742,1.644481,0.629298,0.200213,0.000020,0.530190,1.280725,67.159653,0.000629,2.400430,-0.000041,1.000000,2.408421,-0.000039,1.000000,0.600250,0.601702,0.107071,0.000000,PSF-00232_20250807125139_b25,PFA-00245,PSA-00257,PSF-00232,RHS-00222,3.0.0,2021-01-19T12:57:14.097Z
311,12:52:05,2025-08-07,Manual gsw+F,LI-COR Default,,311,,,0.020281,2.923788,0.020142,1.098825,0.854766,0.830129,5.085208,4.230442,10.310240,10.616235,63.158520,0.441786,7.500000,PSF-00232_20250807125205_7e3,0.000000,0.000000,0.000000,181.585556,297.892761,0.390433,0.5,0.80,157.328232,1.000000,16.99,16.50,32.92,33.12,33.12,80.51,157.0,152.7,2.7,1007,3.819,12:43:28,2025-08-07,0.38,1,-0.000,-0.001,0.011,-1.458,5.471,121.390,0,150,-9999.000,-9999.000000,0.058905,0.000000,0.029230,0.000000,0.000000,-0.000068,standard,0,mpf,7000,500,-9999.000000,-9999.000000,300,300,300,277.348633,25,-17.733038,265.305878,272.482941,-7.177063,2.430414,2.438866,1.645511,0.919584,0.199390,0.001905,0.531147,0.946907,181.585556,0.000619,2.400430,-0.000041,1.000000,2.408421,-0.000039,1.000000,0.600250,0.601702,0.107071,0.000000,PSF-00232_20250807125205_7e3,PFA-00245,PSA-00257,PSF-00232,RHS-00222,3.0.0,2021-01-19T12:57:14.097Z
312,12:52:23,2025-08-07,Manual gsw+F,LI-COR Default,,312,,,0.026191,2.923574,0.025959,1.444113,0.881852,0.849476,5.192225,4.310373,10.550013,10.952093,64.484467,0.441786,7.500000,PSF-00232_20250807125223_dd6,0.000000,0.000000,0.000000,65.363289,208.712646,0.686826,0.5,0.80,370.253723,1.000000,17.46,16.82,32.99,33.49,33.49,80.52,156.9,142.8,9.0,1348,3.851,12:43:28,2025-08-07,0.38,1,0.000,-0.000,-0.004,0.484,1.155,36.065,0,150,-9999.000,-9999.000000,0.058905,0.000000,0.029230,0.000000,0.000000,-0.000068,standard,0,mpf,7000,500,-9999.000000,-9999.000000,300,300,300,185.815933,25,-16.900528,182.577255,184.495728,-1.918472,2.430940,2.439650,1.645285,0.895327,0.198839,0.005677,0.531831,1.230606,65.363289,0.000628,2.400430,-0.000041,1.000000,2.408421,-0.000039,1.000000,0.600250,0.601702,0.107071,0.000000,PSF-00232_20250807125223_dd6,PFA-00245,PSA-00257,PSF-00232,RHS-00222,3.0.0,2021-01-19T12:57:14.097Z
313,12:52:55,2025-08-07,Manual gsw+F,LI-COR Default,,313,,,0.009658,2.923687,0.009626,0.548435,0.968290,0.956009,5.375081,4.406791,11.872978,12.025497,66.754814,0.441786,7.500000,PSF-00232_20250807125255_d44,0.000000,0.000000,0.000000,172.446365,272.257172,0.366605,0.5,0.80,126.642593,1.000000,18.98,18.74,33.17,34.11,34.11,80.52,156.9,152.7,2.7,864,3.850,12:43:28,2025-08-07,0.38,1,0.002,-0.000,0.002,-4.216,-5.731,7.630,0,150,-9999.000,-9999.000000,0.058905,0.000000,0.029230,0.000000,0.000000,-0.000068,standard,0,mpf,7000,500,-9999.000000,-9999.000000,300,300,300,255.855209,25,-12.338944,249.857071,254.576584,-4.719513,2.434112,2.442171,1.645403,0.919666,0.197466,0.011266,0.533260,0.827043,172.446365,0.000613,2.400430,-0.000041,1.000000,2.408421,-0.000039,1.000000,0.600250,0.601702,0.107071,0.000000,PSF-00232_20250807125255_d44,PFA-00245,PSA-00257,PSF-00232,RHS-00222,3.0.0,2021-01-19T12:57:14.097Z
314,12:53:21,2025-08-07,Manual gsw+F,LI-COR Default,,314,,,0.006869,2.924195,0.006853,0.392395,0.930841,0.922053,5.361358,4.430517,11.450662,11.559793,66.580864,0.441786,7.500000,PSF-00232_20250807125321_817,0.000000,0.000000,0.000000,77.748657,107.302292,0.275424,0.5,0.80,34.541321,1.000000,18.12,17.95,33.30,34.06,34.06,80.52,157.0,104.3,33.6,314,3.849,12:43:28,2025-08-07,0.38,1,-0.002,0.001,0.002,-0.420,-0.939,-2.418,0,150,-9999.000,-9999.000000,0.058905,0.000000,0.029230,0.000000,0.000000,-0.000068,standard,0,mpf,7000,500,-9999.000000,-9999.000000,300,300,300,104.681969,25,-1.737573,105.128647,104.812508,0.316139,2.432785,2.440718,1.645941,0.806266,0.196474,0.009067,0.534028,0.368450,77.748657,0.000613,2.400430,-0.000041,1.000000,2.408421,-0.000039,1.000000,0.600250,0.601702,0.107071,0.000000,PSF-00232_20250807125321_817,PFA-00245,PSA-00257,PSF-00232,RHS-00222,3.0.0,2021-01-19T12:57:14.097Z
315,12:54:01,2025-08-07,Manual gsw+F,LI-COR Default,,315,,,-0.005821,2.924066,-0.005832,-0.360893,0.905355,0.913440,5.683348,4.777993,11.345634,11.245220,70.591614,0.441786,7.500000,PSF-00232_20250807125401_e1d,0.000000,0.000000,0.000000,76.612473,169.179428,0.547153,0.5,0.80,188.429703,1.000000,17.42,17.58,33.50,35.11,35.11,80.51,157.0,112.0,28.6,861,3.848,12:53:45,2025-08-07,0.30,1,-0.001,-0.000,-0.005,-0.660,-1.853,-3.721,0,150,-9999.000,-9999.000000,0.058905,0.000000,0.029230,0.000000,0.000000,-0.000068,standard,0,mpf,7000,500,-9999.000000,-9999.000000,300,300,300,151.475784,25,-12.866746,146.595245,150.742554,-4.147308,2.432150,2.439676,1.645803,0.823552,0.194918,0.019854,0.535073,0.824824,76.612473,0.000625,2.400430,-0.000041,1.000000,2.408421,-0.000039,1.000000,0.600250,0.601702,0.107071,0.000000,PSF-00232_20250807125401_e1d,PFA-00245,PSA-00257,PSF-00232,RHS-00222,3.0.0,2021-01-19T12:57:14.097Z
316,12:54:16,2025-08-07,Manual gsw+F,LI-COR Default,,316,,,0.105166,2.923389,0.101514,4.395896,1.011595,0.913200,4.381252,3.369658,11.342439,12.564560,54.417549,0.441786,7.500000,PSF-00232_20250807125416_028,0.000000,0.000000,0.000000,56.827782,211.810715,0.731705,0.5,0.80,423.271729,1.000000,19.38,17.49,33.59,30.49,30.49,80.51,156.9,145.4,7.3,1446,3.847,12:53:45,2025-08-07,0.30,1,0.002,0.002,0.022,0.153,-0.842,-3.913,0,150,-9999.000,-9999.000000,0.058905,0.000000,0.029230,0.000000,0.000000,-0.000068,standard,0,mpf,7000,500,-9999.000000,-9999.000000,300,300,300,173.643356,25,-26.320240,176.584839,174.096207,2.488632,2.432003,2.442921,1.645089,0.901809,0.194304,-0.038807,0.535562,1.312711,56.827782,0.000633,2.400430,-0.000041,1.000000,2.408421,-0.000039,1.000000,0.600250,0.601702,0.107071,0.000000,PSF-00232_20250807125416_028,PFA-00245,PSA-00257,PSF-00232,RHS-00222,3.0.0,2021-01-19T12:57:14.097Z
317,12:54:42,2025-08-07,Manual gsw+F,LI-COR Default,,317,,,0.060952,2.923778,0.059707,3.091425,0.899928,0.830654,4.918005,4.018078,10.316953,11.177355,61.082996,0.441786,7.500000,PSF-00232_20250807125442_a59,0.000000,0.000000,0.000000,80.076813,250.465759,0.680288,0.5,0.80,260.298645,1.000000,17.13,15.81,33.70,32.52,32.52,80.51,157.0,74.2,52.7,957,3.847,12:53:45,2025-08-07,0.30,1,-0.001,-0.001,-0.003,0.053,0.149,0.098,0,150,-9999.000,-9999.000000,0.058905,0.000000,0.029230,0.000000,0.000000,-0.000068,standard,0,mpf,7000,500,-9999.000000,-9999.000000,300,300,300,224.507690,25,-17.384798,224.623566,225.554932,-0.931366,2.429172,2.439167,1.645499,0.742281,0.193448,-0.015224,0.536281,0.904539,80.076813,0.000629,2.400430,-0.000041,1.000000,2.408421,-0.000039,1.000000,0.600250,0.601702,0.107071,0.000000,PSF-00232_20250807125442_a59,PFA-00245,PSA-00257,PSF-00232,RHS-00222,3.0.0,2021-01-19T12:57:14.097Z
318,12:55:22,2025-08-07,Manual gsw+F,LI-COR Default,,318,,,0.086669,2.923315,0.084174,4.492033,0.879751,0.779014,5.019683,4.139932,9.674129,10.925123,62.336571,0.441786,7.500000,PSF-00232_20250807125522_c7e,0.000000,0.000000,0.000000,67.346695,247.369125,0.727748,0.5,0.80,143.051285,1.000000,16.59,14.69,33.86,32.89,32.89,80.53,156.9,5.2,96.7,491,3.847,12:53:45,2025-08-07,0.30,1,-0.000,0.002,0.013,-0.043,-0.095,1.762,0,150,-9999.000,-9999.000000,0.058905,0.000000,0.029230,0.000000,0.000000,-0.000068,standard,0,mpf,7000,500,-9999.000000,-9999.000000,300,300,300,224.763748,25,-15.393300,224.883911,225.311935,-0.428024,2.427252,2.438242,1.645011,0.610788,0.192203,-0.012786,0.536678,0.516751,67.346695,0.000623,2.400430,-0.000041,1.000000,2.408421,-0.000039,1.000000,0.600250,0.601702,0.107071,0.000000,PSF-00232_20250807125522_c7e,PFA-00245,PSA-00257,PSF-00232,RHS-00222,3.0.0,2021-01-19T12:57:14.097Z
319,12:55:45,2025-08-07,Manual gsw+F,LI-COR Default,,319,,,0.075747,2.924129,0.073835,3.732111,0.860724,0.777059,4.788449,3.927725,9.649399,10.688338,59.462231,0.441786,7.500000,PSF-00232_20250807125545_e22,0.000000,0.000000,0.000000,62.148571,250.570740,0.751972,0.5,0.80,299.605408,1.000000,16.16,14.59,33.95,32.05,32.05,80.53,157.0,155.1,1.2,996,3.845,12:53:45,2025-08-07,0.30,1,0.001,0.001,0.014,0.409,1.314,2.997,0,150,-9999.000,-9999.000000,0.058905,0.000000,0.029230,0.000000,0.000000,-0.000068,standard,0,mpf,7000,500,-9999.000000,-9999.000000,300,300,300,223.080399,25,-21.697897,220.266937,219.479630,0.787308,2.427064,2.437498,1.645871,0.925599,0.191578,-0.024219,0.536966,0.937461,62.148571,0.000622,2.400430,-0.000041,1.000000,2.408421,-0.000039,1.000000,0.600250,0.601702,0.107071,0.000000,PSF-00232_20250807125545_e22,PFA-00245,PSA-00257,PSF-00232,RHS-00222,3.0.0,2021-01-19T12:57:14.097Z
320,12:56:03,2025-08-07,Manual gsw+F,LI-COR Default,,320,,,0.053890,2.920453,0.052913,2.778517,0.845334,0.782854,4.922431,4.077097,9.721607,10.497493,61.127518,0.441786,7.500000,PSF-00232_20250807125603_a2b,0.000000,0.000000,0.000000,76.517700,265.570251,0.711874,0.5,0.80,435.850769,1.000000,15.83,14.66,33.99,32.54,32.54,80.53,156.5,129.7,17.1,1531,3.845,12:53:45,2025-08-07,0.30,1,0.000,0.001,0.012,1.376,2.808,5.335,0,150,-9999.000,-9999.000000,0.058905,0.000000,0.029230,0.000000,0.000000,-0.000068,standard,0,mpf,7000,500,-9999.000000,-9999.000000,300,300,300,245.917801,25,-13.909653,246.831177,245.638992,1.192184,2.427195,2.436946,1.642002,0.864192,0.191299,-0.018635,0.537255,1.383125,76.517700,0.000627,2.400430,-0.000041,1.000000,2.408421,-0.000039,1.000000,0.600250,0.601702,0.107071,0.000000,PSF-00232_20250807125603_a2b,PFA-00245,PSA-00257,PSF-00232,RHS-00222,3.0.0,2021-01-19T12:57:14.097Z
321,12:56:29,2025-08-07,Manual gsw+F,LI-COR Default,,321,,,0.034159,2.923473,0.033765,1.796394,0.822483,0.782171,4.953370,4.130887,9.712636,10.213214,61.508663,0.441786,7.500000,PSF-00232_20250807125629_922,0.000000,0.000000,0.000000,79.875824,267.934662,0.701883,0.5,0.80,489.630615,1.000000,15.36,14.61,34.03,32.65,32.65,80.53,156.9,156.1,0.5,1744,3.845,12:53:45,2025-08-07,0.30,1,0.000,-0.001,0.001,-0.935,-0.555,-1.515,0,150,-9999.000,-9999.000000,0.058905,0.000000,0.029230,0.000000,0.000000,-0.000068,standard,0,mpf,7000,500,-9999.000000,-9999.000000,300,300,300,244.027374,25,-17.223375,242.333649,243.255127,-0.921478,2.427099,2.436137,1.645178,0.928137,0.190931,-0.017877,0.537441,1.560983,79.875824,0.000618,2.400430,-0.000041,1.000000,2.408421,-0.000039,1.000000,0.600250,0.601702,0.107071,0.000000,PSF-00232_20250807125629_922,PFA-00245,PSA-00257,PSF-00232,RHS-00222,3.0.0,2021-01-19T12:57:14.097Z
322,12:56:55,2025-08-07,Manual gsw+F,LI-COR Default,,322,,,0.017993,2.923056,0.017883,0.957467,0.814393,0.792897,4.971283,4.156891,9.845645,10.112566,61.729958,0.441786,7.500000,PSF-00232_20250807125655_e10,0.000000,0.000000,0.000000,85.806015,336.684235,0.745144,0.5,0.80,121.297752,1.000000,15.17,14.77,34.09,32.71,32.71,80.53,156.9,152.8,2.6,407,3.836,12:53:45,2025-08-07,0.30,1,0.001,0.004,0.010,-0.795,0.088,-1.552,0,150,-9999.000,-9999.000000,0.058905,0.000000,0.029230,0.000000,0.000000,-0.000068,standard,0,mpf,7000,500,-9999.000000,-9999.000000,300,300,300,330.222473,25,-4.017457,335.290070,330.927582,4.362488,2.427363,2.435796,1.644738,0.919929,0.190537,-0.017747,0.537524,0.446342,85.806015,0.000627,2.400430,-0.000041,1.000000,2.408421,-0.000039,1.000000,0.600250,0.601702,0.107071,0.000000,PSF-00232_20250807125655_e10,PFA-00245,PSA-00257,PSF-00232,RHS-00222,3.0.0,2021-01-19T12:57:14.097Z
323,12:57:16,2025-08-07,Manual gsw+F,LI-COR Default,,323,,,0.025313,2.923834,0.025096,1.382398,0.899543,0.868557,5.168869,4.269326,10.784237,11.168970,64.178070,0.441786,7.500000,PSF-00232_20250807125716_14a,0.000000,0.000000,0.000000,81.623199,318.318878,0.743580,0.5,0.80,375.742615,1.000000,16.72,16.14,34.13,33.41,33.41,80.54,157.0,154.1,1.8,1263,3.843,12:53:45,2025-08-07,0.30,1,0.001,0.000,0.001,0.007,0.061,0.152,0,150,-9999.000,-9999.000000,0.058905,0.000000,0.029230,0.000000,0.000000,-0.000068,standard,0,mpf,7000,500,-9999.000000,-9999.000000,300,300,300,289.075256,25,-23.248653,277.914764,285.005676,-7.090912,2.429687,2.438428,1.645559,0.923172,0.190233,-0.009597,0.537845,1.160237,81.623199,0.000647,2.400430,-0.000041,1.000000,2.408421,-0.000039,1.000000,0.600250,0.601702,0.107071,0.000000,PSF-00232_20250807125716_14a,PFA-00245,PSA-00257,PSF-00232,RHS-00222,3.0.0,2021-01-19T12:57:14.097Z
324,12:57:38,2025-08-07,Manual gsw+F,LI-COR Default,,324,,,0.024897,2.923271,0.024687,1.539322,0.820264,0.785710,5.640863,4.820600,9.755491,10.184516,70.037819,0.441786,7.500000,PSF-00232_20250807125738_0a3,0.000000,0.000000,0.000000,75.110077,120.090820,0.374556,0.5,0.80,294.198517,1.000000,15.20,14.56,34.18,34.98,34.98,80.54,156.9,-4.3,102.8,1964,3.843,12:53:45,2025-08-07,0.30,1,-0.001,0.000,0.002,-0.607,-1.538,-3.724,0,150,-9999.000,-9999.000000,0.058905,0.000000,0.029230,0.000000,0.000000,-0.000068,standard,0,mpf,7000,500,-9999.000000,-9999.000000,300,300,300,108.884453,25,-7.733832,107.355240,109.008942,-1.653702,2.427001,2.435844,1.644964,0.594160,0.189873,0.009626,0.537937,1.744106,75.110077,0.000598,2.400430,-0.000041,1.000000,2.408421,-0.000039,1.000000,0.600250,0.601702,0.107071,0.000000,PSF-00232_20250807125738_0a3,PFA-00245,PSA-00257,PSF-00232,RHS-00222,3.0.0,2021-01-19T12:57:14.097Z
325,12:58:15,2025-08-07,Manual gsw+F,LI-COR Default,,325,,,0.021026,2.925090,0.020876,1.279846,0.819741,0.791058,5.561069,4.741328,9.823481,10.179673,69.058235,0.441786,7.500000,PSF-00232_20250807125815_46c,0.000000,0.000000,0.000000,66.888573,233.246933,0.713229,0.5,0.80,148.381531,1.000000,15.13,14.60,34.25,34.72,34.72,80.53,157.1,156.4,0.4,520,3.838,12:53:45,2025-08-07,0.30,1,-0.000,0.001,0.031,0.800,1.418,16.357,0,150,-9999.000,-9999.000000,0.058905,0.000000,0.029230,0.000000,0.000000,-0.000068,standard,0,mpf,7000,500,-9999.000000,-9999.000000,300,300,300,220.953583,25,-9.620132,217.563278,219.462158,-1.898880,2.427056,2.435709,1.646888,0.928949,0.189305,0.005378,0.537916,0.540667,66.888573,0.000619,2.400430,-0.000041,1.000000,2.408421,-0.000039,1.000000,0.600250,0.601702,0.107071,0.000000,PSF-00232_20250807125815_46c,PFA-00245,PSA-00257,PSF-00232,RHS-00222,3.0.0,2021-01-19T12:57:14.097Z
326,12:58:45,2025-08-07,Manual gsw+F,LI-COR Default,,326,,,0.011433,2.922772,0.011388,0.652326,0.799394,0.784743,5.239273,4.439879,9.744545,9.926474,65.058670,0.441786,7.500000,PSF-00232_20250807125845_af5,0.000000,0.000000,0.000000,67.867401,262.885254,0.741836,0.5,0.80,496.743317,1.000000,14.69,14.42,34.33,33.65,33.65,80.53,156.8,146.5,6.6,1674,3.839,12:53:45,2025-08-07,0.30,1,0.000,0.001,0.004,0.114,0.226,18.161,0,150,-9999.000,-9999.000000,0.058905,0.000000,0.029230,0.000000,0.000000,-0.000068,standard,0,mpf,7000,500,-9999.000000,-9999.000000,300,300,300,234.970093,25,-21.534660,226.432083,232.028046,-5.595963,2.426745,2.434949,1.644439,0.904462,0.188747,-0.009109,0.538452,1.502662,67.867401,0.000619,2.400430,-0.000041,1.000000,2.408421,-0.000039,1.000000,0.600250,0.601702,0.107071,0.000000,PSF-00232_20250807125845_af5,PFA-00245,PSA-00257,PSF-00232,RHS-00222,3.0.0,2021-01-19T12:57:14.097Z
327,12:58:58,2025-08-07,Manual gsw+F,LI-COR Default,,327,,,0.019545,2.922211,0.019415,1.028560,0.861917,0.838824,4.973659,4.111742,10.416029,10.702789,61.760029,0.441786,7.500000,PSF-00232_20250807125858_66e,0.000000,0.000000,0.000000,34.994961,105.410812,0.668014,0.5,0.80,287.532318,1.000000,15.81,15.39,34.36,32.72,32.72,80.53,156.8,155.9,0.6,1076,3.841,12:53:45,2025-08-07,0.30,1,0.000,0.001,0.021,-0.547,3.449,2.676,0,150,-9999.000,-9999.000000,0.058905,0.000000,0.029230,0.000000,0.000000,-0.000068,standard,0,mpf,7000,500,-9999.000000,-9999.000000,300,300,300,105.410812,25,-2.352434,102.322342,102.039986,0.282356,2.428389,2.436867,1.643848,0.927619,0.188504,-0.021124,0.538577,1.004160,34.994961,0.000613,2.400430,-0.000041,1.000000,2.408421,-0.000039,1.000000,0.600250,0.601702,0.107071,0.000000,PSF-00232_20250807125858_66e,PFA-00245,PSA-00257,PSF-00232,RHS-00222,3.0.0,2021-01-19T12:57:14.097Z
328,12:59:22,2025-08-07,Manual gsw+F,LI-COR Default,,328,,,0.023189,2.914628,0.023006,1.250537,0.837378,0.809121,5.054915,4.217538,10.046549,10.397396,62.764942,0.441786,7.500000,PSF-00232_20250807125922_7e9,0.000000,0.000000,0.000000,62.650681,205.608353,0.695291,0.5,0.80,307.692627,1.000000,15.31,14.80,34.42,33.01,33.01,80.54,155.8,148.9,4.4,1106,3.840,12:53:45,2025-08-07,0.30,1,-0.001,-0.002,0.004,-0.834,-0.291,0.728,0,150,-9999.000,-9999.000000,0.058905,0.000000,0.029230,0.000000,0.000000,-0.000068,standard,0,mpf,7000,500,-9999.000000,-9999.000000,300,300,300,203.453781,25,-4.309471,203.488113,199.433273,4.054840,2.427382,2.436015,1.635942,0.910323,0.188114,-0.018207,0.538876,1.029397,62.650681,0.000623,2.400430,-0.000041,1.000000,2.408421,-0.000039,1.000000,0.600250,0.601702,0.107071,0.000000,PSF-00232_20250807125922_7e9,PFA-00245,PSA-00257,PSF-00232,RHS-00222,3.0.0,2021-01-19T12:57:14.097Z
329,12:59:40,2025-08-07,Manual gsw+F,LI-COR Default,,329,,,0.003456,2.917591,0.003452,0.176282,0.898328,0.894358,4.863284,3.964955,11.105793,11.155097,60.390392,0.441786,7.500000,PSF-00232_20250807125940_3d7,0.000000,0.000000,0.000000,60.862183,252.020172,0.758503,0.5,0.80,306.694305,1.000000,16.39,16.32,34.45,32.32,32.32,80.53,156.2,133.9,14.3,1011,3.839,12:53:45,2025-08-07,0.30,1,0.002,0.001,-0.000,0.140,0.128,0.250,0,150,-9999.000,-9999.000000,0.058905,0.000000,0.029230,0.000000,0.000000,-0.000068,standard,0,mpf,7000,500,-9999.000000,-9999.000000,300,300,300,229.230530,25,-17.814657,222.685928,226.493393,-3.807465,2.429958,2.437851,1.639014,0.874111,0.187834,-0.027224,0.539099,0.949790,60.862183,0.000613,2.400430,-0.000041,1.000000,2.408421,-0.000039,1.000000,0.600250,0.601702,0.107071,0.000000,PSF-00232_20250807125940_3d7,PFA-00245,PSA-00257,PSF-00232,RHS-00222,3.0.0,2021-01-19T12:57:14.097Z
330,13:00:08,2025-08-07,Manual gsw+F,LI-COR Default,,330,,,0.009077,2.882936,0.009049,0.540660,0.959722,0.947222,5.576537,4.616816,11.761185,11.916381,69.241066,0.441786,7.500000,PSF-00232_20250807130008_f60,0.000000,0.000000,0.000000,87.574127,138.081787,0.365781,0.5,0.80,199.686859,1.000000,17.45,17.22,34.52,34.77,34.77,80.54,152.1,141.4,7.0,1365,3.838,12:53:45,2025-08-07,0.30,1,0.000,0.000,-9999.000,-1.197,-3.154,-9999.000,0,150,-9999.000,-9999.000000,0.058905,0.000000,0.029230,0.000000,0.000000,-0.000068,standard,0,mpf,7000,500,-9999.000000,-9999.000000,300,300,300,132.370590,25,-4.081845,131.502274,132.232880,-0.730606,2.431450,2.439616,1.604340,0.892094,0.187323,0.002586,0.539491,1.244863,87.574127,0.000612,2.400430,-0.000041,1.000000,2.408421,-0.000039,1.000000,0.600250,0.601702,0.107071,0.000000,PSF-00232_20250807130008_f60,PFA-00245,PSA-00257,PSF-00232,RHS-00222,3.0.0,2021-01-19T12:57:14.097Z
331,13:00:31,2025-08-07,Manual gsw+F,LI-COR Default,,331,,,0.051448,2.893311,0.050549,3.142291,0.973117,0.901057,5.769940,4.796823,11.188183,12.082932,71.643791,0.441786,7.500000,PSF-00232_20250807130031_486,0.000000,0.000000,0.000000,115.800621,149.672394,0.226306,0.5,0.80,178.811371,1.000000,17.62,16.32,34.59,35.39,35.39,80.54,153.3,131.1,14.5,1975,3.837,12:53:45,2025-08-07,0.30,1,0.000,0.001,0.005,-0.105,-0.266,-0.144,0,150,-9999.000,-9999.000000,0.058905,0.000000,0.029230,0.000000,0.000000,-0.000068,standard,0,mpf,7000,500,-9999.000000,-9999.000000,300,300,300,145.451904,25,-2.851216,146.367783,145.586868,0.780914,2.429937,2.439903,1.614444,0.867499,0.186820,0.009571,0.539950,1.753842,115.800621,0.000598,2.400430,-0.000041,1.000000,2.408421,-0.000039,1.000000,0.600250,0.601702,0.107071,0.000000,PSF-00232_20250807130031_486,PFA-00245,PSA-00257,PSF-00232,RHS-00222,3.0.0,2021-01-19T12:57:14.097Z
332,13:01:47,2025-08-07,Manual gsw+F,LI-COR Default,,332,,,0.066325,2.908746,0.064847,3.655391,0.984460,0.901639,5.345858,4.361398,11.195441,12.223813,66.378281,0.441786,7.500000,PSF-00232_20250807130147_1b6,0.000000,0.000000,0.000000,82.810165,190.694656,0.565745,0.5,0.80,410.832520,1.000000,17.66,16.18,34.76,34.01,34.01,80.54,155.1,140.2,9.6,1815,3.833,12:53:45,2025-08-07,0.30,1,-0.002,-0.001,0.005,0.094,0.604,3.336,0,150,-9999.000,-9999.000000,0.058905,0.000000,0.029230,0.000000,0.000000,-0.000068,standard,0,mpf,7000,500,-9999.000000,-9999.000000,300,300,300,164.291733,25,-18.225471,162.168152,164.579208,-2.411057,2.429689,2.439957,1.629905,0.889004,0.185623,-0.010010,0.540274,1.620558,82.810165,0.000603,2.400430,-0.000041,1.000000,2.408421,-0.000039,1.000000,0.600250,0.601702,0.107071,0.000000,PSF-00232_20250807130147_1b6,PFA-00245,PSA-00257,PSF-00232,RHS-00222,3.0.0,2021-01-19T12:57:14.097Z
333,13:02:07,2025-08-07,Manual gsw+F,LI-COR Default,,333,,,0.023647,2.883303,0.023454,1.444439,0.910580,0.877176,5.667906,4.757326,10.891619,11.306386,70.376640,0.441786,7.500000,PSF-00232_20250807130207_86a,0.000000,0.000000,0.000000,62.840580,220.549225,0.715072,0.5,0.80,292.278656,1.000000,16.29,15.69,34.81,35.06,35.06,80.54,152.1,146.1,4.0,1022,3.835,12:53:45,2025-08-07,0.30,1,-0.001,-0.001,0.011,0.246,1.418,20.404,0,150,-9999.000,-9999.000000,0.058905,0.000000,0.029230,0.000000,0.000000,-0.000068,standard,0,mpf,7000,500,-9999.000000,-9999.000000,300,300,300,189.985153,25,-23.743807,182.253235,186.526505,-4.273270,2.428865,2.437641,1.604694,0.903395,0.185234,0.002658,0.540482,0.958957,62.840580,0.000635,2.400430,-0.000041,1.000000,2.408421,-0.000039,1.000000,0.600250,0.601702,0.107071,0.000000,PSF-00232_20250807130207_86a,PFA-00245,PSA-00257,PSF-00232,RHS-00222,3.0.0,2021-01-19T12:57:14.097Z
334,13:02:43,2025-08-07,Manual gsw+F,LI-COR Default,,334,,,0.043798,2.889004,0.043144,2.578664,0.950227,0.890881,5.568955,4.618728,11.061863,11.798754,69.148438,0.441786,7.500000,PSF-00232_20250807130243_e7b,0.000000,0.000000,0.000000,112.433556,208.574020,0.460942,0.5,0.80,312.890076,1.000000,16.89,15.84,34.92,34.74,34.74,80.54,152.8,138.9,9.1,1697,3.834,12:53:45,2025-08-07,0.30,1,-0.000,-0.001,0.012,-0.455,2.438,4.219,0,150,-9999.000,-9999.000000,0.058905,0.000000,0.029230,0.000000,0.000000,-0.000068,standard,0,mpf,7000,500,-9999.000000,-9999.000000,300,300,300,180.446869,25,-20.311285,173.035736,179.469803,-6.434067,2.429103,2.438651,1.610222,0.885941,0.184436,-0.002803,0.541229,1.521822,112.433556,0.000617,2.400430,-0.000041,1.000000,2.408421,-0.000039,1.000000,0.600250,0.601702,0.107071,0.000000,PSF-00232_20250807130243_e7b,PFA-00245,PSA-00257,PSF-00232,RHS-00222,3.0.0,2021-01-19T12:57:14.097Z
335,13:03:00,2025-08-07,Manual gsw+F,LI-COR Default,,335,,,-0.002700,2.911311,-0.002702,-0.163763,0.937676,0.941381,5.620185,4.682509,11.688475,11.642468,69.781937,0.441786,7.500000,PSF-00232_20250807130300_c03,0.000000,0.000000,0.000000,66.386101,228.361664,0.709294,0.5,0.80,119.321213,1.000000,16.62,16.69,34.97,34.91,34.91,80.54,155.4,113.6,26.9,421,3.833,12:53:45,2025-08-07,0.30,1,-0.001,-0.005,0.022,-2.084,-1.267,0.631,0,150,-9999.000,-9999.000000,0.058905,0.000000,0.029230,0.000000,0.000000,-0.000068,standard,0,mpf,7000,500,-9999.000000,-9999.000000,300,300,300,224.216583,25,-3.636570,224.152924,223.150787,1.002136,2.430525,2.438191,1.632528,0.827107,0.184072,-0.001350,0.541364,0.457682,66.386101,0.000619,2.400430,-0.000041,1.000000,2.408421,-0.000039,1.000000,0.600250,0.601702,0.107071,0.000000,PSF-00232_20250807130300_c03,PFA-00245,PSA-00257,PSF-00232,RHS-00222,3.0.0,2021-01-19T12:57:14.097Z
336,13:03:11,2025-08-07,Manual gsw+F,LI-COR Default,,336,,,-0.001495,2.924121,-0.001495,-0.045040,0.913881,0.914890,3.276623,2.362742,11.360054,11.347524,40.685329,0.441786,7.500000,PSF-00232_20250807130311_7f4,0.000000,0.000000,0.000000,1.609325,1.661539,0.031425,0.5,0.80,16.623363,1.000000,16.17,16.19,35.01,25.50,25.50,80.54,157.0,-10.1,106.5,1322,3.833,12:53:45,2025-08-07,0.30,1,-9999.000,-9999.000,-9999.000,-9999.000,-9999.000,-9999.000,0,150,-9999.000,-9999.000000,0.058905,0.000000,0.029230,0.000000,0.000000,-0.000068,standard,0,mpf,7000,500,-9999.000000,-9999.000000,300,300,300,1.661539,25,-0.016876,1.634002,1.637357,-0.003355,2.429688,2.437428,1.645862,0.584185,0.183847,-0.115976,0.541502,1.209574,1.609325,0.000623,2.400430,-0.000041,1.000000,2.408421,-0.000039,1.000000,0.600250,0.601702,0.107071,0.000000,PSF-00232_20250807130311_7f4,PFA-00245,PSA-00257,PSF-00232,RHS-00222,3.0.0,2021-01-19T12:57:14.097Z
337,13:03:27,2025-08-07,Manual gsw+F,LI-COR Default,,337,,,0.007820,2.854478,0.007799,0.500933,0.943952,0.932124,5.896062,4.952110,11.576766,11.723676,73.227768,0.441786,7.500000,PSF-00232_20250807130327_fb3,0.000000,0.000000,0.000000,106.348869,402.465942,0.735757,0.5,0.80,207.295624,1.000000,16.66,16.45,35.06,35.78,35.78,80.52,148.9,148.5,0.2,704,3.830,12:53:45,2025-08-07,0.30,1,0.001,-0.001,0.006,-0.126,-0.094,4.878,0,150,-9999.000,-9999.000000,0.058905,0.000000,0.029230,0.000000,0.000000,-0.000068,standard,0,mpf,7000,500,-9999.000000,-9999.000000,300,300,300,387.009155,25,-11.470159,384.221802,386.030243,-1.808441,2.430115,2.438241,1.577707,0.909329,0.183477,0.008685,0.541818,0.694277,106.348869,0.000627,2.400430,-0.000041,1.000000,2.408421,-0.000039,1.000000,0.600250,0.601702,0.107071,0.000000,PSF-00232_20250807130327_fb3,PFA-00245,PSA-00257,PSF-00232,RHS-00222,3.0.0,2021-01-19T12:57:14.097Z
338,13:03:46,2025-08-07,Manual gsw+F,LI-COR Default,,338,,,0.000190,2.834344,0.000190,0.011254,0.911702,0.911432,5.483086,4.571384,11.314968,11.318318,68.069740,0.441786,7.500000,PSF-00232_20250807130346_52e,0.000000,0.000000,0.000000,52.784801,89.505142,0.410260,0.5,0.80,310.705963,1.000000,16.05,16.04,35.10,34.46,34.46,80.55,146.7,146.1,0.4,1893,3.830,12:53:45,2025-08-07,0.30,1,0.000,0.002,-0.001,-0.049,-0.364,3.163,0,150,-9999.000,-9999.000000,0.058905,0.000000,0.029230,0.000000,0.000000,-0.000068,standard,0,mpf,7000,500,-9999.000000,-9999.000000,300,300,300,84.988831,25,-3.492377,83.251122,84.500885,-1.249763,2.429429,2.437205,1.559731,0.903403,0.183147,-0.008655,0.542035,1.685501,52.784801,0.000602,2.400430,-0.000041,1.000000,2.408421,-0.000039,1.000000,0.600250,0.601702,0.107071,0.000000,PSF-00232_20250807130346_52e,PFA-00245,PSA-00257,PSF-00232,RHS-00222,3.0.0,2021-01-19T12:57:14.097Z
339,13:04:14,2025-08-07,Manual gsw+F,LI-COR Default,,339,,,0.029588,2.914367,0.029290,1.590461,0.970688,0.934800,5.177387,4.206699,11.605823,12.051383,64.278824,0.441786,7.500000,PSF-00232_20250807130414_a03,0.000000,0.000000,0.000000,80.498100,328.238464,0.754757,0.5,0.80,453.401917,1.000000,16.99,16.36,35.20,33.44,33.44,80.55,155.8,132.5,14.9,1502,3.831,13:04:04,2025-08-07,0.40,1,0.000,0.001,-0.007,0.051,0.765,33.475,0,150,-9999.000,-9999.000000,0.058905,0.000000,0.029230,0.000000,0.000000,-0.000068,standard,0,mpf,7000,500,-9999.000000,-9999.000000,300,300,300,274.983643,25,-41.718075,256.662018,268.460266,-11.798248,2.429956,2.438613,1.635672,0.870856,0.182433,-0.022893,0.542466,1.359089,80.498100,0.000618,2.400430,-0.000041,1.000000,2.408421,-0.000039,1.000000,0.600250,0.601702,0.107071,0.000000,PSF-00232_20250807130414_a03,PFA-00245,PSA-00257,PSF-00232,RHS-00222,3.0.0,2021-01-19T12:57:14.097Z
340,13:04:33,2025-08-07,Manual gsw+F,LI-COR Default,,340,,,0.015250,2.924276,0.015171,0.997857,0.911223,0.888866,5.982320,5.071097,11.035607,11.313181,74.272781,0.441786,7.500000,PSF-00232_20250807130433_139,0.000000,0.000000,0.000000,63.250065,119.387695,0.470213,0.5,0.80,154.248199,1.000000,15.89,15.50,35.27,36.04,36.04,80.55,157.0,0.2,99.9,820,3.831,13:04:04,2025-08-07,0.40,1,0.005,0.004,0.007,0.440,0.983,4.238,0,150,-9999.000,-9999.000000,0.058905,0.000000,0.029230,0.000000,0.000000,-0.000068,standard,0,mpf,7000,500,-9999.000000,-9999.000000,300,300,300,105.638977,25,-10.232273,102.129219,104.725777,-2.596558,2.428498,2.436745,1.646026,0.602077,0.181948,0.009330,0.542597,0.790762,63.250065,0.000617,2.400430,-0.000041,1.000000,2.408421,-0.000039,1.000000,0.600250,0.601702,0.107071,0.000000,PSF-00232_20250807130433_139,PFA-00245,PSA-00257,PSF-00232,RHS-00222,3.0.0,2021-01-19T12:57:14.097Z
341,13:04:49,2025-08-07,Manual gsw+F,LI-COR Default,,341,,,0.026210,2.874364,0.025973,1.693945,0.912641,0.873200,5.942065,5.029424,10.841450,11.331140,73.775291,0.441786,7.500000,PSF-00232_20250807130449_e0b,0.000000,0.000000,0.000000,18.584133,34.831585,0.466457,0.5,0.80,193.081192,1.000000,15.87,15.18,35.33,35.92,35.92,80.54,151.1,149.1,1.3,1035,3.830,13:04:04,2025-08-07,0.40,1,0.001,0.002,0.012,0.289,0.762,2.824,0,150,-9999.000,-9999.000000,0.058905,0.000000,0.029230,0.000000,0.000000,-0.000068,standard,0,mpf,7000,500,-9999.000000,-9999.000000,300,300,300,32.671452,25,-1.566627,32.068134,32.586750,-0.518616,2.427953,2.436700,1.596156,0.910803,0.181560,0.007046,0.542687,0.969776,18.584133,0.000616,2.400430,-0.000041,1.000000,2.408421,-0.000039,1.000000,0.600250,0.601702,0.107071,0.000000,PSF-00232_20250807130449_e0b,PFA-00245,PSA-00257,PSF-00232,RHS-00222,3.0.0,2021-01-19T12:57:14.097Z
342,13:05:14,2025-08-07,Manual gsw+F,LI-COR Default,,342,,,0.117440,2.924244,0.112906,6.849002,1.034752,0.881540,5.715718,4.680966,10.945232,12.847513,70.966560,0.441786,7.500000,PSF-00232_20250807130514_251,0.000000,0.000000,0.000000,74.449539,152.942642,0.513219,0.5,0.80,399.711731,1.000000,17.92,15.27,35.40,35.21,35.21,80.54,157.0,31.6,79.9,1947,3.830,13:04:04,2025-08-07,0.40,1,-0.000,-0.002,0.010,-0.934,-0.698,-3.809,0,150,-9999.000,-9999.000000,0.058905,0.000000,0.029230,0.000000,0.000000,-0.000068,standard,0,mpf,7000,500,-9999.000000,-9999.000000,300,300,300,135.714767,25,-11.867370,134.165527,135.937775,-1.772247,2.428096,2.440152,1.645993,0.658811,0.181089,-0.002837,0.542789,1.730294,74.449539,0.000606,2.400430,-0.000041,1.000000,2.408421,-0.000039,1.000000,0.600250,0.601702,0.107071,0.000000,PSF-00232_20250807130514_251,PFA-00245,PSA-00257,PSF-00232,RHS-00222,3.0.0,2021-01-19T12:57:14.097Z
343,13:05:32,2025-08-07,Manual gsw+F,LI-COR Default,,343,,,0.017503,2.862133,0.017397,1.177733,0.947149,0.919488,6.159193,5.212043,11.416113,11.759547,76.470856,0.441786,7.500000,PSF-00232_20250807130532_135,0.000000,0.000000,0.000000,56.788086,141.486298,0.598632,0.5,0.80,220.294037,1.000000,16.36,15.88,35.45,36.57,36.57,80.54,149.7,149.5,0.1,920,3.829,13:04:04,2025-08-07,0.40,1,0.001,-0.001,0.008,0.699,1.299,5.111,0,150,-9999.000,-9999.000000,0.058905,0.000000,0.029230,0.000000,0.000000,-0.000068,standard,0,mpf,7000,500,-9999.000000,-9999.000000,300,300,300,124.754189,25,-12.745225,120.941879,123.223549,-2.281670,2.429124,2.437523,1.584723,0.911802,0.180725,0.013970,0.543083,0.874039,56.788086,0.000635,2.400430,-0.000041,1.000000,2.408421,-0.000039,1.000000,0.600250,0.601702,0.107071,0.000000,PSF-00232_20250807130532_135,PFA-00245,PSA-00257,PSF-00232,RHS-00222,3.0.0,2021-01-19T12:57:14.097Z
344,13:05:55,2025-08-07,Manual gsw+F,LI-COR Default,,344,,,0.009098,2.844187,0.009069,0.586343,0.959821,0.945868,5.944446,4.984625,11.743089,11.916316,73.801186,0.441786,7.500000,PSF-00232_20250807130555_c57,0.000000,0.000000,0.000000,115.025642,316.537811,0.636613,0.5,0.80,455.370605,1.000000,16.52,16.28,35.52,35.93,35.93,80.55,147.8,146.8,0.6,1788,3.826,13:04:04,2025-08-07,0.40,1,-0.001,-0.002,0.004,-0.281,-1.229,-0.466,0,150,-9999.000,-9999.000000,0.058905,0.000000,0.029230,0.000000,0.000000,-0.000068,standard,0,mpf,7000,500,-9999.000000,-9999.000000,300,300,300,292.745941,25,-17.656860,285.253296,291.237152,-5.983856,2.429779,2.437782,1.568435,0.905134,0.180249,0.004749,0.543523,1.597886,115.025642,0.000615,2.400430,-0.000041,1.000000,2.408421,-0.000039,1.000000,0.600250,0.601702,0.107071,0.000000,PSF-00232_20250807130555_c57,PFA-00245,PSA-00257,PSF-00232,RHS-00222,3.0.0,2021-01-19T12:57:14.097Z
345,13:06:10,2025-08-07,Manual gsw+F,LI-COR Default,,345,,,0.032991,2.836470,0.032612,2.016549,0.861461,0.813146,5.640883,4.779422,10.095579,10.695437,70.034157,0.441786,7.500000,PSF-00232_20250807130610_ad9,0.000000,0.000000,0.000000,76.994064,243.135056,0.683328,0.5,0.80,433.094482,1.000000,14.79,13.96,35.55,34.98,34.98,80.54,146.9,145.8,0.8,1585,3.828,13:04:04,2025-08-07,0.40,1,-0.001,-0.000,0.015,0.952,2.293,5.093,0,150,-9999.000,-9999.000000,0.058905,0.000000,0.029230,0.000000,0.000000,-0.000068,standard,0,mpf,7000,500,-9999.000000,-9999.000000,300,300,300,213.295334,25,-23.138016,203.948380,209.980392,-6.032013,2.425851,2.434840,1.561598,0.902619,0.179977,-0.007907,0.543535,1.428025,76.994064,0.000610,2.400430,-0.000041,1.000000,2.408421,-0.000039,1.000000,0.600250,0.601702,0.107071,0.000000,PSF-00232_20250807130610_ad9,PFA-00245,PSA-00257,PSF-00232,RHS-00222,3.0.0,2021-01-19T12:57:14.097Z
346,13:06:28,2025-08-07,Manual gsw+F,LI-COR Default,,346,,,0.013250,2.826239,0.013188,0.803061,0.814449,0.795054,5.526062,4.711613,9.870831,10.111629,68.607742,0.441786,7.500000,PSF-00232_20250807130628_eac,0.000000,0.000000,0.000000,64.182755,163.002380,0.606247,0.5,0.80,256.403687,1.000000,13.96,13.62,35.59,34.61,34.61,80.55,145.8,145.1,0.5,1057,3.823,13:04:04,2025-08-07,0.40,1,0.001,0.001,0.018,-0.005,0.604,4.076,0,150,-9999.000,-9999.000000,0.058905,0.000000,0.029230,0.000000,0.000000,-0.000068,standard,0,mpf,7000,500,-9999.000000,-9999.000000,300,300,300,142.507904,25,-14.521793,136.675720,142.193970,-5.518250,2.425264,2.433390,1.552679,0.901080,0.179713,-0.013103,0.543577,0.988545,64.182755,0.000619,2.400430,-0.000041,1.000000,2.408421,-0.000039,1.000000,0.600250,0.601702,0.107071,0.000000,PSF-00232_20250807130628_eac,PFA-00245,PSA-00257,PSF-00232,RHS-00222,3.0.0,2021-01-19T12:57:14.097Z
347,13:11:45,2025-08-07,Manual gsw+F,LI-COR Default,,347,,,0.014529,2.923255,0.014457,0.762740,0.756116,0.738992,4.854414,4.098298,9.181595,9.394350,60.313580,0.441786,7.500000,PSF-00232_20250807131145_78a,0.000000,0.000000,0.000000,118.344788,154.696747,0.234989,0.5,0.80,131.779053,1.000000,13.78,13.47,34.47,32.29,32.29,80.49,156.9,156.2,0.5,1402,3.822,13:04:04,2025-08-07,0.40,1,0.001,0.003,0.009,-2.976,-5.713,3.142,0,150,-9999.000,-9999.000000,0.058905,0.000000,0.029230,0.000000,0.000000,-0.000068,standard,0,mpf,7000,500,-9999.000000,-9999.000000,300,300,300,148.526428,25,-4.573372,146.661758,148.143524,-1.481766,2.425096,2.433182,1.644947,0.928323,0.187688,-0.027878,0.536406,1.275855,118.344788,0.000601,2.400430,-0.000041,1.000000,2.408421,-0.000039,1.000000,0.600250,0.601702,0.107071,0.000000,PSF-00232_20250807131145_78a,PFA-00245,PSA-00257,PSF-00232,RHS-00222,3.0.0,2021-01-19T12:57:14.097Z
348,13:12:29,2025-08-07,Manual gsw+F,LI-COR Default,,348,,,0.003436,2.897974,0.003432,0.224203,0.816060,0.810928,5.858244,5.042184,10.071605,10.135343,72.758522,0.441786,7.500000,PSF-00232_20250807131229_0f5,0.000000,0.000000,0.000000,111.962196,120.898964,0.073919,0.5,0.80,55.170826,1.000000,15.00,14.91,34.32,35.66,35.66,80.52,153.8,152.9,0.6,1866,3.818,13:04:04,2025-08-07,0.40,1,0.002,0.001,0.003,-0.098,-1.081,-3.498,0,150,-9999.000,-9999.000000,0.058905,0.000000,0.029230,0.000000,0.000000,-0.000068,standard,0,mpf,7000,500,-9999.000000,-9999.000000,300,300,300,120.898964,25,0.845208,121.954323,122.110069,-0.155746,2.427581,2.435311,1.619059,0.920264,0.188807,0.016555,0.536357,1.662628,111.962196,0.000607,2.400430,-0.000041,1.000000,2.408421,-0.000039,1.000000,0.600250,0.601702,0.107071,0.000000,PSF-00232_20250807131229_0f5,PFA-00245,PSA-00257,PSF-00232,RHS-00222,3.0.0,2021-01-19T12:57:14.097Z
349,13:12:44,2025-08-07,Manual gsw+F,LI-COR Default,,349,,,0.027562,2.882349,0.027301,1.553498,0.912226,0.876284,5.316527,4.404302,10.883489,11.329884,66.031517,0.441786,7.500000,PSF-00232_20250807131244_119,0.000000,0.000000,0.000000,234.096405,265.590912,0.118583,0.5,0.80,86.216949,1.000000,16.80,16.13,34.29,33.91,33.91,80.51,152.0,151.6,0.3,1818,3.820,13:04:04,2025-08-07,0.40,1,0.001,0.000,0.021,3.897,-12.161,78.563,0,150,-9999.000,-9999.000000,0.058905,0.000000,0.029230,0.000000,0.000000,-0.000068,standard,0,mpf,7000,500,-9999.000000,-9999.000000,300,300,300,265.590912,25,8.452077,266.409515,277.701965,-11.292450,2.429661,2.438373,1.603775,0.916950,0.189013,-0.005354,0.536844,1.622395,234.096405,0.000619,2.400430,-0.000041,1.000000,2.408421,-0.000039,1.000000,0.600250,0.601702,0.107071,0.000000,PSF-00232_20250807131244_119,PFA-00245,PSA-00257,PSF-00232,RHS-00222,3.0.0,2021-01-19T12:57:14.097Z
350,13:13:13,2025-08-07,Manual gsw+F,LI-COR Default,,350,,,0.011821,2.896552,0.011773,0.779163,0.831677,0.813827,5.936299,5.104623,10.108111,10.329816,73.731621,0.441786,7.500000,PSF-00232_20250807131313_20c,0.000000,0.000000,0.000000,87.866302,97.450768,0.098352,0.5,0.80,80.234116,1.000000,15.33,15.01,34.27,35.90,35.90,80.51,153.7,143.4,6.7,2039,3.819,13:04:04,2025-08-07,0.40,1,0.000,0.001,0.002,-1.585,-3.747,-14.136,0,150,-9999.000,-9999.000000,0.058905,0.000000,0.029230,0.000000,0.000000,-0.000068,standard,0,mpf,7000,500,-9999.000000,-9999.000000,300,300,300,95.820663,25,-1.156266,95.559952,95.793945,-0.233994,2.427752,2.435886,1.617647,0.896817,0.189196,0.020318,0.537796,1.807313,87.866302,0.000603,2.400430,-0.000041,1.000000,2.408421,-0.000039,1.000000,0.600250,0.601702,0.107071,0.000000,PSF-00232_20250807131313_20c,PFA-00245,PSA-00257,PSF-00232,RHS-00222,3.0.0,2021-01-19T12:57:14.097Z
351,13:13:41,2025-08-07,Manual gsw+F,LI-COR Default,,351,,,0.023074,2.922600,0.022893,1.349113,0.757227,0.726923,5.321315,4.564088,9.031562,9.408069,66.113968,0.441786,7.500000,PSF-00232_20250807131341_506,0.000000,0.000000,0.000000,163.053635,198.688416,0.179350,0.5,0.80,98.660416,1.000000,13.97,13.41,34.26,33.93,33.93,80.49,156.8,85.2,45.6,1375,3.818,13:04:04,2025-08-07,0.40,1,0.001,0.001,0.005,-4.592,-11.668,-40.004,0,150,-9999.000,-9999.000000,0.058905,0.000000,0.029230,0.000000,0.000000,-0.000068,standard,0,mpf,7000,500,-9999.000000,-9999.000000,300,300,300,192.547913,25,-4.325795,191.250443,192.489944,-1.239502,2.425004,2.433521,1.644257,0.765227,0.189244,-0.004754,0.538573,1.253575,163.053635,0.000609,2.400430,-0.000041,1.000000,2.408421,-0.000039,1.000000,0.600250,0.601702,0.107071,0.000000,PSF-00232_20250807131341_506,PFA-00245,PSA-00257,PSF-00232,RHS-00222,3.0.0,2021-01-19T12:57:14.097Z
352,13:13:55,2025-08-07,Manual gsw+F,LI-COR Default,,352,,,0.002124,2.884747,0.002122,0.157849,0.809043,0.805392,6.524833,5.715790,10.002419,10.047753,81.033936,0.441786,7.500000,PSF-00232_20250807131355_2c0,0.000000,0.000000,0.000000,58.290840,63.144043,0.076859,0.5,0.80,62.885845,1.000000,14.93,14.86,34.26,37.63,37.63,80.52,152.3,151.7,0.4,2045,3.815,13:04:04,2025-08-07,0.40,1,0.000,0.000,0.001,-0.064,0.094,5.728,0,150,-9999.000,-9999.000000,0.058905,0.000000,0.029230,0.000000,0.000000,-0.000068,standard,0,mpf,7000,500,-9999.000000,-9999.000000,300,300,300,62.634232,25,-0.345519,62.741875,62.648945,0.092930,2.427504,2.435186,1.606088,0.917214,0.189282,0.042971,0.539007,1.812333,58.290840,0.000590,2.400430,-0.000041,1.000000,2.408421,-0.000039,1.000000,0.600250,0.601702,0.107071,0.000000,PSF-00232_20250807131355_2c0,PFA-00245,PSA-00257,PSF-00232,RHS-00222,3.0.0,2021-01-19T12:57:14.097Z
353,13:14:17,2025-08-07,Manual gsw+F,LI-COR Default,,353,,,0.062484,2.923105,0.061176,4.052201,0.852902,0.761989,5.960748,5.107846,9.463351,10.592424,74.028175,0.441786,7.500000,PSF-00232_20250807131417_ef0,0.000000,0.000000,0.000000,63.079117,104.196381,0.394613,0.5,0.80,301.497833,1.000000,15.73,14.06,34.26,35.98,35.98,80.52,156.9,63.0,59.8,1910,3.817,13:04:04,2025-08-07,0.40,1,-0.001,-0.000,0.009,-1.270,-2.964,-2.592,0,150,-9999.000,-9999.000000,0.058905,0.000000,0.029230,0.000000,0.000000,-0.000068,standard,0,mpf,7000,500,-9999.000000,-9999.000000,300,300,300,92.718956,25,-8.403106,89.871887,92.155495,-2.283607,2.426126,2.436570,1.644789,0.719534,0.189256,0.021385,0.539853,1.699452,63.079117,0.000610,2.400430,-0.000041,1.000000,2.408421,-0.000039,1.000000,0.600250,0.601702,0.107071,0.000000,PSF-00232_20250807131417_ef0,PFA-00245,PSA-00257,PSF-00232,RHS-00222,3.0.0,2021-01-19T12:57:14.097Z
354,13:14:57,2025-08-07,Manual gsw+F,LI-COR Default,,354,,,-0.001224,2.911007,-0.001225,-0.089685,0.787410,0.789444,6.420467,5.633057,9.804104,9.778854,79.735817,0.441786,7.500000,PSF-00232_20250807131457_f20,0.000000,0.000000,0.000000,85.346817,92.785477,0.080171,0.5,0.80,65.472328,1.000000,14.47,14.51,34.33,37.33,37.33,80.52,155.4,154.9,0.3,2042,3.813,13:14:42,2025-08-07,0.33,1,-0.001,-0.002,0.002,0.091,-0.034,-0.149,0,150,-9999.000,-9999.000000,0.058905,0.000000,0.029230,0.000000,0.000000,-0.000068,standard,0,mpf,7000,500,-9999.000000,-9999.000000,300,300,300,92.785477,25,0.122428,93.379501,92.960907,0.418594,2.426895,2.434513,1.632217,0.925033,0.188755,0.038167,0.541359,1.809141,85.346817,0.000614,2.400430,-0.000041,1.000000,2.408421,-0.000039,1.000000,0.600250,0.601702,0.107071,0.000000,PSF-00232_20250807131457_f20,PFA-00245,PSA-00257,PSF-00232,RHS-00222,3.0.0,2021-01-19T12:57:14.097Z
355,13:15:32,2025-08-07,Manual gsw+F,LI-COR Default,,355,,,0.021401,2.924279,0.021245,1.275512,0.824049,0.795453,5.468587,4.644538,9.880606,10.235802,67.927269,0.441786,7.500000,PSF-00232_20250807131532_190,0.000000,0.000000,0.000000,110.208748,264.394073,0.583165,0.5,0.80,130.365433,1.000000,15.09,14.56,34.39,34.42,34.42,80.51,157.0,135.4,13.7,559,3.815,13:14:42,2025-08-07,0.33,1,0.000,-0.001,0.010,-2.582,-6.003,8.811,0,150,-9999.000,-9999.000000,0.058905,0.000000,0.029230,0.000000,0.000000,-0.000068,standard,0,mpf,7000,500,-9999.000000,-9999.000000,300,300,300,242.448456,25,-17.143570,236.022949,239.828903,-3.805954,2.426988,2.435575,1.646029,0.877737,0.188279,-0.000223,0.542694,0.572985,109.901550,0.000622,2.400430,-0.000041,1.000000,2.408421,-0.000039,1.000000,0.600250,0.601702,0.107071,0.000000,PSF-00232_20250807131532_190,PFA-00245,PSA-00257,PSF-00232,RHS-00222,3.0.0,2021-01-19T12:57:14.097Z
356,13:15:56,2025-08-07,Manual gsw+F,LI-COR Default,,356,,,0.005201,2.879827,0.005191,0.350387,0.726884,0.718743,5.936704,5.209820,8.926457,9.027568,73.731163,0.441786,7.500000,PSF-00232_20250807131556_f6a,0.000000,0.000000,0.000000,94.426636,103.118507,0.084290,0.5,0.80,66.637070,1.000000,13.30,13.15,34.41,35.90,35.90,80.52,151.7,151.7,0.0,1976,3.812,13:14:42,2025-08-07,0.33,1,-0.000,-0.000,-0.001,-0.449,-0.509,-1.598,0,150,-9999.000,-9999.000000,0.058905,0.000000,0.029230,0.000000,0.000000,-0.000068,standard,0,mpf,7000,500,-9999.000000,-9999.000000,300,300,300,102.637054,25,-0.292921,103.093742,102.698776,0.394966,2.424543,2.432464,1.601355,0.917061,0.188171,0.018564,0.543288,1.754753,94.426636,0.000597,2.400430,-0.000041,1.000000,2.408421,-0.000039,1.000000,0.600250,0.601702,0.107071,0.000000,PSF-00232_20250807131556_f6a,PFA-00245,PSA-00257,PSF-00232,RHS-00222,3.0.0,2021-01-19T12:57:14.097Z
357,13:16:15,2025-08-07,Manual gsw+F,LI-COR Default,,357,,,0.005057,2.922682,0.005048,0.312954,0.730153,0.723119,5.527677,4.797523,8.981112,9.068475,68.653572,0.441786,7.500000,PSF-00232_20250807131615_a42,0.000000,0.000000,0.000000,68.856598,88.261986,0.219861,0.5,0.80,167.073624,1.000000,13.35,13.22,34.42,34.61,34.61,80.52,156.8,140.3,10.5,1900,3.815,13:14:42,2025-08-07,0.33,1,0.000,0.001,0.007,-0.139,-0.327,4.312,0,150,-9999.000,-9999.000000,0.058905,0.000000,0.029230,0.000000,0.000000,-0.000068,standard,0,mpf,7000,500,-9999.000000,-9999.000000,300,300,300,85.184097,25,-2.093975,85.306046,85.261513,0.044533,2.424669,2.432555,1.644344,0.889455,0.188098,0.001918,0.543447,1.690846,68.856598,0.000598,2.400430,-0.000041,1.000000,2.408421,-0.000039,1.000000,0.600250,0.601702,0.107071,0.000000,PSF-00232_20250807131615_a42,PFA-00245,PSA-00257,PSF-00232,RHS-00222,3.0.0,2021-01-19T12:57:14.097Z
358,13:16:42,2025-08-07,Manual gsw+F,LI-COR Default,,358,,,0.096216,2.908345,0.093135,5.246155,0.921496,0.802539,5.281858,4.360362,9.968032,11.445558,65.603981,0.441786,7.500000,PSF-00232_20250807131642_798,0.000000,0.000000,0.000000,60.844658,101.519875,0.400663,0.5,0.80,320.873230,1.000000,16.83,14.66,34.44,33.79,33.79,80.51,155.1,152.9,1.4,2002,3.814,13:14:42,2025-08-07,0.33,1,0.003,0.005,0.010,0.728,-2.161,-3.874,0,150,-9999.000,-9999.000000,0.058905,0.000000,0.029230,0.000000,0.000000,-0.000068,standard,0,mpf,7000,500,-9999.000000,-9999.000000,300,300,300,99.184158,25,-3.185853,97.658516,96.954834,0.703682,2.427138,2.438531,1.629497,0.920185,0.187925,-0.008708,0.544008,1.776197,60.844658,0.000610,2.400430,-0.000041,1.000000,2.408421,-0.000039,1.000000,0.600250,0.601702,0.107071,0.000000,PSF-00232_20250807131642_798,PFA-00245,PSA-00257,PSF-00232,RHS-00222,3.0.0,2021-01-19T12:57:14.097Z
359,13:17:22,2025-08-07,Manual gsw+F,LI-COR Default,,359,,,0.017264,2.925464,0.017162,1.199461,0.806925,0.780052,6.189221,5.382297,9.688887,10.022661,76.875191,0.441786,7.500000,PSF-00232_20250807131722_44a,0.000000,0.000000,0.000000,73.143478,89.754684,0.185073,0.5,0.80,153.194199,1.000000,14.71,14.22,34.48,36.66,36.66,80.51,157.2,151.2,3.8,2069,3.813,13:14:42,2025-08-07,0.33,1,0.001,0.001,0.001,-0.473,-1.137,-2.386,0,150,-9999.000,-9999.000000,0.058905,0.000000,0.029230,0.000000,0.000000,-0.000068,standard,0,mpf,7000,500,-9999.000000,-9999.000000,300,300,300,87.133530,25,-1.826900,87.093117,87.136902,-0.043785,2.426382,2.434908,1.647283,0.916053,0.187660,0.027497,0.544934,1.832244,73.143478,0.000604,2.400430,-0.000041,1.000000,2.408421,-0.000039,1.000000,0.600250,0.601702,0.107071,0.000000,PSF-00232_20250807131722_44a,PFA-00245,PSA-00257,PSF-00232,RHS-00222,3.0.0,2021-01-19T12:57:14.097Z
360,13:17:37,2025-08-07,Manual gsw+F,LI-COR Default,,360,,,0.037699,2.913549,0.037217,2.240011,0.904213,0.853613,5.555799,4.651586,10.601885,11.230338,69.003059,0.441786,7.500000,PSF-00232_20250807131737_d0c,0.000000,0.000000,0.000000,122.804764,214.280960,0.426898,0.5,0.80,300.381927,1.000000,16.46,15.54,34.50,34.70,34.70,80.52,155.7,155.1,0.4,1759,3.810,13:14:42,2025-08-07,0.33,1,0.000,0.003,0.004,-12.722,-13.315,-4.347,0,150,-9999.000,-9999.000000,0.058905,0.000000,0.029230,0.000000,0.000000,-0.000068,standard,0,mpf,7000,500,-9999.000000,-9999.000000,300,300,300,214.280960,25,44.217422,236.234314,277.640503,-41.406189,2.428639,2.437907,1.634828,0.925610,0.187522,0.002080,0.545477,1.573576,122.804764,0.000606,2.400430,-0.000041,1.000000,2.408421,-0.000039,1.000000,0.600250,0.601702,0.107071,0.000000,PSF-00232_20250807131737_d0c,PFA-00245,PSA-00257,PSF-00232,RHS-00222,3.0.0,2021-01-19T12:57:14.097Z
361,13:17:59,2025-08-07,Manual gsw+F,LI-COR Default,,361,,,0.013378,2.924292,0.013317,0.876508,0.868468,0.848830,5.942869,5.074401,10.544206,10.788151,73.822632,0.441786,7.500000,PSF-00232_20250807131759_a4d,0.000000,0.000000,0.000000,152.597672,259.753479,0.412529,0.5,0.80,132.937180,1.000000,15.76,15.40,34.56,35.92,35.92,80.50,157.0,95.0,39.5,806,3.812,13:14:42,2025-08-07,0.33,1,-0.001,0.001,0.009,-7.657,-12.742,66.323,0,150,-9999.000,-9999.000000,0.058905,0.000000,0.029230,0.000000,0.000000,-0.000068,standard,0,mpf,7000,500,-9999.000000,-9999.000000,300,300,300,240.333435,25,-14.038429,234.704376,239.637695,-4.933319,2.428399,2.436707,1.646042,0.786160,0.187088,0.016920,0.546575,0.778695,152.597672,0.000610,2.400430,-0.000041,1.000000,2.408421,-0.000039,1.000000,0.600250,0.601702,0.107071,0.000000,PSF-00232_20250807131759_a4d,PFA-00245,PSA-00257,PSF-00232,RHS-00222,3.0.0,2021-01-19T12:57:14.097Z
362,13:18:29,2025-08-07,Manual gsw+F,LI-COR Default,,362,,,0.008963,2.923517,0.008936,0.616833,0.807287,0.793444,6.126513,5.319225,9.853324,10.025236,76.081650,0.441786,7.500000,PSF-00232_20250807131829_ad8,0.000000,0.000000,0.000000,104.816437,137.007401,0.234958,0.5,0.80,188.858109,1.000000,14.59,14.34,34.63,36.48,36.48,80.53,156.9,156.3,0.4,2009,3.810,13:14:42,2025-08-07,0.33,1,-0.002,-0.002,0.004,-5.372,-5.983,-7.542,0,150,-9999.000,-9999.000000,0.058905,0.000000,0.029230,0.000000,0.000000,-0.000068,standard,0,mpf,7000,500,-9999.000000,-9999.000000,300,300,300,126.543762,25,-7.181545,126.971123,126.716904,0.254219,2.426586,2.434700,1.645224,0.928527,0.186589,0.023211,0.547468,1.782323,104.816437,0.000610,2.400430,-0.000041,1.000000,2.408421,-0.000039,1.000000,0.600250,0.601702,0.107071,0.000000,PSF-00232_20250807131829_ad8,PFA-00245,PSA-00257,PSF-00232,RHS-00222,3.0.0,2021-01-19T12:57:14.097Z
363,13:18:43,2025-08-07,Manual gsw+F,LI-COR Default,,363,,,0.020356,2.925291,0.020215,1.243565,0.883587,0.855746,5.636471,4.752884,10.627610,10.973373,70.000008,0.441786,7.500000,PSF-00232_20250807131843_9a2,0.000000,0.000000,0.000000,70.817474,198.903717,0.643961,0.5,0.80,477.447998,1.000000,15.95,15.45,34.65,34.96,34.96,80.52,157.1,127.5,18.9,1854,3.812,13:14:42,2025-08-07,0.33,1,0.002,0.003,0.005,0.491,1.385,0.856,0,150,-9999.000,-9999.000000,0.058905,0.000000,0.029230,0.000000,0.000000,-0.000068,standard,0,mpf,7000,500,-9999.000000,-9999.000000,300,300,300,174.421906,25,-19.439777,166.711807,171.048279,-4.336472,2.428467,2.437024,1.647100,0.858950,0.186409,0.003445,0.548016,1.652328,70.817474,0.000619,2.400430,-0.000041,1.000000,2.408421,-0.000039,1.000000,0.600250,0.601702,0.107071,0.000000,PSF-00232_20250807131843_9a2,PFA-00245,PSA-00257,PSF-00232,RHS-00222,3.0.0,2021-01-19T12:57:14.097Z
364,13:19:07,2025-08-07,Manual gsw+F,LI-COR Default,,364,,,0.029870,2.924204,0.029568,1.790689,0.865703,0.825584,5.546321,4.680618,10.256622,10.755048,68.904610,0.441786,7.500000,PSF-00232_20250807131907_25c,0.000000,0.000000,0.000000,285.231476,375.792175,0.240986,0.5,0.80,119.842606,1.000000,15.57,14.85,34.72,34.67,34.67,80.49,157.0,155.3,1.1,1243,3.811,13:14:42,2025-08-07,0.33,1,-0.001,-0.003,0.003,-2.486,-5.309,3.532,0,150,-9999.000,-9999.000000,0.058905,0.000000,0.029230,0.000000,0.000000,-0.000068,standard,0,mpf,7000,500,-9999.000000,-9999.000000,300,300,300,358.539459,25,-12.362523,354.082001,358.077820,-3.995819,2.427440,2.436368,1.645950,0.926156,0.185917,-0.001118,0.548567,1.143533,285.231476,0.000595,2.400430,-0.000041,1.000000,2.408421,-0.000039,1.000000,0.600250,0.601702,0.107071,0.000000,PSF-00232_20250807131907_25c,PFA-00245,PSA-00257,PSF-00232,RHS-00222,3.0.0,2021-01-19T12:57:14.097Z
365,13:19:33,2025-08-07,Manual gsw+F,LI-COR Default,,365,,,0.026603,2.923124,0.026363,1.854776,0.898543,0.856951,6.310371,5.411828,10.641821,11.158318,78.363663,0.441786,7.500000,PSF-00232_20250807131933_81f,0.000000,0.000000,0.000000,60.764908,93.017578,0.346737,0.5,0.80,230.358978,1.000000,16.10,15.36,34.78,37.02,37.02,80.53,156.9,150.9,3.8,1661,3.810,13:14:42,2025-08-07,0.33,1,0.000,0.001,0.002,-2.256,-3.175,-1.071,0,150,-9999.000,-9999.000000,0.058905,0.000000,0.029230,0.000000,0.000000,-0.000068,standard,0,mpf,7000,500,-9999.000000,-9999.000000,300,300,300,85.868599,25,-5.785411,83.147408,84.727608,-1.580200,2.428304,2.437274,1.644809,0.915187,0.185474,0.028275,0.549315,1.491717,60.764908,0.000606,2.400430,-0.000041,1.000000,2.408421,-0.000039,1.000000,0.600250,0.601702,0.107071,0.000000,PSF-00232_20250807131933_81f,PFA-00245,PSA-00257,PSF-00232,RHS-00222,3.0.0,2021-01-19T12:57:14.097Z
366,13:19:56,2025-08-07,Manual gsw+F,LI-COR Default,,366,,,0.017889,2.924349,0.017781,1.301953,0.869604,0.840429,6.496012,5.626408,10.437254,10.799586,80.673744,0.441786,7.500000,PSF-00232_20250807131956_578,0.000000,0.000000,0.000000,117.004753,170.499954,0.313755,0.5,0.80,215.041870,1.000000,15.54,15.01,34.84,37.55,37.55,80.52,157.0,9.2,94.2,1713,3.811,13:14:42,2025-08-07,0.33,1,0.002,0.002,0.005,-1.466,-3.893,-10.555,0,150,-9999.000,-9999.000000,0.058905,0.000000,0.029230,0.000000,0.000000,-0.000068,standard,0,mpf,7000,500,-9999.000000,-9999.000000,300,300,300,163.543228,25,-4.692173,163.265350,163.776505,-0.511154,2.427714,2.436301,1.646103,0.617864,0.185058,0.034499,0.549971,1.535527,117.004753,0.000595,2.400430,-0.000041,1.000000,2.408421,-0.000039,1.000000,0.600250,0.601702,0.107071,0.000000,PSF-00232_20250807131956_578,PFA-00245,PSA-00257,PSF-00232,RHS-00222,3.0.0,2021-01-19T12:57:14.097Z
367,13:20:32,2025-08-07,Manual gsw+F,LI-COR Default,,367,,,0.008132,2.924210,0.008109,0.598378,0.925920,0.912519,6.590390,5.664470,11.332575,11.499003,81.846077,0.441786,7.500000,PSF-00232_20250807132032_ca9,0.000000,0.000000,0.000000,71.171165,92.320480,0.229086,0.5,0.80,161.366150,1.000000,16.43,16.19,34.96,37.81,37.81,80.52,157.0,17.9,88.6,1761,3.810,13:14:42,2025-08-07,0.33,1,-0.000,0.001,0.001,-0.691,-1.358,-3.465,0,150,-9999.000,-9999.000000,0.058905,0.000000,0.029230,0.000000,0.000000,-0.000068,standard,0,mpf,7000,500,-9999.000000,-9999.000000,300,300,300,88.039757,25,-3.093351,86.954712,87.887993,-0.933281,2.429690,2.437806,1.645957,0.633474,0.184168,0.036400,0.551293,1.575147,71.171165,0.000602,2.400430,-0.000041,1.000000,2.408421,-0.000039,1.000000,0.600250,0.601702,0.107071,0.000000,PSF-00232_20250807132032_ca9,PFA-00245,PSA-00257,PSF-00232,RHS-00222,3.0.0,2021-01-19T12:57:14.097Z
368,13:21:06,2025-08-07,Manual gsw+F,LI-COR Default,,368,,,0.011102,2.923713,0.011060,0.853305,0.878404,0.859275,6.795093,5.916689,10.671274,10.908841,84.387772,0.441786,7.500000,PSF-00232_20250807132106_c3e,0.000000,0.000000,0.000000,76.579216,90.070137,0.149782,0.5,0.80,116.773239,1.000000,15.48,15.14,35.08,38.38,38.38,80.52,157.0,48.3,69.2,1949,3.809,13:14:42,2025-08-07,0.33,1,-0.000,-0.000,-0.002,-0.384,-0.881,-2.560,0,150,-9999.000,-9999.000000,0.058905,0.000000,0.029230,0.000000,0.000000,-0.000068,standard,0,mpf,7000,500,-9999.000000,-9999.000000,300,300,300,87.995056,25,-1.406110,88.132027,88.055313,0.076714,2.427911,2.436184,1.645431,0.690494,0.183298,0.042290,0.552505,1.731935,76.579216,0.000599,2.400430,-0.000041,1.000000,2.408421,-0.000039,1.000000,0.600250,0.601702,0.107071,0.000000,PSF-00232_20250807132106_c3e,PFA-00245,PSA-00257,PSF-00232,RHS-00222,3.0.0,2021-01-19T12:57:14.097Z
369,13:21:48,2025-08-07,Manual gsw+F,LI-COR Default,,369,,,0.063073,2.926135,0.061742,3.890054,0.988541,0.901613,5.847017,4.858477,11.195990,12.275437,72.606697,0.441786,7.500000,PSF-00232_20250807132148_63d,0.000000,0.000000,0.000000,73.228600,112.206276,0.347375,0.5,0.80,245.611816,1.000000,17.25,15.73,35.26,35.63,35.63,80.53,157.3,154.4,1.8,1768,3.807,13:14:42,2025-08-07,0.33,1,0.001,-0.000,0.008,-0.477,-1.217,-4.101,0,150,-9999.000,-9999.000000,0.058905,0.000000,0.029230,0.000000,0.000000,-0.000068,standard,0,mpf,7000,500,-9999.000000,-9999.000000,300,300,300,102.781532,25,-6.875021,100.563522,102.354996,-1.791473,2.428888,2.439156,1.647995,0.923852,0.182015,0.004108,0.553762,1.580689,73.228600,0.000585,2.400430,-0.000041,1.000000,2.408421,-0.000039,1.000000,0.600250,0.601702,0.107071,0.000000,PSF-00232_20250807132148_63d,PFA-00245,PSA-00257,PSF-00232,RHS-00222,3.0.0,2021-01-19T12:57:14.097Z
370,13:22:22,2025-08-07,Manual gsw+F,LI-COR Default,,370,,,0.013177,2.924300,0.013118,0.970933,0.855271,0.833505,6.542116,5.686846,10.349890,10.620158,81.235466,0.441786,7.500000,PSF-00232_20250807132222_3fa,0.000000,0.000000,0.000000,143.567917,168.363617,0.147275,0.5,0.80,91.668030,1.000000,14.85,14.47,35.35,37.68,37.68,80.53,157.0,78.4,50.1,1556,3.806,13:14:42,2025-08-07,0.33,1,0.001,0.001,-0.001,-2.512,-12.600,-23.539,0,150,-9999.000,-9999.000000,0.058905,0.000000,0.029230,0.000000,0.000000,-0.000068,standard,0,mpf,7000,500,-9999.000000,-9999.000000,300,300,300,165.971878,25,-3.213966,162.754303,163.758301,-1.003998,2.426740,2.435077,1.646051,0.750878,0.181377,0.029584,0.554297,1.404322,143.567917,0.000595,2.400430,-0.000041,1.000000,2.408421,-0.000039,1.000000,0.600250,0.601702,0.107071,0.000000,PSF-00232_20250807132222_3fa,PFA-00245,PSA-00257,PSF-00232,RHS-00222,3.0.0,2021-01-19T12:57:14.097Z
371,13:22:48,2025-08-07,Manual gsw+F,LI-COR Default,,371,,,0.018802,2.923082,0.018682,1.353334,0.840197,0.809835,6.409283,5.569086,10.059558,10.436707,79.614471,0.441786,7.500000,PSF-00232_20250807132248_ed9,0.000000,0.000000,0.000000,69.950935,94.070419,0.256398,0.5,0.80,178.696396,1.000000,14.53,14.01,35.42,37.30,37.30,80.50,156.9,67.4,57.0,1742,3.805,13:14:42,2025-08-07,0.33,1,0.001,0.002,0.008,-0.015,-0.188,2.515,0,150,-9999.000,-9999.000000,0.058905,0.000000,0.029230,0.000000,0.000000,-0.000068,standard,0,mpf,7000,500,-9999.000000,-9999.000000,300,300,300,88.608025,25,-3.789832,87.876320,88.639938,-0.763618,2.425939,2.434525,1.644765,0.728483,0.180896,0.023768,0.554529,1.559635,69.950935,0.000601,2.400430,-0.000041,1.000000,2.408421,-0.000039,1.000000,0.600250,0.601702,0.107071,0.000000,PSF-00232_20250807132248_ed9,PFA-00245,PSA-00257,PSF-00232,RHS-00222,3.0.0,2021-01-19T12:57:14.097Z
372,13:23:11,2025-08-07,Manual gsw+F,LI-COR Default,,372,,,0.001860,2.919278,0.001859,0.144903,0.868294,0.865034,6.844547,5.976253,10.741089,10.781578,84.988464,0.441786,7.500000,PSF-00232_20250807132311_053,0.000000,0.000000,0.000000,48.413158,55.543758,0.128378,0.5,0.80,102.372009,1.000000,14.97,14.91,35.48,38.51,38.51,80.54,156.4,139.4,10.9,1994,3.803,13:14:42,2025-08-07,0.33,1,-0.001,0.003,-0.002,-0.003,-0.188,-0.336,0,150,-9999.000,-9999.000000,0.058905,0.000000,0.029230,0.000000,0.000000,-0.000068,standard,0,mpf,7000,500,-9999.000000,-9999.000000,300,300,300,55.423378,25,-0.063028,55.972336,55.453445,0.518890,2.427481,2.435271,1.640773,0.887231,0.180478,0.038939,0.554981,1.769047,48.413158,0.000597,2.400430,-0.000041,1.000000,2.408421,-0.000039,1.000000,0.600250,0.601702,0.107071,0.000000,PSF-00232_20250807132311_053,PFA-00245,PSA-00257,PSF-00232,RHS-00222,3.0.0,2021-01-19T12:57:14.097Z
373,13:23:44,2025-08-07,Manual gsw+F,LI-COR Default,,373,,,0.015804,2.923825,0.015720,1.192817,0.793325,0.766555,6.622618,5.829294,9.518967,9.851383,82.238670,0.441786,7.500000,PSF-00232_20250807132344_b81,0.000000,0.000000,0.000000,24.751781,26.639811,0.070872,0.5,0.80,54.627922,1.000000,13.64,13.18,35.53,37.90,37.90,80.53,157.0,7.6,95.2,1927,3.772,13:14:42,2025-08-07,0.33,1,0.002,0.003,0.005,-0.037,-0.091,-0.145,0,150,-9999.000,-9999.000000,0.058905,0.000000,0.029230,0.000000,0.000000,-0.000068,standard,0,mpf,7000,500,-9999.000000,-9999.000000,300,300,300,26.393652,25,-0.217650,26.257038,26.327938,-0.070900,2.424496,2.432963,1.645549,0.615095,0.180113,0.030229,0.554883,1.713537,24.751781,0.000606,2.400430,-0.000041,1.000000,2.408421,-0.000039,1.000000,0.600250,0.601702,0.107071,0.000000,PSF-00232_20250807132344_b81,PFA-00245,PSA-00257,PSF-00232,RHS-00222,3.0.0,2021-01-19T12:57:14.097Z
374,13:23:58,2025-08-07,Manual gsw+F,LI-COR Default,,374,,,0.017700,2.873427,0.017591,1.088328,0.821642,0.796260,5.604860,4.783218,9.888144,10.203341,69.602463,0.441786,7.500000,PSF-00232_20250807132358_1fd,0.000000,0.000000,0.000000,235.659241,291.137817,0.190558,0.5,0.80,112.948692,1.000000,14.11,13.67,35.56,34.86,34.86,80.53,151.0,150.6,0.2,1482,3.802,13:14:42,2025-08-07,0.33,1,0.005,0.007,-0.001,-9.987,-25.009,45.454,0,150,-9999.000,-9999.000000,0.058905,0.000000,0.029230,0.000000,0.000000,-0.000068,standard,0,mpf,7000,500,-9999.000000,-9999.000000,300,300,300,282.596466,25,-6.175820,280.650269,282.288422,-1.638153,2.425349,2.433778,1.595270,0.914489,0.179962,-0.009406,0.554952,1.342418,243.037827,0.000604,2.400430,-0.000041,1.000000,2.408421,-0.000039,1.000000,0.600250,0.601702,0.107071,0.000000,PSF-00232_20250807132358_1fd,PFA-00245,PSA-00257,PSF-00232,RHS-00222,3.0.0,2021-01-19T12:57:14.097Z
375,13:24:28,2025-08-07,Manual gsw+F,LI-COR Default,,375,,,0.029815,2.896463,0.029511,2.188621,0.823074,0.772916,6.522766,5.699692,9.598164,10.221027,81.000488,0.441786,7.500000,PSF-00232_20250807132428_e80,0.000000,0.000000,0.000000,58.061241,72.829536,0.202779,0.5,0.80,169.143356,1.000000,14.11,13.25,35.58,37.62,37.62,80.53,153.6,126.7,17.5,2085,3.801,13:14:42,2025-08-07,0.33,1,0.001,0.001,0.005,-0.152,-0.672,-0.619,0,150,-9999.000,-9999.000000,0.058905,0.000000,0.029230,0.000000,0.000000,-0.000068,standard,0,mpf,7000,500,-9999.000000,-9999.000000,300,300,300,71.313499,25,-1.004818,71.719048,71.389725,0.329323,2.424623,2.433786,1.617559,0.857222,0.179794,0.025967,0.555266,1.845538,58.061241,0.000602,2.400430,-0.000041,1.000000,2.408421,-0.000039,1.000000,0.600250,0.601702,0.107071,0.000000,PSF-00232_20250807132428_e80,PFA-00245,PSA-00257,PSF-00232,RHS-00222,3.0.0,2021-01-19T12:57:14.097Z
376,13:25:05,2025-08-07,Manual gsw+F,LI-COR Default,,376,,,0.040855,2.923606,0.040292,2.870207,0.885382,0.821033,6.363554,5.478172,10.195688,10.994777,79.023369,0.441786,7.500000,PSF-00232_20250807132505_1e9,0.000000,0.000000,0.000000,73.530792,138.208344,0.467971,0.5,0.80,372.668121,1.000000,15.13,14.03,35.64,37.17,37.17,80.53,156.9,67.9,56.7,1991,3.774,13:24:52,2025-08-07,0.33,1,-0.001,0.001,0.012,0.303,-0.824,3.254,0,150,-9999.000,-9999.000000,0.058905,0.000000,0.029230,0.000000,0.000000,-0.000068,standard,0,mpf,7000,500,-9999.000000,-9999.000000,300,300,300,118.180634,25,-14.919911,113.335487,116.829468,-3.493980,2.425957,2.435525,1.645318,0.729443,0.179353,0.019219,0.555957,1.766800,74.377296,0.000604,2.400430,-0.000041,1.000000,2.408421,-0.000039,1.000000,0.600250,0.601702,0.107071,0.000000,PSF-00232_20250807132505_1e9,PFA-00245,PSA-00257,PSF-00232,RHS-00222,3.0.0,2021-01-19T12:57:14.097Z
377,13:25:26,2025-08-07,Manual gsw+F,LI-COR Default,,377,,,0.002824,2.914960,0.002822,0.214208,0.862679,0.857842,6.690147,5.827468,10.651852,10.711915,83.071815,0.441786,7.500000,PSF-00232_20250807132526_2ef,0.000000,0.000000,0.000000,79.856873,87.783058,0.090293,0.5,0.80,68.738632,1.000000,14.72,14.63,35.67,38.09,38.09,80.53,155.9,145.7,6.5,1903,3.786,13:24:52,2025-08-07,0.33,1,0.001,0.004,0.005,-0.483,-1.014,-3.024,0,150,-9999.000,-9999.000000,0.058905,0.000000,0.029230,0.000000,0.000000,-0.000068,standard,0,mpf,7000,500,-9999.000000,-9999.000000,300,300,300,86.854935,25,-0.618942,86.934326,86.896172,0.038155,2.426992,2.434818,1.636285,0.902529,0.179161,0.030937,0.556531,1.693723,79.856873,0.000595,2.400430,-0.000041,1.000000,2.408421,-0.000039,1.000000,0.600250,0.601702,0.107071,0.000000,PSF-00232_20250807132526_2ef,PFA-00245,PSA-00257,PSF-00232,RHS-00222,3.0.0,2021-01-19T12:57:14.097Z
378,13:25:40,2025-08-07,Manual gsw+F,LI-COR Default,,378,,,0.031944,2.900875,0.031596,2.041737,0.957359,0.910803,5.938417,4.981059,11.310034,11.888149,73.741219,0.441786,7.500000,PSF-00232_20250807132540_df5,0.000000,0.000000,0.000000,103.984955,163.875916,0.365465,0.5,0.80,242.644135,1.000000,16.31,15.52,35.70,35.91,35.91,80.53,154.2,140.9,8.6,1660,3.798,13:24:52,2025-08-07,0.33,1,0.002,0.003,0.011,-5.762,-10.443,28.740,0,150,-9999.000,-9999.000000,0.058905,0.000000,0.029230,0.000000,0.000000,-0.000068,standard,0,mpf,7000,500,-9999.000000,-9999.000000,300,300,300,152.144913,25,-8.968996,148.683075,151.024155,-2.341080,2.428486,2.437531,1.621955,0.890785,0.178987,0.002189,0.556890,1.490822,103.984955,0.000601,2.400430,-0.000041,1.000000,2.408421,-0.000039,1.000000,0.600250,0.601702,0.107071,0.000000,PSF-00232_20250807132540_df5,PFA-00245,PSA-00257,PSF-00232,RHS-00222,3.0.0,2021-01-19T12:57:14.097Z
379,13:25:57,2025-08-07,Manual gsw+F,LI-COR Default,,379,,,0.058656,2.864927,0.057479,3.649140,0.978205,0.892725,5.873169,4.894965,11.085787,12.147276,72.932579,0.441786,7.500000,PSF-00232_20250807132557_1b6,0.000000,0.000000,0.000000,115.674019,156.854797,0.262541,0.5,0.80,205.617386,1.000000,16.66,15.20,35.71,35.71,35.71,80.53,150.0,146.0,2.7,1958,3.797,13:24:52,2025-08-07,0.33,1,0.004,0.005,0.001,-1.258,-3.271,0.022,0,150,-9999.000,-9999.000000,0.058905,0.000000,0.029230,0.000000,0.000000,-0.000068,standard,0,mpf,7000,500,-9999.000000,-9999.000000,300,300,300,154.676559,25,-1.361220,156.632416,154.904297,1.728119,2.427949,2.438112,1.587311,0.903251,0.178913,-0.000526,0.557222,1.739361,115.674019,0.000615,2.400430,-0.000041,1.000000,2.408421,-0.000039,1.000000,0.600250,0.601702,0.107071,0.000000,PSF-00232_20250807132557_1b6,PFA-00245,PSA-00257,PSF-00232,RHS-00222,3.0.0,2021-01-19T12:57:14.097Z
380,13:26:14,2025-08-07,Manual gsw+F,LI-COR Default,,380,,,0.032267,2.854941,0.031907,2.087255,0.954957,0.905686,5.995584,5.040627,11.246745,11.858586,74.452713,0.441786,7.500000,PSF-00232_20250807132614_207,0.000000,0.000000,0.000000,99.030731,117.062332,0.154034,0.5,0.80,116.149704,1.000000,16.24,15.40,35.73,36.08,36.08,80.53,148.9,147.8,0.8,1885,3.798,13:24:52,2025-08-07,0.33,1,0.002,0.003,0.002,-3.240,-9.855,-54.379,0,150,-9999.000,-9999.000000,0.058905,0.000000,0.029230,0.000000,0.000000,-0.000068,standard,0,mpf,7000,500,-9999.000000,-9999.000000,300,300,300,117.062332,25,-4.658618,121.010544,110.386955,10.623589,2.428293,2.437414,1.578128,0.907573,0.178781,0.004052,0.557691,1.678647,97.795486,0.000597,2.400430,-0.000041,1.000000,2.408421,-0.000039,1.000000,0.600250,0.601702,0.107071,0.000000,PSF-00232_20250807132614_207,PFA-00245,PSA-00257,PSF-00232,RHS-00222,3.0.0,2021-01-19T12:57:14.097Z
381,13:26:48,2025-08-07,Manual gsw+F,LI-COR Default,,381,,,0.010576,2.849738,0.010537,0.709582,0.905109,0.888283,6.092819,5.187711,11.030188,11.239117,75.657120,0.441786,7.500000,PSF-00232_20250807132648_aea,0.000000,0.000000,0.000000,93.839767,143.843018,0.347624,0.5,0.80,167.020126,1.000000,15.36,15.07,35.77,36.37,36.37,80.53,148.4,147.6,0.5,1201,3.795,13:24:52,2025-08-07,0.33,1,-0.000,0.001,0.006,-10.412,-8.586,-24.619,0,150,-9999.000,-9999.000000,0.058905,0.000000,0.029230,0.000000,0.000000,-0.000068,standard,0,mpf,7000,500,-9999.000000,-9999.000000,300,300,300,135.902527,25,-4.806439,135.029907,136.955826,-1.925919,2.427730,2.435910,1.573414,0.906968,0.178491,0.007298,0.558012,1.108439,93.839767,0.000614,2.400430,-0.000041,1.000000,2.408421,-0.000039,1.000000,0.600250,0.601702,0.107071,0.000000,PSF-00232_20250807132648_aea,PFA-00245,PSA-00257,PSF-00232,RHS-00222,3.0.0,2021-01-19T12:57:14.097Z
382,13:27:04,2025-08-07,Manual gsw+F,LI-COR Default,,382,,,0.011125,2.882743,0.011082,0.744816,0.885526,0.868290,6.064525,5.178998,10.781960,10.995990,75.306007,0.441786,7.500000,PSF-00232_20250807132704_a2a,0.000000,0.000000,0.000000,70.015312,96.925133,0.277635,0.5,0.80,169.546570,1.000000,15.01,14.72,35.79,36.29,36.29,80.53,152.0,148.8,2.1,1527,3.794,13:24:52,2025-08-07,0.33,1,0.002,0.001,0.002,-3.919,-10.971,-22.942,0,150,-9999.000,-9999.000000,0.058905,0.000000,0.029230,0.000000,0.000000,-0.000068,standard,0,mpf,7000,500,-9999.000000,-9999.000000,300,300,300,90.823891,25,-4.303123,89.610458,90.759148,-1.148689,2.427123,2.435310,1.604154,0.910112,0.178349,0.005937,0.558251,1.379838,70.015312,0.000606,2.400430,-0.000041,1.000000,2.408421,-0.000039,1.000000,0.600250,0.601702,0.107071,0.000000,PSF-00232_20250807132704_a2a,PFA-00245,PSA-00257,PSF-00232,RHS-00222,3.0.0,2021-01-19T12:57:14.097Z
383,13:27:32,2025-08-07,Manual gsw+F,LI-COR Default,,383,,,0.020494,2.923411,0.020352,1.621827,0.839763,0.803384,6.945504,6.105741,9.978528,10.430386,86.267487,0.441786,7.500000,PSF-00232_20250807132732_961,0.000000,0.000000,0.000000,29.747845,34.033653,0.125929,0.5,0.80,75.660118,1.000000,14.18,13.57,35.86,38.78,38.78,80.51,156.9,30.5,80.6,1502,3.796,13:24:52,2025-08-07,0.33,1,0.001,0.002,0.004,-1.382,-2.035,-3.025,0,150,-9999.000,-9999.000000,0.058905,0.000000,0.029230,0.000000,0.000000,-0.000068,standard,0,mpf,7000,500,-9999.000000,-9999.000000,300,300,300,33.728958,25,-1.399535,32.592415,32.028248,0.564167,2.425143,2.433876,1.645113,0.656726,0.177874,0.037711,0.558785,1.359281,31.152964,0.000606,2.400430,-0.000041,1.000000,2.408421,-0.000039,1.000000,0.600250,0.601702,0.107071,0.000000,PSF-00232_20250807132732_961,PFA-00245,PSA-00257,PSF-00232,RHS-00222,3.0.0,2021-01-19T12:57:14.097Z
384,13:27:52,2025-08-07,Manual gsw+F,LI-COR Default,,384,,,0.013596,2.899127,0.013532,1.071010,0.896314,0.871838,6.959856,6.063541,10.824809,11.128707,86.414101,0.441786,7.500000,PSF-00232_20250807132752_3e0,0.000000,0.000000,0.000000,53.786160,77.677734,0.307573,0.5,0.80,241.411102,1.000000,15.10,14.69,35.90,38.82,38.82,80.54,154.0,144.1,6.4,1962,3.797,13:24:52,2025-08-07,0.33,1,-0.001,-0.001,0.004,0.085,-0.261,11.341,0,150,-9999.000,-9999.000000,0.058905,0.000000,0.029230,0.000000,0.000000,-0.000068,standard,0,mpf,7000,500,-9999.000000,-9999.000000,300,300,300,74.237823,25,-2.444936,73.584435,74.174362,-0.589928,2.427062,2.435455,1.620207,0.898593,0.177584,0.037675,0.558957,1.742921,53.786160,0.000612,2.400430,-0.000041,1.000000,2.408421,-0.000039,1.000000,0.600250,0.601702,0.107071,0.000000,PSF-00232_20250807132752_3e0,PFA-00245,PSA-00257,PSF-00232,RHS-00222,3.0.0,2021-01-19T12:57:14.097Z
385,13:28:10,2025-08-07,Manual gsw+F,LI-COR Default,,385,,,0.004033,2.924814,0.004028,0.286942,0.931764,0.925340,6.408004,5.476240,11.489126,11.568890,79.562515,0.441786,7.500000,PSF-00232_20250807132810_e36,0.000000,0.000000,0.000000,63.603043,83.711044,0.240207,0.5,0.80,169.065872,1.000000,15.66,15.55,35.95,37.30,37.30,80.54,157.1,154.6,1.6,1760,3.797,13:24:52,2025-08-07,0.33,1,0.003,0.001,-0.010,-2.688,-5.807,11.542,0,150,-9999.000,-9999.000000,0.058905,0.000000,0.029230,0.000000,0.000000,-0.000068,standard,0,mpf,7000,500,-9999.000000,-9999.000000,300,300,300,78.693863,25,-3.899110,76.901077,78.123978,-1.222900,2.428514,2.436399,1.646595,0.924486,0.177252,0.016976,0.559140,1.573983,63.603043,0.000602,2.400430,-0.000041,1.000000,2.408421,-0.000039,1.000000,0.600250,0.601702,0.107071,0.000000,PSF-00232_20250807132810_e36,PFA-00245,PSA-00257,PSF-00232,RHS-00222,3.0.0,2021-01-19T12:57:14.097Z
386,13:28:34,2025-08-07,Manual gsw+F,LI-COR Default,,386,,,0.062000,2.924019,0.060713,4.577042,1.198457,1.096290,6.961097,5.762640,13.615337,14.884194,86.453117,0.441786,7.500000,PSF-00232_20250807132834_c0e,0.000000,0.000000,0.000000,58.318733,67.585297,0.137109,0.5,0.80,81.366776,1.000000,20.05,18.34,36.02,38.83,38.83,80.52,157.0,-6.6,104.2,1484,3.797,13:24:52,2025-08-07,0.33,1,-0.007,-0.003,-0.002,0.134,0.079,0.072,0,150,-9999.000,-9999.000000,0.058905,0.000000,0.029230,0.000000,0.000000,-0.000068,standard,0,mpf,7000,500,-9999.000000,-9999.000000,300,300,300,67.384598,25,-0.071643,67.967537,67.482635,0.484901,2.433147,2.443696,1.645755,0.590326,0.176730,0.036114,0.559506,1.343915,58.318733,0.000594,2.400430,-0.000041,1.000000,2.408421,-0.000039,1.000000,0.600250,0.601702,0.107071,0.000000,PSF-00232_20250807132834_c0e,PFA-00245,PSA-00257,PSF-00232,RHS-00222,3.0.0,2021-01-19T12:57:14.097Z
387,13:28:54,2025-08-07,Manual gsw+F,LI-COR Default,,387,,,0.024808,2.923745,0.024600,1.650345,0.844944,0.807925,6.017804,5.172859,10.031759,10.491412,74.721207,0.441786,7.500000,PSF-00232_20250807132854_791,0.000000,0.000000,0.000000,134.050018,175.555130,0.236422,0.5,0.80,196.975739,1.000000,14.09,13.47,36.08,36.15,36.15,80.54,157.0,156.0,0.6,2083,3.794,13:24:52,2025-08-07,0.33,1,-0.000,-0.000,0.007,7.447,11.431,17.213,0,150,-9999.000,-9999.000000,0.058905,0.000000,0.029230,0.000000,0.000000,-0.000068,standard,0,mpf,7000,500,-9999.000000,-9999.000000,300,300,300,164.077881,25,-9.516748,158.947342,161.918503,-2.971161,2.424967,2.433704,1.645465,0.927883,0.176329,0.000339,0.559372,1.843508,134.050018,0.000609,2.400430,-0.000041,1.000000,2.408421,-0.000039,1.000000,0.600250,0.601702,0.107071,0.000000,PSF-00232_20250807132854_791,PFA-00245,PSA-00257,PSF-00232,RHS-00222,3.0.0,2021-01-19T12:57:14.097Z
388,13:29:27,2025-08-07,Manual gsw+F,LI-COR Default,,388,,,0.028803,2.854453,0.028515,1.823082,0.890857,0.847766,5.825308,4.934452,10.526156,11.061183,72.329041,0.441786,7.500000,PSF-00232_20250807132927_856,0.000000,0.000000,0.000000,196.920990,250.431335,0.213673,0.5,0.80,173.605392,1.000000,14.80,14.09,36.15,35.56,35.56,80.54,148.9,145.5,2.3,2031,3.791,13:24:52,2025-08-07,0.33,1,0.001,-0.001,0.005,-5.621,-12.791,-28.190,0,150,-9999.000,-9999.000000,0.058905,0.000000,0.029230,0.000000,0.000000,-0.000068,standard,0,mpf,7000,500,-9999.000000,-9999.000000,300,300,300,240.690704,25,-7.095392,239.032028,240.264282,-1.232254,2.426014,2.434924,1.577684,0.901975,0.175871,-0.008119,0.559360,1.800428,196.920990,0.000599,2.400430,-0.000041,1.000000,2.408421,-0.000039,1.000000,0.600250,0.601702,0.107071,0.000000,PSF-00232_20250807132927_856,PFA-00245,PSA-00257,PSF-00232,RHS-00222,3.0.0,2021-01-19T12:57:14.097Z
389,13:29:42,2025-08-07,Manual gsw+F,LI-COR Default,,389,,,0.016814,2.839067,0.016715,1.066993,0.988693,0.963219,5.909650,4.920957,11.959776,12.276068,73.376930,0.441786,7.500000,PSF-00232_20250807132942_9b0,0.000000,0.000000,0.000000,243.306396,311.526550,0.218987,0.5,0.80,121.930344,1.000000,16.40,15.98,36.18,35.82,35.82,80.54,147.2,146.4,0.6,1392,3.792,13:24:52,2025-08-07,0.33,1,-0.001,0.001,0.005,-2.989,-6.816,28.182,0,150,-9999.000,-9999.000000,0.058905,0.000000,0.029230,0.000000,0.000000,-0.000068,standard,0,mpf,7000,500,-9999.000000,-9999.000000,300,300,300,295.660980,25,-11.965312,290.709625,294.381348,-3.671722,2.429217,2.437640,1.563888,0.904062,0.175666,-0.005158,0.559608,1.267527,243.306396,0.000598,2.400430,-0.000041,1.000000,2.408421,-0.000039,1.000000,0.600250,0.601702,0.107071,0.000000,PSF-00232_20250807132942_9b0,PFA-00245,PSA-00257,PSF-00232,RHS-00222,3.0.0,2021-01-19T12:57:14.097Z
390,13:30:07,2025-08-07,Manual gsw+F,LI-COR Default,,390,,,0.011226,2.923825,0.011183,0.858897,0.890376,0.871120,6.781825,5.891449,10.815525,11.054593,84.200768,0.441786,7.500000,PSF-00232_20250807133007_c9b,0.000000,0.000000,0.000000,61.173676,84.541138,0.276403,0.5,0.80,229.476440,1.000000,14.74,14.42,36.22,38.34,38.34,80.54,157.0,123.6,21.3,2076,3.792,13:24:52,2025-08-07,0.33,1,0.001,-0.002,0.014,1.597,2.562,5.963,0,150,-9999.000,-9999.000000,0.058905,0.000000,0.029230,0.000000,0.000000,-0.000068,standard,0,mpf,7000,500,-9999.000000,-9999.000000,300,300,300,83.020447,25,-1.636910,83.528282,82.195595,1.332687,2.426572,2.434803,1.645549,0.849972,0.175375,0.027147,0.560075,1.837401,61.173676,0.000599,2.400430,-0.000041,1.000000,2.408421,-0.000039,1.000000,0.600250,0.601702,0.107071,0.000000,PSF-00232_20250807133007_c9b,PFA-00245,PSA-00257,PSF-00232,RHS-00222,3.0.0,2021-01-19T12:57:14.097Z
391,13:30:29,2025-08-07,Manual gsw+F,LI-COR Default,,391,,,0.006845,2.924598,0.006829,0.477729,0.885016,0.874312,6.269166,5.384150,10.855018,10.987917,77.834808,0.441786,7.500000,PSF-00232_20250807133029_5c5,0.000000,0.000000,0.000000,83.311554,154.101105,0.459371,0.5,0.80,374.986450,1.000000,14.62,14.44,36.25,36.90,36.90,80.54,157.1,89.5,43.0,2041,3.791,13:24:52,2025-08-07,0.33,1,0.001,0.000,0.008,-0.816,-2.226,5.557,0,150,-9999.000,-9999.000000,0.058905,0.000000,0.029230,0.000000,0.000000,-0.000068,standard,0,mpf,7000,500,-9999.000000,-9999.000000,300,300,300,137.392761,25,-11.564473,135.085342,137.530273,-2.444931,2.426616,2.434603,1.646366,0.774290,0.175156,0.007787,0.560251,1.808393,83.311554,0.000604,2.400430,-0.000041,1.000000,2.408421,-0.000039,1.000000,0.600250,0.601702,0.107071,0.000000,PSF-00232_20250807133029_5c5,PFA-00245,PSA-00257,PSF-00232,RHS-00222,3.0.0,2021-01-19T12:57:14.097Z
392,13:31:05,2025-08-07,Manual gsw+F,LI-COR Default,,392,,,0.046389,2.795233,0.045632,2.992404,0.890811,0.817018,5.947038,5.056228,10.146429,11.062843,73.855377,0.441786,7.500000,PSF-00232_20250807133105_db3,0.000000,0.000000,0.000000,174.541718,224.237823,0.221622,0.5,0.80,120.145729,1.000000,14.68,13.46,36.30,35.93,35.93,80.52,142.7,142.2,0.3,1355,3.758,13:24:52,2025-08-07,0.33,1,0.000,0.001,0.034,-9.332,-26.889,26.590,0,150,-9999.000,-9999.000000,0.058905,0.000000,0.029230,0.000000,0.000000,-0.000068,standard,0,mpf,7000,500,-9999.000000,-9999.000000,300,300,300,215.343475,25,-8.816641,208.661911,211.604385,-2.942474,2.424931,2.434701,1.526597,0.894020,0.174851,-0.005233,0.560033,1.236943,174.541718,0.000588,2.400430,-0.000041,1.000000,2.408421,-0.000039,1.000000,0.600250,0.601702,0.107071,0.000000,PSF-00232_20250807133105_db3,PFA-00245,PSA-00257,PSF-00232,RHS-00222,3.0.0,2021-01-19T12:57:14.097Z
393,13:31:21,2025-08-07,Manual gsw+F,LI-COR Default,,393,,,0.019503,2.884119,0.019372,1.176913,0.907379,0.880171,5.603689,4.696310,10.926130,11.263884,69.562218,0.441786,7.500000,PSF-00232_20250807133121_f0f,0.000000,0.000000,0.000000,183.416962,238.187485,0.229947,0.5,0.80,165.793320,1.000000,14.94,14.50,36.31,34.86,34.86,80.56,152.2,112.3,26.2,1803,3.790,13:24:52,2025-08-07,0.33,1,0.001,0.002,0.001,-4.635,-11.578,-27.622,0,150,-9999.000,-9999.000000,0.058905,0.000000,0.029230,0.000000,0.000000,-0.000068,standard,0,mpf,7000,500,-9999.000000,-9999.000000,300,300,300,228.024597,25,-7.389219,226.152420,227.599411,-1.446991,2.426697,2.435150,1.605481,0.824256,0.174765,-0.019172,0.560087,1.609775,185.652847,0.000597,2.400430,-0.000041,1.000000,2.408421,-0.000039,1.000000,0.600250,0.601702,0.107071,0.000000,PSF-00232_20250807133121_f0f,PFA-00245,PSA-00257,PSF-00232,RHS-00222,3.0.0,2021-01-19T12:57:14.097Z
394,13:31:38,2025-08-07,Manual gsw+F,LI-COR Default,,394,,,0.019005,2.823856,0.018878,1.240354,0.943305,0.913344,6.007351,5.064046,11.338880,11.710837,74.579391,0.441786,7.500000,PSF-00232_20250807133138_545,0.000000,0.000000,0.000000,233.779190,288.037262,0.188372,0.5,0.80,120.390503,1.000000,15.52,15.03,36.33,36.12,36.12,80.55,145.6,145.0,0.4,1598,3.789,13:24:52,2025-08-07,0.33,1,-0.001,0.002,0.003,-9.151,-21.590,-24.977,0,150,-9999.000,-9999.000000,0.058905,0.000000,0.029230,0.000000,0.000000,-0.000068,standard,0,mpf,7000,500,-9999.000000,-9999.000000,300,300,300,274.438629,25,-10.668481,269.070282,272.750305,-3.680023,2.427603,2.436137,1.550625,0.900840,0.174664,-0.003227,0.560252,1.439091,241.095901,0.000603,2.400430,-0.000041,1.000000,2.408421,-0.000039,1.000000,0.600250,0.601702,0.107071,0.000000,PSF-00232_20250807133138_545,PFA-00245,PSA-00257,PSF-00232,RHS-00222,3.0.0,2021-01-19T12:57:14.097Z
395,13:32:02,2025-08-07,Manual gsw+F,LI-COR Default,,395,,,0.032897,2.817488,0.032517,2.077758,0.903911,0.853466,5.835592,4.931681,10.595251,11.221491,72.445251,0.441786,7.500000,PSF-00232_20250807133202_c77,0.000000,0.000000,0.000000,83.784340,139.532364,0.399535,0.5,0.80,254.577118,1.000000,14.87,14.04,36.33,35.59,35.59,80.55,144.9,143.5,1.0,1593,3.788,13:24:52,2025-08-07,0.33,1,0.000,0.001,0.008,-15.008,-12.883,-27.523,0,150,-9999.000,-9999.000000,0.058905,0.000000,0.029230,0.000000,0.000000,-0.000068,standard,0,mpf,7000,500,-9999.000000,-9999.000000,300,300,300,138.038635,25,-1.147197,139.545685,137.888535,1.657150,2.425919,2.435024,1.545177,0.897091,0.174634,-0.010057,0.560106,1.435074,83.784340,0.000599,2.400430,-0.000041,1.000000,2.408421,-0.000039,1.000000,0.600250,0.601702,0.107071,0.000000,PSF-00232_20250807133202_c77,PFA-00245,PSA-00257,PSF-00232,RHS-00222,3.0.0,2021-01-19T12:57:14.097Z
396,13:32:20,2025-08-07,Manual gsw+F,LI-COR Default,,396,,,0.007766,2.807495,0.007744,0.538061,0.891348,0.878191,6.239847,5.348498,10.903073,11.066430,77.470078,0.441786,7.500000,PSF-00232_20250807133220_f3a,0.000000,0.000000,0.000000,107.886673,137.777115,0.216948,0.5,0.80,161.145370,1.000000,14.66,14.45,36.33,36.81,36.81,80.55,143.9,142.2,1.2,1857,3.786,13:24:52,2025-08-07,0.33,1,-0.000,0.002,-0.000,0.030,-1.117,-3.110,0,150,-9999.000,-9999.000000,0.058905,0.000000,0.029230,0.000000,0.000000,-0.000068,standard,0,mpf,7000,500,-9999.000000,-9999.000000,300,300,300,135.631439,25,-1.395681,136.778000,135.777237,1.000763,2.426615,2.434670,1.536749,0.894011,0.174639,0.005687,0.559970,1.655164,107.473969,0.000594,2.400430,-0.000041,1.000000,2.408421,-0.000039,1.000000,0.600250,0.601702,0.107071,0.000000,PSF-00232_20250807133220_f3a,PFA-00245,PSA-00257,PSF-00232,RHS-00222,3.0.0,2021-01-19T12:57:14.097Z
397,13:32:39,2025-08-07,Manual gsw+F,LI-COR Default,,397,,,0.004537,2.826899,0.004529,0.319441,0.854401,0.846694,6.283551,5.429150,10.511763,10.607454,78.010742,0.441786,7.500000,PSF-00232_20250807133239_03b,0.000000,0.000000,0.000000,104.513168,168.466339,0.379620,0.5,0.80,295.334717,1.000000,14.06,13.93,36.33,36.94,36.94,80.55,145.9,118.5,18.8,1945,3.786,13:24:52,2025-08-07,0.33,1,-0.001,-0.001,-0.000,1.623,-0.078,-4.920,0,150,-9999.000,-9999.000000,0.058905,0.000000,0.029230,0.000000,0.000000,-0.000068,standard,0,mpf,7000,500,-9999.000000,-9999.000000,300,300,300,162.362701,25,-4.231480,161.077026,162.403015,-1.325989,2.425727,2.433620,1.553249,0.838132,0.174634,0.007337,0.560133,1.728507,104.513168,0.000608,2.400430,-0.000041,1.000000,2.408421,-0.000039,1.000000,0.600250,0.601702,0.107071,0.000000,PSF-00232_20250807133239_03b,PFA-00245,PSA-00257,PSF-00232,RHS-00222,3.0.0,2021-01-19T12:57:14.097Z
398,13:33:04,2025-08-07,Manual gsw+F,LI-COR Default,,398,,,0.009514,2.798107,0.009482,0.674430,0.884626,0.868022,6.356424,5.471799,10.776654,10.982795,78.916206,0.441786,7.500000,PSF-00232_20250807133304_e8c,0.000000,0.000000,0.000000,121.940376,177.696182,0.313770,0.5,0.80,218.683807,1.000000,14.52,14.25,36.37,37.15,37.15,80.55,143.0,142.9,0.0,1742,3.786,13:24:52,2025-08-07,0.33,1,-0.000,0.001,0.004,-5.447,-12.226,-8.940,0,150,-9999.000,-9999.000000,0.058905,0.000000,0.029230,0.000000,0.000000,-0.000068,standard,0,mpf,7000,500,-9999.000000,-9999.000000,300,300,300,166.704651,25,-8.789434,163.440948,165.101730,-1.660782,2.426272,2.434421,1.528959,0.895625,0.174368,0.009578,0.560704,1.559647,121.940376,0.000599,2.400430,-0.000041,1.000000,2.408421,-0.000039,1.000000,0.600250,0.601702,0.107071,0.000000,PSF-00232_20250807133304_e8c,PFA-00245,PSA-00257,PSF-00232,RHS-00222,3.0.0,2021-01-19T12:57:14.097Z
399,13:33:25,2025-08-07,Manual gsw+F,LI-COR Default,,399,,,0.056560,2.801917,0.055441,3.855967,0.976524,0.881960,6.324520,5.347996,10.950003,12.124063,78.522293,0.441786,7.500000,PSF-00232_20250807133325_d29,0.000000,0.000000,0.000000,106.314896,174.929794,0.392242,0.5,0.80,327.391479,1.000000,16.02,14.47,36.38,37.06,37.06,80.54,143.3,131.2,8.4,2087,3.780,13:24:52,2025-08-07,0.33,1,0.001,0.001,0.038,-1.121,4.471,36.042,0,150,-9999.000,-9999.000000,0.058905,0.000000,0.029230,0.000000,0.000000,-0.000068,standard,0,mpf,7000,500,-9999.000000,-9999.000000,300,300,300,156.876678,25,-14.593436,150.097137,154.018723,-3.921585,2.426644,2.436975,1.532106,0.867760,0.174283,0.008214,0.560713,1.846662,106.314896,0.000594,2.400430,-0.000041,1.000000,2.408421,-0.000039,1.000000,0.600250,0.601702,0.107071,0.000000,PSF-00232_20250807133325_d29,PFA-00245,PSA-00257,PSF-00232,RHS-00222,3.0.0,2021-01-19T12:57:14.097Z
400,13:36:45,2025-08-07,Manual gsw+F,LI-COR Default,,400,,,0.019887,2.807007,0.019747,1.001708,0.800523,0.776000,4.744102,3.943580,9.637925,9.942497,58.921787,0.441786,7.500000,PSF-00232_20250807133645_350,0.000000,0.000000,0.000000,91.523407,378.293152,0.758062,0.5,0.80,17.130648,1.000000,13.61,13.19,35.74,31.89,31.89,80.52,143.9,143.6,0.2,56,3.748,13:36:31,2025-08-07,0.34,1,0.001,0.002,-0.000,-0.416,-0.249,-2.713,0,150,-9999.000,-9999.000000,0.058905,0.000000,0.029230,0.000000,0.000000,-0.000068,standard,0,mpf,7000,500,-9999.000000,-9999.000000,300,300,300,346.230255,25,-29.408150,332.490570,336.153961,-3.663391,2.424500,2.432882,1.536341,0.897314,0.178686,-0.049033,0.554520,0.154169,91.523407,0.000622,2.400430,-0.000041,1.000000,2.408421,-0.000039,1.000000,0.600250,0.601702,0.107071,0.000000,PSF-00232_20250807133645_350,PFA-00245,PSA-00257,PSF-00232,RHS-00222,3.0.0,2021-01-19T12:57:14.097Z
401,13:37:05,2025-08-07,Manual gsw+F,LI-COR Default,,401,,,0.003316,2.857854,0.003312,0.182313,0.802539,0.798236,5.072541,4.270002,9.913519,9.966949,62.997280,0.441786,7.500000,PSF-00232_20250807133705_caf,0.000000,0.000000,0.000000,96.396088,340.927368,0.717253,0.5,0.80,71.838684,1.000000,13.72,13.65,35.63,33.07,33.07,80.52,149.2,145.5,2.5,250,3.750,13:36:31,2025-08-07,0.34,1,0.001,0.001,0.000,1.678,4.729,5.925,0,150,-9999.000,-9999.000000,0.058905,0.000000,0.029230,0.000000,0.000000,-0.000068,standard,0,mpf,7000,500,-9999.000000,-9999.000000,300,300,300,340.927368,25,69.201836,368.293396,440.087311,-71.793915,2.425300,2.433090,1.580789,0.902027,0.179421,-0.032942,0.554182,0.315818,96.396088,0.000634,2.400430,-0.000041,1.000000,2.408421,-0.000039,1.000000,0.600250,0.601702,0.107071,0.000000,PSF-00232_20250807133705_caf,PFA-00245,PSA-00257,PSF-00232,RHS-00222,3.0.0,2021-01-19T12:57:14.097Z
402,13:37:21,2025-08-07,Manual gsw+F,LI-COR Default,,402,,,0.015133,2.845534,0.015053,0.746032,0.804469,0.786704,4.659826,3.855357,9.769839,9.990457,57.868961,0.441786,7.500000,PSF-00232_20250807133721_599,0.000000,0.000000,0.000000,87.056641,371.528687,0.765680,0.5,0.80,16.618671,1.000000,13.82,13.51,35.55,31.57,31.57,80.52,147.9,144.9,2.0,54,3.780,13:36:31,2025-08-07,0.34,1,-0.000,-0.000,0.004,0.109,0.317,0.908,0,150,-9999.000,-9999.000000,0.058905,0.000000,0.029230,0.000000,0.000000,-0.000068,standard,0,mpf,7000,500,-9999.000000,-9999.000000,300,300,300,354.815491,25,-11.575356,354.063385,354.942261,-0.878876,2.425077,2.433268,1.569638,0.900524,0.180018,-0.050472,0.553966,0.152307,86.983322,0.000624,2.400430,-0.000041,1.000000,2.408421,-0.000039,1.000000,0.600250,0.601702,0.107071,0.000000,PSF-00232_20250807133721_599,PFA-00245,PSA-00257,PSF-00232,RHS-00222,3.0.0,2021-01-19T12:57:14.097Z
403,13:37:51,2025-08-07,Manual gsw+F,LI-COR Default,,403,,,0.009478,2.923409,0.009447,0.474580,0.781249,0.770594,4.689180,3.907931,9.569386,9.701707,58.231148,0.441786,7.500000,PSF-00232_20250807133751_d2a,0.000000,0.000000,0.000000,94.548943,404.004517,0.765971,0.5,0.80,37.998322,1.000000,13.56,13.38,35.35,31.68,31.68,80.53,156.9,102.5,34.7,124,3.781,13:36:31,2025-08-07,0.34,1,0.001,0.004,0.008,0.408,0.978,1.940,0,150,-9999.000,-9999.000000,0.058905,0.000000,0.029230,0.000000,0.000000,-0.000068,standard,0,mpf,7000,500,-9999.000000,-9999.000000,300,300,300,387.481934,25,-12.286345,388.011932,386.399292,1.612640,2.424861,2.432840,1.645110,0.802468,0.181378,-0.046628,0.553301,0.210463,94.548943,0.000644,2.400430,-0.000041,1.000000,2.408421,-0.000039,1.000000,0.600250,0.601702,0.107071,0.000000,PSF-00232_20250807133751_d2a,PFA-00245,PSA-00257,PSF-00232,RHS-00222,3.0.0,2021-01-19T12:57:14.097Z
404,13:38:06,2025-08-07,Manual gsw+F,LI-COR Default,,404,,,0.005480,2.876556,0.005469,0.272897,0.763460,0.757106,4.646635,3.883175,9.401857,9.480764,57.702641,0.441786,7.500000,PSF-00232_20250807133806_9f5,0.000000,0.000000,0.000000,92.988968,373.266144,0.750878,0.5,0.80,21.804987,1.000000,13.33,13.22,35.25,31.52,31.52,80.53,151.3,148.6,1.8,73,3.780,13:36:31,2025-08-07,0.34,1,0.001,0.000,-0.000,0.479,1.055,23.719,0,150,-9999.000,-9999.000000,0.058905,0.000000,0.029230,0.000000,0.000000,-0.000068,standard,0,mpf,7000,500,-9999.000000,-9999.000000,300,300,300,364.456421,25,-6.663719,362.987274,363.717651,-0.730377,2.424590,2.432437,1.598235,0.909473,0.182085,-0.047322,0.552945,0.167594,92.988968,0.000631,2.400430,-0.000041,1.000000,2.408421,-0.000039,1.000000,0.600250,0.601702,0.107071,0.000000,PSF-00232_20250807133806_9f5,PFA-00245,PSA-00257,PSF-00232,RHS-00222,3.0.0,2021-01-19T12:57:14.097Z
405,13:38:33,2025-08-07,Manual gsw+F,LI-COR Default,,405,,,0.005234,2.875021,0.005224,0.242251,0.785769,0.780124,4.399183,3.613414,9.688755,9.758862,54.635677,0.441786,7.500000,PSF-00232_20250807133833_b57,0.000000,0.000000,0.000000,82.732559,417.301300,0.801744,0.5,0.80,62.591064,1.000000,13.86,13.76,35.07,30.56,30.56,80.52,151.2,145.9,3.5,195,3.780,13:36:31,2025-08-07,0.34,1,0.001,0.001,0.015,1.993,-0.376,23.690,0,150,-9999.000,-9999.000000,0.058905,0.000000,0.029230,0.000000,0.000000,-0.000068,standard,0,mpf,7000,500,-9999.000000,-9999.000000,300,300,300,372.416138,25,-28.018818,389.712097,377.152893,12.559204,2.425546,2.433381,1.596779,0.902853,0.183409,-0.056686,0.552180,0.269780,82.732559,0.000624,2.400430,-0.000041,1.000000,2.408421,-0.000039,1.000000,0.600250,0.601702,0.107071,0.000000,PSF-00232_20250807133833_b57,PFA-00245,PSA-00257,PSF-00232,RHS-00222,3.0.0,2021-01-19T12:57:14.097Z
406,13:39:23,2025-08-07,Manual gsw+F,LI-COR Default,,406,,,0.038427,2.923168,0.037928,1.999583,0.819148,0.774274,4.912717,4.093568,9.616822,10.174177,61.018066,0.441786,7.500000,PSF-00232_20250807133923_6dd,0.000000,0.000000,0.000000,61.356781,168.897919,0.636723,0.5,0.80,294.191620,1.000000,14.72,13.92,34.73,32.50,32.50,80.51,156.9,133.5,14.9,1155,3.779,13:36:31,2025-08-07,0.34,1,-0.001,-0.001,0.024,1.394,3.124,16.777,0,150,-9999.000,-9999.000000,0.058905,0.000000,0.029230,0.000000,0.000000,-0.000068,standard,0,mpf,7000,500,-9999.000000,-9999.000000,300,300,300,143.502121,25,-18.610893,137.411713,142.230209,-4.818497,2.425843,2.434905,1.644856,0.873227,0.185839,-0.028482,0.551018,1.070044,61.356781,0.000637,2.400430,-0.000041,1.000000,2.408421,-0.000039,1.000000,0.600250,0.601702,0.107071,0.000000,PSF-00232_20250807133923_6dd,PFA-00245,PSA-00257,PSF-00232,RHS-00222,3.0.0,2021-01-19T12:57:14.097Z
407,13:39:45,2025-08-07,Manual gsw+F,LI-COR Default,,407,,,0.078964,2.885204,0.076861,3.132029,0.875445,0.803111,4.055684,3.180238,9.975362,10.873815,50.375221,0.441786,7.500000,PSF-00232_20250807133945_8a3,0.000000,0.000000,0.000000,76.364281,369.856262,0.793530,0.5,0.80,99.884384,1.000000,15.86,14.55,34.58,29.15,29.15,80.51,152.3,149.9,1.6,315,3.778,13:36:31,2025-08-07,0.34,1,0.001,-0.001,0.000,0.033,0.205,0.463,0,150,-9999.000,-9999.000000,0.058905,0.000000,0.029230,0.000000,0.000000,-0.000068,standard,0,mpf,7000,500,-9999.000000,-9999.000000,300,300,300,343.813416,25,-17.644165,345.488190,344.573792,0.914398,2.426948,2.436871,1.606530,0.912619,0.186897,-0.067613,0.550681,0.369413,76.364281,0.000634,2.400430,-0.000041,1.000000,2.408421,-0.000039,1.000000,0.600250,0.601702,0.107071,0.000000,PSF-00232_20250807133945_8a3,PFA-00245,PSA-00257,PSF-00232,RHS-00222,3.0.0,2021-01-19T12:57:14.097Z
408,13:40:14,2025-08-07,Manual gsw+F,LI-COR Default,,408,,,-0.035112,2.932501,-0.035537,-0.638210,0.800074,0.814294,2.218906,1.418832,10.113691,9.937077,27.559256,0.441786,7.500000,PSF-00232_20250807134014_7cc,0.000000,0.000000,0.000000,1.574278,1.596451,0.013889,0.5,0.80,8.933985,1.000000,14.65,14.91,34.39,19.10,19.10,80.51,158.1,-10.3,106.5,1608,3.778,13:36:31,2025-08-07,0.34,1,-0.002,-0.000,-0.032,0.091,-0.003,-0.010,0,150,-9999.000,-9999.000000,0.058905,0.000000,0.029230,0.000000,0.000000,-0.000068,standard,0,mpf,7000,500,-9999.000000,-9999.000000,300,300,300,1.596451,25,0.002026,1.573205,1.599354,-0.026149,2.427579,2.434810,1.654811,0.583918,0.188287,-0.180340,0.550344,1.447711,1.574278,0.000625,2.400430,-0.000041,1.000000,2.408421,-0.000039,1.000000,0.600250,0.601702,0.107071,0.000000,PSF-00232_20250807134014_7cc,PFA-00245,PSA-00257,PSF-00232,RHS-00222,3.0.0,2021-01-19T12:57:14.097Z
409,13:40:27,2025-08-07,Manual gsw+F,LI-COR Default,,409,,,0.025131,2.924286,0.024917,1.243757,0.866578,0.838706,4.745671,3.879093,10.416507,10.762672,58.939987,0.441786,7.500000,PSF-00232_20250807134027_c81,0.000000,0.000000,0.000000,58.902023,251.210037,0.765527,0.5,0.80,443.026306,1.000000,15.93,15.41,34.33,31.89,31.89,80.52,157.0,156.1,0.6,1447,3.778,13:36:31,2025-08-07,0.34,1,-0.001,-0.001,0.001,1.020,6.519,-2.440,0,150,-9999.000,-9999.000000,0.058905,0.000000,0.029230,0.000000,0.000000,-0.000068,standard,0,mpf,7000,500,-9999.000000,-9999.000000,300,300,300,188.833588,25,-43.301479,183.918350,189.162964,-5.244614,2.428441,2.437004,1.646037,0.928071,0.188766,-0.030968,0.550360,1.313227,58.902023,0.000619,2.400430,-0.000041,1.000000,2.408421,-0.000039,1.000000,0.600250,0.601702,0.107071,0.000000,PSF-00232_20250807134027_c81,PFA-00245,PSA-00257,PSF-00232,RHS-00222,3.0.0,2021-01-19T12:57:14.097Z
410,13:41:00,2025-08-07,Manual gsw+F,LI-COR Default,,410,,,0.009463,2.923920,0.009433,0.526334,0.792253,0.780444,5.119984,4.327731,9.692968,9.839639,63.589252,0.441786,7.500000,PSF-00232_20250807134100_a56,0.000000,0.000000,0.000000,66.961166,78.050827,0.142083,0.5,0.80,89.382034,1.000000,14.68,14.46,34.18,33.24,33.24,80.52,157.0,24.6,84.4,1573,3.778,13:36:31,2025-08-07,0.34,1,0.001,-0.001,-0.004,0.705,1.152,11.629,0,150,-9999.000,-9999.000000,0.058905,0.000000,0.029230,0.000000,0.000000,-0.000068,standard,0,mpf,7000,500,-9999.000000,-9999.000000,300,300,300,76.932549,25,-0.728221,76.850296,77.007355,-0.157059,2.426826,2.434876,1.645649,0.645724,0.189835,-0.012399,0.550478,1.418195,66.961166,0.000631,2.400430,-0.000041,1.000000,2.408421,-0.000039,1.000000,0.600250,0.601702,0.107071,0.000000,PSF-00232_20250807134100_a56,PFA-00245,PSA-00257,PSF-00232,RHS-00222,3.0.0,2021-01-19T12:57:14.097Z
411,13:41:23,2025-08-07,Manual gsw+F,LI-COR Default,,411,,,0.015529,2.924381,0.015447,0.903115,0.788949,0.768692,5.317829,4.528880,9.547016,9.798600,66.046448,0.441786,7.500000,PSF-00232_20250807134123_5a1,0.000000,0.000000,0.000000,114.606140,245.255051,0.532706,0.5,0.80,393.241364,1.000000,14.68,14.30,34.10,33.92,33.92,80.52,157.0,156.8,0.1,1845,3.777,13:36:31,2025-08-07,0.34,1,0.001,0.001,-0.001,1.928,3.765,1.445,0,150,-9999.000,-9999.000000,0.058905,0.000000,0.029230,0.000000,0.000000,-0.000068,standard,0,mpf,7000,500,-9999.000000,-9999.000000,300,300,300,236.686356,25,-6.879556,233.431931,235.397278,-1.965347,2.426566,2.434887,1.646137,0.929958,0.190414,-0.002901,0.550909,1.645600,114.606140,0.000605,2.400430,-0.000041,1.000000,2.408421,-0.000039,1.000000,0.600250,0.601702,0.107071,0.000000,PSF-00232_20250807134123_5a1,PFA-00245,PSA-00257,PSF-00232,RHS-00222,3.0.0,2021-01-19T12:57:14.097Z
412,13:41:53,2025-08-07,Manual gsw+F,LI-COR Default,,412,,,0.012893,2.924278,0.012837,0.676055,0.888035,0.872889,4.974108,4.086073,10.841083,11.029195,61.777313,0.441786,7.500000,PSF-00232_20250807134153_052,0.000000,0.000000,0.000000,84.771751,264.646576,0.679679,0.5,0.80,437.125244,1.000000,16.60,16.32,34.02,32.72,32.72,80.52,157.0,29.2,81.4,1608,3.777,13:36:31,2025-08-07,0.34,1,0.000,0.000,0.014,1.117,2.663,10.494,0,150,-9999.000,-9999.000000,0.058905,0.000000,0.029230,0.000000,0.000000,-0.000068,standard,0,mpf,7000,500,-9999.000000,-9999.000000,300,300,300,248.392578,25,-11.903645,245.429642,247.589737,-2.160095,2.429995,2.438178,1.646028,0.654352,0.191024,-0.016795,0.551302,1.447476,84.771751,0.000614,2.400430,-0.000041,1.000000,2.408421,-0.000039,1.000000,0.600250,0.601702,0.107071,0.000000,PSF-00232_20250807134153_052,PFA-00245,PSA-00257,PSF-00232,RHS-00222,3.0.0,2021-01-19T12:57:14.097Z
413,13:42:15,2025-08-07,Manual gsw+F,LI-COR Default,,413,,,0.000719,2.916932,0.000719,0.038503,0.885067,0.884200,5.037581,4.152514,10.981699,10.992475,62.566406,0.441786,7.500000,PSF-00232_20250807134215_98e,0.000000,0.000000,0.000000,106.367828,381.950012,0.721514,0.5,0.80,326.747253,1.000000,16.59,16.58,33.97,32.95,32.95,80.52,156.1,153.2,1.8,1132,3.777,13:36:31,2025-08-07,0.34,1,0.002,0.001,-0.005,-0.090,-0.517,-5.995,0,150,-9999.000,-9999.000000,0.058905,0.000000,0.029230,0.000000,0.000000,-0.000068,standard,0,mpf,7000,500,-9999.000000,-9999.000000,300,300,300,361.185181,25,-18.275351,352.399353,355.763092,-3.363739,2.430438,2.438173,1.638329,0.920981,0.191423,-0.013311,0.551734,1.050918,106.367828,0.000629,2.400430,-0.000041,1.000000,2.408421,-0.000039,1.000000,0.600250,0.601702,0.107071,0.000000,PSF-00232_20250807134215_98e,PFA-00245,PSA-00257,PSF-00232,RHS-00222,3.0.0,2021-01-19T12:57:14.097Z
414,13:42:43,2025-08-07,Manual gsw+F,LI-COR Default,,414,,,0.015239,2.924405,0.015160,0.937518,0.895327,0.874326,5.671715,4.776388,10.858321,11.119136,70.437492,0.441786,7.500000,PSF-00232_20250807134243_cbc,0.000000,0.000000,0.000000,46.436192,116.191460,0.600348,0.5,0.80,364.559814,1.000000,16.83,16.44,33.92,35.07,35.07,80.52,157.0,152.6,2.8,1518,3.776,13:36:31,2025-08-07,0.34,1,0.000,0.003,0.002,0.402,1.236,-1.043,0,150,-9999.000,-9999.000000,0.058905,0.000000,0.029230,0.000000,0.000000,-0.000068,standard,0,mpf,7000,500,-9999.000000,-9999.000000,300,300,300,101.535561,25,-10.939636,98.699928,100.515961,-1.816032,2.430203,2.438576,1.646162,0.919315,0.191770,0.014111,0.552384,1.372682,46.436192,0.000628,2.400430,-0.000041,1.000000,2.408421,-0.000039,1.000000,0.600250,0.601702,0.107071,0.000000,PSF-00232_20250807134243_cbc,PFA-00245,PSA-00257,PSF-00232,RHS-00222,3.0.0,2021-01-19T12:57:14.097Z
415,13:43:20,2025-08-07,Manual gsw+F,LI-COR Default,,415,,,0.064808,2.924150,0.063403,3.650000,0.858610,0.776789,5.316560,4.457951,9.646587,10.662679,66.023933,0.441786,7.500000,PSF-00232_20250807134320_cb9,0.000000,0.000000,0.000000,74.597595,146.827209,0.491936,0.5,0.80,308.515411,1.000000,16.18,14.64,33.88,33.91,33.91,80.52,157.0,5.1,96.7,1568,3.776,13:36:31,2025-08-07,0.34,1,-0.000,0.000,0.009,0.217,0.621,1.416,0,150,-9999.000,-9999.000000,0.058905,0.000000,0.029230,0.000000,0.000000,-0.000068,standard,0,mpf,7000,500,-9999.000000,-9999.000000,300,300,300,129.586823,25,-12.907556,122.889877,128.331863,-5.441986,2.427163,2.437482,1.645893,0.610703,0.192117,-0.000069,0.553607,1.414152,74.597595,0.000618,2.400430,-0.000041,1.000000,2.408421,-0.000039,1.000000,0.600250,0.601702,0.107071,0.000000,PSF-00232_20250807134320_cb9,PFA-00245,PSA-00257,PSF-00232,RHS-00222,3.0.0,2021-01-19T12:57:14.097Z
416,13:43:42,2025-08-07,Manual gsw+F,LI-COR Default,,416,,,0.027642,2.924078,0.027383,1.401639,0.814883,0.783447,4.792682,3.977799,9.730233,10.120659,59.524036,0.441786,7.500000,PSF-00232_20250807134342_327,0.000000,0.000000,0.000000,226.320511,417.534180,0.457959,0.5,0.80,137.053940,1.000000,15.37,14.78,33.86,32.07,32.07,80.52,157.0,129.3,17.6,748,3.775,13:36:31,2025-08-07,0.34,1,0.001,0.003,0.011,8.672,24.340,61.786,0,150,-9999.000,-9999.000000,0.058905,0.000000,0.029230,0.000000,0.000000,-0.000068,standard,0,mpf,7000,500,-9999.000000,-9999.000000,300,300,300,404.527557,25,-10.748285,398.200745,402.132874,-3.932129,2.427408,2.436105,1.645816,0.863314,0.192266,-0.022866,0.553746,0.730804,226.320511,0.000617,2.400430,-0.000041,1.000000,2.408421,-0.000039,1.000000,0.600250,0.601702,0.107071,0.000000,PSF-00232_20250807134342_327,PFA-00245,PSA-00257,PSF-00232,RHS-00222,3.0.0,2021-01-19T12:57:14.097Z
417,13:44:07,2025-08-07,Manual gsw+F,LI-COR Default,,417,,,0.018829,2.921724,0.018708,0.941268,0.840418,0.819276,4.750630,3.910212,10.175602,10.438197,59.003963,0.441786,7.500000,PSF-00232_20250807134407_f50,0.000000,0.000000,0.000000,74.448822,210.993073,0.647150,0.5,0.80,413.320648,1.000000,15.87,15.47,33.85,31.91,31.91,80.51,156.7,141.6,9.6,1597,3.774,13:36:31,2025-08-07,0.34,1,0.001,0.003,-0.013,1.479,2.594,3.900,0,150,-9999.000,-9999.000000,0.058905,0.000000,0.029230,0.000000,0.000000,-0.000068,standard,0,mpf,7000,500,-9999.000000,-9999.000000,300,300,300,202.371597,25,-5.782237,205.739380,202.707657,3.031723,2.428576,2.436946,1.643335,0.892448,0.192343,-0.024660,0.554297,1.438188,74.448822,0.000614,2.400430,-0.000041,1.000000,2.408421,-0.000039,1.000000,0.600250,0.601702,0.107071,0.000000,PSF-00232_20250807134407_f50,PFA-00245,PSA-00257,PSF-00232,RHS-00222,3.0.0,2021-01-19T12:57:14.097Z
418,13:44:34,2025-08-07,Manual gsw+F,LI-COR Default,,418,,,-0.001859,2.924634,-0.001860,-0.102376,0.870099,0.872392,5.136131,4.266032,10.835253,10.806768,63.791573,0.441786,7.500000,PSF-00232_20250807134434_508,0.000000,0.000000,0.000000,97.826958,260.006927,0.623752,0.5,0.80,350.589722,1.000000,16.44,16.48,33.83,33.29,33.29,80.51,157.1,148.7,5.3,1405,3.774,13:36:31,2025-08-07,0.34,1,0.001,-0.001,0.002,0.454,0.948,2.156,0,150,-9999.000,-9999.000000,0.058905,0.000000,0.029230,0.000000,0.000000,-0.000068,standard,0,mpf,7000,500,-9999.000000,-9999.000000,300,300,300,246.854782,25,-9.172136,245.595215,246.864090,-1.268875,2.430296,2.437928,1.646405,0.909714,0.192471,-0.007231,0.555374,1.278514,97.826958,0.000638,2.400430,-0.000041,1.000000,2.408421,-0.000039,1.000000,0.600250,0.601702,0.107071,0.000000,PSF-00232_20250807134434_508,PFA-00245,PSA-00257,PSF-00232,RHS-00222,3.0.0,2021-01-19T12:57:14.097Z
419,13:45:07,2025-08-07,Manual gsw+F,LI-COR Default,,419,,,0.016148,2.922488,0.016059,1.006445,0.856449,0.833860,5.697247,4.840798,10.356155,10.636707,70.757217,0.441786,7.500000,PSF-00232_20250807134507_b2e,0.000000,0.000000,0.000000,55.383324,143.046173,0.612829,0.5,0.80,246.332474,1.000000,16.19,15.76,33.83,35.16,35.16,80.52,156.8,132.5,15.5,1005,3.771,13:36:31,2025-08-07,0.34,1,0.001,0.000,0.010,0.672,1.482,15.846,0,150,-9999.000,-9999.000000,0.058905,0.000000,0.029230,0.000000,0.000000,-0.000068,standard,0,mpf,7000,500,-9999.000000,-9999.000000,300,300,300,131.764771,25,-7.918835,129.101517,131.699203,-2.597687,2.429072,2.437493,1.644139,0.870771,0.192485,0.016355,0.556775,0.944825,55.383324,0.000633,2.400430,-0.000041,1.000000,2.408421,-0.000039,1.000000,0.600250,0.601702,0.107071,0.000000,PSF-00232_20250807134507_b2e,PFA-00245,PSA-00257,PSF-00232,RHS-00222,3.0.0,2021-01-19T12:57:14.097Z
420,13:45:28,2025-08-07,Manual gsw+F,LI-COR Default,,420,,,0.049484,2.924536,0.048661,2.470079,0.899948,0.844624,4.841700,3.941751,10.489091,11.176147,60.127407,0.441786,7.500000,PSF-00232_20250807134528_8b0,0.000000,0.000000,0.000000,67.203995,250.692108,0.731926,0.5,0.80,350.817352,1.000000,17.01,15.96,33.83,32.24,32.24,80.52,157.1,156.6,0.3,1198,3.772,13:36:31,2025-08-07,0.34,1,0.002,0.003,0.022,-12.364,-20.792,13.510,0,150,-9999.000,-9999.000000,0.058905,0.000000,0.029230,0.000000,0.000000,-0.000068,standard,0,mpf,7000,500,-9999.000000,-9999.000000,300,300,300,223.917252,25,-19.189480,223.920822,223.195328,0.725494,2.429414,2.438883,1.646301,0.929395,0.192476,-0.020287,0.557722,1.106031,67.203995,0.000625,2.400430,-0.000041,1.000000,2.408421,-0.000039,1.000000,0.600250,0.601702,0.107071,0.000000,PSF-00232_20250807134528_8b0,PFA-00245,PSA-00257,PSF-00232,RHS-00222,3.0.0,2021-01-19T12:57:14.097Z
421,13:45:53,2025-08-07,Manual gsw+F,LI-COR Default,,421,,,0.034423,2.922906,0.034023,1.814252,0.934336,0.893665,5.068263,4.133927,11.098014,11.603086,62.940441,0.441786,7.500000,PSF-00232_20250807134553_608,0.000000,0.000000,0.000000,71.337463,217.740173,0.672373,0.5,0.80,351.897156,1.000000,17.66,16.89,33.83,33.06,33.06,80.52,156.9,80.2,48.9,1308,3.772,13:36:31,2025-08-07,0.34,1,0.001,0.002,0.012,0.085,0.513,0.569,0,150,-9999.000,-9999.000000,0.058905,0.000000,0.029230,0.000000,0.000000,-0.000068,standard,0,mpf,7000,500,-9999.000000,-9999.000000,300,300,300,195.885651,25,-15.670804,189.545273,195.285339,-5.740067,2.430971,2.439976,1.644580,0.754617,0.192480,-0.010181,0.558494,1.197857,71.337463,0.000620,2.400430,-0.000041,1.000000,2.408421,-0.000039,1.000000,0.600250,0.601702,0.107071,0.000000,PSF-00232_20250807134553_608,PFA-00245,PSA-00257,PSF-00232,RHS-00222,3.0.0,2021-01-19T12:57:14.097Z
422,13:46:13,2025-08-07,Manual gsw+F,LI-COR Default,,422,,,0.002484,2.922867,0.002481,0.157277,0.935680,0.932154,5.825595,4.889915,11.574920,11.618705,72.338661,0.441786,7.500000,PSF-00232_20250807134613_140,0.000000,0.000000,0.000000,45.799255,263.778931,0.826373,0.5,0.80,543.977173,1.000000,17.66,17.59,33.85,35.56,35.56,80.53,156.8,155.5,0.8,1646,3.772,13:36:31,2025-08-07,0.34,1,-0.001,-0.002,-0.005,2.254,-5.505,-52.330,0,150,-9999.000,-9999.000000,0.058905,0.000000,0.029230,0.000000,0.000000,-0.000068,standard,0,mpf,7000,500,-9999.000000,-9999.000000,300,300,300,210.163239,25,1.017514,285.184631,265.236938,19.947693,2.432145,2.439980,1.644539,0.926687,0.192318,0.021243,0.559065,1.479024,45.799255,0.000616,2.400430,-0.000041,1.000000,2.408421,-0.000039,1.000000,0.600250,0.601702,0.107071,0.000000,PSF-00232_20250807134613_140,PFA-00245,PSA-00257,PSF-00232,RHS-00222,3.0.0,2021-01-19T12:57:14.097Z
423,13:46:50,2025-08-07,Manual gsw+F,LI-COR Default,,423,,,0.030836,2.923090,0.030514,1.821614,1.038165,0.997386,5.646084,4.607919,12.385348,12.891735,70.112000,0.441786,7.500000,PSF-00232_20250807134650_fef,0.000000,0.000000,0.000000,60.555695,173.612656,0.651202,0.5,0.80,459.912659,1.000000,19.50,18.73,33.94,34.99,34.99,80.53,156.9,156.4,0.3,1766,3.771,13:46:42,2025-08-07,0.35,1,-0.001,-0.002,0.010,0.666,1.578,16.216,0,150,-9999.000,-9999.000000,0.058905,0.000000,0.029230,0.000000,0.000000,-0.000068,standard,0,mpf,7000,500,-9999.000000,-9999.000000,300,300,300,152.152771,25,-16.458879,145.187256,150.028580,-4.841324,2.434016,2.443005,1.644774,0.928800,0.191669,0.012895,0.560494,1.579023,59.913754,0.000623,2.400430,-0.000041,1.000000,2.408421,-0.000039,1.000000,0.600250,0.601702,0.107071,0.000000,PSF-00232_20250807134650_fef,PFA-00245,PSA-00257,PSF-00232,RHS-00222,3.0.0,2021-01-19T12:57:14.097Z
424,13:47:07,2025-08-07,Manual gsw+F,LI-COR Default,,424,,,0.006406,2.924265,0.006392,0.455092,0.869792,0.859592,6.346543,5.476751,10.674155,10.800816,78.809433,0.441786,7.500000,PSF-00232_20250807134707_19d,0.000000,0.000000,0.000000,46.233772,60.567451,0.236656,0.5,0.80,137.903214,1.000000,16.29,16.10,33.99,37.12,37.12,80.53,157.0,156.2,0.5,1457,3.770,13:46:42,2025-08-07,0.35,1,-0.000,-0.001,-0.003,0.157,0.502,1.107,0,150,-9999.000,-9999.000000,0.058905,0.000000,0.029230,0.000000,0.000000,-0.000068,standard,0,mpf,7000,500,-9999.000000,-9999.000000,300,300,300,55.459499,25,-3.551777,53.942444,55.478077,-1.535633,2.429636,2.437642,1.646015,0.928405,0.191298,0.039756,0.560870,1.321551,46.233772,0.000623,2.400430,-0.000041,1.000000,2.408421,-0.000039,1.000000,0.600250,0.601702,0.107071,0.000000,PSF-00232_20250807134707_19d,PFA-00245,PSA-00257,PSF-00232,RHS-00222,3.0.0,2021-01-19T12:57:14.097Z
425,13:47:45,2025-08-07,Manual gsw+F,LI-COR Default,,425,,,0.008335,2.924470,0.008311,0.402528,0.910360,0.901344,4.675699,3.765338,11.191498,11.303452,58.055626,0.441786,7.500000,PSF-00232_20250807134745_a99,0.000000,0.000000,0.000000,87.166428,335.048523,0.739839,0.5,0.80,38.490734,1.000000,17.00,16.83,34.04,31.63,31.63,80.54,157.0,139.5,11.2,130,3.740,13:46:42,2025-08-07,0.35,1,0.002,0.001,-0.004,0.429,1.366,6.354,0,150,-9999.000,-9999.000000,0.058905,0.000000,0.029230,0.000000,0.000000,-0.000068,standard,0,mpf,7000,500,-9999.000000,-9999.000000,300,300,300,320.029388,25,-11.796633,313.854218,318.145020,-4.290802,2.430852,2.438830,1.646232,0.887378,0.190870,-0.030601,0.561770,0.215502,87.166428,0.000630,2.400430,-0.000041,1.000000,2.408421,-0.000039,1.000000,0.600250,0.601702,0.107071,0.000000,PSF-00232_20250807134745_a99,PFA-00245,PSA-00257,PSF-00232,RHS-00222,3.0.0,2021-01-19T12:57:14.097Z
426,13:48:15,2025-08-07,Manual gsw+F,LI-COR Default,,426,,,-0.002501,2.924312,-0.002504,-0.129863,0.953431,0.956339,4.976899,4.023468,11.874970,11.838866,61.798737,0.441786,7.500000,PSF-00232_20250807134815_630,0.000000,0.000000,0.000000,54.037571,227.823975,0.762810,0.5,0.80,22.383568,1.000000,17.82,17.87,34.02,32.73,32.73,80.53,157.0,154.2,1.8,73,3.767,13:46:42,2025-08-07,0.35,1,0.002,0.003,0.001,0.461,-0.625,9.403,0,150,-9999.000,-9999.000000,0.058905,0.000000,0.029230,0.000000,0.000000,-0.000068,standard,0,mpf,7000,500,-9999.000000,-9999.000000,300,300,300,227.823975,25,-2.267188,225.510117,224.575302,0.934814,2.432590,2.440210,1.646065,0.923431,0.191002,-0.016709,0.561749,0.168228,54.037571,0.000623,2.400430,-0.000041,1.000000,2.408421,-0.000039,1.000000,0.600250,0.601702,0.107071,0.000000,PSF-00232_20250807134815_630,PFA-00245,PSA-00257,PSF-00232,RHS-00222,3.0.0,2021-01-19T12:57:14.097Z
427,13:48:59,2025-08-07,Manual gsw+F,LI-COR Default,,427,,,0.004828,2.922467,0.004820,0.222304,0.910881,0.905894,4.499834,3.588953,11.249748,11.311675,55.880680,0.441786,7.500000,PSF-00232_20250807134859_c31,0.000000,0.000000,0.000000,85.507034,393.490906,0.782696,0.5,0.80,22.433514,1.000000,17.08,16.98,33.97,30.96,30.96,80.53,156.8,107.5,31.5,72,3.765,13:46:42,2025-08-07,0.35,1,0.002,0.001,-0.005,0.233,0.628,1.402,0,150,-9999.000,-9999.000000,0.058905,0.000000,0.029230,0.000000,0.000000,-0.000068,standard,0,mpf,7000,500,-9999.000000,-9999.000000,300,300,300,374.531860,25,-13.247634,372.725128,374.508240,-1.783112,2.431113,2.438967,1.644118,0.813388,0.191401,-0.037965,0.561289,0.166807,85.507034,0.000633,2.400430,-0.000041,1.000000,2.408421,-0.000039,1.000000,0.600250,0.601702,0.107071,0.000000,PSF-00232_20250807134859_c31,PFA-00245,PSA-00257,PSF-00232,RHS-00222,3.0.0,2021-01-19T12:57:14.097Z
428,13:49:16,2025-08-07,Manual gsw+F,LI-COR Default,,428,,,0.021834,2.924962,0.021672,1.020326,0.893774,0.870927,4.556530,3.662756,10.815680,11.099410,56.585644,0.441786,7.500000,PSF-00232_20250807134916_646,0.000000,0.000000,0.000000,50.831078,200.637161,0.746652,0.5,0.80,12.025780,1.000000,16.80,16.37,33.93,31.17,31.17,80.52,157.1,8.1,94.9,40,3.767,13:46:42,2025-08-07,0.35,1,0.003,0.002,-0.010,0.231,0.215,0.327,0,150,-9999.000,-9999.000000,0.058905,0.000000,0.029230,0.000000,0.000000,-0.000068,standard,0,mpf,7000,500,-9999.000000,-9999.000000,300,300,300,191.882736,25,-4.672221,195.555206,193.942291,1.612915,2.430091,2.438504,1.646752,0.615888,0.191745,-0.034696,0.561160,0.140639,50.831078,0.000626,2.400430,-0.000041,1.000000,2.408421,-0.000039,1.000000,0.600250,0.601702,0.107071,0.000000,PSF-00232_20250807134916_646,PFA-00245,PSA-00257,PSF-00232,RHS-00222,3.0.0,2021-01-19T12:57:14.097Z
429,13:49:42,2025-08-07,Manual gsw+F,LI-COR Default,,429,,,0.053533,2.922498,0.052570,2.453186,0.957402,0.902408,4.585641,3.628239,11.206864,11.889833,56.948391,0.441786,7.500000,PSF-00232_20250807134942_150,0.000000,0.000000,0.000000,59.861542,247.487839,0.758123,0.5,0.80,28.041067,1.000000,18.07,17.03,33.85,31.29,31.29,80.52,156.8,-5.1,103.3,92,3.766,13:46:42,2025-08-07,0.35,1,0.014,0.019,-0.013,0.008,0.374,0.763,0,150,-9999.000,-9999.000000,0.058905,0.000000,0.029230,0.000000,0.000000,-0.000068,standard,0,mpf,7000,500,-9999.000000,-9999.000000,300,300,300,240.077728,25,-5.118404,238.404755,240.153625,-1.748871,2.431211,2.440648,1.644150,0.592800,0.192320,-0.032358,0.560800,0.184159,59.861542,0.000637,2.400430,-0.000041,1.000000,2.408421,-0.000039,1.000000,0.600250,0.601702,0.107071,0.000000,PSF-00232_20250807134942_150,PFA-00245,PSA-00257,PSF-00232,RHS-00222,3.0.0,2021-01-19T12:57:14.097Z
430,13:50:19,2025-08-07,Manual gsw+F,LI-COR Default,,430,,,0.004847,2.923564,0.004839,0.249647,0.788544,0.782941,4.798363,4.009819,9.724467,9.794057,59.597744,0.441786,7.500000,PSF-00232_20250807135019_d23,0.000000,0.000000,0.000000,69.144844,231.293564,0.701052,0.5,0.80,291.762970,1.000000,14.98,14.87,33.74,32.09,32.09,80.51,156.9,-9.0,105.7,1040,3.765,13:46:42,2025-08-07,0.35,1,-0.003,-0.003,0.018,0.387,-0.758,1.642,0,150,-9999.000,-9999.000000,0.058905,0.000000,0.029230,0.000000,0.000000,-0.000068,standard,0,mpf,7000,500,-9999.000000,-9999.000000,300,300,300,220.586304,25,-12.650909,213.457352,213.165970,0.291382,2.427569,2.435412,1.645274,0.586185,0.193154,-0.021120,0.560667,0.974461,69.144844,0.000622,2.400430,-0.000041,1.000000,2.408421,-0.000039,1.000000,0.600250,0.601702,0.107071,0.000000,PSF-00232_20250807135019_d23,PFA-00245,PSA-00257,PSF-00232,RHS-00222,3.0.0,2021-01-19T12:57:14.097Z
431,13:50:45,2025-08-07,Manual gsw+F,LI-COR Default,,431,,,0.011983,2.923005,0.011934,0.827925,0.831317,0.812732,6.175088,5.343772,10.091916,10.322683,76.677742,0.441786,7.500000,PSF-00232_20250807135045_86c,0.000000,0.000000,0.000000,44.952393,72.544968,0.380351,0.5,0.80,241.967285,1.000000,15.84,15.48,33.68,36.62,36.62,80.53,156.9,156.5,0.3,1590,3.732,13:46:42,2025-08-07,0.35,1,-0.000,-0.001,0.003,0.551,1.078,5.067,0,150,-9999.000,-9999.000000,0.058905,0.000000,0.029230,0.000000,0.000000,-0.000068,standard,0,mpf,7000,500,-9999.000000,-9999.000000,300,300,300,64.716339,25,-5.409511,63.069107,64.793633,-1.724525,2.428621,2.436897,1.644684,0.929038,0.193579,0.037074,0.560621,1.432957,44.952393,0.000617,2.400430,-0.000041,1.000000,2.408421,-0.000039,1.000000,0.600250,0.601702,0.107071,0.000000,PSF-00232_20250807135045_86c,PFA-00245,PSA-00257,PSF-00232,RHS-00222,3.0.0,2021-01-19T12:57:14.097Z
432,13:51:03,2025-08-07,Manual gsw+F,LI-COR Default,,432,,,0.023260,2.922687,0.023076,1.365675,0.851742,0.821088,5.431674,4.579932,10.196081,10.576735,67.449287,0.441786,7.500000,PSF-00232_20250807135103_ece,0.000000,0.000000,0.000000,47.482967,116.201935,0.591375,0.5,0.80,383.796661,1.000000,16.25,15.66,33.66,34.30,34.30,80.53,156.8,126.9,19.1,1622,3.764,13:46:42,2025-08-07,0.35,1,0.000,0.001,0.009,0.201,2.577,11.578,0,150,-9999.000,-9999.000000,0.058905,0.000000,0.029230,0.000000,0.000000,-0.000068,standard,0,mpf,7000,500,-9999.000000,-9999.000000,300,300,300,108.382706,25,-10.137052,102.131363,101.676460,0.454903,2.428929,2.437599,1.644349,0.857550,0.193759,0.007540,0.560796,1.459680,47.482967,0.000624,2.400430,-0.000041,1.000000,2.408421,-0.000039,1.000000,0.600250,0.601702,0.107071,0.000000,PSF-00232_20250807135103_ece,PFA-00245,PSA-00257,PSF-00232,RHS-00222,3.0.0,2021-01-19T12:57:14.097Z
433,13:52:04,2025-08-07,Manual gsw+F,LI-COR Default,,433,,,0.015036,2.924183,0.014959,0.852830,0.864036,0.844920,5.279704,4.415668,10.492479,10.729869,65.564995,0.441786,7.500000,PSF-00232_20250807135204_7ad,0.000000,0.000000,0.000000,75.391533,184.048203,0.590371,0.5,0.80,249.981781,1.000000,16.55,16.19,33.58,33.79,33.79,80.53,157.0,155.6,0.9,1059,3.760,13:46:42,2025-08-07,0.35,1,-0.001,-0.001,-0.009,0.985,2.280,22.226,0,150,-9999.000,-9999.000000,0.058905,0.000000,0.029230,0.000000,0.000000,-0.000068,standard,0,mpf,7000,500,-9999.000000,-9999.000000,300,300,300,168.140533,25,-12.293601,163.308975,166.432587,-3.123611,2.429819,2.438123,1.645928,0.926989,0.194327,0.002056,0.560836,0.989577,75.391533,0.000637,2.400430,-0.000041,1.000000,2.408421,-0.000039,1.000000,0.600250,0.601702,0.107071,0.000000,PSF-00232_20250807135204_7ad,PFA-00245,PSA-00257,PSF-00232,RHS-00222,3.0.0,2021-01-19T12:57:14.097Z
434,13:52:25,2025-08-07,Manual gsw+F,LI-COR Default,,434,,,0.012892,2.923282,0.012835,0.651946,0.808073,0.793440,4.756877,3.948803,9.853240,10.034970,59.072742,0.441786,7.500000,PSF-00232_20250807135225_ed9,0.000000,0.000000,0.000000,102.125290,353.717316,0.711280,0.5,0.80,367.187805,1.000000,15.50,15.22,33.56,31.93,31.93,80.53,156.9,91.7,41.6,1291,3.762,13:46:42,2025-08-07,0.35,1,0.001,0.000,0.007,0.476,1.864,28.675,0,150,-9999.000,-9999.000000,0.058905,0.000000,0.029230,0.000000,0.000000,-0.000068,standard,0,mpf,7000,500,-9999.000000,-9999.000000,300,300,300,338.095306,25,-11.709573,333.709717,336.938568,-3.228851,2.428176,2.436323,1.644976,0.778976,0.194467,-0.020834,0.561210,1.182996,102.125290,0.000641,2.400430,-0.000041,1.000000,2.408421,-0.000039,1.000000,0.600250,0.601702,0.107071,0.000000,PSF-00232_20250807135225_ed9,PFA-00245,PSA-00257,PSF-00232,RHS-00222,3.0.0,2021-01-19T12:57:14.097Z
435,13:52:48,2025-08-07,Manual gsw+F,LI-COR Default,,435,,,0.024105,2.922706,0.023907,1.226558,0.889085,0.861568,4.872738,3.983653,10.698952,11.040664,60.509670,0.441786,7.500000,PSF-00232_20250807135248_a06,0.000000,0.000000,0.000000,53.456070,141.917465,0.623330,0.5,0.80,332.569763,1.000000,17.06,16.53,33.55,32.36,32.36,80.53,156.8,146.0,6.9,1334,3.761,13:46:42,2025-08-07,0.35,1,0.000,-0.001,0.010,1.632,0.673,13.497,0,150,-9999.000,-9999.000000,0.058905,0.000000,0.029230,0.000000,0.000000,-0.000068,standard,0,mpf,7000,500,-9999.000000,-9999.000000,300,300,300,141.917465,25,0.312872,144.308929,142.365784,1.943146,2.430406,2.438986,1.644369,0.903176,0.194558,-0.015416,0.561517,1.219056,53.456070,0.000615,2.400430,-0.000041,1.000000,2.408421,-0.000039,1.000000,0.600250,0.601702,0.107071,0.000000,PSF-00232_20250807135248_a06,PFA-00245,PSA-00257,PSF-00232,RHS-00222,3.0.0,2021-01-19T12:57:14.097Z
436,13:53:09,2025-08-07,Manual gsw+F,LI-COR Default,,436,,,0.011915,2.923759,0.011866,0.722821,0.896949,0.880750,5.603822,4.706872,10.938067,11.139253,69.594109,0.441786,7.500000,PSF-00232_20250807135309_6d0,0.000000,0.000000,0.000000,37.492634,61.179916,0.387174,0.5,0.80,236.740356,1.000000,17.21,16.90,33.55,34.86,34.86,80.52,157.0,144.9,7.7,1529,3.761,13:46:42,2025-08-07,0.35,1,-0.000,-0.000,0.001,0.637,-1.164,1.599,0,150,-9999.000,-9999.000000,0.058905,0.000000,0.029230,0.000000,0.000000,-0.000068,standard,0,mpf,7000,500,-9999.000000,-9999.000000,300,300,300,58.933853,25,-19.592813,42.314888,33.105198,9.209690,2.431018,2.439236,1.645479,0.900459,0.194537,0.015973,0.562086,1.381455,37.492634,0.000623,2.400430,-0.000041,1.000000,2.408421,-0.000039,1.000000,0.600250,0.601702,0.107071,0.000000,PSF-00232_20250807135309_6d0,PFA-00245,PSA-00257,PSF-00232,RHS-00222,3.0.0,2021-01-19T12:57:14.097Z
437,13:53:30,2025-08-07,Manual gsw+F,LI-COR Default,,437,,,-0.002767,2.924750,-0.002769,-0.142988,0.892286,0.895488,4.900611,4.008325,11.120347,11.080578,60.856739,0.441786,7.500000,PSF-00232_20250807135330_11d,0.000000,0.000000,0.000000,33.968208,97.338722,0.651031,0.5,0.80,250.628265,1.000000,17.12,17.18,33.55,32.46,32.46,80.53,157.1,50.2,68.1,962,3.760,13:46:42,2025-08-07,0.35,1,-0.001,-0.002,0.006,0.084,0.276,0.439,0,150,-9999.000,-9999.000000,0.058905,0.000000,0.029230,0.000000,0.000000,-0.000068,standard,0,mpf,7000,500,-9999.000000,-9999.000000,300,300,300,93.856216,25,-2.859378,92.885612,93.241493,-0.355881,2.431494,2.439089,1.646528,0.694155,0.194553,-0.014169,0.562770,0.909419,33.968208,0.000625,2.400430,-0.000041,1.000000,2.408421,-0.000039,1.000000,0.600250,0.601702,0.107071,0.000000,PSF-00232_20250807135330_11d,PFA-00245,PSA-00257,PSF-00232,RHS-00222,3.0.0,2021-01-19T12:57:14.097Z
438,13:53:55,2025-08-07,Manual gsw+F,LI-COR Default,,438,,,0.014512,2.922938,0.014440,0.847455,0.964875,0.945884,5.501191,4.536316,11.746029,11.981856,68.314018,0.441786,7.500000,PSF-00232_20250807135355_576,0.000000,0.000000,0.000000,83.186028,259.625641,0.679592,0.5,0.80,342.899597,1.000000,18.50,18.14,33.57,34.52,34.52,80.53,156.9,153.8,2.0,1261,3.760,13:46:42,2025-08-07,0.35,1,-0.003,-0.006,-0.050,-0.697,6.872,76.274,0,150,-9999.000,-9999.000000,0.058905,0.000000,0.029230,0.000000,0.000000,-0.000068,standard,0,mpf,7000,500,-9999.000000,-9999.000000,300,300,300,259.070648,25,-1.084623,259.244812,258.071472,1.173340,2.433074,2.441394,1.644614,0.922259,0.194448,0.011588,0.563518,1.158676,83.186028,0.000621,2.400430,-0.000041,1.000000,2.408421,-0.000039,1.000000,0.600250,0.601702,0.107071,0.000000,PSF-00232_20250807135355_576,PFA-00245,PSA-00257,PSF-00232,RHS-00222,3.0.0,2021-01-19T12:57:14.097Z
439,13:54:29,2025-08-07,Manual gsw+F,LI-COR Default,,439,,,0.013215,2.921788,0.013155,0.763119,0.894000,0.876867,5.383532,4.489532,10.888466,11.101208,66.849800,0.441786,7.500000,PSF-00232_20250807135429_3a1,0.000000,0.000000,0.000000,138.448471,289.411255,0.521620,0.5,0.80,136.492310,1.000000,17.09,16.77,33.62,34.14,34.14,80.53,156.7,154.2,1.6,654,3.757,13:46:42,2025-08-07,0.35,1,-0.001,-0.001,-0.017,-7.182,-10.285,24.378,0,150,-9999.000,-9999.000000,0.058905,0.000000,0.029230,0.000000,0.000000,-0.000068,standard,0,mpf,7000,500,-9999.000000,-9999.000000,300,300,300,275.750031,25,-10.256759,270.737885,274.714264,-3.976379,2.430788,2.439033,1.643403,0.923322,0.194061,0.006019,0.564370,0.652437,138.448471,0.000627,2.400430,-0.000041,1.000000,2.408421,-0.000039,1.000000,0.600250,0.601702,0.107071,0.000000,PSF-00232_20250807135429_3a1,PFA-00245,PSA-00257,PSF-00232,RHS-00222,3.0.0,2021-01-19T12:57:14.097Z
440,13:54:53,2025-08-07,Manual gsw+F,LI-COR Default,,440,,,0.023251,2.923043,0.023067,1.325117,0.922633,0.892924,5.368115,4.445483,11.087985,11.456901,66.659203,0.441786,7.500000,PSF-00232_20250807135453_ec4,0.000000,0.000000,0.000000,89.157700,253.304169,0.648021,0.5,0.80,285.410583,1.000000,17.57,17.01,33.69,34.08,34.08,80.53,156.9,68.8,56.2,1101,3.758,13:46:42,2025-08-07,0.35,1,-0.001,-0.003,0.019,0.311,1.056,17.951,0,150,-9999.000,-9999.000000,0.058905,0.000000,0.029230,0.000000,0.000000,-0.000068,standard,0,mpf,7000,500,-9999.000000,-9999.000000,300,300,300,230.304840,25,-16.842487,226.671341,229.170425,-2.499084,2.431185,2.439832,1.644724,0.731169,0.193540,0.004501,0.565144,1.025013,89.157700,0.000620,2.400430,-0.000041,1.000000,2.408421,-0.000039,1.000000,0.600250,0.601702,0.107071,0.000000,PSF-00232_20250807135453_ec4,PFA-00245,PSA-00257,PSF-00232,RHS-00222,3.0.0,2021-01-19T12:57:14.097Z
441,13:55:09,2025-08-07,Manual gsw+F,LI-COR Default,,441,,,0.042395,2.923450,0.041789,1.966890,1.007485,0.963446,4.664536,3.657052,11.963031,12.509858,57.919193,0.441786,7.500000,PSF-00232_20250807135509_72b,0.000000,0.000000,0.000000,92.902061,328.367310,0.717079,0.5,0.80,326.637268,1.000000,19.14,18.30,33.73,31.59,31.59,80.54,156.9,140.4,10.6,1139,3.756,13:46:42,2025-08-07,0.35,1,0.001,-0.003,-0.001,6.979,-1.780,5.939,0,150,-9999.000,-9999.000000,0.058905,0.000000,0.029230,0.000000,0.000000,-0.000068,standard,0,mpf,7000,500,-9999.000000,-9999.000000,300,300,300,327.433716,25,-3.788925,333.777313,322.938110,10.839203,2.433332,2.442436,1.645153,0.889495,0.193202,-0.027196,0.565582,1.056436,92.902061,0.000614,2.400430,-0.000041,1.000000,2.408421,-0.000039,1.000000,0.600250,0.601702,0.107071,0.000000,PSF-00232_20250807135509_72b,PFA-00245,PSA-00257,PSF-00232,RHS-00222,3.0.0,2021-01-19T12:57:14.097Z
442,13:55:15,2025-08-07,Manual gsw+F,LI-COR Default,,442,,,0.184014,2.924656,0.173122,3.176664,1.018074,0.947026,2.463902,1.445828,11.759072,12.641273,30.593897,0.441786,7.500000,PSF-00232_20250807135515_dac,0.000000,0.000000,0.000000,1.495600,1.583219,0.055342,0.5,0.80,38.722065,1.000000,19.33,17.98,33.75,20.79,20.79,80.54,157.1,-10.2,106.5,1749,3.727,13:46:42,2025-08-07,0.35,1,-9999.000,-9999.000,-9999.000,-9999.000,-9999.000,-9999.000,0,150,-9999.000,-9999.000000,0.058905,0.000000,0.029230,0.000000,0.000000,-0.000068,standard,0,mpf,7000,500,-9999.000000,-9999.000000,300,300,300,1.583219,25,-0.017514,1.555681,1.558123,-0.002441,2.432789,2.442738,1.646428,0.584058,0.193081,-0.153405,0.565814,1.565335,1.495600,0.000616,2.400430,-0.000041,1.000000,2.408421,-0.000039,1.000000,0.600250,0.601702,0.107071,0.000000,PSF-00232_20250807135515_dac,PFA-00245,PSA-00257,PSF-00232,RHS-00222,3.0.0,2021-01-19T12:57:14.097Z
443,13:55:29,2025-08-07,Manual gsw+F,LI-COR Default,,443,,,0.016548,2.923449,0.016455,1.037671,0.976685,0.953443,5.840269,4.863584,11.839012,12.127614,72.519302,0.441786,7.500000,PSF-00232_20250807135529_480,0.000000,0.000000,0.000000,65.340759,149.141983,0.561889,0.5,0.80,235.661301,1.000000,18.48,18.04,33.80,35.60,35.60,80.53,156.9,96.4,38.6,1049,3.756,13:46:42,2025-08-07,0.35,1,-0.001,-0.003,-0.001,1.791,5.019,15.443,0,150,-9999.000,-9999.000000,0.058905,0.000000,0.029230,0.000000,0.000000,-0.000068,standard,0,mpf,7000,500,-9999.000000,-9999.000000,300,300,300,130.060318,25,-13.141529,125.824211,130.311371,-4.487160,2.432893,2.441339,1.645152,0.789125,0.192671,0.022425,0.566424,0.981193,65.340759,0.000622,2.400430,-0.000041,1.000000,2.408421,-0.000039,1.000000,0.600250,0.601702,0.107071,0.000000,PSF-00232_20250807135529_480,PFA-00245,PSA-00257,PSF-00232,RHS-00222,3.0.0,2021-01-19T12:57:14.097Z
444,13:55:49,2025-08-07,Manual gsw+F,LI-COR Default,,444,,,0.042594,2.923286,0.041982,2.289125,1.040237,0.988997,5.259807,4.219570,12.280190,12.916425,65.310005,0.441786,7.500000,PSF-00232_20250807135549_68c,0.000000,0.000000,0.000000,70.134399,162.651123,0.568805,0.5,0.80,167.690842,1.000000,19.60,18.64,33.88,33.72,33.72,80.54,156.9,-7.2,104.6,737,3.757,13:46:42,2025-08-07,0.35,1,-0.003,0.004,0.042,0.519,-1.039,0.048,0,150,-9999.000,-9999.000000,0.058905,0.000000,0.029230,0.000000,0.000000,-0.000068,standard,0,mpf,7000,500,-9999.000000,-9999.000000,300,300,300,148.311142,25,-10.041830,146.195404,148.262100,-2.066696,2.433864,2.443182,1.644981,0.589225,0.192108,-0.002504,0.567307,0.721512,70.134399,0.000607,2.400430,-0.000041,1.000000,2.408421,-0.000039,1.000000,0.600250,0.601702,0.107071,0.000000,PSF-00232_20250807135549_68c,PFA-00245,PSA-00257,PSF-00232,RHS-00222,3.0.0,2021-01-19T12:57:14.097Z
445,13:56:02,2025-08-07,Manual gsw+F,LI-COR Default,,445,,,0.024877,2.923341,0.024668,1.511569,0.933770,0.899891,5.666689,4.732919,11.173562,11.594229,70.360878,0.441786,7.500000,PSF-00232_20250807135602_0de,0.000000,0.000000,0.000000,61.107159,129.404709,0.527783,0.5,0.80,311.135559,1.000000,17.56,16.92,33.92,35.06,35.06,80.54,156.9,140.3,10.6,1474,3.755,13:46:42,2025-08-07,0.35,1,-0.000,-0.001,0.000,1.351,5.488,29.285,0,150,-9999.000,-9999.000000,0.058905,0.000000,0.029230,0.000000,0.000000,-0.000068,standard,0,mpf,7000,500,-9999.000000,-9999.000000,300,300,300,118.374825,25,-7.819985,116.076706,118.199379,-2.122673,2.431013,2.439780,1.645038,0.889378,0.191793,0.013946,0.567795,1.335723,61.107159,0.000613,2.400430,-0.000041,1.000000,2.408421,-0.000039,1.000000,0.600250,0.601702,0.107071,0.000000,PSF-00232_20250807135602_0de,PFA-00245,PSA-00257,PSF-00232,RHS-00222,3.0.0,2021-01-19T12:57:14.097Z
446,13:56:18,2025-08-07,Manual gsw+F,LI-COR Default,,446,,,0.045305,2.921830,0.044614,2.117692,0.955370,0.907862,4.645282,3.689912,11.272746,11.862641,57.679569,0.441786,7.500000,PSF-00232_20250807135618_be2,0.000000,0.000000,0.000000,89.816811,181.249130,0.504457,0.5,0.80,324.245331,1.000000,17.91,17.02,33.97,31.51,31.51,80.54,156.7,149.1,4.9,1607,3.756,13:46:42,2025-08-07,0.35,1,0.003,0.004,0.012,0.204,0.462,13.194,0,150,-9999.000,-9999.000000,0.058905,0.000000,0.029230,0.000000,0.000000,-0.000068,standard,0,mpf,7000,500,-9999.000000,-9999.000000,300,300,300,165.600662,25,-11.245253,161.311630,165.135712,-3.824081,2.431178,2.440369,1.643447,0.910697,0.191415,-0.031093,0.568169,1.446699,89.816811,0.000618,2.400430,-0.000041,1.000000,2.408421,-0.000039,1.000000,0.600250,0.601702,0.107071,0.000000,PSF-00232_20250807135618_be2,PFA-00245,PSA-00257,PSF-00232,RHS-00222,3.0.0,2021-01-19T12:57:14.097Z
447,13:56:41,2025-08-07,Manual gsw+F,LI-COR Default,,447,,,0.036347,2.923227,0.035901,1.913162,0.889789,0.846880,5.024172,4.134383,10.515019,11.047791,62.381081,0.441786,7.500000,PSF-00232_20250807135641_9ce,0.000000,0.000000,0.000000,92.650650,347.563873,0.733428,0.5,0.80,462.967285,1.000000,16.63,15.83,34.03,32.90,32.90,80.54,156.9,-2.5,101.6,1578,3.756,13:46:42,2025-08-07,0.35,1,0.003,0.001,0.009,0.996,7.414,16.528,0,150,-9999.000,-9999.000000,0.058905,0.000000,0.029230,0.000000,0.000000,-0.000068,standard,0,mpf,7000,500,-9999.000000,-9999.000000,300,300,300,347.563873,25,18.391430,356.770996,373.917114,-17.146118,2.429166,2.438206,1.644918,0.597386,0.190980,-0.014651,0.568603,1.422680,92.650650,0.000620,2.400430,-0.000041,1.000000,2.408421,-0.000039,1.000000,0.600250,0.601702,0.107071,0.000000,PSF-00232_20250807135641_9ce,PFA-00245,PSA-00257,PSF-00232,RHS-00222,3.0.0,2021-01-19T12:57:14.097Z
448,13:57:16,2025-08-07,Manual gsw+F,LI-COR Default,,448,,,0.012616,2.923838,0.012561,0.735045,0.856685,0.840201,5.386562,4.529877,10.432878,10.637557,66.885567,0.441786,7.500000,PSF-00232_20250807135716_eb2,0.000000,0.000000,0.000000,106.992958,238.028320,0.550503,0.5,0.80,192.272934,1.000000,15.92,15.61,34.13,34.15,34.15,80.53,157.0,156.3,0.4,873,3.752,13:57:02,2025-08-07,0.35,1,0.001,-0.000,-0.002,-4.273,3.665,-1.996,0,150,-9999.000,-9999.000000,0.058905,0.000000,0.029230,0.000000,0.000000,-0.000068,standard,0,mpf,7000,500,-9999.000000,-9999.000000,300,300,300,226.475006,25,-8.462960,223.002792,225.901672,-2.898880,2.428796,2.436977,1.645563,0.928663,0.190227,-0.000313,0.568793,0.835006,106.992958,0.000627,2.400430,-0.000041,1.000000,2.408421,-0.000039,1.000000,0.600250,0.601702,0.107071,0.000000,PSF-00232_20250807135716_eb2,PFA-00245,PSA-00257,PSF-00232,RHS-00222,3.0.0,2021-01-19T12:57:14.097Z
449,13:57:39,2025-08-07,Manual gsw+F,LI-COR Default,,449,,,0.026495,2.924143,0.026257,1.373267,0.860335,0.829545,4.921445,4.061110,10.299728,10.682014,61.105228,0.441786,7.500000,PSF-00232_20250807135739_3f4,0.000000,0.000000,0.000000,84.927681,325.172791,0.738823,0.5,0.80,451.011230,1.000000,15.94,15.37,34.18,32.53,32.53,80.54,157.0,143.6,8.5,1526,3.753,13:57:02,2025-08-07,0.35,1,0.000,0.000,0.003,0.617,0.061,19.655,0,150,-9999.000,-9999.000000,0.058905,0.000000,0.029230,0.000000,0.000000,-0.000068,standard,0,mpf,7000,500,-9999.000000,-9999.000000,300,300,300,294.317352,25,-23.451794,292.325012,291.568512,0.756500,2.428386,2.437016,1.645885,0.897335,0.189873,-0.021103,0.569046,1.379347,84.927681,0.000626,2.400430,-0.000041,1.000000,2.408421,-0.000039,1.000000,0.600250,0.601702,0.107071,0.000000,PSF-00232_20250807135739_3f4,PFA-00245,PSA-00257,PSF-00232,RHS-00222,3.0.0,2021-01-19T12:57:14.097Z
450,13:57:57,2025-08-07,Manual gsw+F,LI-COR Default,,450,,,0.006271,2.923975,0.006258,0.321063,0.822443,0.815241,4.809985,3.987542,10.122687,10.212119,59.724659,0.441786,7.500000,PSF-00232_20250807135757_a1c,0.000000,0.000000,0.000000,138.886932,409.080261,0.660490,0.5,0.80,387.358704,1.000000,15.23,15.10,34.19,32.13,32.13,80.54,157.0,146.4,6.7,1466,3.751,13:57:02,2025-08-07,0.35,1,-0.000,0.000,0.009,1.007,2.155,68.830,0,150,-9999.000,-9999.000000,0.058905,0.000000,0.029230,0.000000,0.000000,-0.000068,standard,0,mpf,7000,500,-9999.000000,-9999.000000,300,300,300,400.101196,25,-5.963612,399.247528,400.534943,-1.287415,2.427918,2.435797,1.645707,0.904204,0.189787,-0.026278,0.569147,1.329381,137.985352,0.000624,2.400430,-0.000041,1.000000,2.408421,-0.000039,1.000000,0.600250,0.601702,0.107071,0.000000,PSF-00232_20250807135757_a1c,PFA-00245,PSA-00257,PSF-00232,RHS-00222,3.0.0,2021-01-19T12:57:14.097Z
451,13:58:11,2025-08-07,Manual gsw+F,LI-COR Default,,451,,,0.023823,2.923908,0.023631,1.043430,0.849815,0.826415,4.292376,3.442560,10.261465,10.552025,53.297764,0.441786,7.500000,PSF-00232_20250807135811_92f,0.000000,0.000000,0.000000,74.849007,328.532684,0.772172,0.5,0.80,15.509585,1.000000,15.74,15.31,34.18,30.13,30.13,80.54,157.0,150.1,4.4,50,3.753,13:57:02,2025-08-07,0.35,1,0.000,0.003,0.010,-0.020,0.095,0.177,0,150,-9999.000,-9999.000000,0.058905,0.000000,0.029230,0.000000,0.000000,-0.000068,standard,0,mpf,7000,500,-9999.000000,-9999.000000,300,300,300,311.555389,25,-11.310548,310.148834,312.325714,-2.176880,2.428278,2.436674,1.645637,0.913325,0.189829,-0.050674,0.569082,0.148933,74.520706,0.000634,2.400430,-0.000041,1.000000,2.408421,-0.000039,1.000000,0.600250,0.601702,0.107071,0.000000,PSF-00232_20250807135811_92f,PFA-00245,PSA-00257,PSF-00232,RHS-00222,3.0.0,2021-01-19T12:57:14.097Z
452,13:58:33,2025-08-07,Manual gsw+F,LI-COR Default,,452,,,0.018202,2.923473,0.018089,0.913052,0.866242,0.845763,4.788518,3.922277,10.501835,10.756124,59.459030,0.441786,7.500000,PSF-00232_20250807135833_53c,0.000000,0.000000,0.000000,70.140121,255.546951,0.725529,0.5,0.80,10.659365,1.000000,16.06,15.68,34.17,32.05,32.05,80.53,156.9,2.5,98.4,37,3.752,13:57:02,2025-08-07,0.35,1,-0.003,-0.003,0.006,0.108,0.164,0.514,0,150,-9999.000,-9999.000000,0.058905,0.000000,0.029230,0.000000,0.000000,-0.000068,standard,0,mpf,7000,500,-9999.000000,-9999.000000,300,300,300,245.642426,25,-7.073627,243.404388,245.411087,-2.006699,2.428912,2.437220,1.645178,0.606018,0.189952,-0.026976,0.569009,0.137691,70.140121,0.000630,2.400430,-0.000041,1.000000,2.408421,-0.000039,1.000000,0.600250,0.601702,0.107071,0.000000,PSF-00232_20250807135833_53c,PFA-00245,PSA-00257,PSF-00232,RHS-00222,3.0.0,2021-01-19T12:57:14.097Z