Obs,Time,Date,configName,configAuthor,remark,Observation,,,gsw,gbw,gtw,E_apparent,VPcham,VPref,VPleaf,VPDleaf,H2O_r,H2O_s,H2O_leaf,leaf_area,leaf_width,flashID,Fo,Fm,Fv/Fm,Fs,Fm',PhiPS2,PS2/1,abs,ETR,TRANS,rh_s,rh_r,Tref,Tmeas,Tleaf,P_atm,flow,flow_s,leak_pct,Qamb,batt,match_time,match_date,rh_adj,type,gsw1sec,gsw2sec,gsw4sec,flr1sec,flr2sec,flr4sec,auto,flow_set,gsw_limit,gsw_period,aw,Bla,Blb,Blc,Bld,Ble,chamber,dark,flash_type,flash_intensity,modrate,flr_limit,flr_period,P1_dur,P2_dur,P3_dur,P1_Fmax,P2_ramp,P2_slp,P3_Fmax,P3_Pred,P3_DeltaF,v_humA,v_humB,v_flowIn,v_flowOut,v_temp,v_irt,v_pres,v_par,v_F,i_LED,b_rhr,m_rhr,span_rhr,b_rhs,m_rhs,span_rhs,z_flowIn,z_flowOut,z_quantum,z_flr,flashId,lciSerNum,lcpSerNum,lcfSerNum,lcrhSerNum,version,configUpdatedAt
1,09:54:11,2025-09-24,Manual gsw+F,LI-COR Default,,001,,,0.179655,2.921327,0.169247,3.321886,0.796811,0.722289,2.342964,1.546153,8.989877,9.917398,29.161379,0.441786,7.500000,PSF-00232_20250924095411_309,0.000000,0.000000,0.000000,98.763588,498.304962,0.801801,0.5,0.80,14.592946,1.000000,28.51,25.84,22.86,19.97,19.97,80.34,156.7,154.5,1.4,46,4.122,09:53:50,2025-09-24,-0.02,1,0.001,0.002,0.007,0.183,0.428,0.886,0,150,-9999.000,-9999.000000,0.058905,0.000000,0.029230,0.000000,0.000000,-0.000068,standard,0,mpf,7000,500,-9999.000000,-9999.000000,300,300,300,471.323120,25,-20.136257,467.234375,469.451538,-2.217163,2.446978,2.459617,1.642919,0.924217,0.297136,-0.032011,0.056821,0.145003,98.763588,0.000655,2.400430,-0.000041,1.000000,2.408421,-0.000039,1.000000,0.600250,0.601702,0.107071,0.000000,PSF-00232_20250924095411_309,PFA-00245,PSA-00257,PSF-00232,RHS-00222,3.0.0,2021-01-19T12:57:14.097Z
2,09:54:39,2025-09-24,Manual gsw+F,LI-COR Default,,002,,,0.127380,2.921872,0.122058,2.757056,0.809372,0.747554,2.585975,1.776603,9.303686,10.073046,32.183784,0.441786,7.500000,PSF-00232_20250924095439_dad,0.000000,0.000000,0.000000,97.458603,421.373871,0.768712,0.5,0.80,12.593723,1.000000,29.02,26.80,22.82,21.58,21.58,80.35,156.7,8.4,94.6,41,4.120,09:53:50,2025-09-24,-0.02,1,-0.001,-0.003,0.017,0.085,0.092,0.478,0,150,-9999.000,-9999.000000,0.058905,0.000000,0.029230,0.000000,0.000000,-0.000068,standard,0,mpf,7000,500,-9999.000000,-9999.000000,300,300,300,413.462524,25,-6.514992,409.785034,412.038483,-2.253448,2.448516,2.460429,1.643491,0.616517,0.297547,-0.013787,0.060302,0.141216,97.458603,0.000643,2.400430,-0.000041,1.000000,2.408421,-0.000039,1.000000,0.600250,0.601702,0.107071,0.000000,PSF-00232_20250924095439_dad,PFA-00245,PSA-00257,PSF-00232,RHS-00222,3.0.0,2021-01-19T12:57:14.097Z
3,09:54:54,2025-09-24,Manual gsw+F,LI-COR Default,,003,,,0.095136,2.921092,0.092135,1.866929,0.783823,0.741928,2.379710,1.595888,9.234771,9.756227,29.620216,0.441786,7.500000,PSF-00232_20250924095454_c21,0.000000,0.000000,0.000000,92.116356,451.410645,0.795937,0.5,0.80,12.051195,1.000000,28.14,26.63,22.80,20.23,20.23,80.34,156.6,155.3,0.9,38,4.118,09:53:50,2025-09-24,-0.02,1,-0.001,-0.000,0.007,-0.051,0.060,0.183,0,150,-9999.000,-9999.000000,0.058905,0.000000,0.029230,0.000000,0.000000,-0.000068,standard,0,mpf,7000,500,-9999.000000,-9999.000000,300,300,300,431.028473,25,-14.314119,432.570587,430.899811,1.670776,2.448252,2.459039,1.642672,0.926075,0.297797,-0.028601,0.062002,0.138627,92.116356,0.000650,2.400430,-0.000041,1.000000,2.408421,-0.000039,1.000000,0.600250,0.601702,0.107071,0.000000,PSF-00232_20250924095454_c21,PFA-00245,PSA-00257,PSF-00232,RHS-00222,3.0.0,2021-01-19T12:57:14.097Z
4,09:55:23,2025-09-24,Manual gsw+F,LI-COR Default,,004,,,0.119765,2.923668,0.115052,2.450080,0.778581,0.723711,2.454992,1.676411,9.008302,9.691289,30.558201,0.441786,7.500000,PSF-00232_20250924095523_7c4,0.000000,0.000000,0.000000,102.315544,524.131470,0.804790,0.5,0.80,14.304326,1.000000,28.02,26.04,22.76,20.73,20.73,80.34,156.9,155.7,0.8,44,4.116,09:53:50,2025-09-24,-0.02,1,-0.002,0.001,0.010,0.090,0.253,0.553,0,150,-9999.000,-9999.000000,0.058905,0.000000,0.029230,0.000000,0.000000,-0.000068,standard,0,mpf,7000,500,-9999.000000,-9999.000000,300,300,300,499.743469,25,-17.738480,499.444489,498.713837,0.730652,2.447316,2.458857,1.645384,0.927133,0.298282,-0.022540,0.065528,0.144115,102.862000,0.000658,2.400430,-0.000041,1.000000,2.408421,-0.000039,1.000000,0.600250,0.601702,0.107071,0.000000,PSF-00232_20250924095523_7c4,PFA-00245,PSA-00257,PSF-00232,RHS-00222,3.0.0,2021-01-19T12:57:14.097Z
5,09:55:41,2025-09-24,Manual gsw+F,LI-COR Default,,005,,,0.133082,2.922005,0.127285,2.551553,0.791619,0.734412,2.370366,1.578746,9.141635,9.853731,29.505281,0.441786,7.500000,PSF-00232_20250924095541_e9a,0.000000,0.000000,0.000000,105.954765,503.539001,0.789580,0.5,0.80,15.389371,1.000000,28.52,26.46,22.74,20.16,20.16,80.34,156.7,155.3,0.9,49,4.116,09:53:50,2025-09-24,-0.02,1,0.001,0.002,0.008,0.119,0.218,0.612,0,150,-9999.000,-9999.000000,0.058905,0.000000,0.029230,0.000000,0.000000,-0.000068,standard,0,mpf,7000,500,-9999.000000,-9999.000000,300,300,300,476.427917,25,-22.015303,468.967072,471.993073,-3.026001,2.447985,2.459658,1.643631,0.926110,0.298515,-0.028617,0.067628,0.147693,105.923653,0.000656,2.400430,-0.000041,1.000000,2.408421,-0.000039,1.000000,0.600250,0.601702,0.107071,0.000000,PSF-00232_20250924095541_e9a,PFA-00245,PSA-00257,PSF-00232,RHS-00222,3.0.0,2021-01-19T12:57:14.097Z
6,09:56:21,2025-09-24,Manual gsw+F,LI-COR Default,,006,,,0.028713,2.922366,0.028433,0.537220,0.748612,0.736566,2.238117,1.489505,9.169477,9.319444,27.862228,0.441786,7.500000,PSF-00232_20250924095621_50c,0.000000,0.000000,0.000000,84.946632,414.222931,0.794925,0.5,0.80,14.492090,1.000000,27.02,26.58,22.71,19.24,19.24,80.33,156.8,142.9,8.9,46,4.113,09:53:50,2025-09-24,-0.02,1,0.000,0.001,0.006,0.015,0.084,0.283,0,150,-9999.000,-9999.000000,0.058905,0.000000,0.029230,0.000000,0.000000,-0.000068,standard,0,mpf,7000,500,-9999.000000,-9999.000000,300,300,300,406.136871,25,-5.448506,408.537994,406.415710,2.122284,2.448182,2.457266,1.644011,0.895513,0.298838,-0.038475,0.072407,0.145067,84.946632,0.000642,2.400430,-0.000041,1.000000,2.408421,-0.000039,1.000000,0.600250,0.601702,0.107071,0.000000,PSF-00232_20250924095621_50c,PFA-00245,PSA-00257,PSF-00232,RHS-00222,3.0.0,2021-01-19T12:57:14.097Z
7,09:56:43,2025-09-24,Manual gsw+F,LI-COR Default,,007,,,0.097280,2.923369,0.094147,1.780006,0.765532,0.725660,2.255624,1.490091,9.034191,9.530586,28.081650,0.441786,7.500000,PSF-00232_20250924095643_c7f,0.000000,0.000000,0.000000,86.970451,412.934662,0.789384,0.5,0.80,16.548826,1.000000,27.65,26.21,22.70,19.36,19.36,80.32,156.9,152.7,2.7,52,4.113,09:53:50,2025-09-24,-0.02,1,0.002,0.003,0.008,1.586,0.568,0.119,0,150,-9999.000,-9999.000000,0.058905,0.000000,0.029230,0.000000,0.000000,-0.000068,standard,0,mpf,7000,500,-9999.000000,-9999.000000,300,300,300,411.597504,25,-0.224905,420.875061,412.612396,8.262665,2.447597,2.458286,1.645068,0.919588,0.299028,-0.036924,0.074991,0.150764,86.970451,0.000650,2.400430,-0.000041,1.000000,2.408421,-0.000039,1.000000,0.600250,0.601702,0.107071,0.000000,PSF-00232_20250924095643_c7f,PFA-00245,PSA-00257,PSF-00232,RHS-00222,3.0.0,2021-01-19T12:57:14.097Z
8,09:57:06,2025-09-24,Manual gsw+F,LI-COR Default,,008,,,0.244508,2.895293,0.225467,4.176809,0.818861,0.723298,2.278103,1.459242,9.005265,10.195051,28.363014,0.441786,7.500000,PSF-00232_20250924095706_305,0.000000,0.000000,0.000000,94.415543,479.366974,0.803041,0.5,0.80,17.988890,1.000000,29.60,26.15,22.68,19.52,19.52,80.32,153.5,152.0,1.0,56,4.110,09:53:50,2025-09-24,-0.02,1,0.000,0.000,0.005,0.146,0.152,0.529,0,150,-9999.000,-9999.000000,0.058905,0.000000,0.029230,0.000000,0.000000,-0.000068,standard,0,mpf,7000,500,-9999.000000,-9999.000000,300,300,300,457.038391,25,-16.360029,453.425293,455.924530,-2.499237,2.447496,2.461376,1.616400,0.917815,0.299189,-0.035024,0.077618,0.153759,94.415543,0.000649,2.400430,-0.000041,1.000000,2.408421,-0.000039,1.000000,0.600250,0.601702,0.107071,0.000000,PSF-00232_20250924095706_305,PFA-00245,PSA-00257,PSF-00232,RHS-00222,3.0.0,2021-01-19T12:57:14.097Z
9,09:57:25,2025-09-24,Manual gsw+F,LI-COR Default,,009,,,0.180418,2.921955,0.169926,3.090442,0.803745,0.734478,2.236877,1.433132,9.144364,10.006756,27.849474,0.441786,7.500000,PSF-00232_20250924095725_216,0.000000,0.000000,0.000000,92.572693,446.442719,0.792644,0.5,0.80,13.341187,1.000000,29.07,26.57,22.68,19.23,19.23,80.32,156.7,154.6,1.4,42,4.080,09:53:50,2025-09-24,-0.02,1,-0.002,-0.001,0.011,0.045,0.163,0.308,0,150,-9999.000,-9999.000000,0.058905,0.000000,0.029230,0.000000,0.000000,-0.000068,standard,0,mpf,7000,500,-9999.000000,-9999.000000,300,300,300,426.654327,25,-13.759111,426.476593,426.727173,-0.250580,2.448163,2.460538,1.643578,0.924263,0.299282,-0.038150,0.079748,0.142150,92.572693,0.000647,2.400430,-0.000041,1.000000,2.408421,-0.000039,1.000000,0.600250,0.601702,0.107071,0.000000,PSF-00232_20250924095725_216,PFA-00245,PSA-00257,PSF-00232,RHS-00222,3.0.0,2021-01-19T12:57:14.097Z
10,09:57:48,2025-09-24,Manual gsw+F,LI-COR Default,,010,,,0.131717,2.922039,0.126035,2.226235,0.779169,0.729260,2.171826,1.392658,9.079541,9.700925,27.040005,0.441786,7.500000,PSF-00232_20250924095748_f20,0.000000,0.000000,0.000000,61.835289,314.262726,0.803237,0.5,0.80,15.764168,1.000000,28.19,26.39,22.67,18.76,18.76,80.32,156.7,140.9,10.1,49,4.111,09:53:50,2025-09-24,-0.02,1,-0.000,0.000,0.008,-0.001,0.054,0.084,0,150,-9999.000,-9999.000000,0.058905,0.000000,0.029230,0.000000,0.000000,-0.000068,standard,0,mpf,7000,500,-9999.000000,-9999.000000,300,300,300,298.866028,25,-10.768237,303.329590,298.832825,4.496765,2.447876,2.459146,1.643667,0.890861,0.299347,-0.043247,0.082334,0.147975,61.835289,0.000652,2.400430,-0.000041,1.000000,2.408421,-0.000039,1.000000,0.600250,0.601702,0.107071,0.000000,PSF-00232_20250924095748_f20,PFA-00245,PSA-00257,PSF-00232,RHS-00222,3.0.0,2021-01-19T12:57:14.097Z
11,09:58:41,2025-09-24,Manual gsw+F,LI-COR Default,,011,,,0.368054,2.922699,0.326889,6.326962,0.869585,0.727964,2.392763,1.523178,9.062416,10.825461,29.787502,0.441786,7.500000,PSF-00232_20250924095841_4ad,0.000000,0.000000,0.000000,99.604012,442.448273,0.774880,0.5,0.80,65.651871,1.000000,31.44,26.32,22.68,20.31,20.31,80.33,156.8,57.5,63.3,212,4.110,09:53:50,2025-09-24,-0.02,1,-0.001,-0.001,0.015,0.426,0.441,1.135,0,150,-9999.000,-9999.000000,0.058905,0.000000,0.029230,0.000000,0.000000,-0.000068,standard,0,mpf,7000,500,-9999.000000,-9999.000000,300,300,300,442.448273,25,8.408547,454.220306,454.496948,-0.276642,2.447766,2.464246,1.644362,0.708626,0.299191,-0.026290,0.088436,0.283653,99.868301,0.000650,2.400430,-0.000041,1.000000,2.408421,-0.000039,1.000000,0.600250,0.601702,0.107071,0.000000,PSF-00232_20250924095841_4ad,PFA-00245,PSA-00257,PSF-00232,RHS-00222,3.0.0,2021-01-19T12:57:14.097Z
12,09:59:09,2025-09-24,Manual gsw+F,LI-COR Default,,012,,,0.182884,2.922245,0.172113,2.891764,0.831582,0.766805,2.156003,1.324421,9.546753,10.353235,26.842339,0.441786,7.500000,PSF-00232_20250924095909_58c,0.000000,0.000000,0.000000,79.502106,363.471497,0.781270,0.5,0.80,22.850983,1.000000,30.05,27.71,22.69,18.64,18.64,80.32,156.8,154.6,1.4,73,4.109,09:53:50,2025-09-24,-0.02,1,0.004,0.001,-0.005,-0.018,0.052,0.776,0,150,-9999.000,-9999.000000,0.058905,0.000000,0.029230,0.000000,0.000000,-0.000068,standard,0,mpf,7000,500,-9999.000000,-9999.000000,300,300,300,354.066254,25,-6.598424,358.918182,354.016541,4.901642,2.449983,2.462081,1.643884,0.924279,0.299121,-0.044732,0.091478,0.168030,79.398392,0.000654,2.400430,-0.000041,1.000000,2.408421,-0.000039,1.000000,0.600250,0.601702,0.107071,0.000000,PSF-00232_20250924095909_58c,PFA-00245,PSA-00257,PSF-00232,RHS-00222,3.0.0,2021-01-19T12:57:14.097Z
13,09:59:31,2025-09-24,Manual gsw+F,LI-COR Default,,013,,,0.053456,2.922209,0.052495,1.010908,0.768980,0.746316,2.286352,1.517372,9.291439,9.573601,28.464478,0.441786,7.500000,PSF-00232_20250924095931_015,0.000000,0.000000,0.000000,97.850922,433.363281,0.774206,0.5,0.80,64.679047,1.000000,27.79,26.97,22.69,19.58,19.58,80.32,156.8,155.7,0.7,209,4.108,09:53:50,2025-09-24,-0.02,1,-0.002,-0.002,0.010,0.623,-0.273,0.468,0,150,-9999.000,-9999.000000,0.058905,0.000000,0.029230,0.000000,0.000000,-0.000068,standard,0,mpf,7000,500,-9999.000000,-9999.000000,300,300,300,431.057800,25,-1.363940,437.268005,431.408875,5.859131,2.448804,2.458503,1.643846,0.927022,0.299106,-0.034464,0.093919,0.281188,97.850922,0.000644,2.400430,-0.000041,1.000000,2.408421,-0.000039,1.000000,0.600250,0.601702,0.107071,0.000000,PSF-00232_20250924095931_015,PFA-00245,PSA-00257,PSF-00232,RHS-00222,3.0.0,2021-01-19T12:57:14.097Z
14,10:00:01,2025-09-24,Manual gsw+F,LI-COR Default,,014,,,0.231633,2.912077,0.214566,4.086916,0.817654,0.725363,2.317518,1.499865,9.031871,10.181028,28.856617,0.441786,7.500000,PSF-00232_20250924100001_529,0.000000,0.000000,0.000000,96.145035,332.440918,0.710791,0.5,0.80,135.867279,1.000000,29.52,26.19,22.71,19.80,19.80,80.31,155.5,153.4,1.3,478,4.106,09:53:50,2025-09-24,-0.02,1,-0.003,-0.001,0.009,-4.727,-12.239,-20.745,0,150,-9999.000,-9999.000000,0.058905,0.000000,0.029230,0.000000,0.000000,-0.000068,standard,0,mpf,7000,500,-9999.000000,-9999.000000,300,300,300,319.825531,25,-9.612878,347.732666,318.666534,29.066132,2.447554,2.461239,1.633314,0.921510,0.298917,-0.032247,0.097252,0.505460,96.145035,0.000657,2.400430,-0.000041,1.000000,2.408421,-0.000039,1.000000,0.600250,0.601702,0.107071,0.000000,PSF-00232_20250924100001_529,PFA-00245,PSA-00257,PSF-00232,RHS-00222,3.0.0,2021-01-19T12:57:14.097Z
15,10:00:38,2025-09-24,Manual gsw+F,LI-COR Default,,015,,,0.176746,2.922924,0.166668,3.146790,0.796551,0.726060,2.284135,1.487584,9.038523,9.916045,28.434568,0.441786,7.500000,PSF-00232_20250924100038_0c6,0.000000,0.000000,0.000000,257.664429,368.817108,0.301376,0.5,0.80,89.735779,1.000000,28.69,26.15,22.74,19.56,19.56,80.33,156.9,155.9,0.6,744,4.102,09:53:50,2025-09-24,-0.02,1,0.002,0.000,0.006,-2.352,-4.797,-2.790,0,150,-9999.000,-9999.000000,0.058905,0.000000,0.029230,0.000000,0.000000,-0.000068,standard,0,mpf,7000,500,-9999.000000,-9999.000000,300,300,300,359.907745,25,-7.099020,356.164825,358.644867,-2.480042,2.447490,2.459924,1.644599,0.927710,0.298453,-0.035258,0.101227,0.727641,257.664429,0.000659,2.400430,-0.000041,1.000000,2.408421,-0.000039,1.000000,0.600250,0.601702,0.107071,0.000000,PSF-00232_20250924100038_0c6,PFA-00245,PSA-00257,PSF-00232,RHS-00222,3.0.0,2021-01-19T12:57:14.097Z
16,10:01:14,2025-09-24,Manual gsw+F,LI-COR Default,,016,,,0.280426,2.922074,0.255871,5.545209,0.826314,0.702061,2.530797,1.704484,8.739929,10.286744,31.505793,0.441786,7.500000,PSF-00232_20250924100114_330,0.000000,0.000000,0.000000,154.548889,426.487762,0.637624,0.5,0.80,175.488434,1.000000,29.64,25.19,22.81,21.23,21.23,80.33,156.7,155.1,1.0,688,4.104,09:53:50,2025-09-24,-0.02,1,0.008,0.017,0.018,2.762,6.103,6.817,0,150,-9999.000,-9999.000000,0.058905,0.000000,0.029230,0.000000,0.000000,-0.000068,standard,0,mpf,7000,500,-9999.000000,-9999.000000,300,300,300,410.433411,25,-11.143683,415.075409,410.519867,4.555542,2.445933,2.461419,1.643703,0.925699,0.297676,-0.017606,0.105165,0.680683,154.548889,0.000652,2.400430,-0.000041,1.000000,2.408421,-0.000039,1.000000,0.600250,0.601702,0.107071,0.000000,PSF-00232_20250924100114_330,PFA-00245,PSA-00257,PSF-00232,RHS-00222,3.0.0,2021-01-19T12:57:14.097Z
17,10:01:47,2025-09-24,Manual gsw+F,LI-COR Default,,017,,,-0.064805,2.921673,-0.066275,-1.376808,0.666567,0.697490,2.304492,1.637925,8.682778,8.297829,28.687719,0.441786,7.500000,PSF-00232_20250924100147_c4b,0.000000,0.000000,0.000000,101.773026,416.282562,0.755519,0.5,0.80,78.234985,1.000000,23.85,24.96,22.85,19.71,19.71,80.33,156.7,-3.2,102.0,259,4.104,09:53:50,2025-09-24,-0.02,1,0.006,0.019,0.016,-0.560,-0.279,0.218,0,150,-9999.000,-9999.000000,0.058905,0.000000,0.029230,0.000000,0.000000,-0.000068,standard,0,mpf,7000,500,-9999.000000,-9999.000000,300,300,300,394.486084,25,-14.934422,397.164337,394.882904,2.281433,2.445563,2.452133,1.643282,0.596114,0.297192,-0.034896,0.108585,0.322890,101.773026,0.000654,2.400430,-0.000041,1.000000,2.408421,-0.000039,1.000000,0.600250,0.601702,0.107071,0.000000,PSF-00232_20250924100147_c4b,PFA-00245,PSA-00257,PSF-00232,RHS-00222,3.0.0,2021-01-19T12:57:14.097Z
18,10:01:57,2025-09-24,Manual gsw+F,LI-COR Default,,018,,,-0.177261,2.923049,-0.188704,-1.656618,0.617409,0.654598,1.314125,0.696716,8.149036,7.686073,16.359442,0.441786,7.500000,PSF-00232_20250924100157_527,0.000000,0.000000,0.000000,1.361847,1.442671,0.056024,0.5,0.80,1.608831,1.000000,22.08,23.41,22.86,10.96,10.96,80.33,156.9,-9.6,106.1,72,4.104,09:53:50,2025-09-24,-0.02,1,-9999.000,-9999.000,-9999.000,-9999.000,-9999.000,-9999.000,0,150,-9999.000,-9999.000000,0.058905,0.000000,0.029230,0.000000,0.000000,-0.000068,standard,0,mpf,7000,500,-9999.000000,-9999.000000,300,300,300,1.442671,25,-0.007765,1.405478,1.431544,-0.026067,2.443048,2.449211,1.644731,0.585075,0.297068,-0.126888,0.109535,0.166922,1.361847,0.000644,2.400430,-0.000041,1.000000,2.408421,-0.000039,1.000000,0.600250,0.601702,0.107071,0.000000,PSF-00232_20250924100157_527,PFA-00245,PSA-00257,PSF-00232,RHS-00222,3.0.0,2021-01-19T12:57:14.097Z
19,10:02:20,2025-09-24,Manual gsw+F,LI-COR Default,,019,,,0.173909,2.921130,0.164137,3.372771,0.781175,0.705500,2.399153,1.617978,8.782574,9.724633,29.866398,0.441786,7.500000,PSF-00232_20250924100220_3b0,0.000000,0.000000,0.000000,126.041290,493.107208,0.744394,0.5,0.80,22.383732,1.000000,27.88,25.18,22.90,20.36,20.36,80.33,156.6,155.6,0.7,75,4.102,09:53:50,2025-09-24,-0.02,1,-0.001,0.000,0.012,0.301,0.280,1.620,0,150,-9999.000,-9999.000000,0.058905,0.000000,0.029230,0.000000,0.000000,-0.000068,standard,0,mpf,7000,500,-9999.000000,-9999.000000,300,300,300,435.658325,25,-48.659298,412.814850,423.382874,-10.568024,2.445901,2.458608,1.642712,0.926896,0.296628,-0.028267,0.111902,0.169742,126.041290,0.000639,2.400430,-0.000041,1.000000,2.408421,-0.000039,1.000000,0.600250,0.601702,0.107071,0.000000,PSF-00232_20250924100220_3b0,PFA-00245,PSA-00257,PSF-00232,RHS-00222,3.0.0,2021-01-19T12:57:14.097Z
20,10:02:49,2025-09-24,Manual gsw+F,LI-COR Default,,020,,,0.076714,2.923000,0.074752,1.506822,0.786897,0.753140,2.374364,1.587466,9.375220,9.795443,29.556517,0.441786,7.500000,PSF-00232_20250924100249_204,0.000000,0.000000,0.000000,77.308060,340.298553,0.772823,0.5,0.80,59.322746,1.000000,28.01,26.80,22.94,20.19,20.19,80.33,156.9,151.4,3.5,192,4.101,09:53:50,2025-09-24,-0.02,1,0.004,0.004,0.011,0.146,0.160,-0.193,0,150,-9999.000,-9999.000000,0.058905,0.000000,0.029230,0.000000,0.000000,-0.000068,standard,0,mpf,7000,500,-9999.000000,-9999.000000,300,300,300,318.079224,25,-15.384232,320.227509,318.254364,1.973145,2.448501,2.458807,1.644679,0.916518,0.296107,-0.030628,0.114951,0.267055,77.031616,0.000644,2.400430,-0.000041,1.000000,2.408421,-0.000039,1.000000,0.600250,0.601702,0.107071,0.000000,PSF-00232_20250924100249_204,PFA-00245,PSA-00257,PSF-00232,RHS-00222,3.0.0,2021-01-19T12:57:14.097Z
21,10:03:25,2025-09-24,Manual gsw+F,LI-COR Default,,021,,,-0.253150,2.922077,-0.277162,-2.080689,0.611570,0.658322,1.207830,0.596260,8.194660,7.612693,15.034819,0.441786,7.500000,PSF-00232_20250924100325_b06,0.000000,0.000000,0.000000,1.431227,1.435161,0.002741,0.5,0.80,0.084200,1.000000,21.71,23.37,22.98,9.70,9.70,80.34,156.7,-9.8,106.2,77,4.101,09:53:50,2025-09-24,-0.02,1,-9999.000,-9999.000,-9999.000,-9999.000,-9999.000,-9999.000,0,150,-9999.000,-9999.000000,0.058905,0.000000,0.029230,0.000000,0.000000,-0.000068,standard,0,mpf,7000,500,-9999.000000,-9999.000000,300,300,300,1.435161,25,-0.002664,1.418710,1.431343,-0.012634,2.442961,2.448576,1.643707,0.584825,0.295596,-0.140921,0.118602,0.171092,1.431227,0.000650,2.400430,-0.000041,1.000000,2.408421,-0.000039,1.000000,0.600250,0.601702,0.107071,0.000000,PSF-00232_20250924100325_b06,PFA-00245,PSA-00257,PSF-00232,RHS-00222,3.0.0,2021-01-19T12:57:14.097Z
22,10:03:45,2025-09-24,Manual gsw+F,LI-COR Default,,022,,,0.051439,2.922210,0.050549,1.111413,0.696711,0.671766,2.428701,1.731990,8.361856,8.672353,30.231413,0.441786,7.500000,PSF-00232_20250924100345_c7d,0.000000,0.000000,0.000000,106.912491,446.772827,0.760701,0.5,0.80,18.478340,1.000000,24.70,23.82,23.00,20.56,20.56,80.34,156.8,110.8,29.3,61,4.100,09:53:50,2025-09-24,-0.02,1,-0.001,0.000,0.000,0.228,0.247,0.858,0,150,-9999.000,-9999.000000,0.058905,0.000000,0.029230,0.000000,0.000000,-0.000068,standard,0,mpf,7000,500,-9999.000000,-9999.000000,300,300,300,444.501404,25,-1.396588,445.364716,444.771637,0.593079,2.443690,2.453492,1.643847,0.820853,0.295368,-0.027287,0.120575,0.157698,106.912491,0.000659,2.400430,-0.000041,1.000000,2.408421,-0.000039,1.000000,0.600250,0.601702,0.107071,0.000000,PSF-00232_20250924100345_c7d,PFA-00245,PSA-00257,PSF-00232,RHS-00222,3.0.0,2021-01-19T12:57:14.097Z
23,10:04:24,2025-09-24,Manual gsw+F,LI-COR Default,,023,,,0.129320,2.921545,0.123838,2.559480,0.755289,0.697859,2.383171,1.627882,8.687109,9.402003,29.666246,0.441786,7.500000,PSF-00232_20250924100424_5b6,0.000000,0.000000,0.000000,84.367630,416.709381,0.797538,0.5,0.80,12.629286,1.000000,26.68,24.65,23.07,20.25,20.25,80.33,156.7,155.3,0.9,40,4.100,10:04:03,2025-09-24,0.09,1,-0.000,0.000,0.007,0.131,0.223,0.720,0,150,-9999.000,-9999.000000,0.058905,0.000000,0.029230,0.000000,0.000000,-0.000068,standard,0,mpf,7000,500,-9999.000000,-9999.000000,300,300,300,392.211914,25,-17.139942,393.726837,392.149414,1.577423,2.445032,2.456500,1.643148,0.926054,0.294644,-0.031381,0.124524,0.140075,84.367630,0.000647,2.400430,-0.000041,1.000000,2.408421,-0.000039,1.000000,0.600250,0.601702,0.107071,0.000000,PSF-00232_20250924100424_5b6,PFA-00245,PSA-00257,PSF-00232,RHS-00222,3.0.0,2021-01-19T12:57:14.097Z
24,10:04:53,2025-09-24,Manual gsw+F,LI-COR Default,,024,,,0.163657,2.922049,0.154977,3.064037,0.772106,0.703395,2.329744,1.557638,8.755714,9.611016,29.000181,0.441786,7.500000,PSF-00232_20250924100453_b30,0.000000,0.000000,0.000000,101.894974,488.585876,0.791449,0.5,0.80,13.178757,1.000000,27.23,24.80,23.09,19.88,19.88,80.34,156.7,155.3,0.9,42,4.098,10:04:03,2025-09-24,0.09,1,-0.000,0.001,0.007,0.217,0.582,1.214,0,150,-9999.000,-9999.000000,0.058905,0.000000,0.029230,0.000000,0.000000,-0.000068,standard,0,mpf,7000,500,-9999.000000,-9999.000000,300,300,300,480.253113,25,-5.648019,481.427185,480.492767,0.934418,2.445273,2.457369,1.643677,0.926014,0.294303,-0.035751,0.127411,0.141775,101.894974,0.000646,2.400430,-0.000041,1.000000,2.408421,-0.000039,1.000000,0.600250,0.601702,0.107071,0.000000,PSF-00232_20250924100453_b30,PFA-00245,PSA-00257,PSF-00232,RHS-00222,3.0.0,2021-01-19T12:57:14.097Z
25,10:05:39,2025-09-24,Manual gsw+F,LI-COR Default,,025,,,0.143789,2.923166,0.137047,3.020033,0.774454,0.706791,2.508586,1.734132,8.797993,9.640240,31.226364,0.441786,7.500000,PSF-00232_20250924100539_2c8,0.000000,0.000000,0.000000,74.687363,360.196167,0.792648,0.5,0.80,16.841122,1.000000,27.27,24.89,23.12,21.08,21.08,80.34,156.9,152.2,3.0,53,4.095,10:04:03,2025-09-24,0.09,1,-0.001,-0.000,-0.016,-0.759,-0.818,-0.229,0,150,-9999.000,-9999.000000,0.058905,0.000000,0.029230,0.000000,0.000000,-0.000068,standard,0,mpf,7000,500,-9999.000000,-9999.000000,300,300,300,344.722504,25,-10.875248,344.512573,344.612915,-0.100342,2.445403,2.457433,1.644853,0.918383,0.294017,-0.022751,0.131945,0.151353,74.687363,0.000657,2.400430,-0.000041,1.000000,2.408421,-0.000039,1.000000,0.600250,0.601702,0.107071,0.000000,PSF-00232_20250924100539_2c8,PFA-00245,PSA-00257,PSF-00232,RHS-00222,3.0.0,2021-01-19T12:57:14.097Z
26,10:06:09,2025-09-24,Manual gsw+F,LI-COR Default,,026,,,0.135797,2.921738,0.129765,2.889256,0.773791,0.708987,2.525669,1.751879,8.825715,9.632408,31.440388,0.441786,7.500000,PSF-00232_20250924100609_26d,0.000000,0.000000,0.000000,95.730545,400.469452,0.760954,0.5,0.80,61.694977,1.000000,27.21,24.93,23.14,21.19,21.19,80.33,156.7,120.5,23.1,203,4.097,10:04:03,2025-09-24,0.09,1,-0.001,-0.001,0.015,0.069,0.136,1.772,0,150,-9999.000,-9999.000000,0.058905,0.000000,0.029230,0.000000,0.000000,-0.000068,standard,0,mpf,7000,500,-9999.000000,-9999.000000,300,300,300,399.421692,25,-0.515105,411.940094,399.731354,12.208740,2.445469,2.457333,1.643350,0.842715,0.293749,-0.021779,0.135008,0.276047,95.730545,0.000665,2.400430,-0.000041,1.000000,2.408421,-0.000039,1.000000,0.600250,0.601702,0.107071,0.000000,PSF-00232_20250924100609_26d,PFA-00245,PSA-00257,PSF-00232,RHS-00222,3.0.0,2021-01-19T12:57:14.097Z
27,10:06:41,2025-09-24,Manual gsw+F,LI-COR Default,,027,,,0.043199,2.921724,0.042569,0.891583,0.805086,0.785096,2.453534,1.648448,9.772679,10.021519,30.541000,0.441786,7.500000,PSF-00232_20250924100641_c00,0.000000,0.000000,0.000000,93.687775,389.075104,0.759204,0.5,0.80,30.267155,1.000000,28.27,27.56,23.17,20.72,20.72,80.34,156.7,149.4,4.7,100,4.095,10:04:03,2025-09-24,0.09,1,0.001,0.000,0.007,0.472,2.149,7.906,0,150,-9999.000,-9999.000000,0.058905,0.000000,0.029230,0.000000,0.000000,-0.000068,standard,0,mpf,7000,500,-9999.000000,-9999.000000,300,300,300,378.697510,25,-7.541574,376.807800,378.268707,-1.460907,2.449670,2.459011,1.643336,0.911446,0.293453,-0.027316,0.138097,0.190161,93.687775,0.000650,2.400430,-0.000041,1.000000,2.408421,-0.000039,1.000000,0.600250,0.601702,0.107071,0.000000,PSF-00232_20250924100641_c00,PFA-00245,PSA-00257,PSF-00232,RHS-00222,3.0.0,2021-01-19T12:57:14.097Z
28,10:06:57,2025-09-24,Manual gsw+F,LI-COR Default,,028,,,0.104166,2.921557,0.100580,1.889606,0.781161,0.738774,2.261863,1.480702,9.196026,9.723640,28.154943,0.441786,7.500000,PSF-00232_20250924100657_c40,0.000000,0.000000,0.000000,91.436859,403.445465,0.773360,0.5,0.80,18.935013,1.000000,27.42,25.93,23.17,19.41,19.41,80.34,156.7,151.1,3.6,61,4.095,10:04:03,2025-09-24,0.09,1,0.002,0.002,0.013,-0.635,-0.144,2.603,0,150,-9999.000,-9999.000000,0.058905,0.000000,0.029230,0.000000,0.000000,-0.000068,standard,0,mpf,7000,500,-9999.000000,-9999.000000,300,300,300,392.530548,25,-7.215099,398.041962,393.106873,4.935089,2.447070,2.457662,1.643161,0.915580,0.293395,-0.041860,0.139520,0.158100,91.436859,0.000656,2.400430,-0.000041,1.000000,2.408421,-0.000039,1.000000,0.600250,0.601702,0.107071,0.000000,PSF-00232_20250924100657_c40,PFA-00245,PSA-00257,PSF-00232,RHS-00222,3.0.0,2021-01-19T12:57:14.097Z
29,10:07:35,2025-09-24,Manual gsw+F,LI-COR Default,,029,,,0.339734,2.922577,0.304354,5.573960,0.831552,0.706701,2.274380,1.442828,8.796872,10.350986,28.311020,0.441786,7.500000,PSF-00232_20250924100735_0ef,0.000000,0.000000,0.000000,70.046066,371.541931,0.811472,0.5,0.80,20.183250,1.000000,29.15,24.77,23.19,19.50,19.50,80.34,156.8,155.0,1.2,62,4.094,10:04:03,2025-09-24,0.09,1,0.001,0.000,0.009,2.919,1.886,6.342,0,150,-9999.000,-9999.000000,0.058905,0.000000,0.029230,0.000000,0.000000,-0.000068,standard,0,mpf,7000,500,-9999.000000,-9999.000000,300,300,300,341.496338,25,-27.456554,328.749054,332.199188,-3.450134,2.445209,2.460403,1.644233,0.925357,0.293150,-0.041128,0.143139,0.158909,70.046066,0.000654,2.400430,-0.000041,1.000000,2.408421,-0.000039,1.000000,0.600250,0.601702,0.107071,0.000000,PSF-00232_20250924100735_0ef,PFA-00245,PSA-00257,PSF-00232,RHS-00222,3.0.0,2021-01-19T12:57:14.097Z
30,10:07:55,2025-09-24,Manual gsw+F,LI-COR Default,,030,,,0.068010,2.923403,0.066464,1.510137,0.772897,0.739069,2.560331,1.787434,9.199867,9.620954,31.870783,0.441786,7.500000,PSF-00232_20250924100755_9f3,0.000000,0.000000,0.000000,103.672745,482.257843,0.785026,0.5,0.80,42.133839,1.000000,27.07,25.89,23.21,21.42,21.42,80.33,156.9,155.1,1.2,134,4.093,10:04:03,2025-09-24,0.09,1,-0.003,-0.002,-0.001,-0.063,0.191,0.178,0,150,-9999.000,-9999.000000,0.058905,0.000000,0.029230,0.000000,0.000000,-0.000068,standard,0,mpf,7000,500,-9999.000000,-9999.000000,300,300,300,481.774445,25,-0.188630,489.833588,481.987549,7.846039,2.446994,2.457102,1.645104,0.925609,0.292985,-0.020041,0.145010,0.218933,103.672745,0.000655,2.400430,-0.000041,1.000000,2.408421,-0.000039,1.000000,0.600250,0.601702,0.107071,0.000000,PSF-00232_20250924100755_9f3,PFA-00245,PSA-00257,PSF-00232,RHS-00222,3.0.0,2021-01-19T12:57:14.097Z
31,10:08:34,2025-09-24,Manual gsw+F,LI-COR Default,,031,,,0.517919,2.922194,0.439945,8.499934,0.915336,0.725076,2.435203,1.519867,9.024919,11.393064,30.310654,0.441786,7.500000,PSF-00232_20250924100834_11a,0.000000,0.000000,0.000000,70.982697,330.291687,0.785091,0.5,0.80,74.244408,1.000000,31.97,25.32,23.25,20.60,20.60,80.34,156.8,24.4,84.4,236,4.093,10:04:03,2025-09-24,0.09,1,-0.005,-0.010,-0.003,0.654,0.536,0.980,0,150,-9999.000,-9999.000000,0.058905,0.000000,0.029230,0.000000,0.000000,-0.000068,standard,0,mpf,7000,500,-9999.000000,-9999.000000,300,300,300,304.577698,25,-17.778383,311.545715,304.816895,6.728821,2.446084,2.464796,1.643831,0.645417,0.292426,-0.029671,0.148722,0.304167,70.982697,0.000657,2.400430,-0.000041,1.000000,2.408421,-0.000039,1.000000,0.600250,0.601702,0.107071,0.000000,PSF-00232_20250924100834_11a,PFA-00245,PSA-00257,PSF-00232,RHS-00222,3.0.0,2021-01-19T12:57:14.097Z
32,10:09:01,2025-09-24,Manual gsw+F,LI-COR Default,,032,,,0.111010,2.921750,0.106946,2.479199,0.766791,0.711178,2.590207,1.823416,8.852543,9.544802,32.242172,0.441786,7.500000,PSF-00232_20250924100901_189,0.000000,0.000000,0.000000,99.413040,438.371429,0.773222,0.5,0.80,34.281757,1.000000,26.73,24.79,23.28,21.60,21.60,80.34,156.7,155.3,0.9,111,4.092,10:04:03,2025-09-24,0.09,1,0.001,0.002,0.030,0.002,0.054,-0.518,0,150,-9999.000,-9999.000000,0.058905,0.000000,0.029230,0.000000,0.000000,-0.000068,standard,0,mpf,7000,500,-9999.000000,-9999.000000,300,300,300,407.482635,25,-21.235392,411.626465,407.943054,3.683411,2.445228,2.456549,1.643363,0.926107,0.292086,-0.018800,0.151205,0.199476,99.413040,0.000642,2.400430,-0.000041,1.000000,2.408421,-0.000039,1.000000,0.600250,0.601702,0.107071,0.000000,PSF-00232_20250924100901_189,PFA-00245,PSA-00257,PSF-00232,RHS-00222,3.0.0,2021-01-19T12:57:14.097Z
33,10:09:36,2025-09-24,Manual gsw+F,LI-COR Default,,033,,,0.632603,2.922623,0.520040,10.195659,0.929931,0.701871,2.471465,1.541534,8.737541,11.576637,30.767071,0.441786,7.500000,PSF-00232_20250924100936_9d0,0.000000,0.000000,0.000000,103.847977,399.642792,0.740148,0.5,0.80,24.679033,1.000000,32.33,24.41,23.33,20.84,20.84,80.33,156.8,23.7,84.9,83,4.086,10:04:03,2025-09-24,0.09,1,0.003,0.003,0.015,0.022,-0.026,-0.002,0,150,-9999.000,-9999.000000,0.058905,0.000000,0.029230,0.000000,0.000000,-0.000068,standard,0,mpf,7000,500,-9999.000000,-9999.000000,300,300,300,391.839630,25,-5.158307,400.963776,392.251404,8.712372,2.444595,2.465353,1.644281,0.644207,0.291583,-0.027835,0.154444,0.176564,104.021431,0.000658,2.400430,-0.000041,1.000000,2.408421,-0.000039,1.000000,0.600250,0.601702,0.107071,0.000000,PSF-00232_20250924100936_9d0,PFA-00245,PSA-00257,PSF-00232,RHS-00222,3.0.0,2021-01-19T12:57:14.097Z
34,10:09:53,2025-09-24,Manual gsw+F,LI-COR Default,,034,,,0.081779,2.921370,0.079552,1.639026,0.724133,0.687338,2.347577,1.623444,8.556267,9.014310,29.223614,0.441786,7.500000,PSF-00232_20250924100953_cf2,0.000000,0.000000,0.000000,92.002991,442.598816,0.792130,0.5,0.80,20.483189,1.000000,25.15,23.87,23.35,20.01,20.01,80.33,156.7,155.6,0.7,65,4.090,10:04:03,2025-09-24,0.09,1,-0.000,0.000,0.004,2.329,0.658,1.862,0,150,-9999.000,-9999.000000,0.058905,0.000000,0.029230,0.000000,0.000000,-0.000068,standard,0,mpf,7000,500,-9999.000000,-9999.000000,300,300,300,442.598816,25,2.691606,453.226440,446.455627,6.770813,2.443726,2.453990,1.642964,0.926753,0.291345,-0.037286,0.155985,0.160964,93.924881,0.000653,2.400430,-0.000041,1.000000,2.408421,-0.000039,1.000000,0.600250,0.601702,0.107071,0.000000,PSF-00232_20250924100953_cf2,PFA-00245,PSA-00257,PSF-00232,RHS-00222,3.0.0,2021-01-19T12:57:14.097Z
35,10:10:23,2025-09-24,Manual gsw+F,LI-COR Default,,035,,,0.073128,2.923199,0.071343,1.521452,0.734847,0.700746,2.414378,1.679531,8.723283,9.147796,30.055561,0.441786,7.500000,PSF-00232_20250924101023_ec5,0.000000,0.000000,0.000000,81.419350,385.447845,0.788767,0.5,0.80,24.399624,1.000000,25.47,24.28,23.38,20.46,20.46,80.33,156.9,155.7,0.8,77,4.089,10:04:03,2025-09-24,0.09,1,-0.001,-0.002,0.046,0.161,0.217,10.280,0,150,-9999.000,-9999.000000,0.058905,0.000000,0.029230,0.000000,0.000000,-0.000068,standard,0,mpf,7000,500,-9999.000000,-9999.000000,300,300,300,371.259918,25,-9.565721,381.938324,371.741028,10.197296,2.444390,2.454497,1.644888,0.927061,0.290928,-0.032686,0.158695,0.171543,81.413269,0.000671,2.400430,-0.000041,1.000000,2.408421,-0.000039,1.000000,0.600250,0.601702,0.107071,0.000000,PSF-00232_20250924101023_ec5,PFA-00245,PSA-00257,PSF-00232,RHS-00222,3.0.0,2021-01-19T12:57:14.097Z
36,10:10:51,2025-09-24,Manual gsw+F,LI-COR Default,,036,,,0.260952,2.923011,0.239565,4.724170,0.798889,0.693077,2.351855,1.552966,8.628198,9.945461,29.278513,0.441786,7.500000,PSF-00232_20250924101051_b8a,0.000000,0.000000,0.000000,91.791985,455.096069,0.798302,0.5,0.80,53.372902,1.000000,27.64,23.98,23.41,20.04,20.04,80.33,156.9,144.4,8.0,167,4.087,10:04:03,2025-09-24,0.09,1,0.000,-0.000,0.007,-0.193,-1.150,1.597,0,150,-9999.000,-9999.000000,0.058905,0.000000,0.029230,0.000000,0.000000,-0.000068,standard,0,mpf,7000,500,-9999.000000,-9999.000000,300,300,300,454.055786,25,-0.413535,463.382721,454.503510,8.879211,2.443894,2.457978,1.644691,0.899194,0.290621,-0.037676,0.161207,0.246415,91.791985,0.000659,2.400430,-0.000041,1.000000,2.408421,-0.000039,1.000000,0.600250,0.601702,0.107071,0.000000,PSF-00232_20250924101051_b8a,PFA-00245,PSA-00257,PSF-00232,RHS-00222,3.0.0,2021-01-19T12:57:14.097Z
37,10:11:17,2025-09-24,Manual gsw+F,LI-COR Default,,037,,,0.229880,2.923107,0.213120,4.726923,0.856379,0.750588,2.599703,1.743324,9.344010,10.660990,32.363495,0.441786,7.500000,PSF-00232_20250924101117_1d2,0.000000,0.000000,0.000000,89.156273,366.630493,0.756823,0.5,0.80,52.725555,1.000000,29.57,25.92,23.44,21.66,21.66,80.33,156.9,12.5,92.0,174,4.088,10:04:03,2025-09-24,0.09,1,0.009,0.007,0.015,0.167,-0.046,-1.423,0,150,-9999.000,-9999.000000,0.058905,0.000000,0.029230,0.000000,0.000000,-0.000068,standard,0,mpf,7000,500,-9999.000000,-9999.000000,300,300,300,346.151947,25,-14.805645,348.034149,345.415344,2.618805,2.447012,2.461028,1.644791,0.623855,0.290251,-0.019942,0.163522,0.252269,89.156273,0.000647,2.400430,-0.000041,1.000000,2.408421,-0.000039,1.000000,0.600250,0.601702,0.107071,0.000000,PSF-00232_20250924101117_1d2,PFA-00245,PSA-00257,PSF-00232,RHS-00222,3.0.0,2021-01-19T12:57:14.097Z
38,10:11:48,2025-09-24,Manual gsw+F,LI-COR Default,,038,,,0.086168,2.922856,0.083700,1.749385,0.735408,0.696187,2.381794,1.646386,8.666486,9.154725,29.649752,0.441786,7.500000,PSF-00232_20250924101148_f0a,0.000000,0.000000,0.000000,80.646515,345.421021,0.766527,0.5,0.80,20.382763,1.000000,25.32,23.97,23.49,20.24,20.24,80.33,156.8,155.4,0.9,66,4.085,10:04:03,2025-09-24,0.09,1,0.001,0.001,0.011,0.147,0.313,0.716,0,150,-9999.000,-9999.000000,0.058905,0.000000,0.029230,0.000000,0.000000,-0.000068,standard,0,mpf,7000,500,-9999.000000,-9999.000000,300,300,300,335.994965,25,-6.476903,339.589844,336.140198,3.449646,2.443871,2.454251,1.644527,0.926489,0.289704,-0.036327,0.166284,0.162491,80.646515,0.000658,2.400430,-0.000041,1.000000,2.408421,-0.000039,1.000000,0.600250,0.601702,0.107071,0.000000,PSF-00232_20250924101148_f0a,PFA-00245,PSA-00257,PSF-00232,RHS-00222,3.0.0,2021-01-19T12:57:14.097Z
39,10:12:12,2025-09-24,Manual gsw+F,LI-COR Default,,039,,,0.133104,2.923246,0.127308,2.516320,0.762932,0.706551,2.320324,1.557392,8.795116,9.496942,28.883276,0.441786,7.500000,PSF-00232_20250924101212_3a7,0.000000,0.000000,0.000000,96.459030,377.772400,0.744664,0.5,0.80,55.491924,1.000000,26.23,24.29,23.52,19.82,19.82,80.33,156.9,154.5,1.5,186,4.086,10:04:03,2025-09-24,0.09,1,-0.001,-0.000,0.013,-0.007,-0.052,-0.020,0,150,-9999.000,-9999.000000,0.058905,0.000000,0.029230,0.000000,0.000000,-0.000068,standard,0,mpf,7000,500,-9999.000000,-9999.000000,300,300,300,373.421082,25,-2.651703,378.644592,373.972748,4.671844,2.444379,2.455703,1.644938,0.924056,0.289382,-0.041296,0.168424,0.262383,96.459030,0.000663,2.400430,-0.000041,1.000000,2.408421,-0.000039,1.000000,0.600250,0.601702,0.107071,0.000000,PSF-00232_20250924101212_3a7,PFA-00245,PSA-00257,PSF-00232,RHS-00222,3.0.0,2021-01-19T12:57:14.097Z
40,10:12:37,2025-09-24,Manual gsw+F,LI-COR Default,,040,,,0.056583,2.923910,0.055508,1.285133,0.729718,0.700927,2.551592,1.821874,8.725353,9.083750,31.762980,0.441786,7.500000,PSF-00232_20250924101237_a7f,0.000000,0.000000,0.000000,114.847183,393.314850,0.708002,0.5,0.80,118.001236,1.000000,25.04,24.05,23.55,21.36,21.36,80.33,157.0,155.0,1.2,417,4.086,10:04:03,2025-09-24,0.09,1,0.001,0.000,0.006,0.800,0.146,5.107,0,150,-9999.000,-9999.000000,0.058905,0.000000,0.029230,0.000000,0.000000,-0.000068,standard,0,mpf,7000,500,-9999.000000,-9999.000000,300,300,300,390.730255,25,-0.852463,397.096405,392.093353,5.003052,2.443988,2.453781,1.645639,0.925427,0.289018,-0.024583,0.170624,0.454436,114.847183,0.000651,2.400430,-0.000041,1.000000,2.408421,-0.000039,1.000000,0.600250,0.601702,0.107071,0.000000,PSF-00232_20250924101237_a7f,PFA-00245,PSA-00257,PSF-00232,RHS-00222,3.0.0,2021-01-19T12:57:14.097Z
41,10:13:05,2025-09-24,Manual gsw+F,LI-COR Default,,041,,,0.105292,2.923135,0.101631,2.214668,0.724756,0.675105,2.440856,1.716100,8.403654,9.021697,30.383564,0.441786,7.500000,PSF-00232_20250924101305_b9b,0.000000,0.000000,0.000000,75.377945,387.977997,0.805716,0.5,0.80,42.747681,1.000000,24.81,23.11,23.58,20.64,20.64,80.33,156.9,155.0,1.2,133,4.085,10:04:03,2025-09-24,0.09,1,-0.001,-0.002,0.006,0.049,0.172,0.335,0,150,-9999.000,-9999.000000,0.058905,0.000000,0.029230,0.000000,0.000000,-0.000068,standard,0,mpf,7000,500,-9999.000000,-9999.000000,300,300,300,373.090271,25,-10.186023,382.258423,373.382355,8.876068,2.442463,2.453414,1.644821,0.925352,0.288612,-0.033021,0.173057,0.217648,75.377945,0.000639,2.400430,-0.000041,1.000000,2.408421,-0.000039,1.000000,0.600250,0.601702,0.107071,0.000000,PSF-00232_20250924101305_b9b,PFA-00245,PSA-00257,PSF-00232,RHS-00222,3.0.0,2021-01-19T12:57:14.097Z
42,10:13:38,2025-09-24,Manual gsw+F,LI-COR Default,,042,,,0.059193,2.921682,0.058018,1.340068,0.695960,0.665871,2.514455,1.818495,8.288528,8.663065,31.299036,0.441786,7.500000,PSF-00232_20250924101338_840,0.000000,0.000000,0.000000,66.607475,301.346405,0.778967,0.5,0.80,62.102379,1.000000,23.75,22.72,23.64,21.12,21.12,80.34,156.7,41.4,73.6,199,4.084,10:04:03,2025-09-24,0.09,1,0.001,-0.003,0.014,0.116,0.047,0.155,0,150,-9999.000,-9999.000000,0.058905,0.000000,0.029230,0.000000,0.000000,-0.000068,standard,0,mpf,7000,500,-9999.000000,-9999.000000,300,300,300,288.686157,25,-8.647963,288.747314,288.954651,-0.207336,2.441812,2.451669,1.643291,0.677344,0.287957,-0.028308,0.175875,0.273230,66.607475,0.000646,2.400430,-0.000041,1.000000,2.408421,-0.000039,1.000000,0.600250,0.601702,0.107071,0.000000,PSF-00232_20250924101338_840,PFA-00245,PSA-00257,PSF-00232,RHS-00222,3.0.0,2021-01-19T12:57:14.097Z
43,10:14:04,2025-09-24,Manual gsw+F,LI-COR Default,,043,,,0.063051,2.922542,0.061720,1.380762,0.707718,0.676743,2.469333,1.761614,8.424301,8.809891,30.738995,0.441786,7.500000,PSF-00232_20250924101404_48d,0.000000,0.000000,0.000000,100.473045,400.340912,0.749031,0.5,0.80,218.395782,1.000000,24.09,23.04,23.68,20.83,20.83,80.33,156.8,155.2,1.0,729,4.084,10:04:03,2025-09-24,0.09,1,0.001,0.003,0.008,0.401,0.154,1.716,0,150,-9999.000,-9999.000000,0.058905,0.000000,0.029230,0.000000,0.000000,-0.000068,standard,0,mpf,7000,500,-9999.000000,-9999.000000,300,300,300,394.538635,25,-3.870543,402.175781,394.794769,7.381012,2.442320,2.452222,1.644196,0.925988,0.287492,-0.032050,0.178083,0.714756,100.473045,0.000657,2.400430,-0.000041,1.000000,2.408421,-0.000039,1.000000,0.600250,0.601702,0.107071,0.000000,PSF-00232_20250924101404_48d,PFA-00245,PSA-00257,PSF-00232,RHS-00222,3.0.0,2021-01-19T12:57:14.097Z
44,10:14:29,2025-09-24,Manual gsw+F,LI-COR Default,,044,,,0.087315,2.921757,0.084781,2.069174,0.784911,0.738505,2.703088,1.918177,9.192443,9.770077,33.646336,0.441786,7.500000,PSF-00232_20250924101429_e8f,0.000000,0.000000,0.000000,104.946259,293.321655,0.642214,0.5,0.80,157.155777,1.000000,26.61,25.04,23.74,22.30,22.30,80.34,156.7,152.8,2.5,612,4.082,10:14:17,2025-09-24,0.12,1,-0.001,-0.002,0.015,1.466,2.590,3.225,0,150,-9999.000,-9999.000000,0.058905,0.000000,0.029230,0.000000,0.000000,-0.000068,standard,0,mpf,7000,500,-9999.000000,-9999.000000,300,300,300,281.763916,25,-7.893442,284.143921,282.011078,2.132843,2.445559,2.456241,1.643371,0.919835,0.286757,-0.016239,0.180281,0.617088,104.946259,0.000651,2.400430,-0.000041,1.000000,2.408421,-0.000039,1.000000,0.600250,0.601702,0.107071,0.000000,PSF-00232_20250924101429_e8f,PFA-00245,PSA-00257,PSF-00232,RHS-00222,3.0.0,2021-01-19T12:57:14.097Z
45,10:15:15,2025-09-24,Manual gsw+F,LI-COR Default,,045,,,0.115996,2.923744,0.111570,2.534071,0.761068,0.704317,2.547917,1.786849,8.768292,9.474805,31.719904,0.441786,7.500000,PSF-00232_20250924101515_53f,0.000000,0.000000,0.000000,87.765099,408.463531,0.785134,0.5,0.80,14.973181,1.000000,25.67,23.75,23.83,21.34,21.34,80.33,157.0,122.2,22.1,48,4.076,10:14:17,2025-09-24,0.12,1,0.002,0.007,-0.002,-0.000,0.193,-0.041,0,150,-9999.000,-9999.000000,0.058905,0.000000,0.029230,0.000000,0.000000,-0.000068,standard,0,mpf,7000,500,-9999.000000,-9999.000000,300,300,300,397.345673,25,-8.412175,394.550079,396.409637,-1.859558,2.443466,2.454706,1.645464,0.846796,0.285729,-0.028142,0.184214,0.146818,87.765099,0.000656,2.400430,-0.000041,1.000000,2.408421,-0.000039,1.000000,0.600250,0.601702,0.107071,0.000000,PSF-00232_20250924101515_53f,PFA-00245,PSA-00257,PSF-00232,RHS-00222,3.0.0,2021-01-19T12:57:14.097Z
46,10:15:34,2025-09-24,Manual gsw+F,LI-COR Default,,046,,,0.067950,2.921286,0.066405,1.340596,0.728795,0.698702,2.319646,1.590850,8.698378,9.073024,28.878073,0.441786,7.500000,PSF-00232_20250924101534_e96,0.000000,0.000000,0.000000,92.333794,458.598145,0.798661,0.5,0.80,16.054653,1.000000,24.56,23.54,23.85,19.81,19.81,80.33,156.7,155.5,0.7,50,4.081,10:14:17,2025-09-24,0.12,1,0.001,0.002,0.015,0.021,0.099,0.224,0,150,-9999.000,-9999.000000,0.058905,0.000000,0.029230,0.000000,0.000000,-0.000068,standard,0,mpf,7000,500,-9999.000000,-9999.000000,300,300,300,454.963806,25,-2.042283,463.762177,455.671753,8.090424,2.443126,2.452912,1.642876,0.926613,0.285577,-0.045148,0.185736,0.148967,92.333794,0.000663,2.400430,-0.000041,1.000000,2.408421,-0.000039,1.000000,0.600250,0.601702,0.107071,0.000000,PSF-00232_20250924101534_e96,PFA-00245,PSA-00257,PSF-00232,RHS-00222,3.0.0,2021-01-19T12:57:14.097Z
47,10:15:54,2025-09-24,Manual gsw+F,LI-COR Default,,047,,,0.079844,2.924096,0.077722,1.522036,0.740277,0.706191,2.283711,1.543434,8.791507,9.215852,28.430351,0.441786,7.500000,PSF-00232_20250924101554_d66,0.000000,0.000000,0.000000,92.691780,429.725250,0.784300,0.5,0.80,15.405701,1.000000,24.94,23.79,23.85,19.56,19.56,80.33,157.0,155.4,1.0,49,4.081,10:14:17,2025-09-24,0.12,1,-0.001,-0.001,0.004,0.050,0.098,0.062,0,150,-9999.000,-9999.000000,0.058905,0.000000,0.029230,0.000000,0.000000,-0.000068,standard,0,mpf,7000,500,-9999.000000,-9999.000000,300,300,300,422.281616,25,-4.911636,423.638824,422.687317,0.951508,2.443525,2.453528,1.645836,0.926323,0.285525,-0.047956,0.187351,0.148010,92.691780,0.000654,2.400430,-0.000041,1.000000,2.408421,-0.000039,1.000000,0.600250,0.601702,0.107071,0.000000,PSF-00232_20250924101554_d66,PFA-00245,PSA-00257,PSF-00232,RHS-00222,3.0.0,2021-01-19T12:57:14.097Z
48,10:16:11,2025-09-24,Manual gsw+F,LI-COR Default,,048,,,0.136311,2.922598,0.130237,2.288131,0.817687,0.766431,2.202472,1.384785,9.541056,10.179126,27.417887,0.441786,7.500000,PSF-00232_20250924101611_dc3,0.000000,0.000000,0.000000,59.942009,296.327240,0.797717,0.5,0.80,10.931490,1.000000,27.55,25.83,23.85,18.98,18.98,80.33,156.8,154.4,1.5,34,4.078,10:14:17,2025-09-24,0.12,1,0.003,0.001,0.007,0.061,-0.006,0.573,0,150,-9999.000,-9999.000000,0.058905,0.000000,0.029230,0.000000,0.000000,-0.000068,standard,0,mpf,7000,500,-9999.000000,-9999.000000,300,300,300,296.327240,25,3.772601,308.553802,301.733032,6.820770,2.446801,2.457723,1.644255,0.923880,0.285571,-0.054258,0.188712,0.135631,59.942009,0.000647,2.400430,-0.000041,1.000000,2.408421,-0.000039,1.000000,0.600250,0.601702,0.107071,0.000000,PSF-00232_20250924101611_dc3,PFA-00245,PSA-00257,PSF-00232,RHS-00222,3.0.0,2021-01-19T12:57:14.097Z
49,10:16:30,2025-09-24,Manual gsw+F,LI-COR Default,,049,,,0.035428,2.922288,0.035004,0.618699,0.781581,0.767712,2.175242,1.393662,9.557306,9.729959,27.079758,0.441786,7.500000,PSF-00232_20250924101630_ede,0.000000,0.000000,0.000000,77.982185,387.440125,0.798725,0.5,0.80,14.741716,1.000000,26.35,25.88,23.84,18.78,18.78,80.33,156.8,155.2,1.0,46,4.079,10:14:17,2025-09-24,0.12,1,0.001,0.002,0.005,-0.101,0.207,-0.051,0,150,-9999.000,-9999.000000,0.058905,0.000000,0.029230,0.000000,0.000000,-0.000068,standard,0,mpf,7000,500,-9999.000000,-9999.000000,300,300,300,371.181244,25,-11.869184,371.318207,370.432678,0.885529,2.446893,2.455804,1.643929,0.925864,0.285671,-0.056323,0.190176,0.145538,77.982185,0.000643,2.400430,-0.000041,1.000000,2.408421,-0.000039,1.000000,0.600250,0.601702,0.107071,0.000000,PSF-00232_20250924101630_ede,PFA-00245,PSA-00257,PSF-00232,RHS-00222,3.0.0,2021-01-19T12:57:14.097Z
50,10:17:04,2025-09-24,Manual gsw+F,LI-COR Default,,050,,,0.178069,2.922069,0.167841,3.339766,0.792486,0.717621,2.359488,1.567002,8.933830,9.865845,29.373812,0.441786,7.500000,PSF-00232_20250924101704_dc4,0.000000,0.000000,0.000000,103.096962,511.231934,0.798336,0.5,0.80,13.731796,1.000000,26.74,24.22,23.82,20.09,20.09,80.33,156.7,153.4,2.1,43,4.079,10:14:17,2025-09-24,0.12,1,-0.002,-0.001,0.016,0.068,0.136,0.213,0,150,-9999.000,-9999.000000,0.058905,0.000000,0.029230,0.000000,0.000000,-0.000068,standard,0,mpf,7000,500,-9999.000000,-9999.000000,300,300,300,483.270416,25,-20.455479,476.875671,481.921082,-5.045410,2.444219,2.456435,1.643698,0.921460,0.285848,-0.041852,0.192927,0.142920,103.096962,0.000657,2.400430,-0.000041,1.000000,2.408421,-0.000039,1.000000,0.600250,0.601702,0.107071,0.000000,PSF-00232_20250924101704_dc4,PFA-00245,PSA-00257,PSF-00232,RHS-00222,3.0.0,2021-01-19T12:57:14.097Z
51,10:17:23,2025-09-24,Manual gsw+F,LI-COR Default,,051,,,0.176820,2.921450,0.166728,3.140664,0.827685,0.757277,2.311268,1.483584,9.427256,10.303750,28.772707,0.441786,7.500000,PSF-00232_20250924101723_b38,0.000000,0.000000,0.000000,78.725693,410.593811,0.808264,0.5,0.80,17.162224,1.000000,27.96,25.58,23.81,19.76,19.76,80.33,156.7,154.8,1.2,53,4.075,10:14:17,2025-09-24,0.12,1,0.002,0.002,0.008,0.582,0.211,0.224,0,150,-9999.000,-9999.000000,0.058905,0.000000,0.029230,0.000000,0.000000,-0.000068,standard,0,mpf,7000,500,-9999.000000,-9999.000000,300,300,300,392.499084,25,-12.511250,402.081726,392.666321,9.415405,2.446410,2.458368,1.643048,0.924901,0.286017,-0.045344,0.194449,0.151325,80.373642,0.000673,2.400430,-0.000041,1.000000,2.408421,-0.000039,1.000000,0.600250,0.601702,0.107071,0.000000,PSF-00232_20250924101723_b38,PFA-00245,PSA-00257,PSF-00232,RHS-00222,3.0.0,2021-01-19T12:57:14.097Z
52,10:17:41,2025-09-24,Manual gsw+F,LI-COR Default,,052,,,0.175031,2.922364,0.165140,3.029432,0.795338,0.727448,2.241050,1.445712,9.056107,9.901289,27.899174,0.441786,7.500000,PSF-00232_20250924101741_536,0.000000,0.000000,0.000000,50.606846,275.729889,0.816462,0.5,0.80,15.704721,1.000000,26.88,24.59,23.80,19.26,19.26,80.33,156.8,153.4,2.2,48,4.077,10:14:17,2025-09-24,0.12,1,-0.000,0.001,0.018,-0.003,0.083,0.084,0,150,-9999.000,-9999.000000,0.058905,0.000000,0.029230,0.000000,0.000000,-0.000068,standard,0,mpf,7000,500,-9999.000000,-9999.000000,300,300,300,253.444794,25,-15.353398,255.786896,253.729874,2.057022,2.444818,2.456657,1.644009,0.921409,0.286135,-0.050657,0.195948,0.147160,50.606846,0.000653,2.400430,-0.000041,1.000000,2.408421,-0.000039,1.000000,0.600250,0.601702,0.107071,0.000000,PSF-00232_20250924101741_536,PFA-00245,PSA-00257,PSF-00232,RHS-00222,3.0.0,2021-01-19T12:57:14.097Z
53,10:18:02,2025-09-24,Manual gsw+F,LI-COR Default,,053,,,0.149320,2.922585,0.142061,2.765625,0.802455,0.740494,2.335670,1.533216,9.218661,9.990040,29.077570,0.441786,7.500000,PSF-00232_20250924101802_6ab,0.000000,0.000000,0.000000,93.004349,453.016693,0.794700,0.5,0.80,15.775938,1.000000,27.14,25.04,23.79,19.92,19.92,80.33,156.8,154.9,1.2,50,4.076,10:14:17,2025-09-24,0.12,1,0.001,-0.000,0.007,0.069,0.262,0.413,0,150,-9999.000,-9999.000000,0.058905,0.000000,0.029230,0.000000,0.000000,-0.000068,standard,0,mpf,7000,500,-9999.000000,-9999.000000,300,300,300,440.637573,25,-8.462960,446.724426,440.890045,5.834381,2.445554,2.457070,1.644241,0.925214,0.286254,-0.043247,0.197581,0.148445,93.004349,0.000651,2.400430,-0.000041,1.000000,2.408421,-0.000039,1.000000,0.600250,0.601702,0.107071,0.000000,PSF-00232_20250924101802_6ab,PFA-00245,PSA-00257,PSF-00232,RHS-00222,3.0.0,2021-01-19T12:57:14.097Z
54,10:18:32,2025-09-24,Manual gsw+F,LI-COR Default,,054,,,0.025171,2.923214,0.024956,0.543065,0.735165,0.722994,2.448416,1.713252,9.001141,9.152663,30.482325,0.441786,7.500000,PSF-00232_20250924101832_cf7,0.000000,0.000000,0.000000,91.644287,447.820099,0.795355,0.5,0.80,11.503029,1.000000,24.87,24.46,23.78,20.69,20.69,80.32,156.9,155.4,0.9,36,4.076,10:14:17,2025-09-24,0.12,1,-0.001,0.002,0.001,0.036,0.216,0.318,0,150,-9999.000,-9999.000000,0.058905,0.000000,0.029230,0.000000,0.000000,-0.000068,standard,0,mpf,7000,500,-9999.000000,-9999.000000,300,300,300,442.397125,25,-3.413478,443.506470,442.928894,0.577576,2.444623,2.453435,1.644905,0.926430,0.286355,-0.034723,0.199907,0.137214,91.453674,0.000653,2.400430,-0.000041,1.000000,2.408421,-0.000039,1.000000,0.600250,0.601702,0.107071,0.000000,PSF-00232_20250924101832_cf7,PFA-00245,PSA-00257,PSF-00232,RHS-00222,3.0.0,2021-01-19T12:57:14.097Z
55,10:19:51,2025-09-24,Manual gsw+F,LI-COR Default,,055,,,0.175393,2.923896,0.165467,3.370868,0.811546,0.736110,2.415079,1.603534,9.163950,10.103056,30.065691,0.441786,7.500000,PSF-00232_20250924101951_a16,0.000000,0.000000,0.000000,82.362053,438.514221,0.812179,0.5,0.80,11.167861,1.000000,27.47,24.92,23.77,20.47,20.47,80.33,157.0,135.4,13.8,34,4.075,10:14:17,2025-09-24,0.12,1,0.002,0.003,0.012,0.042,0.098,0.040,0,150,-9999.000,-9999.000000,0.058905,0.000000,0.029230,0.000000,0.000000,-0.000068,standard,0,mpf,7000,500,-9999.000000,-9999.000000,300,300,300,427.743317,25,-7.171569,442.038055,428.238007,13.800049,2.445357,2.457604,1.645624,0.877558,0.286438,-0.037100,0.206214,0.135729,82.362053,0.000650,2.400430,-0.000041,1.000000,2.408421,-0.000039,1.000000,0.600250,0.601702,0.107071,0.000000,PSF-00232_20250924101951_a16,PFA-00245,PSA-00257,PSF-00232,RHS-00222,3.0.0,2021-01-19T12:57:14.097Z
56,10:20:11,2025-09-24,Manual gsw+F,LI-COR Default,,056,,,0.122185,2.921573,0.117280,2.373282,0.799732,0.746512,2.393006,1.593274,9.292952,9.955454,29.789320,0.441786,7.500000,PSF-00232_20250924102011_e13,0.000000,0.000000,0.000000,88.571190,471.832397,0.812283,0.5,0.80,14.197199,1.000000,27.09,25.29,23.76,20.32,20.32,80.33,156.7,152.4,2.7,44,4.074,10:14:17,2025-09-24,0.12,1,0.000,0.002,0.009,1.185,1.805,-0.978,0,150,-9999.000,-9999.000000,0.058905,0.000000,0.029230,0.000000,0.000000,-0.000068,standard,0,mpf,7000,500,-9999.000000,-9999.000000,300,300,300,471.832397,25,71.545204,491.033447,574.350159,-83.316711,2.445949,2.456996,1.643177,0.918906,0.286557,-0.038624,0.207648,0.143499,88.571190,0.000659,2.400430,-0.000041,1.000000,2.408421,-0.000039,1.000000,0.600250,0.601702,0.107071,0.000000,PSF-00232_20250924102011_e13,PFA-00245,PSA-00257,PSF-00232,RHS-00222,3.0.0,2021-01-19T12:57:14.097Z
57,10:20:35,2025-09-24,Manual gsw+F,LI-COR Default,,057,,,0.168510,2.922045,0.159322,3.067292,0.816663,0.747927,2.332762,1.516099,9.311319,10.167051,29.041725,0.441786,7.500000,PSF-00232_20250924102035_3e3,0.000000,0.000000,0.000000,67.723274,413.324554,0.836150,0.5,0.80,14.420377,1.000000,27.68,25.35,23.75,19.90,19.90,80.32,156.7,155.2,1.0,43,4.073,10:14:17,2025-09-24,0.12,1,0.001,0.003,0.008,0.798,0.665,0.574,0,150,-9999.000,-9999.000000,0.058905,0.000000,0.029230,0.000000,0.000000,-0.000068,standard,0,mpf,7000,500,-9999.000000,-9999.000000,300,300,300,347.643250,25,-40.742279,345.148438,354.944580,-9.796143,2.446060,2.457946,1.643673,0.925945,0.286708,-0.043013,0.209444,0.143015,67.723274,0.000661,2.400430,-0.000041,1.000000,2.408421,-0.000039,1.000000,0.600250,0.601702,0.107071,0.000000,PSF-00232_20250924102035_3e3,PFA-00245,PSA-00257,PSF-00232,RHS-00222,3.0.0,2021-01-19T12:57:14.097Z
58,10:21:03,2025-09-24,Manual gsw+F,LI-COR Default,,058,,,0.144164,2.923324,0.137388,2.570804,0.797573,0.740000,2.272068,1.474495,9.211490,9.928155,28.282597,0.441786,7.500000,PSF-00232_20250924102103_fcb,0.000000,0.000000,0.000000,87.129593,415.285309,0.790193,0.5,0.80,15.757527,1.000000,27.06,25.11,23.73,19.48,19.48,80.33,156.9,116.1,26.0,50,4.073,10:14:17,2025-09-24,0.12,1,-0.001,0.001,0.013,-0.042,0.019,-0.181,0,150,-9999.000,-9999.000000,0.058905,0.000000,0.029230,0.000000,0.000000,-0.000068,standard,0,mpf,7000,500,-9999.000000,-9999.000000,300,300,300,398.612030,25,-11.582611,400.887604,398.688477,2.199127,2.445670,2.456960,1.645020,0.832672,0.286892,-0.047485,0.211535,0.148632,87.129593,0.000685,2.400430,-0.000041,1.000000,2.408421,-0.000039,1.000000,0.600250,0.601702,0.107071,0.000000,PSF-00232_20250924102103_fcb,PFA-00245,PSA-00257,PSF-00232,RHS-00222,3.0.0,2021-01-19T12:57:14.097Z
59,10:21:20,2025-09-24,Manual gsw+F,LI-COR Default,,059,,,0.096257,2.922115,0.093188,1.720643,0.796147,0.757577,2.251294,1.455147,9.430511,9.910645,28.024700,0.441786,7.500000,PSF-00232_20250924102120_a0f,0.000000,0.000000,0.000000,77.949997,344.016602,0.773412,0.5,0.80,37.897816,1.000000,27.04,25.73,23.72,19.33,19.33,80.33,156.8,148.8,5.1,123,4.072,10:14:17,2025-09-24,0.12,1,0.001,0.002,0.019,0.091,0.459,1.507,0,150,-9999.000,-9999.000000,0.058905,0.000000,0.029230,0.000000,0.000000,-0.000068,standard,0,mpf,7000,500,-9999.000000,-9999.000000,300,300,300,331.670166,25,-8.588109,344.221466,331.710632,12.510834,2.446666,2.456924,1.643747,0.909917,0.287065,-0.048926,0.212778,0.209197,77.949997,0.000674,2.400430,-0.000041,1.000000,2.408421,-0.000039,1.000000,0.600250,0.601702,0.107071,0.000000,PSF-00232_20250924102120_a0f,PFA-00245,PSA-00257,PSF-00232,RHS-00222,3.0.0,2021-01-19T12:57:14.097Z
60,10:21:51,2025-09-24,Manual gsw+F,LI-COR Default,,060,,,0.128020,2.922386,0.122648,2.402820,0.785541,0.731678,2.329003,1.543462,9.107212,9.777647,28.989147,0.441786,7.500000,PSF-00232_20250924102151_b33,0.000000,0.000000,0.000000,88.726402,360.969238,0.754200,0.5,0.80,62.094780,1.000000,26.71,24.88,23.69,19.88,19.88,80.34,156.8,154.9,1.2,206,4.069,10:14:17,2025-09-24,0.12,1,0.001,0.001,0.005,-3.078,-3.818,-2.984,0,150,-9999.000,-9999.000000,0.058905,0.000000,0.029230,0.000000,0.000000,-0.000068,standard,0,mpf,7000,500,-9999.000000,-9999.000000,300,300,300,353.554474,25,-6.533129,358.376373,351.607849,6.768524,2.445311,2.456409,1.644032,0.925008,0.287318,-0.042688,0.215129,0.278665,88.726402,0.000657,2.400430,-0.000041,1.000000,2.408421,-0.000039,1.000000,0.600250,0.601702,0.107071,0.000000,PSF-00232_20250924102151_b33,PFA-00245,PSA-00257,PSF-00232,RHS-00222,3.0.0,2021-01-19T12:57:14.097Z
61,10:22:07,2025-09-24,Manual gsw+F,LI-COR Default,,061,,,0.045030,2.922444,0.044347,0.908389,0.768628,0.748261,2.382057,1.613430,9.313479,9.566980,29.649059,0.441786,7.500000,PSF-00232_20250924102207_a56,0.000000,0.000000,0.000000,97.065567,442.415436,0.780601,0.5,0.80,20.516439,1.000000,26.16,25.46,23.68,20.24,20.24,80.34,156.8,153.1,2.4,66,4.068,10:14:17,2025-09-24,0.12,1,-0.000,0.001,0.007,0.549,0.347,0.872,0,150,-9999.000,-9999.000000,0.058905,0.000000,0.029230,0.000000,0.000000,-0.000068,standard,0,mpf,7000,500,-9999.000000,-9999.000000,300,300,300,437.185059,25,-3.859661,436.808105,436.884888,-0.076782,2.446247,2.455518,1.644093,0.920606,0.287452,-0.038547,0.216313,0.161849,97.065567,0.000637,2.400430,-0.000041,1.000000,2.408421,-0.000039,1.000000,0.600250,0.601702,0.107071,0.000000,PSF-00232_20250924102207_a56,PFA-00245,PSA-00257,PSF-00232,RHS-00222,3.0.0,2021-01-19T12:57:14.097Z
62,10:22:49,2025-09-24,Manual gsw+F,LI-COR Default,,062,,,0.074129,2.922122,0.072295,1.417045,0.791620,0.759852,2.335666,1.544046,9.458218,9.853655,29.073084,0.441786,7.500000,PSF-00232_20250924102249_909,0.000000,0.000000,0.000000,77.829124,415.300659,0.812596,0.5,0.80,48.976486,1.000000,26.97,25.89,23.66,19.92,19.92,80.34,156.8,115.1,26.6,151,4.070,10:14:17,2025-09-24,0.12,1,-0.001,-0.000,0.012,0.081,0.150,0.699,0,150,-9999.000,-9999.000000,0.058905,0.000000,0.029230,0.000000,0.000000,-0.000068,standard,0,mpf,7000,500,-9999.000000,-9999.000000,300,300,300,404.109467,25,-7.331180,408.505096,404.795746,3.709351,2.446933,2.456828,1.643755,0.830432,0.287691,-0.041809,0.219389,0.232688,77.829124,0.000664,2.400430,-0.000041,1.000000,2.408421,-0.000039,1.000000,0.600250,0.601702,0.107071,0.000000,PSF-00232_20250924102249_909,PFA-00245,PSA-00257,PSF-00232,RHS-00222,3.0.0,2021-01-19T12:57:14.097Z
63,10:23:16,2025-09-24,Manual gsw+F,LI-COR Default,,063,,,0.052367,2.922633,0.051445,0.930219,0.856223,0.835392,2.280627,1.424404,10.397629,10.656898,28.385599,0.441786,7.500000,PSF-00232_20250924102316_022,0.000000,0.000000,0.000000,91.703293,451.892151,0.797068,0.5,0.80,17.404978,1.000000,29.19,28.48,23.65,19.54,19.54,80.34,156.8,155.2,1.0,55,4.069,10:14:17,2025-09-24,0.12,1,0.002,0.003,0.003,0.146,0.244,22.225,0,150,-9999.000,-9999.000000,0.058905,0.000000,0.029230,0.000000,0.000000,-0.000068,standard,0,mpf,7000,500,-9999.000000,-9999.000000,300,300,300,451.892151,25,21.942753,479.655853,483.334106,-3.678253,2.451041,2.460351,1.644292,0.925846,0.287819,-0.045898,0.221449,0.152582,91.703293,0.000669,2.400430,-0.000041,1.000000,2.408421,-0.000039,1.000000,0.600250,0.601702,0.107071,0.000000,PSF-00232_20250924102316_022,PFA-00245,PSA-00257,PSF-00232,RHS-00222,3.0.0,2021-01-19T12:57:14.097Z
64,10:23:40,2025-09-24,Manual gsw+F,LI-COR Default,,064,,,0.169610,2.922213,0.160306,3.004593,0.874039,0.806748,2.349732,1.475693,10.041018,10.878543,29.245436,0.441786,7.500000,PSF-00232_20250924102340_eda,0.000000,0.000000,0.000000,85.764885,405.228394,0.788354,0.5,0.80,71.297745,1.000000,29.81,27.52,23.65,20.02,20.02,80.35,156.8,155.2,1.0,226,4.069,10:14:17,2025-09-24,0.12,1,-0.001,0.001,0.013,0.145,0.523,0.930,0,150,-9999.000,-9999.000000,0.058905,0.000000,0.029230,0.000000,0.000000,-0.000068,standard,0,mpf,7000,500,-9999.000000,-9999.000000,300,300,300,379.869110,25,-18.032307,383.616333,379.389740,4.226593,2.449517,2.461320,1.643850,0.925929,0.287877,-0.040557,0.223368,0.295561,85.764885,0.000649,2.400430,-0.000041,1.000000,2.408421,-0.000039,1.000000,0.600250,0.601702,0.107071,0.000000,PSF-00232_20250924102340_eda,PFA-00245,PSA-00257,PSF-00232,RHS-00222,3.0.0,2021-01-19T12:57:14.097Z
65,10:24:12,2025-09-24,Manual gsw+F,LI-COR Default,,065,,,0.159144,2.922213,0.150924,2.917159,0.929664,0.864377,2.449971,1.520307,10.758247,11.570831,30.492945,0.441786,7.500000,PSF-00232_20250924102412_5e1,0.000000,0.000000,0.000000,92.280869,399.598724,0.769066,0.5,0.80,20.188730,1.000000,31.70,29.47,23.65,20.70,20.70,80.35,156.8,22.3,85.8,66,4.068,10:14:17,2025-09-24,0.12,1,-0.002,-0.002,0.019,0.028,0.075,0.280,0,150,-9999.000,-9999.000000,0.058905,0.000000,0.029230,0.000000,0.000000,-0.000068,standard,0,mpf,7000,500,-9999.000000,-9999.000000,300,300,300,399.598724,25,4.871734,415.429840,406.579468,8.850372,2.452589,2.464263,1.643850,0.641518,0.287822,-0.033139,0.225904,0.161783,92.280869,0.000653,2.400430,-0.000041,1.000000,2.408421,-0.000039,1.000000,0.600250,0.601702,0.107071,0.000000,PSF-00232_20250924102412_5e1,PFA-00245,PSA-00257,PSF-00232,RHS-00222,3.0.0,2021-01-19T12:57:14.097Z
66,10:24:50,2025-09-24,Manual gsw+F,LI-COR Default,,066,,,0.003947,2.922244,0.003942,0.086305,0.876625,0.874693,2.597703,1.721077,10.886608,10.910664,32.331551,0.441786,7.500000,PSF-00232_20250924102450_751,0.000000,0.000000,0.000000,97.870949,385.907623,0.746388,0.5,0.80,112.938705,1.000000,29.82,29.76,23.69,21.65,21.65,80.35,156.8,86.1,45.1,378,4.066,10:24:26,2025-09-24,0.10,1,0.000,0.002,0.002,-0.188,-1.299,4.679,0,150,-9999.000,-9999.000000,0.058905,0.000000,0.029230,0.000000,0.000000,-0.000068,standard,0,mpf,7000,500,-9999.000000,-9999.000000,300,300,300,375.694885,25,-7.102647,377.185822,375.730164,1.455658,2.453027,2.461368,1.643883,0.767110,0.287398,-0.022928,0.228829,0.422435,97.870949,0.000645,2.400430,-0.000041,1.000000,2.408421,-0.000039,1.000000,0.600250,0.601702,0.107071,0.000000,PSF-00232_20250924102450_751,PFA-00245,PSA-00257,PSF-00232,RHS-00222,3.0.0,2021-01-19T12:57:14.097Z
67,10:25:53,2025-09-24,Manual gsw+F,LI-COR Default,,067,,,0.140900,2.922623,0.134420,2.273348,0.895085,0.844206,2.227373,1.332288,10.508241,11.141559,27.725195,0.441786,7.500000,PSF-00232_20250924102553_61e,0.000000,0.000000,0.000000,48.324821,250.387100,0.807000,0.5,0.80,20.030056,1.000000,30.42,28.69,23.71,19.16,19.16,80.34,156.8,154.8,1.3,62,4.065,10:24:26,2025-09-24,0.10,1,0.002,0.004,0.022,-0.013,-0.522,3.983,0,150,-9999.000,-9999.000000,0.058905,0.000000,0.029230,0.000000,0.000000,-0.000068,standard,0,mpf,7000,500,-9999.000000,-9999.000000,300,300,300,221.646301,25,-20.143513,222.063660,221.523285,0.540375,2.451353,2.462293,1.644282,0.924934,0.287181,-0.050682,0.233720,0.158801,48.324821,0.000652,2.400430,-0.000041,1.000000,2.408421,-0.000039,1.000000,0.600250,0.601702,0.107071,0.000000,PSF-00232_20250924102553_61e,PFA-00245,PSA-00257,PSF-00232,RHS-00222,3.0.0,2021-01-19T12:57:14.097Z
68,10:26:29,2025-09-24,Manual gsw+F,LI-COR Default,,068,,,0.189277,2.921801,0.177761,3.471891,0.901515,0.823766,2.438011,1.536496,10.253692,11.221457,30.346739,0.441786,7.500000,PSF-00232_20250924102629_33a,0.000000,0.000000,0.000000,97.426773,400.250671,0.756586,0.5,0.80,267.716248,1.000000,30.61,27.97,23.72,20.62,20.62,80.34,156.7,154.7,1.3,885,4.062,10:24:26,2025-09-24,0.10,1,0.000,-0.000,0.006,0.565,0.494,1.294,0,150,-9999.000,-9999.000000,0.058905,0.000000,0.029230,0.000000,0.000000,-0.000068,standard,0,mpf,7000,500,-9999.000000,-9999.000000,300,300,300,400.250671,25,2.299836,419.857269,403.546112,16.311157,2.450222,2.462592,1.643417,0.924652,0.287021,-0.034819,0.236420,0.844552,97.426773,0.000657,2.400430,-0.000041,1.000000,2.408421,-0.000039,1.000000,0.600250,0.601702,0.107071,0.000000,PSF-00232_20250924102629_33a,PFA-00245,PSA-00257,PSF-00232,RHS-00222,3.0.0,2021-01-19T12:57:14.097Z
69,10:26:48,2025-09-24,Manual gsw+F,LI-COR Default,,069,,,0.173212,2.922955,0.163521,3.668904,0.890028,0.807930,2.652842,1.762814,10.056480,11.078375,33.020500,0.441786,7.500000,PSF-00232_20250924102648_6cd,0.000000,0.000000,0.000000,131.212585,388.599152,0.662345,0.5,0.80,110.089088,1.000000,30.20,27.41,23.73,22.00,22.00,80.34,156.9,155.3,1.0,416,4.062,10:24:26,2025-09-24,0.10,1,0.001,0.002,0.009,1.188,2.769,3.389,0,150,-9999.000,-9999.000000,0.058905,0.000000,0.029230,0.000000,0.000000,-0.000068,standard,0,mpf,7000,500,-9999.000000,-9999.000000,300,300,300,372.644653,25,-11.056623,379.214996,372.756012,6.458984,2.449336,2.461941,1.644631,0.926223,0.286863,-0.019603,0.237836,0.453484,131.212585,0.000651,2.400430,-0.000041,1.000000,2.408421,-0.000039,1.000000,0.600250,0.601702,0.107071,0.000000,PSF-00232_20250924102648_6cd,PFA-00245,PSA-00257,PSF-00232,RHS-00222,3.0.0,2021-01-19T12:57:14.097Z
70,10:27:05,2025-09-24,Manual gsw+F,LI-COR Default,,070,,,0.054205,2.922143,0.053218,1.042399,0.869021,0.845673,2.410629,1.541608,10.525683,10.816284,30.003939,0.441786,7.500000,PSF-00232_20250924102705_4e6,0.000000,0.000000,0.000000,84.519981,394.475800,0.785741,0.5,0.80,20.546238,1.000000,29.46,28.67,23.75,20.44,20.44,80.34,156.8,155.0,1.1,65,4.062,10:24:26,2025-09-24,0.10,1,0.000,0.001,-0.003,0.971,2.396,4.161,0,150,-9999.000,-9999.000000,0.058905,0.000000,0.029230,0.000000,0.000000,-0.000068,standard,0,mpf,7000,500,-9999.000000,-9999.000000,300,300,300,386.513458,25,-5.528312,396.780975,386.554230,10.226746,2.451319,2.460791,1.643776,0.925273,0.286734,-0.037135,0.239037,0.161570,84.641579,0.000660,2.400430,-0.000041,1.000000,2.408421,-0.000039,1.000000,0.600250,0.601702,0.107071,0.000000,PSF-00232_20250924102705_4e6,PFA-00245,PSA-00257,PSF-00232,RHS-00222,3.0.0,2021-01-19T12:57:14.097Z
71,10:27:24,2025-09-24,Manual gsw+F,LI-COR Default,,071,,,0.114475,2.922263,0.110160,2.281877,0.888587,0.837497,2.517486,1.628899,10.424436,11.060364,31.335495,0.441786,7.500000,PSF-00232_20250924102724_1b3,0.000000,0.000000,0.000000,92.748283,413.712952,0.775815,0.5,0.80,27.978830,1.000000,30.11,28.38,23.76,21.14,21.14,80.34,156.8,154.8,1.2,90,4.063,10:24:26,2025-09-24,0.10,1,-0.000,0.001,0.011,0.138,0.607,1.905,0,150,-9999.000,-9999.000000,0.058905,0.000000,0.029230,0.000000,0.000000,-0.000068,standard,0,mpf,7000,500,-9999.000000,-9999.000000,300,300,300,391.830322,25,-17.970640,384.955658,387.962646,-3.006989,2.450852,2.461797,1.643903,0.924966,0.286608,-0.029442,0.240404,0.182234,92.748283,0.000652,2.400430,-0.000041,1.000000,2.408421,-0.000039,1.000000,0.600250,0.601702,0.107071,0.000000,PSF-00232_20250924102724_1b3,PFA-00245,PSA-00257,PSF-00232,RHS-00222,3.0.0,2021-01-19T12:57:14.097Z
72,10:27:29,2025-09-24,Manual gsw+F,LI-COR Default,,072,,,0.106602,2.923861,0.102852,1.443106,0.863914,0.831634,1.971267,1.107353,10.351431,10.753220,24.536554,0.441786,7.500000,PSF-00232_20250924102729_981,0.000000,0.000000,0.000000,1.375079,1.401544,0.018882,0.5,0.80,0.550506,1.000000,29.27,28.17,23.76,17.22,17.22,80.34,157.0,-10.0,106.4,73,4.063,10:24:26,2025-09-24,0.10,1,-9999.000,-9999.000,-9999.000,-9999.000,-9999.000,-9999.000,0,150,-9999.000,-9999.000000,0.058905,0.000000,0.029230,0.000000,0.000000,-0.000068,standard,0,mpf,7000,500,-9999.000000,-9999.000000,300,300,300,1.401544,25,-0.010627,1.378298,1.386315,-0.008018,2.450534,2.460480,1.645587,0.584364,0.286582,-0.072272,0.240667,0.167834,1.375079,0.000649,2.400430,-0.000041,1.000000,2.408421,-0.000039,1.000000,0.600250,0.601702,0.107071,0.000000,PSF-00232_20250924102729_981,PFA-00245,PSA-00257,PSF-00232,RHS-00222,3.0.0,2021-01-19T12:57:14.097Z
73,10:27:52,2025-09-24,Manual gsw+F,LI-COR Default,,073,,,0.207457,2.921831,0.193704,3.932230,0.901968,0.813905,2.498496,1.596527,10.130001,11.226050,31.096701,0.441786,7.500000,PSF-00232_20250924102752_0f6,0.000000,0.000000,0.000000,85.316063,403.575714,0.788600,0.5,0.80,24.412579,1.000000,30.52,27.54,23.78,21.02,21.02,80.35,156.7,59.7,61.9,77,4.062,10:24:26,2025-09-24,0.10,1,-0.000,0.001,0.017,-0.077,-0.165,0.012,0,150,-9999.000,-9999.000000,0.058905,0.000000,0.029230,0.000000,0.000000,-0.000068,standard,0,mpf,7000,500,-9999.000000,-9999.000000,300,300,300,384.401306,25,-13.214986,383.879913,384.639832,-0.759918,2.449536,2.462443,1.643449,0.712939,0.286371,-0.031052,0.242250,0.171591,85.431580,0.000668,2.400430,-0.000041,1.000000,2.408421,-0.000039,1.000000,0.600250,0.601702,0.107071,0.000000,PSF-00232_20250924102752_0f6,PFA-00245,PSA-00257,PSF-00232,RHS-00222,3.0.0,2021-01-19T12:57:14.097Z
74,10:28:13,2025-09-24,Manual gsw+F,LI-COR Default,,074,,,0.007816,2.923176,0.007795,0.164461,0.809874,0.806190,2.470410,1.660536,10.034201,10.080046,30.747807,0.441786,7.500000,PSF-00232_20250924102813_889,0.000000,0.000000,0.000000,63.194633,285.537994,0.778682,0.5,0.80,18.254139,1.000000,27.39,27.27,23.79,20.83,20.83,80.34,156.9,-7.4,104.7,59,4.062,10:24:26,2025-09-24,0.10,1,0.003,0.002,-0.010,0.111,0.120,0.170,0,150,-9999.000,-9999.000000,0.058905,0.000000,0.029230,0.000000,0.000000,-0.000068,standard,0,mpf,7000,500,-9999.000000,-9999.000000,300,300,300,270.796539,25,-11.301479,268.057831,269.343994,-1.286163,2.449099,2.457508,1.644864,0.588812,0.286268,-0.033199,0.243675,0.155929,63.127399,0.000658,2.400430,-0.000041,1.000000,2.408421,-0.000039,1.000000,0.600250,0.601702,0.107071,0.000000,PSF-00232_20250924102813_889,PFA-00245,PSA-00257,PSF-00232,RHS-00222,3.0.0,2021-01-19T12:57:14.097Z
75,10:28:37,2025-09-24,Manual gsw+F,LI-COR Default,,075,,,0.146374,2.922629,0.139392,2.890198,0.865266,0.800553,2.496269,1.631003,9.964189,10.769650,31.070148,0.441786,7.500000,PSF-00232_20250924102837_1aa,0.000000,0.000000,0.000000,97.689629,376.875031,0.740790,0.5,0.80,167.563034,1.000000,29.24,27.06,23.80,21.00,21.00,80.34,156.8,154.7,1.4,565,4.031,10:24:26,2025-09-24,0.10,1,0.001,0.004,0.011,0.342,1.070,3.198,0,150,-9999.000,-9999.000000,0.058905,0.000000,0.029230,0.000000,0.000000,-0.000068,standard,0,mpf,7000,500,-9999.000000,-9999.000000,300,300,300,342.819580,25,-28.328968,330.490723,336.282196,-5.791473,2.448763,2.460435,1.644287,0.924515,0.286127,-0.031458,0.245363,0.578501,97.531914,0.000659,2.400430,-0.000041,1.000000,2.408421,-0.000039,1.000000,0.600250,0.601702,0.107071,0.000000,PSF-00232_20250924102837_1aa,PFA-00245,PSA-00257,PSF-00232,RHS-00222,3.0.0,2021-01-19T12:57:14.097Z
76,10:28:57,2025-09-24,Manual gsw+F,LI-COR Default,,076,,,0.111371,2.922921,0.107283,1.914138,0.862277,0.819427,2.267815,1.405538,10.199175,10.732517,28.226843,0.441786,7.500000,PSF-00232_20250924102857_471,0.000000,0.000000,0.000000,82.061646,372.693024,0.779814,0.5,0.80,21.709959,1.000000,29.13,27.69,23.80,19.45,19.45,80.34,156.9,155.6,0.8,70,4.058,10:24:26,2025-09-24,0.10,1,0.002,0.000,-0.011,0.102,0.213,0.491,0,150,-9999.000,-9999.000000,0.058905,0.000000,0.029230,0.000000,0.000000,-0.000068,standard,0,mpf,7000,500,-9999.000000,-9999.000000,300,300,300,354.399200,25,-12.583801,361.621857,354.661591,6.960266,2.449759,2.460263,1.644596,0.926915,0.286077,-0.048632,0.246721,0.165094,82.061646,0.000663,2.400430,-0.000041,1.000000,2.408421,-0.000039,1.000000,0.600250,0.601702,0.107071,0.000000,PSF-00232_20250924102857_471,PFA-00245,PSA-00257,PSF-00232,RHS-00222,3.0.0,2021-01-19T12:57:14.097Z
77,10:29:16,2025-09-24,Manual gsw+F,LI-COR Default,,077,,,0.154601,2.922151,0.146833,2.896403,0.859713,0.794828,2.412377,1.552664,9.892283,10.699837,30.024017,0.441786,7.500000,PSF-00232_20250924102916_dc2,0.000000,0.000000,0.000000,93.260765,453.800385,0.794489,0.5,0.80,16.838528,1.000000,29.04,26.85,23.81,20.45,20.45,80.35,156.8,154.9,1.2,53,4.029,10:24:26,2025-09-24,0.10,1,0.001,0.003,0.008,0.237,0.507,0.888,0,150,-9999.000,-9999.000000,0.058905,0.000000,0.029230,0.000000,0.000000,-0.000068,standard,0,mpf,7000,500,-9999.000000,-9999.000000,300,300,300,439.333313,25,-10.280338,448.163513,439.069611,9.093903,2.448434,2.460116,1.643785,0.925068,0.286033,-0.037708,0.248027,0.151243,93.260765,0.000655,2.400430,-0.000041,1.000000,2.408421,-0.000039,1.000000,0.600250,0.601702,0.107071,0.000000,PSF-00232_20250924102916_dc2,PFA-00245,PSA-00257,PSF-00232,RHS-00222,3.0.0,2021-01-19T12:57:14.097Z
78,10:29:40,2025-09-24,Manual gsw+F,LI-COR Default,,078,,,0.098848,2.922086,0.095614,1.864385,0.856940,0.815170,2.391989,1.535049,10.145432,10.665291,29.770172,0.441786,7.500000,PSF-00232_20250924102940_d42,0.000000,0.000000,0.000000,69.529655,367.555267,0.810832,0.5,0.80,13.500952,1.000000,28.92,27.51,23.82,20.31,20.31,80.35,156.7,155.0,1.1,42,4.059,10:24:26,2025-09-24,0.10,1,0.003,0.004,0.013,0.111,0.097,0.360,0,150,-9999.000,-9999.000000,0.058905,0.000000,0.029230,0.000000,0.000000,-0.000068,standard,0,mpf,7000,500,-9999.000000,-9999.000000,300,300,300,367.555267,25,0.834325,380.487427,368.750793,11.736633,2.449487,2.459932,1.643717,0.925424,0.285890,-0.039370,0.249677,0.141774,69.529655,0.000645,2.400430,-0.000041,1.000000,2.408421,-0.000039,1.000000,0.600250,0.601702,0.107071,0.000000,PSF-00232_20250924102940_d42,PFA-00245,PSA-00257,PSF-00232,RHS-00222,3.0.0,2021-01-19T12:57:14.097Z
79,10:30:06,2025-09-24,Manual gsw+F,LI-COR Default,,079,,,0.141136,2.921989,0.134633,2.640322,0.903425,0.844303,2.446267,1.542841,10.508304,11.244148,30.446556,0.441786,7.500000,PSF-00232_20250924103006_c0c,0.000000,0.000000,0.000000,105.816360,453.461761,0.766648,0.5,0.80,38.209106,1.000000,30.48,28.48,23.83,20.67,20.67,80.35,156.7,140.6,10.3,125,4.031,10:24:26,2025-09-24,0.10,1,-0.002,-0.002,0.011,0.113,0.107,0.461,0,150,-9999.000,-9999.000000,0.058905,0.000000,0.029230,0.000000,0.000000,-0.000068,standard,0,mpf,7000,500,-9999.000000,-9999.000000,300,300,300,453.461761,25,3.634756,472.594849,458.670044,13.924805,2.451013,2.462368,1.643614,0.890162,0.285803,-0.035436,0.251427,0.210945,105.816360,0.000666,2.400430,-0.000041,1.000000,2.408421,-0.000039,1.000000,0.600250,0.601702,0.107071,0.000000,PSF-00232_20250924103006_c0c,PFA-00245,PSA-00257,PSF-00232,RHS-00222,3.0.0,2021-01-19T12:57:14.097Z
80,10:30:23,2025-09-24,Manual gsw+F,LI-COR Default,,080,,,0.058920,2.922614,0.057755,1.172708,0.877625,0.851370,2.475008,1.597383,10.596230,10.923002,30.804174,0.441786,7.500000,PSF-00232_20250924103023_1f6,0.000000,0.000000,0.000000,79.634071,341.854706,0.767053,0.5,0.80,15.730158,1.000000,29.60,28.71,23.83,20.86,20.86,80.35,156.8,135.4,13.7,51,4.058,10:24:26,2025-09-24,0.10,1,0.002,0.001,0.003,0.131,0.304,0.672,0,150,-9999.000,-9999.000000,0.058905,0.000000,0.029230,0.000000,0.000000,-0.000068,standard,0,mpf,7000,500,-9999.000000,-9999.000000,300,300,300,339.269043,25,-1.940713,338.444366,339.073853,-0.629486,2.451368,2.460987,1.644272,0.877511,0.285728,-0.033407,0.252516,0.149812,79.634071,0.000643,2.400430,-0.000041,1.000000,2.408421,-0.000039,1.000000,0.600250,0.601702,0.107071,0.000000,PSF-00232_20250924103023_1f6,PFA-00245,PSA-00257,PSF-00232,RHS-00222,3.0.0,2021-01-19T12:57:14.097Z
81,10:30:56,2025-09-24,Manual gsw+F,LI-COR Default,,081,,,0.287560,2.921988,0.261796,5.021559,0.985686,0.873362,2.493422,1.507736,10.870210,12.268245,31.034138,0.441786,7.500000,PSF-00232_20250924103056_7e4,0.000000,0.000000,0.000000,55.795311,272.989166,0.795613,0.5,0.80,12.605902,1.000000,33.23,29.45,23.84,20.98,20.98,80.34,156.7,2.6,98.3,40,4.057,10:24:26,2025-09-24,0.10,1,0.012,0.022,0.039,0.419,0.236,-0.488,0,150,-9999.000,-9999.000000,0.058905,0.000000,0.029230,0.000000,0.000000,-0.000068,standard,0,mpf,7000,500,-9999.000000,-9999.000000,300,300,300,251.584412,25,-14.896333,255.239731,251.644073,3.595657,2.452516,2.466631,1.643613,0.606248,0.285682,-0.032114,0.254798,0.140093,53.902744,0.000656,2.400430,-0.000041,1.000000,2.408421,-0.000039,1.000000,0.600250,0.601702,0.107071,0.000000,PSF-00232_20250924103056_7e4,PFA-00245,PSA-00257,PSF-00232,RHS-00222,3.0.0,2021-01-19T12:57:14.097Z
82,10:31:31,2025-09-24,Manual gsw+F,LI-COR Default,,082,,,0.134363,2.922859,0.128458,2.322042,0.917540,0.865592,2.340399,1.422858,10.773707,11.420287,29.130087,0.441786,7.500000,PSF-00232_20250924103131_dca,0.000000,0.000000,0.000000,91.391083,450.268494,0.797030,0.5,0.80,35.685921,1.000000,30.90,29.15,23.86,19.96,19.96,80.34,156.8,154.8,1.3,112,4.056,10:24:26,2025-09-24,0.10,1,0.002,0.003,0.021,0.222,0.473,0.977,0,150,-9999.000,-9999.000000,0.058905,0.000000,0.029230,0.000000,0.000000,-0.000068,standard,0,mpf,7000,500,-9999.000000,-9999.000000,300,300,300,450.268494,25,0.417163,465.093964,450.866241,14.227722,2.452050,2.463018,1.644530,0.924871,0.285459,-0.043687,0.257074,0.200387,91.391083,0.000654,2.400430,-0.000041,1.000000,2.408421,-0.000039,1.000000,0.600250,0.601702,0.107071,0.000000,PSF-00232_20250924103131_dca,PFA-00245,PSA-00257,PSF-00232,RHS-00222,3.0.0,2021-01-19T12:57:14.097Z
83,10:32:14,2025-09-24,Manual gsw+F,LI-COR Default,,083,,,0.301562,2.921734,0.273349,4.706930,0.953130,0.847780,2.308528,1.355398,10.551914,11.863156,28.733139,0.441786,7.500000,PSF-00232_20250924103214_a54,0.000000,0.000000,0.000000,62.332035,230.131058,0.729146,0.5,0.80,21.780836,1.000000,32.05,28.51,23.88,19.74,19.74,80.34,156.7,154.7,1.3,75,4.055,10:24:26,2025-09-24,0.10,1,0.001,0.005,0.018,0.324,1.285,2.693,0,150,-9999.000,-9999.000000,0.058905,0.000000,0.029230,0.000000,0.000000,-0.000068,standard,0,mpf,7000,500,-9999.000000,-9999.000000,300,300,300,224.549179,25,-4.255059,234.133957,224.033951,10.100006,2.451037,2.464796,1.643346,0.924548,0.285166,-0.046411,0.259994,0.169329,62.332035,0.000646,2.400430,-0.000041,1.000000,2.408421,-0.000039,1.000000,0.600250,0.601702,0.107071,0.000000,PSF-00232_20250924103214_a54,PFA-00245,PSA-00257,PSF-00232,RHS-00222,3.0.0,2021-01-19T12:57:14.097Z
84,10:32:43,2025-09-24,Manual gsw+F,LI-COR Default,,084,,,0.274110,2.924072,0.250616,5.122929,0.972264,0.857842,2.578317,1.606053,10.677079,12.101222,32.090870,0.441786,7.500000,PSF-00232_20250924103243_57c,0.000000,0.000000,0.000000,75.375435,356.836853,0.788768,0.5,0.80,14.721988,1.000000,32.65,28.81,23.90,21.53,21.53,80.34,157.0,15.5,90.2,47,4.055,10:24:26,2025-09-24,0.10,1,0.005,0.003,0.016,0.015,0.062,0.201,0,150,-9999.000,-9999.000000,0.058905,0.000000,0.029230,0.000000,0.000000,-0.000068,standard,0,mpf,7000,500,-9999.000000,-9999.000000,300,300,300,350.579742,25,-3.799807,356.874695,351.392090,5.482605,2.451511,2.465726,1.645810,0.629143,0.284941,-0.026774,0.261992,0.145971,75.375435,0.000672,2.400430,-0.000041,1.000000,2.408421,-0.000039,1.000000,0.600250,0.601702,0.107071,0.000000,PSF-00232_20250924103243_57c,PFA-00245,PSA-00257,PSF-00232,RHS-00222,3.0.0,2021-01-19T12:57:14.097Z
85,10:33:24,2025-09-24,Manual gsw+F,LI-COR Default,,085,,,0.009186,2.921603,0.009157,0.207776,0.884481,0.879826,2.667205,1.782724,10.950468,11.008406,33.196491,0.441786,7.500000,PSF-00232_20250924103324_5cc,0.000000,0.000000,0.000000,61.311722,219.957169,0.721256,0.5,0.80,34.579014,1.000000,29.64,29.49,23.94,22.08,22.08,80.35,156.7,153.8,1.9,120,4.052,10:24:26,2025-09-24,0.10,1,0.003,0.004,0.000,0.103,0.014,0.122,0,150,-9999.000,-9999.000000,0.058905,0.000000,0.029230,0.000000,0.000000,-0.000068,standard,0,mpf,7000,500,-9999.000000,-9999.000000,300,300,300,213.104721,25,-4.768350,211.343048,213.124557,-1.781509,2.452559,2.461039,1.643209,0.922274,0.284537,-0.020958,0.264698,0.206992,61.311722,0.000655,2.400430,-0.000041,1.000000,2.408421,-0.000039,1.000000,0.600250,0.601702,0.107071,0.000000,PSF-00232_20250924103324_5cc,PFA-00245,PSA-00257,PSF-00232,RHS-00222,3.0.0,2021-01-19T12:57:14.097Z
86,10:33:45,2025-09-24,Manual gsw+F,LI-COR Default,,086,,,0.066832,2.922382,0.065338,1.359341,0.872366,0.841926,2.508767,1.636400,10.478817,10.857688,31.224735,0.441786,7.500000,PSF-00232_20250924103345_dec,0.000000,0.000000,0.000000,78.080177,312.632538,0.750249,0.5,0.80,21.472111,1.000000,29.21,28.19,23.95,21.08,21.08,80.35,156.8,151.9,3.1,72,4.053,10:24:26,2025-09-24,0.10,1,0.002,0.003,0.012,-0.292,0.420,1.933,0,150,-9999.000,-9999.000000,0.058905,0.000000,0.029230,0.000000,0.000000,-0.000068,standard,0,mpf,7000,500,-9999.000000,-9999.000000,300,300,300,280.453918,25,-21.645298,275.388123,281.616791,-6.228668,2.450535,2.460364,1.644028,0.917576,0.284390,-0.032309,0.265988,0.166720,77.973244,0.000657,2.400430,-0.000041,1.000000,2.408421,-0.000039,1.000000,0.600250,0.601702,0.107071,0.000000,PSF-00232_20250924103345_dec,PFA-00245,PSA-00257,PSF-00232,RHS-00222,3.0.0,2021-01-19T12:57:14.097Z
87,10:34:03,2025-09-24,Manual gsw+F,LI-COR Default,,087,,,0.198417,2.922427,0.185802,3.187819,0.910869,0.839520,2.262136,1.351267,10.448935,11.336972,28.155277,0.441786,7.500000,PSF-00232_20250924103403_62c,0.000000,0.000000,0.000000,77.863815,353.016144,0.779433,0.5,0.80,15.433678,1.000000,30.49,28.10,23.96,19.41,19.41,80.35,156.8,155.2,1.0,50,4.051,10:24:26,2025-09-24,0.10,1,0.003,0.006,0.021,0.011,0.028,-0.558,0,150,-9999.000,-9999.000000,0.058905,0.000000,0.029230,0.000000,0.000000,-0.000068,standard,0,mpf,7000,500,-9999.000000,-9999.000000,300,300,300,350.370880,25,-1.316783,357.834229,351.129303,6.704926,2.450389,2.462362,1.644075,0.925870,0.284310,-0.050852,0.267122,0.148340,77.863815,0.000662,2.400430,-0.000041,1.000000,2.408421,-0.000039,1.000000,0.600250,0.601702,0.107071,0.000000,PSF-00232_20250924103403_62c,PFA-00245,PSA-00257,PSF-00232,RHS-00222,3.0.0,2021-01-19T12:57:14.097Z
88,10:34:29,2025-09-24,Manual gsw+F,LI-COR Default,,088,,,0.307009,2.922828,0.277827,5.325399,0.954559,0.835469,2.461883,1.507324,10.398459,11.880680,30.641211,0.441786,7.500000,PSF-00232_20250924103429_fa7,0.000000,0.000000,0.000000,93.400238,444.992706,0.790108,0.5,0.80,18.741222,1.000000,31.92,27.94,23.97,20.78,20.78,80.35,156.8,66.5,57.6,59,4.052,10:24:26,2025-09-24,0.10,1,0.003,0.003,0.024,0.060,0.291,0.583,0,150,-9999.000,-9999.000000,0.058905,0.000000,0.029230,0.000000,0.000000,-0.000068,standard,0,mpf,7000,500,-9999.000000,-9999.000000,300,300,300,426.839233,25,-12.460465,427.650330,427.138000,0.512329,2.450129,2.464581,1.644497,0.726545,0.284122,-0.035989,0.268826,0.156507,93.400238,0.000664,2.400430,-0.000041,1.000000,2.408421,-0.000039,1.000000,0.600250,0.601702,0.107071,0.000000,PSF-00232_20250924103429_fa7,PFA-00245,PSA-00257,PSF-00232,RHS-00222,3.0.0,2021-01-19T12:57:14.097Z
89,10:35:03,2025-09-24,Manual gsw+F,LI-COR Default,,089,,,0.058105,2.921926,0.056972,1.165173,0.895910,0.869817,2.504296,1.608386,10.826222,11.150997,31.169868,0.441786,7.500000,PSF-00232_20250924103503_783,0.000000,0.000000,0.000000,77.703239,337.474640,0.769751,0.5,0.80,48.020363,1.000000,29.86,28.99,24.03,21.05,21.05,80.34,156.7,155.1,1.0,156,4.052,10:34:53,2025-09-24,0.17,1,-0.000,0.001,0.010,0.353,0.425,1.401,0,150,-9999.000,-9999.000000,0.058905,0.000000,0.029230,0.000000,0.000000,-0.000068,standard,0,mpf,7000,500,-9999.000000,-9999.000000,300,300,300,335.268250,25,-0.923199,338.719727,336.151794,2.567932,2.451774,2.461264,1.643548,0.925688,0.283511,-0.033526,0.271081,0.237091,77.703239,0.000649,2.400430,-0.000041,1.000000,2.408421,-0.000039,1.000000,0.600250,0.601702,0.107071,0.000000,PSF-00232_20250924103503_783,PFA-00245,PSA-00257,PSF-00232,RHS-00222,3.0.0,2021-01-19T12:57:14.097Z
90,10:35:21,2025-09-24,Manual gsw+F,LI-COR Default,,090,,,0.135679,2.921297,0.129657,2.274861,0.956253,0.905320,2.337043,1.380790,11.267840,11.901757,29.087412,0.441786,7.500000,PSF-00232_20250924103521_45c,0.000000,0.000000,0.000000,76.128242,355.050903,0.785585,0.5,0.80,18.655766,1.000000,31.82,30.13,24.05,19.93,19.93,80.35,156.7,155.1,1.0,59,4.048,10:34:53,2025-09-24,0.17,1,-0.001,0.001,0.013,0.088,0.255,-0.083,0,150,-9999.000,-9999.000000,0.058905,0.000000,0.029230,0.000000,0.000000,-0.000068,standard,0,mpf,7000,500,-9999.000000,-9999.000000,300,300,300,351.352936,25,-2.575526,365.064728,351.360413,13.704315,2.453541,2.464315,1.642887,0.925717,0.283223,-0.046205,0.272232,0.156565,76.196548,0.000669,2.400430,-0.000041,1.000000,2.408421,-0.000039,1.000000,0.600250,0.601702,0.107071,0.000000,PSF-00232_20250924103521_45c,PFA-00245,PSA-00257,PSF-00232,RHS-00222,3.0.0,2021-01-19T12:57:14.097Z
91,10:35:47,2025-09-24,Manual gsw+F,LI-COR Default,,091,,,0.022040,2.922273,0.021875,0.502221,0.888067,0.876821,2.691592,1.803525,10.913103,11.053065,33.500118,0.441786,7.500000,PSF-00232_20250924103547_a3f,0.000000,0.000000,0.000000,153.537872,402.980499,0.618994,0.5,0.80,77.734848,1.000000,29.50,29.13,24.08,22.23,22.23,80.35,156.8,146.7,6.4,314,4.021,10:34:53,2025-09-24,0.17,1,0.001,0.000,0.006,1.858,5.698,14.992,0,150,-9999.000,-9999.000000,0.058905,0.000000,0.029230,0.000000,0.000000,-0.000068,standard,0,mpf,7000,500,-9999.000000,-9999.000000,300,300,300,392.752655,25,-6.881370,389.905579,393.120117,-3.214539,2.451976,2.460689,1.643913,0.904825,0.282877,-0.020968,0.273926,0.368807,153.537872,0.000653,2.400430,-0.000041,1.000000,2.408421,-0.000039,1.000000,0.600250,0.601702,0.107071,0.000000,PSF-00232_20250924103547_a3f,PFA-00245,PSA-00257,PSF-00232,RHS-00222,3.0.0,2021-01-19T12:57:14.097Z
92,10:36:05,2025-09-24,Manual gsw+F,LI-COR Default,,092,,,0.040972,2.921707,0.040405,0.971370,0.833506,0.811731,2.722384,1.888878,10.102654,10.373670,33.882313,0.441786,7.500000,PSF-00232_20250924103605_247,0.000000,0.000000,0.000000,84.410545,361.463898,0.766476,0.5,0.80,69.666313,1.000000,27.65,26.93,24.11,22.42,22.42,80.35,156.7,155.6,0.7,227,4.049,10:34:53,2025-09-24,0.17,1,-0.001,0.000,0.005,0.392,0.994,2.357,0,150,-9999.000,-9999.000000,0.058905,0.000000,0.029230,0.000000,0.000000,-0.000068,standard,0,mpf,7000,500,-9999.000000,-9999.000000,300,300,300,348.110321,25,-8.967182,348.639618,348.614746,0.024872,2.448514,2.457764,1.643318,0.926802,0.282616,-0.019125,0.275085,0.296505,84.410545,0.000652,2.400430,-0.000041,1.000000,2.408421,-0.000039,1.000000,0.600250,0.601702,0.107071,0.000000,PSF-00232_20250924103605_247,PFA-00245,PSA-00257,PSF-00232,RHS-00222,3.0.0,2021-01-19T12:57:14.097Z
93,10:36:28,2025-09-24,Manual gsw+F,LI-COR Default,,093,,,0.090513,2.921957,0.087794,2.056955,0.880803,0.834730,2.721041,1.840238,10.389355,10.962795,33.867069,0.441786,7.500000,PSF-00232_20250924103628_551,0.000000,0.000000,0.000000,85.774902,337.927460,0.746174,0.5,0.80,74.925423,1.000000,29.16,27.64,24.14,22.41,22.41,80.34,156.7,153.9,1.8,251,4.038,10:34:53,2025-09-24,0.17,1,-0.000,0.001,0.015,0.090,0.185,-0.526,0,150,-9999.000,-9999.000000,0.058905,0.000000,0.029230,0.000000,0.000000,-0.000068,standard,0,mpf,7000,500,-9999.000000,-9999.000000,300,300,300,310.229309,25,-21.395000,303.946136,307.270386,-3.324249,2.449628,2.460146,1.643581,0.922538,0.282246,-0.019596,0.276577,0.316349,85.774902,0.000660,2.400430,-0.000041,1.000000,2.408421,-0.000039,1.000000,0.600250,0.601702,0.107071,0.000000,PSF-00232_20250924103628_551,PFA-00245,PSA-00257,PSF-00232,RHS-00222,3.0.0,2021-01-19T12:57:14.097Z
94,10:44:43,2025-09-24,Manual gsw+F,LI-COR Default,,094,,,0.156103,2.922747,0.148188,3.626353,0.827929,0.746716,2.749909,1.921981,9.295696,10.306694,34.232979,0.441786,7.500000,PSF-00232_20250924104443_9c9,0.000000,0.000000,0.000000,194.712646,382.515076,0.490967,0.5,0.80,116.089821,1.000000,26.76,24.14,24.54,22.59,22.59,80.33,156.8,155.2,1.0,591,4.035,10:34:53,2025-09-24,0.17,1,0.001,0.003,0.011,-3.301,-0.871,-0.393,0,150,-9999.000,-9999.000000,0.058905,0.000000,0.029230,0.000000,0.000000,-0.000068,standard,0,mpf,7000,500,-9999.000000,-9999.000000,300,300,300,365.837585,25,-11.912713,364.546906,365.445251,-0.898346,2.443991,2.456286,1.644412,0.925984,0.277790,-0.022252,0.306162,0.599877,194.712646,0.000623,2.400430,-0.000041,1.000000,2.408421,-0.000039,1.000000,0.600250,0.601702,0.107071,0.000000,PSF-00232_20250924104443_9c9,PFA-00245,PSA-00257,PSF-00232,RHS-00222,3.0.0,2021-01-19T12:57:14.097Z
95,10:45:11,2025-09-24,Manual gsw+F,LI-COR Default,,095,,,0.029082,2.922484,0.028796,0.749298,0.836245,0.819461,2.878337,2.042092,10.200426,10.409346,35.828735,0.441786,7.500000,PSF-00232_20250924104511_c63,0.000000,0.000000,0.000000,99.243164,206.483322,0.519365,0.5,0.80,235.656204,1.000000,26.99,26.45,24.57,23.34,23.34,80.34,156.8,152.7,2.6,1134,4.035,10:34:53,2025-09-24,0.17,1,-0.001,-0.000,0.012,0.448,1.153,5.383,0,150,-9999.000,-9999.000000,0.058905,0.000000,0.029230,0.000000,0.000000,-0.000068,standard,0,mpf,7000,500,-9999.000000,-9999.000000,300,300,300,193.752411,25,-9.861362,188.306458,192.352890,-4.046432,2.447683,2.456643,1.644135,0.919765,0.277500,-0.014000,0.307929,1.052743,99.243164,0.000631,2.400430,-0.000041,1.000000,2.408421,-0.000039,1.000000,0.600250,0.601702,0.107071,0.000000,PSF-00232_20250924104511_c63,PFA-00245,PSA-00257,PSF-00232,RHS-00222,3.0.0,2021-01-19T12:57:14.097Z
96,10:45:42,2025-09-24,Manual gsw+F,LI-COR Default,,096,,,0.189915,2.923041,0.178329,4.026048,0.879403,0.789306,2.653316,1.773913,9.824607,10.946049,33.026192,0.441786,7.500000,PSF-00232_20250924104542_dea,0.000000,0.000000,0.000000,96.031311,396.475647,0.757788,0.5,0.80,57.677380,1.000000,28.33,25.43,24.60,22.00,22.00,80.34,156.9,154.2,1.7,190,4.035,10:45:24,2025-09-24,0.20,1,0.002,0.004,0.041,0.036,0.011,-0.500,0,150,-9999.000,-9999.000000,0.058905,0.000000,0.029230,0.000000,0.000000,-0.000068,standard,0,mpf,7000,500,-9999.000000,-9999.000000,300,300,300,391.330017,25,-3.054356,396.812439,392.099030,4.713409,2.446054,2.458704,1.644722,0.923491,0.277162,-0.029530,0.309909,0.265704,96.171860,0.000648,2.400430,-0.000041,1.000000,2.408421,-0.000039,1.000000,0.600250,0.601702,0.107071,0.000000,PSF-00232_20250924104542_dea,PFA-00245,PSA-00257,PSF-00232,RHS-00222,3.0.0,2021-01-19T12:57:14.097Z
97,10:46:12,2025-09-24,Manual gsw+F,LI-COR Default,,097,,,0.044960,2.921000,0.044278,1.034085,0.844059,0.820868,2.679321,1.835262,10.216762,10.505397,33.347595,0.441786,7.500000,PSF-00232_20250924104612_07c,0.000000,0.000000,0.000000,83.445312,356.673798,0.766046,0.5,0.80,19.574585,1.000000,27.17,26.43,24.61,22.16,22.16,80.35,156.6,1.7,98.9,64,4.035,10:45:24,2025-09-24,0.20,1,0.001,0.002,0.011,0.436,0.771,1.974,0,150,-9999.000,-9999.000000,0.058905,0.000000,0.029230,0.000000,0.000000,-0.000068,standard,0,mpf,7000,500,-9999.000000,-9999.000000,300,300,300,346.253510,25,-8.475657,342.320312,344.528961,-2.208649,2.447639,2.456864,1.642576,0.604697,0.277017,-0.027884,0.311777,0.160327,83.445312,0.000643,2.400430,-0.000041,1.000000,2.408421,-0.000039,1.000000,0.600250,0.601702,0.107071,0.000000,PSF-00232_20250924104612_07c,PFA-00245,PSA-00257,PSF-00232,RHS-00222,3.0.0,2021-01-19T12:57:14.097Z
98,10:46:35,2025-09-24,Manual gsw+F,LI-COR Default,,098,,,0.321201,2.922124,0.289391,5.558342,0.903925,0.779475,2.415272,1.511348,9.701393,11.250299,30.060612,0.441786,7.500000,PSF-00232_20250924104635_a47,0.000000,0.000000,0.000000,97.817657,404.352020,0.758088,0.5,0.80,32.815712,1.000000,29.11,25.11,24.60,20.47,20.47,80.35,156.8,151.4,3.4,108,4.035,10:45:24,2025-09-24,0.20,1,0.003,0.003,0.019,0.460,-0.235,0.548,0,150,-9999.000,-9999.000000,0.058905,0.000000,0.029230,0.000000,0.000000,-0.000068,standard,0,mpf,7000,500,-9999.000000,-9999.000000,300,300,300,365.498901,25,-26.861645,366.922607,365.861725,1.060883,2.445534,2.459933,1.643757,0.916553,0.277103,-0.046648,0.313045,0.197290,97.817657,0.000650,2.400430,-0.000041,1.000000,2.408421,-0.000039,1.000000,0.600250,0.601702,0.107071,0.000000,PSF-00232_20250924104635_a47,PFA-00245,PSA-00257,PSF-00232,RHS-00222,3.0.0,2021-01-19T12:57:14.097Z
99,10:47:00,2025-09-24,Manual gsw+F,LI-COR Default,,099,,,0.168386,2.924000,0.159217,3.218579,0.847529,0.775525,2.438457,1.590928,9.652646,10.548848,30.350491,0.441786,7.500000,PSF-00232_20250924104700_958,0.000000,0.000000,0.000000,97.838043,412.032776,0.762548,0.5,0.80,19.841761,1.000000,27.31,24.99,24.59,20.62,20.62,80.34,157.0,151.9,3.2,65,4.032,10:45:24,2025-09-24,0.20,1,0.004,0.004,0.014,0.111,-1.378,-3.170,0,150,-9999.000,-9999.000000,0.058905,0.000000,0.029230,0.000000,0.000000,-0.000068,standard,0,mpf,7000,500,-9999.000000,-9999.000000,300,300,300,391.979095,25,-13.980389,395.079742,392.000153,3.079590,2.445353,2.457088,1.645735,0.917779,0.277202,-0.044834,0.314398,0.161302,97.838043,0.000646,2.400430,-0.000041,1.000000,2.408421,-0.000039,1.000000,0.600250,0.601702,0.107071,0.000000,PSF-00232_20250924104700_958,PFA-00245,PSA-00257,PSF-00232,RHS-00222,3.0.0,2021-01-19T12:57:14.097Z
100,10:47:16,2025-09-24,Manual gsw+F,LI-COR Default,,100,,,0.196977,2.923401,0.184543,3.425518,0.885935,0.809294,2.347435,1.461500,10.071858,11.025676,29.214396,0.441786,7.500000,PSF-00232_20250924104716_35d,0.000000,0.000000,0.000000,89.280006,355.737000,0.749028,0.5,0.80,31.210882,1.000000,28.57,26.09,24.58,20.01,20.01,80.35,156.9,134.0,14.6,104,4.007,10:45:24,2025-09-24,0.20,1,-0.002,0.001,0.015,0.119,0.196,0.322,0,150,-9999.000,-9999.000000,0.058905,0.000000,0.029230,0.000000,0.000000,-0.000068,standard,0,mpf,7000,500,-9999.000000,-9999.000000,300,300,300,329.448944,25,-18.231819,332.203400,329.612457,2.590942,2.447117,2.459075,1.645102,0.874248,0.277311,-0.051506,0.315291,0.193915,88.390945,0.000641,2.400430,-0.000041,1.000000,2.408421,-0.000039,1.000000,0.600250,0.601702,0.107071,0.000000,PSF-00232_20250924104716_35d,PFA-00245,PSA-00257,PSF-00232,RHS-00222,3.0.0,2021-01-19T12:57:14.097Z
101,10:47:39,2025-09-24,Manual gsw+F,LI-COR Default,,101,,,0.014336,2.922108,0.014266,0.334645,0.821528,0.814027,2.665306,1.843779,10.131744,10.225096,33.173576,0.441786,7.500000,PSF-00232_20250924104739_594,0.000000,0.000000,0.000000,75.153351,301.745880,0.750938,0.5,0.80,26.399271,1.000000,26.52,26.27,24.57,22.07,22.07,80.34,156.8,154.6,1.4,88,4.033,10:45:24,2025-09-24,0.20,1,-0.001,-0.005,-0.003,0.112,0.179,0.521,0,150,-9999.000,-9999.000000,0.058905,0.000000,0.029230,0.000000,0.000000,-0.000068,standard,0,mpf,7000,500,-9999.000000,-9999.000000,300,300,300,300.021881,25,-1.019328,299.979340,300.285278,-0.305939,2.447403,2.455823,1.643739,0.924451,0.277492,-0.028353,0.316624,0.180340,75.153351,0.000651,2.400430,-0.000041,1.000000,2.408421,-0.000039,1.000000,0.600250,0.601702,0.107071,0.000000,PSF-00232_20250924104739_594,PFA-00245,PSA-00257,PSF-00232,RHS-00222,3.0.0,2021-01-19T12:57:14.097Z
102,10:48:01,2025-09-24,Manual gsw+F,LI-COR Default,,102,,,-0.033138,2.922362,-0.033518,-0.648432,0.804186,0.818721,2.328328,1.524142,10.189240,10.008354,28.976782,0.441786,7.500000,PSF-00232_20250924104801_c55,0.000000,0.000000,0.000000,64.121964,302.054108,0.787714,0.5,0.80,11.975351,1.000000,25.97,26.44,24.56,19.87,19.87,80.35,156.8,-1.5,101.0,38,4.033,10:45:24,2025-09-24,0.20,1,-0.004,-0.004,-0.000,1.561,0.646,13.747,0,150,-9999.000,-9999.000000,0.058905,0.000000,0.029230,0.000000,0.000000,-0.000068,standard,0,mpf,7000,500,-9999.000000,-9999.000000,300,300,300,287.243500,25,-10.325682,293.527374,287.258331,6.269043,2.447670,2.454953,1.644007,0.599019,0.277604,-0.052649,0.317804,0.138756,64.121964,0.000648,2.400430,-0.000041,1.000000,2.408421,-0.000039,1.000000,0.600250,0.601702,0.107071,0.000000,PSF-00232_20250924104801_c55,PFA-00245,PSA-00257,PSF-00232,RHS-00222,3.0.0,2021-01-19T12:57:14.097Z
103,10:48:07,2025-09-24,Manual gsw+F,LI-COR Default,,103,,,0.053142,2.923797,0.052193,0.715420,0.835115,0.819105,1.917555,1.082440,10.194810,10.394079,23.866436,0.441786,7.500000,PSF-00232_20250924104807_b59,0.000000,0.000000,0.000000,1.445532,1.424789,-0.014558,0.5,0.80,-3.703672,1.000000,26.98,26.46,24.55,16.78,16.78,80.35,157.0,-10.1,106.4,636,4.033,10:45:24,2025-09-24,0.20,1,-9999.000,-9999.000,-9999.000,-9999.000,-9999.000,-9999.000,0,150,-9999.000,-9999.000000,0.058905,0.000000,0.029230,0.000000,0.000000,-0.000068,standard,0,mpf,7000,500,-9999.000000,-9999.000000,300,300,300,1.424789,25,-0.012696,1.403332,1.406597,-0.003265,2.447705,2.456565,1.645520,0.584248,0.277665,-0.085988,0.318032,0.637294,1.445532,0.000654,2.400430,-0.000041,1.000000,2.408421,-0.000039,1.000000,0.600250,0.601702,0.107071,0.000000,PSF-00232_20250924104807_b59,PFA-00245,PSA-00257,PSF-00232,RHS-00222,3.0.0,2021-01-19T12:57:14.097Z
104,10:48:29,2025-09-24,Manual gsw+F,LI-COR Default,,104,,,0.266825,2.922526,0.244502,5.218363,0.922264,0.805488,2.599534,1.677270,10.024996,11.478364,32.353432,0.441786,7.500000,PSF-00232_20250924104829_c99,0.000000,0.000000,0.000000,94.654442,438.276489,0.784030,0.5,0.80,21.390366,1.000000,29.81,26.03,24.54,21.66,21.66,80.35,156.8,154.8,1.3,68,4.031,10:45:24,2025-09-24,0.20,1,0.003,0.004,0.006,0.197,0.229,0.430,0,150,-9999.000,-9999.000000,0.058905,0.000000,0.029230,0.000000,0.000000,-0.000068,standard,0,mpf,7000,500,-9999.000000,-9999.000000,300,300,300,422.368896,25,-11.448393,434.069763,421.871979,12.197784,2.447025,2.461031,1.644179,0.924845,0.277747,-0.032675,0.319258,0.163933,94.510315,0.000663,2.400430,-0.000041,1.000000,2.408421,-0.000039,1.000000,0.600250,0.601702,0.107071,0.000000,PSF-00232_20250924104829_c99,PFA-00245,PSA-00257,PSF-00232,RHS-00222,3.0.0,2021-01-19T12:57:14.097Z
105,10:48:54,2025-09-24,Manual gsw+F,LI-COR Default,,105,,,0.203567,2.923425,0.190315,3.524944,0.906613,0.827771,2.364533,1.457921,10.302070,11.283298,29.427921,0.441786,7.500000,PSF-00232_20250924104854_2cc,0.000000,0.000000,0.000000,77.725410,377.707886,0.794218,0.5,0.80,37.423687,1.000000,29.33,26.78,24.53,20.12,20.12,80.35,156.9,155.0,1.2,118,4.030,10:45:24,2025-09-24,0.20,1,-0.001,0.001,0.013,0.239,0.301,0.567,0,150,-9999.000,-9999.000000,0.058905,0.000000,0.029230,0.000000,0.000000,-0.000068,standard,0,mpf,7000,500,-9999.000000,-9999.000000,300,300,300,370.969543,25,-4.407413,380.185974,371.392456,8.793518,2.448215,2.460289,1.645127,0.925395,0.277938,-0.049564,0.320634,0.205278,77.725410,0.000640,2.400430,-0.000041,1.000000,2.408421,-0.000039,1.000000,0.600250,0.601702,0.107071,0.000000,PSF-00232_20250924104854_2cc,PFA-00245,PSA-00257,PSF-00232,RHS-00222,3.0.0,2021-01-19T12:57:14.097Z
106,10:49:25,2025-09-24,Manual gsw+F,LI-COR Default,,106,,,0.062914,2.922454,0.061588,1.141075,0.906336,0.880795,2.364650,1.458315,10.962493,11.280375,29.430750,0.441786,7.500000,PSF-00232_20250924104925_817,0.000000,0.000000,0.000000,52.293060,263.285980,0.801383,0.5,0.80,19.175457,1.000000,29.35,28.53,24.51,20.12,20.12,80.35,156.8,154.7,1.3,60,4.030,10:45:24,2025-09-24,0.20,1,0.001,-0.000,-0.003,-0.673,-0.054,1.530,0,150,-9999.000,-9999.000000,0.058905,0.000000,0.029230,0.000000,0.000000,-0.000068,standard,0,mpf,7000,500,-9999.000000,-9999.000000,300,300,300,263.285980,25,74.401855,312.756287,369.897064,-57.140778,2.450966,2.460327,1.644104,0.924665,0.278137,-0.049348,0.322250,0.156941,52.293060,0.000659,2.400430,-0.000041,1.000000,2.408421,-0.000039,1.000000,0.600250,0.601702,0.107071,0.000000,PSF-00232_20250924104925_817,PFA-00245,PSA-00257,PSF-00232,RHS-00222,3.0.0,2021-01-19T12:57:14.097Z
107,10:50:01,2025-09-24,Manual gsw+F,LI-COR Default,,107,,,0.090209,2.925174,0.087510,1.845878,0.812372,0.771098,2.472418,1.660046,9.597636,10.111362,30.773472,0.441786,7.500000,PSF-00232_20250924105001_c8a,0.000000,0.000000,0.000000,89.556458,443.076721,0.797876,0.5,0.80,24.315033,1.000000,26.34,25.00,24.49,20.85,20.85,80.34,157.1,155.5,1.1,76,4.027,10:45:24,2025-09-24,0.20,1,-0.000,0.001,0.031,0.087,-0.031,0.239,0,150,-9999.000,-9999.000000,0.058905,0.000000,0.029230,0.000000,0.000000,-0.000068,standard,0,mpf,7000,500,-9999.000000,-9999.000000,300,300,300,429.888367,25,-9.010713,430.897949,430.165192,0.732758,2.445382,2.455551,1.646976,0.926575,0.278328,-0.041172,0.324118,0.170586,89.556458,0.000654,2.400430,-0.000041,1.000000,2.408421,-0.000039,1.000000,0.600250,0.601702,0.107071,0.000000,PSF-00232_20250924105001_c8a,PFA-00245,PSA-00257,PSF-00232,RHS-00222,3.0.0,2021-01-19T12:57:14.097Z
108,10:50:33,2025-09-24,Manual gsw+F,LI-COR Default,,108,,,0.158269,2.923400,0.150140,2.928699,0.825878,0.760310,2.361999,1.536121,9.463240,10.279336,29.398752,0.441786,7.500000,PSF-00232_20250924105033_f80,0.000000,0.000000,0.000000,81.535934,400.266907,0.796296,0.5,0.80,23.367123,1.000000,26.81,24.68,24.47,20.11,20.11,80.34,156.9,141.9,9.5,73,4.027,10:45:24,2025-09-24,0.20,1,0.002,0.003,0.010,0.170,0.382,0.798,0,150,-9999.000,-9999.000000,0.058905,0.000000,0.029230,0.000000,0.000000,-0.000068,standard,0,mpf,7000,500,-9999.000000,-9999.000000,300,300,300,386.059296,25,-9.583858,390.877960,386.534119,4.343842,2.444871,2.456305,1.645101,0.893290,0.278550,-0.049119,0.325739,0.168231,81.535934,0.000652,2.400430,-0.000041,1.000000,2.408421,-0.000039,1.000000,0.600250,0.601702,0.107071,0.000000,PSF-00232_20250924105033_f80,PFA-00245,PSA-00257,PSF-00232,RHS-00222,3.0.0,2021-01-19T12:57:14.097Z
109,10:51:00,2025-09-24,Manual gsw+F,LI-COR Default,,109,,,0.217269,2.921927,0.202232,3.949969,0.910634,0.822190,2.447157,1.536523,10.233082,11.333872,30.457638,0.441786,7.500000,PSF-00232_20250924105100_3c6,0.000000,0.000000,0.000000,86.928246,405.220154,0.785479,0.5,0.80,19.800243,1.000000,29.59,26.72,24.45,20.68,20.68,80.35,156.7,154.8,1.3,63,4.025,10:45:24,2025-09-24,0.20,1,0.000,0.002,0.009,0.146,0.256,0.355,0,150,-9999.000,-9999.000000,0.058905,0.000000,0.029230,0.000000,0.000000,-0.000068,standard,0,mpf,7000,500,-9999.000000,-9999.000000,300,300,300,396.110046,25,-6.126849,403.562317,396.440948,7.121368,2.448125,2.460708,1.643550,0.924796,0.278751,-0.042581,0.327195,0.159609,86.928246,0.000662,2.400430,-0.000041,1.000000,2.408421,-0.000039,1.000000,0.600250,0.601702,0.107071,0.000000,PSF-00232_20250924105100_3c6,PFA-00245,PSA-00257,PSF-00232,RHS-00222,3.0.0,2021-01-19T12:57:14.097Z
110,10:51:40,2025-09-24,Manual gsw+F,LI-COR Default,,110,,,0.155099,2.922181,0.147281,3.247479,0.861235,0.788495,2.594612,1.733377,9.814347,10.719746,32.294994,0.441786,7.500000,PSF-00232_20250924105140_275,0.000000,0.000000,0.000000,69.417358,318.368561,0.781959,0.5,0.80,20.026566,1.000000,28.02,25.65,24.43,21.63,21.63,80.34,156.8,75.5,51.8,64,4.026,10:45:24,2025-09-24,0.20,1,0.001,0.003,0.011,14.850,7.375,6.619,0,150,-9999.000,-9999.000000,0.058905,0.000000,0.029230,0.000000,0.000000,-0.000068,standard,0,mpf,7000,500,-9999.000000,-9999.000000,300,300,300,318.368561,25,6.239302,340.306885,327.308899,12.997986,2.446431,2.458231,1.643816,0.744991,0.278956,-0.031762,0.329235,0.160448,69.417358,0.000636,2.400430,-0.000041,1.000000,2.408421,-0.000039,1.000000,0.600250,0.601702,0.107071,0.000000,PSF-00232_20250924105140_275,PFA-00245,PSA-00257,PSF-00232,RHS-00222,3.0.0,2021-01-19T12:57:14.097Z
111,10:51:47,2025-09-24,Manual gsw+F,LI-COR Default,,111,,,-0.010604,2.922863,-0.010642,-0.111461,0.774877,0.777376,1.603872,0.828994,9.675770,9.644678,19.962931,0.441786,7.500000,PSF-00232_20250924105147_9b8,0.000000,0.000000,0.000000,1.383305,1.411915,0.020263,0.5,0.80,0.554681,1.000000,25.22,25.30,24.43,14.00,14.00,80.34,156.8,-9.9,106.3,68,4.001,10:45:24,2025-09-24,0.20,1,-9999.000,-9999.000,-9999.000,-9999.000,-9999.000,-9999.000,0,150,-9999.000,-9999.000000,0.058905,0.000000,0.029230,0.000000,0.000000,-0.000068,standard,0,mpf,7000,500,-9999.000000,-9999.000000,300,300,300,1.411915,25,-0.003054,1.376867,1.407539,-0.030672,2.445868,2.453757,1.644534,0.584654,0.279019,-0.113766,0.329542,0.164122,1.383305,0.000639,2.400430,-0.000041,1.000000,2.408421,-0.000039,1.000000,0.600250,0.601702,0.107071,0.000000,PSF-00232_20250924105147_9b8,PFA-00245,PSA-00257,PSF-00232,RHS-00222,3.0.0,2021-01-19T12:57:14.097Z
112,10:52:10,2025-09-24,Manual gsw+F,LI-COR Default,,112,,,0.127318,2.922859,0.122004,2.624083,0.824631,0.765858,2.516698,1.692067,9.532535,10.264073,31.325012,0.441786,7.500000,PSF-00232_20250924105210_754,0.000000,0.000000,0.000000,64.498543,310.757507,0.792447,0.5,0.80,24.543390,1.000000,26.85,24.93,24.42,21.13,21.13,80.34,156.8,153.7,2.0,77,4.026,10:45:24,2025-09-24,0.20,1,-0.003,-0.001,0.011,0.803,5.182,0.912,0,150,-9999.000,-9999.000000,0.058905,0.000000,0.029230,0.000000,0.000000,-0.000068,standard,0,mpf,7000,500,-9999.000000,-9999.000000,300,300,300,310.757507,25,13.439891,348.371033,330.015656,18.355377,2.445287,2.456376,1.644530,0.922034,0.279107,-0.037155,0.330658,0.171621,64.498543,0.000677,2.400430,-0.000041,1.000000,2.408421,-0.000039,1.000000,0.600250,0.601702,0.107071,0.000000,PSF-00232_20250924105210_754,PFA-00245,PSA-00257,PSF-00232,RHS-00222,3.0.0,2021-01-19T12:57:14.097Z
113,10:52:38,2025-09-24,Manual gsw+F,LI-COR Default,,113,,,0.072926,2.922748,0.071151,1.566697,0.795441,0.760336,2.527905,1.732464,9.463884,9.900845,31.464792,0.441786,7.500000,PSF-00232_20250924105238_119,0.000000,0.000000,0.000000,88.051201,442.110901,0.800839,0.5,0.80,36.268181,1.000000,25.91,24.77,24.41,21.21,21.21,80.34,156.8,145.9,7.0,113,3.997,10:45:24,2025-09-24,0.20,1,-0.001,0.002,0.014,0.059,0.095,0.028,0,150,-9999.000,-9999.000000,0.058905,0.000000,0.029230,0.000000,0.000000,-0.000068,standard,0,mpf,7000,500,-9999.000000,-9999.000000,300,300,300,428.338043,25,-9.199343,434.122314,428.929077,5.193237,2.445020,2.454877,1.644413,0.902920,0.279200,-0.036253,0.332046,0.201459,88.051201,0.000652,2.400430,-0.000041,1.000000,2.408421,-0.000039,1.000000,0.600250,0.601702,0.107071,0.000000,PSF-00232_20250924105238_119,PFA-00245,PSA-00257,PSF-00232,RHS-00222,3.0.0,2021-01-19T12:57:14.097Z
114,10:52:57,2025-09-24,Manual gsw+F,LI-COR Default,,114,,,0.026832,2.923579,0.026588,0.586989,0.801899,0.788756,2.538722,1.736822,9.817600,9.981194,31.599323,0.441786,7.500000,PSF-00232_20250924105257_53e,0.000000,0.000000,0.000000,74.585793,329.316284,0.773513,0.5,0.80,76.684494,1.000000,26.13,25.70,24.41,21.28,21.28,80.34,156.9,155.3,1.0,248,3.997,10:45:24,2025-09-24,0.20,1,-0.000,-0.004,-0.008,0.208,0.359,1.294,0,150,-9999.000,-9999.000000,0.058905,0.000000,0.029230,0.000000,0.000000,-0.000068,standard,0,mpf,7000,500,-9999.000000,-9999.000000,300,300,300,321.937683,25,-4.935215,341.512787,322.244568,19.268219,2.446512,2.455225,1.645290,0.926228,0.279243,-0.035434,0.333061,0.313692,74.585793,0.000667,2.400430,-0.000041,1.000000,2.408421,-0.000039,1.000000,0.600250,0.601702,0.107071,0.000000,PSF-00232_20250924105257_53e,PFA-00245,PSA-00257,PSF-00232,RHS-00222,3.0.0,2021-01-19T12:57:14.097Z
115,10:53:17,2025-09-24,Manual gsw+F,LI-COR Default,,115,,,0.022378,2.922293,0.022208,0.474776,0.862510,0.851876,2.543736,1.681227,10.602788,10.735142,31.660366,0.441786,7.500000,PSF-00232_20250924105317_976,0.000000,0.000000,0.000000,76.509834,331.962463,0.769523,0.5,0.80,28.827805,1.000000,28.10,27.75,24.41,21.31,21.31,80.34,156.8,139.3,11.1,94,4.024,10:45:24,2025-09-24,0.20,1,0.001,0.001,0.026,-0.025,0.000,0.241,0,150,-9999.000,-9999.000000,0.058905,0.000000,0.029230,0.000000,0.000000,-0.000068,standard,0,mpf,7000,500,-9999.000000,-9999.000000,300,300,300,325.946320,25,-3.705492,328.161133,326.652832,1.508301,2.449763,2.458362,1.643934,0.887020,0.279212,-0.035108,0.334083,0.185148,76.509834,0.000648,2.400430,-0.000041,1.000000,2.408421,-0.000039,1.000000,0.600250,0.601702,0.107071,0.000000,PSF-00232_20250924105317_976,PFA-00245,PSA-00257,PSF-00232,RHS-00222,3.0.0,2021-01-19T12:57:14.097Z
116,10:53:55,2025-09-24,Manual gsw+F,LI-COR Default,,116,,,0.050688,2.922376,0.049824,1.123010,0.924129,0.898997,2.694266,1.770137,11.189422,11.502221,33.534336,0.441786,7.500000,PSF-00232_20250924105355_9ce,0.000000,0.000000,0.000000,73.222878,230.727554,0.682644,0.5,0.80,19.486279,1.000000,30.08,29.26,24.42,22.25,22.25,80.34,156.8,70.9,54.8,71,4.023,10:45:24,2025-09-24,0.20,1,0.000,0.001,0.013,-0.120,-0.247,1.604,0,150,-9999.000,-9999.000000,0.058905,0.000000,0.029230,0.000000,0.000000,-0.000068,standard,0,mpf,7000,500,-9999.000000,-9999.000000,300,300,300,228.503830,25,-1.004818,235.684631,229.287735,6.396896,2.452131,2.461480,1.644021,0.735545,0.279072,-0.024709,0.336043,0.166564,73.222878,0.000659,2.400430,-0.000041,1.000000,2.408421,-0.000039,1.000000,0.600250,0.601702,0.107071,0.000000,PSF-00232_20250924105355_9ce,PFA-00245,PSA-00257,PSF-00232,RHS-00222,3.0.0,2021-01-19T12:57:14.097Z
117,10:54:20,2025-09-24,Manual gsw+F,LI-COR Default,,117,,,0.550873,2.923560,0.463532,7.824387,1.065760,0.891145,2.392709,1.326949,11.092130,13.265580,29.782196,0.441786,7.500000,PSF-00232_20250924105420_c88,0.000000,0.000000,0.000000,86.259842,394.395081,0.781286,0.5,0.80,21.283447,1.000000,34.69,29.00,24.43,20.31,20.31,80.34,156.9,45.0,71.3,68,4.023,10:45:24,2025-09-24,0.20,1,0.009,0.012,0.024,0.048,0.005,-0.295,0,150,-9999.000,-9999.000000,0.058905,0.000000,0.029230,0.000000,0.000000,-0.000068,standard,0,mpf,7000,500,-9999.000000,-9999.000000,300,300,300,380.860443,25,-9.130420,386.326447,381.312012,5.014435,2.451723,2.468579,1.645270,0.684129,0.279037,-0.046313,0.337336,0.163847,86.259842,0.000656,2.400430,-0.000041,1.000000,2.408421,-0.000039,1.000000,0.600250,0.601702,0.107071,0.000000,PSF-00232_20250924105420_c88,PFA-00245,PSA-00257,PSF-00232,RHS-00222,3.0.0,2021-01-19T12:57:14.097Z
118,10:55:05,2025-09-24,Manual gsw+F,LI-COR Default,,118,,,0.084847,2.922150,0.082453,1.752768,0.919038,0.879804,2.589686,1.670648,10.950465,11.438793,32.232479,0.441786,7.500000,PSF-00232_20250924105505_82d,0.000000,0.000000,0.000000,78.301193,389.875214,0.799163,0.5,0.80,13.221230,1.000000,29.89,28.61,24.44,21.60,21.60,80.34,156.8,-0.6,100.4,41,4.022,10:45:24,2025-09-24,0.20,1,0.001,0.000,0.008,0.086,0.116,0.155,0,150,-9999.000,-9999.000000,0.058905,0.000000,0.029230,0.000000,0.000000,-0.000068,standard,0,mpf,7000,500,-9999.000000,-9999.000000,300,300,300,378.554810,25,-7.683047,383.870239,378.866119,5.004120,2.451114,2.461179,1.643784,0.600726,0.278913,-0.032154,0.339708,0.141551,78.301193,0.000658,2.400430,-0.000041,1.000000,2.408421,-0.000039,1.000000,0.600250,0.601702,0.107071,0.000000,PSF-00232_20250924105505_82d,PFA-00245,PSA-00257,PSF-00232,RHS-00222,3.0.0,2021-01-19T12:57:14.097Z
119,10:55:24,2025-09-24,Manual gsw+F,LI-COR Default,,119,,,0.134142,2.921792,0.128254,2.358249,0.948666,0.895882,2.395270,1.446604,11.150330,11.807290,29.812033,0.441786,7.500000,PSF-00232_20250924105524_46d,0.000000,0.000000,0.000000,68.172096,348.635437,0.804460,0.5,0.80,40.946877,1.000000,30.85,29.13,24.44,20.33,20.33,80.35,156.7,153.8,1.9,127,4.022,10:45:24,2025-09-24,0.20,1,0.007,0.006,0.028,-5.393,-3.456,-14.428,0,150,-9999.000,-9999.000000,0.058905,0.000000,0.029230,0.000000,0.000000,-0.000068,standard,0,mpf,7000,500,-9999.000000,-9999.000000,300,300,300,302.046051,25,-35.212151,288.295624,298.179626,-9.884003,2.451921,2.462671,1.643407,0.922307,0.278876,-0.046289,0.340676,0.213155,68.172096,0.000651,2.400430,-0.000041,1.000000,2.408421,-0.000039,1.000000,0.600250,0.601702,0.107071,0.000000,PSF-00232_20250924105524_46d,PFA-00245,PSA-00257,PSF-00232,RHS-00222,3.0.0,2021-01-19T12:57:14.097Z
120,10:55:47,2025-09-24,Manual gsw+F,LI-COR Default,,120,,,0.051794,2.922867,0.050892,1.038422,0.862709,0.839461,2.468131,1.605422,10.448170,10.737519,30.719069,0.441786,7.500000,PSF-00232_20250924105547_fb1,0.000000,0.000000,0.000000,66.431519,428.510437,0.844971,0.5,0.80,23.572924,1.000000,28.03,27.28,24.45,20.82,20.82,80.35,156.8,155.3,1.0,70,4.021,10:55:37,2025-09-24,0.16,1,0.001,0.002,0.016,-9.532,-5.470,8.150,0,150,-9999.000,-9999.000000,0.058905,0.000000,0.029230,0.000000,0.000000,-0.000068,standard,0,mpf,7000,500,-9999.000000,-9999.000000,300,300,300,428.510437,25,-5.430369,428.352722,420.729218,7.623505,2.449011,2.458330,1.644539,0.926129,0.278746,-0.041050,0.341762,0.165215,66.431519,0.000662,2.400430,-0.000041,1.000000,2.408421,-0.000039,1.000000,0.600250,0.601702,0.107071,0.000000,PSF-00232_20250924105547_fb1,PFA-00245,PSA-00257,PSF-00232,RHS-00222,3.0.0,2021-01-19T12:57:14.097Z
121,10:56:21,2025-09-24,Manual gsw+F,LI-COR Default,,121,,,0.358818,2.922777,0.319584,7.021008,0.977496,0.820528,2.702192,1.724697,10.212554,12.166227,33.632359,0.441786,7.500000,PSF-00232_20250924105621_4d3,0.000000,0.000000,0.000000,111.366035,374.083160,0.702296,0.5,0.80,119.141441,1.000000,31.71,26.62,24.48,22.30,22.30,80.35,156.8,26.0,83.4,424,4.020,10:55:37,2025-09-24,0.16,1,0.000,0.003,0.019,-0.458,-1.963,-3.380,0,150,-9999.000,-9999.000000,0.058905,0.000000,0.029230,0.000000,0.000000,-0.000068,standard,0,mpf,7000,500,-9999.000000,-9999.000000,300,300,300,364.432465,25,-6.587542,366.272797,364.643799,1.628998,2.447968,2.464082,1.644444,0.648423,0.278457,-0.024805,0.343503,0.460642,111.366035,0.000653,2.400430,-0.000041,1.000000,2.408421,-0.000039,1.000000,0.600250,0.601702,0.107071,0.000000,PSF-00232_20250924105621_4d3,PFA-00245,PSA-00257,PSF-00232,RHS-00222,3.0.0,2021-01-19T12:57:14.097Z
122,10:57:08,2025-09-24,Manual gsw+F,LI-COR Default,,122,,,0.215255,2.922779,0.200490,5.051727,0.959426,0.846454,2.934907,1.975481,10.534747,11.940766,36.527103,0.441786,7.500000,PSF-00232_20250924105708_18e,0.000000,0.000000,0.000000,136.768341,360.899414,0.621035,0.5,0.80,251.988678,1.000000,30.95,27.30,24.58,23.66,23.66,80.35,156.8,154.9,1.2,1014,3.988,10:55:37,2025-09-24,0.16,1,-0.001,-0.005,0.005,-0.132,2.227,4.462,0,150,-9999.000,-9999.000000,0.058905,0.000000,0.029230,0.000000,0.000000,-0.000068,standard,0,mpf,7000,500,-9999.000000,-9999.000000,300,300,300,334.365967,25,-18.853937,333.671814,333.883453,-0.211639,2.449030,2.462875,1.644446,0.925077,0.277374,-0.010446,0.345996,0.952738,136.768341,0.000629,2.400430,-0.000041,1.000000,2.408421,-0.000039,1.000000,0.600250,0.601702,0.107071,0.000000,PSF-00232_20250924105708_18e,PFA-00245,PSA-00257,PSF-00232,RHS-00222,3.0.0,2021-01-19T12:57:14.097Z
123,10:57:25,2025-09-24,Manual gsw+F,LI-COR Default,,123,,,0.246084,2.922329,0.226971,6.134313,0.956001,0.818758,3.073218,2.117217,10.189610,11.897621,38.246815,0.441786,7.500000,PSF-00232_20250924105725_613,0.000000,0.000000,0.000000,96.580627,180.539261,0.465044,0.5,0.80,368.888733,1.000000,30.75,26.33,24.63,24.43,24.43,80.35,156.8,155.1,1.1,1983,4.019,10:55:37,2025-09-24,0.16,1,0.005,0.005,0.024,-3.821,5.864,2.866,0,150,-9999.000,-9999.000000,0.058905,0.000000,0.029230,0.000000,0.000000,-0.000068,standard,0,mpf,7000,500,-9999.000000,-9999.000000,300,300,300,171.503662,25,-6.216630,172.445648,171.631393,0.814255,2.447486,2.462554,1.643972,0.925658,0.276828,-0.002208,0.346972,1.760312,103.820084,0.000649,2.400430,-0.000041,1.000000,2.408421,-0.000039,1.000000,0.600250,0.601702,0.107071,0.000000,PSF-00232_20250924105725_613,PFA-00245,PSA-00257,PSF-00232,RHS-00222,3.0.0,2021-01-19T12:57:14.097Z
124,10:58:23,2025-09-24,Manual gsw+F,LI-COR Default,,124,,,0.101343,2.922382,0.097946,3.283118,0.920125,0.846635,3.539017,2.618892,10.535566,11.450079,44.039673,0.441786,7.500000,PSF-00232_20250924105823_09a,0.000000,0.000000,0.000000,110.008476,137.791763,0.201632,0.5,0.80,163.104172,1.000000,29.15,26.83,24.87,26.81,26.81,80.36,156.8,155.3,1.0,2022,4.018,10:55:37,2025-09-24,0.16,1,-0.000,0.001,0.010,-1.109,-2.518,-5.235,0,150,-9999.000,-9999.000000,0.058905,0.000000,0.029230,0.000000,0.000000,-0.000068,standard,0,mpf,7000,500,-9999.000000,-9999.000000,300,300,300,133.085129,25,-3.445219,132.321960,132.855072,-0.533112,2.448231,2.460028,1.644027,0.926074,0.274095,0.022710,0.350106,1.792999,110.008476,0.000623,2.400430,-0.000041,1.000000,2.408421,-0.000039,1.000000,0.600250,0.601702,0.107071,0.000000,PSF-00232_20250924105823_09a,PFA-00245,PSA-00257,PSF-00232,RHS-00222,3.0.0,2021-01-19T12:57:14.097Z
125,10:58:46,2025-09-24,Manual gsw+F,LI-COR Default,,125,,,0.159512,2.923013,0.151258,4.757012,0.958634,0.852254,3.417169,2.458536,10.605254,11.929016,42.522469,0.441786,7.500000,PSF-00232_20250924105846_d31,0.000000,0.000000,0.000000,153.353699,230.220352,0.333883,0.5,0.80,264.800934,1.000000,30.17,26.82,24.99,26.21,26.21,80.36,156.9,155.2,1.1,1983,4.016,10:55:37,2025-09-24,0.16,1,0.003,0.004,0.030,-1.485,-0.579,8.750,0,150,-9999.000,-9999.000000,0.058905,0.000000,0.029230,0.000000,0.000000,-0.000068,standard,0,mpf,7000,500,-9999.000000,-9999.000000,300,300,300,211.325531,25,-14.254265,206.503983,209.795288,-3.291306,2.448205,2.461595,1.644692,0.925821,0.272850,0.014340,0.351232,1.760020,153.353699,0.000610,2.400430,-0.000041,1.000000,2.408421,-0.000039,1.000000,0.600250,0.601702,0.107071,0.000000,PSF-00232_20250924105846_d31,PFA-00245,PSA-00257,PSF-00232,RHS-00222,3.0.0,2021-01-19T12:57:14.097Z
126,10:59:02,2025-09-24,Manual gsw+F,LI-COR Default,,126,,,0.227483,2.923681,0.211061,6.564716,0.985416,0.838734,3.416557,2.431141,10.436685,12.261904,42.513523,0.441786,7.500000,PSF-00232_20250924105902_07c,0.000000,0.000000,0.000000,106.041313,171.916809,0.383182,0.5,0.80,285.866150,1.000000,30.87,26.27,25.07,26.21,26.21,80.36,156.9,154.9,1.3,1865,4.016,10:55:37,2025-09-24,0.16,1,0.003,0.004,0.012,-1.186,-1.423,2.666,0,150,-9999.000,-9999.000000,0.058905,0.000000,0.029230,0.000000,0.000000,-0.000068,standard,0,mpf,7000,500,-9999.000000,-9999.000000,300,300,300,155.454041,25,-11.978008,152.145264,154.753418,-2.608154,2.447326,2.462669,1.645398,0.925125,0.272006,0.013391,0.351947,1.661932,106.041313,0.000618,2.400430,-0.000041,1.000000,2.408421,-0.000039,1.000000,0.600250,0.601702,0.107071,0.000000,PSF-00232_20250924105902_07c,PFA-00245,PSA-00257,PSF-00232,RHS-00222,3.0.0,2021-01-19T12:57:14.097Z
127,10:59:36,2025-09-24,Manual gsw+F,LI-COR Default,,127,,,0.269121,2.921999,0.246424,7.497561,0.999642,0.831919,3.378209,2.378568,10.351624,12.438615,42.035309,0.441786,7.500000,PSF-00232_20250924105936_e41,0.000000,0.000000,0.000000,98.127007,168.387802,0.417256,0.5,0.80,329.781281,1.000000,31.00,25.80,25.24,26.02,26.02,80.37,156.7,155.5,0.8,1976,4.015,10:55:37,2025-09-24,0.16,1,0.000,0.002,0.011,-0.530,-1.065,-2.382,0,150,-9999.000,-9999.000000,0.058905,0.000000,0.029230,0.000000,0.000000,-0.000068,standard,0,mpf,7000,500,-9999.000000,-9999.000000,300,300,300,153.228165,25,-10.638554,151.911377,153.143723,-1.232346,2.446542,2.462838,1.643625,0.926640,0.270156,0.009135,0.353537,1.754315,98.127007,0.000613,2.400430,-0.000041,1.000000,2.408421,-0.000039,1.000000,0.600250,0.601702,0.107071,0.000000,PSF-00232_20250924105936_e41,PFA-00245,PSA-00257,PSF-00232,RHS-00222,3.0.0,2021-01-19T12:57:14.097Z
128,10:59:52,2025-09-24,Manual gsw+F,LI-COR Default,,128,,,0.066258,2.921320,0.064788,2.374323,1.010358,0.957235,3.865530,2.855171,11.913726,12.574897,48.110291,0.441786,7.500000,PSF-00232_20250924105952_455,0.000000,0.000000,0.000000,65.814255,127.096764,0.482172,0.5,0.80,367.637756,1.000000,31.17,29.53,25.32,28.32,28.32,80.35,156.7,154.1,1.6,1906,4.014,10:55:37,2025-09-24,0.16,1,-0.003,-0.004,0.019,0.566,0.896,1.037,0,150,-9999.000,-9999.000000,0.058905,0.000000,0.029230,0.000000,0.000000,-0.000068,standard,0,mpf,7000,500,-9999.000000,-9999.000000,300,300,300,114.862915,25,-8.800318,112.351654,114.486710,-2.135056,2.452393,2.463090,1.642912,0.923107,0.269233,0.035470,0.354265,1.696175,65.814255,0.000633,2.400430,-0.000041,1.000000,2.408421,-0.000039,1.000000,0.600250,0.601702,0.107071,0.000000,PSF-00232_20250924105952_455,PFA-00245,PSA-00257,PSF-00232,RHS-00222,3.0.0,2021-01-19T12:57:14.097Z
129,11:00:08,2025-09-24,Manual gsw+F,LI-COR Default,,129,,,0.090161,2.921511,0.087462,3.126816,1.021058,0.951112,3.807454,2.786396,11.836489,12.706957,47.383354,0.441786,7.500000,PSF-00232_20250924110008_6c4,0.000000,0.000000,0.000000,165.789490,263.566284,0.370976,0.5,0.80,302.405457,1.000000,31.33,29.18,25.42,28.06,28.06,80.35,156.7,155.5,0.8,2038,3.986,10:55:37,2025-09-24,0.16,1,0.003,0.003,0.019,7.235,5.045,23.377,0,150,-9999.000,-9999.000000,0.058905,0.000000,0.029230,0.000000,0.000000,-0.000068,standard,0,mpf,7000,500,-9999.000000,-9999.000000,300,300,300,250.613449,25,-10.450830,246.921661,248.591202,-1.669540,2.451834,2.463318,1.643112,0.926569,0.268245,0.031242,0.354936,1.806011,165.789490,0.000615,2.400430,-0.000041,1.000000,2.408421,-0.000039,1.000000,0.600250,0.601702,0.107071,0.000000,PSF-00232_20250924110008_6c4,PFA-00245,PSA-00257,PSF-00232,RHS-00222,3.0.0,2021-01-19T12:57:14.097Z
130,11:00:25,2025-09-24,Manual gsw+F,LI-COR Default,,130,,,0.248247,2.922835,0.228813,6.744094,1.091492,0.940918,3.393821,2.302329,11.709406,13.583247,42.234951,0.441786,7.500000,PSF-00232_20250924110025_1e8,0.000000,0.000000,0.000000,118.816849,248.229691,0.521343,0.5,0.80,381.302307,1.000000,33.27,28.68,25.53,26.10,26.10,80.36,156.8,155.0,1.2,1828,4.014,10:55:37,2025-09-24,0.16,1,0.003,0.000,0.019,-2.965,0.526,2.205,0,150,-9999.000,-9999.000000,0.058905,0.000000,0.029230,0.000000,0.000000,-0.000068,standard,0,mpf,7000,500,-9999.000000,-9999.000000,300,300,300,225.533371,25,-15.707079,225.408203,225.722870,-0.314667,2.451036,2.466285,1.644505,0.925338,0.267070,0.006657,0.355700,1.631405,118.816849,0.000628,2.400430,-0.000041,1.000000,2.408421,-0.000039,1.000000,0.600250,0.601702,0.107071,0.000000,PSF-00232_20250924110025_1e8,PFA-00245,PSA-00257,PSF-00232,RHS-00222,3.0.0,2021-01-19T12:57:14.097Z
131,11:00:45,2025-09-24,Manual gsw+F,LI-COR Default,,131,,,0.140971,2.921731,0.134482,4.152441,1.021478,0.928594,3.434129,2.412651,11.554774,12.710557,42.731911,0.441786,7.500000,PSF-00232_20250924110045_434,0.000000,0.000000,0.000000,88.361267,207.194382,0.573534,0.5,0.80,433.325104,1.000000,30.92,28.11,25.64,26.30,26.30,80.36,156.7,153.7,1.9,1889,4.014,10:55:37,2025-09-24,0.16,1,0.000,0.004,0.014,0.466,1.180,4.719,0,150,-9999.000,-9999.000000,0.058905,0.000000,0.029230,0.000000,0.000000,-0.000068,standard,0,mpf,7000,500,-9999.000000,-9999.000000,300,300,300,184.867142,25,-15.476733,183.488129,185.017639,-1.529510,2.450125,2.462649,1.643344,0.922214,0.265829,0.007628,0.356490,1.681738,88.361267,0.000612,2.400430,-0.000041,1.000000,2.408421,-0.000039,1.000000,0.600250,0.601702,0.107071,0.000000,PSF-00232_20250924110045_434,PFA-00245,PSA-00257,PSF-00232,RHS-00222,3.0.0,2021-01-19T12:57:14.097Z
132,11:01:03,2025-09-24,Manual gsw+F,LI-COR Default,,132,,,0.045666,2.923151,0.044963,1.831819,0.971641,0.930684,4.141678,3.170038,11.580357,12.089969,51.534245,0.441786,7.500000,PSF-00232_20250924110103_ad0,0.000000,0.000000,0.000000,68.412064,85.405716,0.198976,0.5,0.80,163.505554,1.000000,29.21,27.98,25.76,29.51,29.51,80.37,156.9,155.6,0.8,2054,4.013,10:55:37,2025-09-24,0.16,1,-0.001,0.001,0.005,2.427,-6.286,-7.343,0,150,-9999.000,-9999.000000,0.058905,0.000000,0.029230,0.000000,0.000000,-0.000068,standard,0,mpf,7000,500,-9999.000000,-9999.000000,300,300,300,83.879471,25,-1.174857,84.279655,83.722252,0.557404,2.449910,2.459975,1.644838,0.926935,0.264629,0.044808,0.357256,1.819715,68.412064,0.000616,2.400430,-0.000041,1.000000,2.408421,-0.000039,1.000000,0.600250,0.601702,0.107071,0.000000,PSF-00232_20250924110103_ad0,PFA-00245,PSA-00257,PSF-00232,RHS-00222,3.0.0,2021-01-19T12:57:14.097Z
133,11:01:26,2025-09-24,Manual gsw+F,LI-COR Default,,133,,,0.085016,2.922795,0.082613,2.881203,0.901714,0.837221,3.625624,2.723910,10.417476,11.219958,45.113346,0.441786,7.500000,PSF-00232_20250924110126_cdc,0.000000,0.000000,0.000000,98.314758,141.414703,0.304777,0.5,0.80,232.696045,1.000000,26.87,24.95,25.91,27.22,27.22,80.37,156.8,155.5,0.9,1909,4.012,10:55:37,2025-09-24,0.16,1,-0.000,-0.000,0.010,0.585,-3.569,20.930,0,150,-9999.000,-9999.000000,0.058905,0.000000,0.029230,0.000000,0.000000,-0.000068,standard,0,mpf,7000,500,-9999.000000,-9999.000000,300,300,300,120.197296,25,-14.600692,116.736534,120.493240,-3.756706,2.445095,2.456263,1.644463,0.926535,0.263060,0.015427,0.358177,1.698331,98.314758,0.000624,2.400430,-0.000041,1.000000,2.408421,-0.000039,1.000000,0.600250,0.601702,0.107071,0.000000,PSF-00232_20250924110126_cdc,PFA-00245,PSA-00257,PSF-00232,RHS-00222,3.0.0,2021-01-19T12:57:14.097Z
134,11:02:08,2025-09-24,Manual gsw+F,LI-COR Default,,134,,,0.238487,2.922565,0.220494,6.078341,0.974683,0.838738,3.133327,2.158643,10.437323,12.129037,38.991367,0.441786,7.500000,PSF-00232_20250924110208_c84,0.000000,0.000000,0.000000,182.770721,484.227814,0.622552,0.5,0.80,154.437073,1.000000,28.63,24.64,26.15,24.75,24.75,80.36,156.8,154.4,1.5,620,4.011,10:55:37,2025-09-24,0.16,1,0.001,-0.000,0.007,2.811,6.514,35.163,0,150,-9999.000,-9999.000000,0.058905,0.000000,0.029230,0.000000,0.000000,-0.000068,standard,0,mpf,7000,500,-9999.000000,-9999.000000,300,300,300,360.644470,25,-92.015190,331.474182,352.378418,-20.904236,2.444556,2.458994,1.644221,0.923987,0.260503,-0.016346,0.359831,0.624094,182.770721,0.000626,2.400430,-0.000041,1.000000,2.408421,-0.000039,1.000000,0.600250,0.601702,0.107071,0.000000,PSF-00232_20250924110208_c84,PFA-00245,PSA-00257,PSF-00232,RHS-00222,3.0.0,2021-01-19T12:57:14.097Z
135,11:02:37,2025-09-24,Manual gsw+F,LI-COR Default,,135,,,0.235862,2.923342,0.218253,6.440552,1.042609,0.898757,3.349471,2.306862,11.182841,12.972732,41.676029,0.441786,7.500000,PSF-00232_20250924110237_82f,0.000000,0.000000,0.000000,133.635529,201.405807,0.336486,0.5,0.80,251.726105,1.000000,30.33,26.14,26.31,25.88,25.88,80.37,156.9,154.8,1.4,1870,4.007,10:55:37,2025-09-24,0.16,1,0.004,0.007,0.013,-1.320,-3.274,-3.527,0,150,-9999.000,-9999.000000,0.058905,0.000000,0.029230,0.000000,0.000000,-0.000068,standard,0,mpf,7000,500,-9999.000000,-9999.000000,300,300,300,187.697418,25,-9.957490,185.599564,187.137634,-1.538071,2.446931,2.461618,1.645040,0.924762,0.258812,-0.005255,0.361012,1.666248,133.635529,0.000596,2.400430,-0.000041,1.000000,2.408421,-0.000039,1.000000,0.600250,0.601702,0.107071,0.000000,PSF-00232_20250924110237_82f,PFA-00245,PSA-00257,PSF-00232,RHS-00222,3.0.0,2021-01-19T12:57:14.097Z
136,11:02:57,2025-09-24,Manual gsw+F,LI-COR Default,,136,,,0.425388,2.925026,0.371379,11.613565,1.144672,0.885963,3.583964,2.439292,11.023829,14.242886,44.594421,0.441786,7.500000,PSF-00232_20250924110257_4b3,0.000000,0.000000,0.000000,84.351898,138.307266,0.390112,0.5,0.80,310.736511,1.000000,33.08,25.61,26.43,27.02,27.02,80.37,157.1,65.4,58.4,1991,3.980,10:55:37,2025-09-24,0.16,1,0.006,0.005,0.017,0.299,-1.645,-6.090,0,150,-9999.000,-9999.000000,0.058905,0.000000,0.029230,0.000000,0.000000,-0.000068,standard,0,mpf,7000,500,-9999.000000,-9999.000000,300,300,300,128.108383,25,-7.173383,128.860474,128.028458,0.832016,2.446059,2.465832,1.646820,0.724326,0.257677,0.006931,0.361882,1.767181,84.351898,0.000617,2.400430,-0.000041,1.000000,2.408421,-0.000039,1.000000,0.600250,0.601702,0.107071,0.000000,PSF-00232_20250924110257_4b3,PFA-00245,PSA-00257,PSF-00232,RHS-00222,3.0.0,2021-01-19T12:57:14.097Z
137,11:03:15,2025-09-24,Manual gsw+F,LI-COR Default,,137,,,0.210568,2.922220,0.196415,5.156668,0.965479,0.850086,3.023171,2.057692,10.577053,12.012811,37.615314,0.441786,7.500000,PSF-00232_20250924110315_269,0.000000,0.000000,0.000000,119.704842,431.003998,0.722265,0.5,0.80,583.172729,1.000000,27.75,24.43,26.52,24.16,24.16,80.37,156.8,144.4,7.9,2019,4.009,10:55:37,2025-09-24,0.16,1,-0.000,0.002,0.013,4.552,-0.954,8.955,0,150,-9999.000,-9999.000000,0.058905,0.000000,0.029230,0.000000,0.000000,-0.000068,standard,0,mpf,7000,500,-9999.000000,-9999.000000,300,300,300,405.187012,25,-18.079466,404.412384,405.097778,-0.685394,2.444177,2.457552,1.643857,0.899150,0.256714,-0.027558,0.362574,1.789880,119.704842,0.000611,2.400430,-0.000041,1.000000,2.408421,-0.000039,1.000000,0.600250,0.601702,0.107071,0.000000,PSF-00232_20250924110315_269,PFA-00245,PSA-00257,PSF-00232,RHS-00222,3.0.0,2021-01-19T12:57:14.097Z
138,11:04:01,2025-09-24,Manual gsw+F,LI-COR Default,,138,,,0.309460,2.923595,0.279839,6.449508,1.005968,0.861868,2.814355,1.808387,10.723123,12.515970,35.015415,0.441786,7.500000,PSF-00232_20250924110401_a1f,0.000000,0.000000,0.000000,84.666611,312.079712,0.728702,0.5,0.80,332.896301,1.000000,28.57,24.48,26.72,22.97,22.97,80.37,156.9,155.8,0.8,1142,4.005,10:55:37,2025-09-24,0.16,1,0.002,0.002,0.012,0.643,2.227,-1.853,0,150,-9999.000,-9999.000000,0.058905,0.000000,0.029230,0.000000,0.000000,-0.000068,standard,0,mpf,7000,500,-9999.000000,-9999.000000,300,300,300,283.426880,25,-23.814545,276.355133,277.955627,-1.600494,2.444225,2.458814,1.645307,0.927258,0.254677,-0.043429,0.364402,1.059195,84.666611,0.000638,2.400430,-0.000041,1.000000,2.408421,-0.000039,1.000000,0.600250,0.601702,0.107071,0.000000,PSF-00232_20250924110401_a1f,PFA-00245,PSA-00257,PSF-00232,RHS-00222,3.0.0,2021-01-19T12:57:14.097Z
139,11:07:51,2025-09-24,Manual gsw+F,LI-COR Default,,139,,,0.086622,2.922981,0.084129,2.124843,0.864337,0.816773,2.846706,1.982369,10.166045,10.758054,35.431801,0.441786,7.500000,PSF-00232_20250924110751_9e4,0.000000,0.000000,0.000000,87.394241,402.307068,0.782767,0.5,0.80,15.151960,1.000000,24.11,22.78,27.03,23.16,23.16,80.34,156.9,153.5,2.1,48,4.001,11:07:15,2025-09-24,0.22,1,0.000,0.002,0.011,0.106,0.191,0.280,0,150,-9999.000,-9999.000000,0.058905,0.000000,0.029230,0.000000,0.000000,-0.000068,standard,0,mpf,7000,500,-9999.000000,-9999.000000,300,300,300,390.085449,25,-9.572975,386.352539,388.589874,-2.237335,2.441450,2.451571,1.644659,0.921719,0.251564,-0.044942,0.371740,0.147414,87.394241,0.000636,2.400430,-0.000041,1.000000,2.408421,-0.000039,1.000000,0.600250,0.601702,0.107071,0.000000,PSF-00232_20250924110751_9e4,PFA-00245,PSA-00257,PSF-00232,RHS-00222,3.0.0,2021-01-19T12:57:14.097Z
140,11:08:05,2025-09-24,Manual gsw+F,LI-COR Default,,140,,,0.033724,2.921869,0.033339,0.820603,0.835400,0.817008,2.768620,1.933219,10.168942,10.397858,34.459785,0.441786,7.500000,PSF-00232_20250924110805_38f,0.000000,0.000000,0.000000,88.967445,422.603424,0.789478,0.5,0.80,14.404155,1.000000,23.34,22.82,27.00,22.70,22.70,80.34,156.7,154.9,1.2,46,4.002,11:07:15,2025-09-24,0.22,1,-0.000,-0.000,0.005,-0.098,-0.040,-0.130,0,150,-9999.000,-9999.000000,0.058905,0.000000,0.029230,0.000000,0.000000,-0.000068,standard,0,mpf,7000,500,-9999.000000,-9999.000000,300,300,300,414.820068,25,-5.136541,416.914337,415.243225,1.671112,2.441523,2.450328,1.643488,0.925122,0.251836,-0.049806,0.372093,0.145097,88.967445,0.000633,2.400430,-0.000041,1.000000,2.408421,-0.000039,1.000000,0.600250,0.601702,0.107071,0.000000,PSF-00232_20250924110805_38f,PFA-00245,PSA-00257,PSF-00232,RHS-00222,3.0.0,2021-01-19T12:57:14.097Z
141,11:08:28,2025-09-24,Manual gsw+F,LI-COR Default,,141,,,0.261090,2.922015,0.239675,5.696465,0.946558,0.819080,2.811431,1.864874,10.194890,11.781570,34.993191,0.441786,7.500000,PSF-00232_20250924110828_dfc,0.000000,0.000000,0.000000,96.857788,460.097260,0.789484,0.5,0.80,13.773256,1.000000,26.50,22.93,26.96,22.95,22.95,80.34,156.7,154.5,1.4,44,3.974,11:07:15,2025-09-24,0.22,1,0.003,0.007,0.014,-0.020,0.023,0.015,0,150,-9999.000,-9999.000000,0.058905,0.000000,0.029230,0.000000,0.000000,-0.000068,standard,0,mpf,7000,500,-9999.000000,-9999.000000,300,300,300,446.359283,25,-9.529445,449.745667,446.442444,3.303223,2.441704,2.455410,1.643642,0.924250,0.252215,-0.046504,0.372788,0.143431,96.857788,0.000629,2.400430,-0.000041,1.000000,2.408421,-0.000039,1.000000,0.600250,0.601702,0.107071,0.000000,PSF-00232_20250924110828_dfc,PFA-00245,PSA-00257,PSF-00232,RHS-00222,3.0.0,2021-01-19T12:57:14.097Z
142,11:08:52,2025-09-24,Manual gsw+F,LI-COR Default,,142,,,0.161035,2.922816,0.152626,3.692184,0.909108,0.826490,2.807857,1.898749,10.286385,11.314630,34.946201,0.441786,7.500000,PSF-00232_20250924110852_eac,0.000000,0.000000,0.000000,93.840836,461.360931,0.796600,0.5,0.80,15.959917,1.000000,25.52,23.20,26.92,22.93,22.93,80.35,156.8,154.6,1.4,50,4.001,11:07:15,2025-09-24,0.22,1,0.003,0.003,0.012,0.027,0.086,0.154,0,150,-9999.000,-9999.000000,0.058905,0.000000,0.029230,0.000000,0.000000,-0.000068,standard,0,mpf,7000,500,-9999.000000,-9999.000000,300,300,300,443.400635,25,-12.525761,444.756042,443.412659,1.343384,2.442146,2.453857,1.644485,0.924335,0.252673,-0.046203,0.373491,0.148828,93.840836,0.000651,2.400430,-0.000041,1.000000,2.408421,-0.000039,1.000000,0.600250,0.601702,0.107071,0.000000,PSF-00232_20250924110852_eac,PFA-00245,PSA-00257,PSF-00232,RHS-00222,3.0.0,2021-01-19T12:57:14.097Z
143,11:09:27,2025-09-24,Manual gsw+F,LI-COR Default,,143,,,0.125673,2.922960,0.120493,2.869757,0.896165,0.831947,2.766197,1.870032,10.354261,11.153507,34.427589,0.441786,7.500000,PSF-00232_20250924110927_4bf,0.000000,0.000000,0.000000,85.872528,429.476349,0.800053,0.5,0.80,16.706450,1.000000,25.27,23.46,26.84,22.68,22.68,80.35,156.9,154.7,1.4,52,4.000,11:07:15,2025-09-24,0.22,1,0.004,0.002,0.011,0.158,0.369,0.815,0,150,-9999.000,-9999.000000,0.058905,0.000000,0.029230,0.000000,0.000000,-0.000068,standard,0,mpf,7000,500,-9999.000000,-9999.000000,300,300,300,418.854126,25,-7.244120,422.456146,419.096191,3.359955,2.442571,2.453466,1.644636,0.924624,0.253433,-0.048092,0.374497,0.150592,85.642937,0.000632,2.400430,-0.000041,1.000000,2.408421,-0.000039,1.000000,0.600250,0.601702,0.107071,0.000000,PSF-00232_20250924110927_4bf,PFA-00245,PSA-00257,PSF-00232,RHS-00222,3.0.0,2021-01-19T12:57:14.097Z
144,11:09:55,2025-09-24,Manual gsw+F,LI-COR Default,,144,,,0.144501,2.922561,0.137693,3.395908,0.861220,0.785172,2.797672,1.936452,9.772327,10.718823,34.820091,0.441786,7.500000,PSF-00232_20250924110955_eeb,0.000000,0.000000,0.000000,96.671822,478.531189,0.797982,0.5,0.80,15.753054,1.000000,24.38,22.23,26.78,22.87,22.87,80.35,156.8,154.6,1.4,49,3.998,11:07:15,2025-09-24,0.22,1,0.002,0.003,0.010,-0.044,-0.065,0.034,0,150,-9999.000,-9999.000000,0.058905,0.000000,0.029230,0.000000,0.000000,-0.000068,standard,0,mpf,7000,500,-9999.000000,-9999.000000,300,300,300,453.438873,25,-17.419260,458.821533,453.570984,5.250549,2.440587,2.452046,1.644217,0.924380,0.254107,-0.045201,0.375452,0.148215,96.671822,0.000632,2.400430,-0.000041,1.000000,2.408421,-0.000039,1.000000,0.600250,0.601702,0.107071,0.000000,PSF-00232_20250924110955_eeb,PFA-00245,PSA-00257,PSF-00232,RHS-00222,3.0.0,2021-01-19T12:57:14.097Z
145,11:10:23,2025-09-24,Manual gsw+F,LI-COR Default,,145,,,0.156445,2.924369,0.148501,3.424335,0.892742,0.816200,2.703969,1.811227,10.158722,11.111395,33.654583,0.441786,7.500000,PSF-00232_20250924111023_54d,0.000000,0.000000,0.000000,86.564186,426.269928,0.796926,0.5,0.80,58.929787,1.000000,25.37,23.19,26.71,22.31,22.31,80.34,157.0,154.7,1.5,185,3.998,11:07:15,2025-09-24,0.22,1,0.000,0.002,0.012,0.030,-0.018,0.134,0,150,-9999.000,-9999.000000,0.058905,0.000000,0.029230,0.000000,0.000000,-0.000068,standard,0,mpf,7000,500,-9999.000000,-9999.000000,300,300,300,411.405792,25,-9.830527,427.550568,412.183685,15.366882,2.442154,2.453636,1.646125,0.924675,0.254730,-0.050790,0.376408,0.261188,86.564186,0.000637,2.400430,-0.000041,1.000000,2.408421,-0.000039,1.000000,0.600250,0.601702,0.107071,0.000000,PSF-00232_20250924111023_54d,PFA-00245,PSA-00257,PSF-00232,RHS-00222,3.0.0,2021-01-19T12:57:14.097Z
146,11:10:47,2025-09-24,Manual gsw+F,LI-COR Default,,146,,,0.291694,2.922923,0.265226,5.491242,0.994916,0.872199,2.620821,1.625905,10.856522,12.384007,32.622128,0.441786,7.500000,PSF-00232_20250924111047_1af,0.000000,0.000000,0.000000,85.248474,468.637787,0.818093,0.5,0.80,16.370739,1.000000,28.36,24.86,26.66,21.80,21.80,80.34,156.9,152.7,2.7,50,3.997,11:07:15,2025-09-24,0.22,1,0.007,0.008,0.020,0.077,0.097,0.142,0,150,-9999.000,-9999.000000,0.058905,0.000000,0.029230,0.000000,0.000000,-0.000068,standard,0,mpf,7000,500,-9999.000000,-9999.000000,300,300,300,412.137878,25,-41.299099,399.566528,409.459930,-9.893402,2.444839,2.458385,1.644597,0.919630,0.255275,-0.055890,0.377253,0.148777,85.248474,0.000640,2.400430,-0.000041,1.000000,2.408421,-0.000039,1.000000,0.600250,0.601702,0.107071,0.000000,PSF-00232_20250924111047_1af,PFA-00245,PSA-00257,PSF-00232,RHS-00222,3.0.0,2021-01-19T12:57:14.097Z
147,11:11:23,2025-09-24,Manual gsw+F,LI-COR Default,,147,,,0.151124,2.922980,0.143695,3.287531,0.878569,0.805002,2.675787,1.797219,10.020938,10.936721,33.309105,0.441786,7.500000,PSF-00232_20250924111123_014,0.000000,0.000000,0.000000,55.880070,274.031219,0.796081,0.5,0.80,17.583414,1.000000,25.15,23.04,26.59,22.14,22.14,80.33,156.9,78.1,50.2,55,3.997,11:07:15,2025-09-24,0.22,1,0.006,0.008,-0.001,-0.369,3.345,1.849,0,150,-9999.000,-9999.000000,0.058905,0.000000,0.029230,0.000000,0.000000,-0.000068,standard,0,mpf,7000,500,-9999.000000,-9999.000000,300,300,300,270.292999,25,-8.443008,284.387482,261.933167,22.454315,2.441932,2.453306,1.644658,0.750321,0.256008,-0.051238,0.378519,0.153105,55.880070,0.000658,2.400430,-0.000041,1.000000,2.408421,-0.000039,1.000000,0.600250,0.601702,0.107071,0.000000,PSF-00232_20250924111123_014,PFA-00245,PSA-00257,PSF-00232,RHS-00222,3.0.0,2021-01-19T12:57:14.097Z
148,11:11:58,2025-09-24,Manual gsw+F,LI-COR Default,,148,,,0.070240,2.921969,0.068592,1.731138,0.883451,0.844684,2.863619,1.980167,10.514881,10.997469,35.647182,0.441786,7.500000,PSF-00232_20250924111158_d45,0.000000,0.000000,0.000000,67.162514,319.113129,0.789534,0.5,0.80,14.048197,1.000000,25.36,24.25,26.54,23.26,23.26,80.33,156.7,155.4,0.9,44,3.994,11:07:15,2025-09-24,0.22,1,-0.003,-0.001,0.011,0.083,0.142,0.357,0,150,-9999.000,-9999.000000,0.058905,0.000000,0.029230,0.000000,0.000000,-0.000068,standard,0,mpf,7000,500,-9999.000000,-9999.000000,300,300,300,303.440460,25,-10.955053,304.016937,303.415527,0.601410,2.443882,2.453658,1.643594,0.926373,0.256519,-0.038045,0.379805,0.144155,67.162514,0.000648,2.400430,-0.000041,1.000000,2.408421,-0.000039,1.000000,0.600250,0.601702,0.107071,0.000000,PSF-00232_20250924111158_d45,PFA-00245,PSA-00257,PSF-00232,RHS-00222,3.0.0,2021-01-19T12:57:14.097Z
149,11:12:19,2025-09-24,Manual gsw+F,LI-COR Default,,149,,,0.052825,2.923555,0.051888,1.335376,0.867505,0.837632,2.886573,2.019068,10.427296,10.799163,35.933594,0.441786,7.500000,PSF-00232_20250924111219_00d,0.000000,0.000000,0.000000,83.667038,369.780060,0.773738,0.5,0.80,17.625896,1.000000,24.94,24.08,26.51,23.39,23.39,80.33,156.9,153.8,2.0,57,3.993,11:07:15,2025-09-24,0.22,1,-0.000,-0.001,0.009,-0.059,-0.082,1.098,0,150,-9999.000,-9999.000000,0.058905,0.000000,0.029230,0.000000,0.000000,-0.000068,standard,0,mpf,7000,500,-9999.000000,-9999.000000,300,300,300,369.780060,25,1.690416,375.391602,372.202271,3.189331,2.443616,2.452984,1.645265,0.922487,0.256766,-0.036260,0.380642,0.154549,83.667038,0.000638,2.400430,-0.000041,1.000000,2.408421,-0.000039,1.000000,0.600250,0.601702,0.107071,0.000000,PSF-00232_20250924111219_00d,PFA-00245,PSA-00257,PSF-00232,RHS-00222,3.0.0,2021-01-19T12:57:14.097Z
150,11:12:42,2025-09-24,Manual gsw+F,LI-COR Default,,150,,,0.073550,2.921351,0.071743,1.788213,1.008378,0.968375,2.961245,1.952867,12.054322,12.552280,36.861546,0.441786,7.500000,PSF-00232_20250924111242_669,0.000000,0.000000,0.000000,88.589790,424.133942,0.791128,0.5,0.80,22.675310,1.000000,29.02,27.87,26.50,23.81,23.81,80.33,156.7,83.1,47.0,72,3.995,11:07:15,2025-09-24,0.22,1,-0.000,0.002,0.007,0.214,0.264,0.703,0,150,-9999.000,-9999.000000,0.058905,0.000000,0.029230,0.000000,0.000000,-0.000068,standard,0,mpf,7000,500,-9999.000000,-9999.000000,300,300,300,407.234802,25,-11.898203,408.757568,407.084900,1.672668,2.449607,2.459443,1.642945,0.760725,0.256925,-0.031252,0.381704,0.166808,88.589790,0.000649,2.400430,-0.000041,1.000000,2.408421,-0.000039,1.000000,0.600250,0.601702,0.107071,0.000000,PSF-00232_20250924111242_669,PFA-00245,PSA-00257,PSF-00232,RHS-00222,3.0.0,2021-01-19T12:57:14.097Z
151,11:13:27,2025-09-24,Manual gsw+F,LI-COR Default,,151,,,0.097026,2.923068,0.093909,3.040689,0.903117,0.835103,3.433864,2.530747,10.396094,11.242796,42.747768,0.441786,7.500000,PSF-00232_20250924111327_d4a,0.000000,0.000000,0.000000,196.752548,280.209534,0.297838,0.5,0.80,211.935089,1.000000,25.93,23.98,26.54,26.30,26.30,80.33,156.9,130.2,17.0,1779,3.994,11:07:15,2025-09-24,0.22,1,-0.000,-0.000,0.006,-4.146,-8.658,-16.452,0,150,-9999.000,-9999.000000,0.058905,0.000000,0.029230,0.000000,0.000000,-0.000068,standard,0,mpf,7000,500,-9999.000000,-9999.000000,300,300,300,267.168762,25,-9.242872,265.546906,266.965332,-1.418427,2.443449,2.454568,1.644750,0.865408,0.256553,-0.002936,0.384056,1.590127,196.752548,0.000616,2.400430,-0.000041,1.000000,2.408421,-0.000039,1.000000,0.600250,0.601702,0.107071,0.000000,PSF-00232_20250924111327_d4a,PFA-00245,PSA-00257,PSF-00232,RHS-00222,3.0.0,2021-01-19T12:57:14.097Z
152,11:14:17,2025-09-24,Manual gsw+F,LI-COR Default,,152,,,0.150109,2.923365,0.142778,3.786726,0.933181,0.848520,3.011611,2.078430,10.561712,11.615507,37.486168,0.441786,7.500000,PSF-00232_20250924111417_b13,0.000000,0.000000,0.000000,85.383652,343.282715,0.751273,0.5,0.80,106.096085,1.000000,26.60,24.19,26.66,24.09,24.09,80.34,156.9,150.9,3.8,353,3.992,11:07:15,2025-09-24,0.22,1,-0.000,-0.001,0.012,0.484,1.083,2.530,0,150,-9999.000,-9999.000000,0.058905,0.000000,0.029230,0.000000,0.000000,-0.000068,standard,0,mpf,7000,500,-9999.000000,-9999.000000,300,300,300,314.006195,25,-22.749872,312.396881,310.684235,1.712646,2.443762,2.455610,1.645063,0.915155,0.255279,-0.029951,0.387006,0.401402,85.383652,0.000625,2.400430,-0.000041,1.000000,2.408421,-0.000039,1.000000,0.600250,0.601702,0.107071,0.000000,PSF-00232_20250924111417_b13,PFA-00245,PSA-00257,PSF-00232,RHS-00222,3.0.0,2021-01-19T12:57:14.097Z
153,11:14:36,2025-09-24,Manual gsw+F,LI-COR Default,,153,,,0.224100,2.922859,0.208141,6.061147,0.948083,0.812540,3.226862,2.278779,10.113605,11.800702,40.164444,0.441786,7.500000,PSF-00232_20250924111436_e36,0.000000,0.000000,0.000000,88.724609,138.605118,0.359875,0.5,0.80,279.298279,1.000000,26.94,23.09,26.71,25.25,25.25,80.34,156.8,154.0,1.8,1940,3.992,11:07:15,2025-09-24,0.22,1,0.002,0.003,0.009,-8.625,-12.501,-18.397,0,150,-9999.000,-9999.000000,0.058905,0.000000,0.029230,0.000000,0.000000,-0.000068,standard,0,mpf,7000,500,-9999.000000,-9999.000000,300,300,300,138.605118,25,10.068129,144.160873,153.031830,-8.870956,2.441989,2.456142,1.644530,0.922948,0.254743,-0.017277,0.388101,1.724596,88.724609,0.000634,2.400430,-0.000041,1.000000,2.408421,-0.000039,1.000000,0.600250,0.601702,0.107071,0.000000,PSF-00232_20250924111436_e36,PFA-00245,PSA-00257,PSF-00232,RHS-00222,3.0.0,2021-01-19T12:57:14.097Z
154,11:14:56,2025-09-24,Manual gsw+F,LI-COR Default,,154,,,0.121349,2.923596,0.116513,3.265081,0.991107,0.918175,3.183979,2.192872,11.428727,12.336525,39.631672,0.441786,7.500000,PSF-00232_20250924111456_cbb,0.000000,0.000000,0.000000,104.129074,354.613739,0.706359,0.5,0.80,232.580154,1.000000,28.06,26.00,26.77,25.02,25.02,80.34,156.9,155.3,1.0,823,3.992,11:07:15,2025-09-24,0.22,1,0.001,0.005,0.008,-1.050,0.674,0.732,0,150,-9999.000,-9999.000000,0.058905,0.000000,0.029230,0.000000,0.000000,-0.000068,standard,0,mpf,7000,500,-9999.000000,-9999.000000,300,300,300,318.653931,25,-25.689962,318.155762,317.802368,0.353394,2.446627,2.457901,1.645308,0.926144,0.254129,-0.020595,0.389338,0.793319,104.129074,0.000646,2.400430,-0.000041,1.000000,2.408421,-0.000039,1.000000,0.600250,0.601702,0.107071,0.000000,PSF-00232_20250924111456_cbb,PFA-00245,PSA-00257,PSF-00232,RHS-00222,3.0.0,2021-01-19T12:57:14.097Z
155,11:15:34,2025-09-24,Manual gsw+F,LI-COR Default,,155,,,0.029309,2.925015,0.029018,1.101949,0.864878,0.840249,3.826948,2.962070,10.457661,10.764181,47.629807,0.441786,7.500000,PSF-00232_20250924111534_20d,0.000000,0.000000,0.000000,23.856998,27.063318,0.118475,0.5,0.80,46.285606,1.000000,24.28,23.59,26.92,28.14,28.14,80.35,157.1,62.4,60.3,977,3.992,11:07:15,2025-09-24,0.22,1,-0.004,-0.004,0.009,0.036,-0.004,0.027,0,150,-9999.000,-9999.000000,0.058905,0.000000,0.029230,0.000000,0.000000,-0.000068,standard,0,mpf,7000,500,-9999.000000,-9999.000000,300,300,300,26.731968,25,-0.236921,26.652931,26.723831,-0.070900,2.442765,2.451861,1.646808,0.718303,0.252662,0.014408,0.391707,0.921315,23.856998,0.000633,2.400430,-0.000041,1.000000,2.408421,-0.000039,1.000000,0.600250,0.601702,0.107071,0.000000,PSF-00232_20250924111534_20d,PFA-00245,PSA-00257,PSF-00232,RHS-00222,3.0.0,2021-01-19T12:57:14.097Z
156,11:16:09,2025-09-24,Manual gsw+F,LI-COR Default,,156,,,0.374400,2.922601,0.331884,7.876029,1.065169,0.889257,2.924505,1.859336,11.068047,13.257524,36.399570,0.441786,7.500000,PSF-00232_20250924111609_77a,0.000000,0.000000,0.000000,94.968437,345.191925,0.724882,0.5,0.80,182.940338,1.000000,29.63,24.74,27.07,23.60,23.60,80.34,156.8,63.7,59.4,631,3.990,11:07:15,2025-09-24,0.22,1,-0.001,-0.007,0.028,-1.734,-1.345,-2.249,0,150,-9999.000,-9999.000000,0.058905,0.000000,0.029230,0.000000,0.000000,-0.000068,standard,0,mpf,7000,500,-9999.000000,-9999.000000,300,300,300,315.197815,25,-22.062462,312.587128,313.578430,-0.991302,2.444583,2.460304,1.644259,0.720984,0.251112,-0.040410,0.393680,0.633060,94.968437,0.000642,2.400430,-0.000041,1.000000,2.408421,-0.000039,1.000000,0.600250,0.601702,0.107071,0.000000,PSF-00232_20250924111609_77a,PFA-00245,PSA-00257,PSF-00232,RHS-00222,3.0.0,2021-01-19T12:57:14.097Z
157,11:16:26,2025-09-24,Manual gsw+F,LI-COR Default,,157,,,0.236136,2.923786,0.218490,5.637006,0.972425,0.846497,2.994055,2.021630,10.536239,12.103643,37.266602,0.441786,7.500000,PSF-00232_20250924111626_797,0.000000,0.000000,0.000000,134.106873,495.566040,0.729386,0.5,0.80,189.510773,1.000000,26.96,23.47,27.13,23.99,23.99,80.34,157.0,136.1,13.3,650,3.990,11:07:15,2025-09-24,0.22,1,0.002,0.000,0.011,-0.046,0.207,2.459,0,150,-9999.000,-9999.000000,0.058905,0.000000,0.029230,0.000000,0.000000,-0.000068,standard,0,mpf,7000,500,-9999.000000,-9999.000000,300,300,300,465.423706,25,-26.959587,451.202271,456.935394,-5.733124,2.442544,2.456110,1.645508,0.879230,0.250541,-0.036636,0.394676,0.648586,134.255295,0.000638,2.400430,-0.000041,1.000000,2.408421,-0.000039,1.000000,0.600250,0.601702,0.107071,0.000000,PSF-00232_20250924111626_797,PFA-00245,PSA-00257,PSF-00232,RHS-00222,3.0.0,2021-01-19T12:57:14.097Z
158,11:17:05,2025-09-24,Manual gsw+F,LI-COR Default,,158,,,0.087824,2.921209,0.085260,2.739824,0.904318,0.842928,3.416879,2.512561,10.490872,11.254910,42.525604,0.441786,7.500000,PSF-00232_20250924111705_8e8,0.000000,0.000000,0.000000,111.926796,211.156006,0.469933,0.5,0.80,259.992371,1.000000,24.85,23.16,27.28,26.21,26.21,80.35,156.6,155.1,1.0,1383,3.990,11:07:15,2025-09-24,0.22,1,-0.000,0.001,0.009,0.028,1.889,59.695,0,150,-9999.000,-9999.000000,0.058905,0.000000,0.029230,0.000000,0.000000,-0.000068,standard,0,mpf,7000,500,-9999.000000,-9999.000000,300,300,300,190.358521,25,-15.707079,183.784607,188.649185,-4.864578,2.442030,2.452727,1.642795,0.925575,0.249033,-0.012810,0.396687,1.260149,111.926796,0.000614,2.400430,-0.000041,1.000000,2.408421,-0.000039,1.000000,0.600250,0.601702,0.107071,0.000000,PSF-00232_20250924111705_8e8,PFA-00245,PSA-00257,PSF-00232,RHS-00222,3.0.0,2021-01-19T12:57:14.097Z
159,11:18:01,2025-09-24,Manual gsw+F,LI-COR Default,,159,,,1.275914,2.923273,0.888230,21.447998,1.318195,0.840872,3.203915,1.885720,10.464491,16.404692,39.872128,0.441786,7.500000,PSF-00232_20250924111801_cef,0.000000,0.000000,0.000000,64.908028,237.833664,0.727086,0.5,0.80,531.118042,1.000000,35.86,22.87,27.46,25.13,25.13,80.35,156.9,14.2,91.0,1826,3.987,11:07:15,2025-09-24,0.22,1,-0.006,-0.007,0.030,-0.016,-0.046,-0.811,0,150,-9999.000,-9999.000000,0.058905,0.000000,0.029230,0.000000,0.000000,-0.000068,standard,0,mpf,7000,500,-9999.000000,-9999.000000,300,300,300,215.547318,25,-13.788132,224.485153,218.076523,6.408630,2.441542,2.469740,1.644967,0.626853,0.247337,-0.027473,0.399345,1.629508,64.115166,0.000642,2.400430,-0.000041,1.000000,2.408421,-0.000039,1.000000,0.600250,0.601702,0.107071,0.000000,PSF-00232_20250924111801_cef,PFA-00245,PSA-00257,PSF-00232,RHS-00222,3.0.0,2021-01-19T12:57:14.097Z
160,11:18:53,2025-09-24,Manual gsw+F,LI-COR Default,,160,,,0.210484,2.923143,0.196346,6.354324,1.004550,0.862567,3.531528,2.526978,10.735055,12.502102,43.951538,0.441786,7.500000,PSF-00232_20250924111853_4dd,0.000000,0.000000,0.000000,203.362228,311.641205,0.347448,0.5,0.80,258.465881,1.000000,27.00,23.19,27.66,26.77,26.77,80.35,156.9,135.4,13.7,1860,3.987,11:18:40,2025-09-24,0.17,1,0.002,0.003,0.012,-3.774,-4.620,3.093,0,150,-9999.000,-9999.000000,0.058905,0.000000,0.029230,0.000000,0.000000,-0.000068,standard,0,mpf,7000,500,-9999.000000,-9999.000000,300,300,300,290.127411,25,-15.353398,287.602173,289.641174,-2.039001,2.442017,2.456177,1.644830,0.877520,0.245343,-0.010726,0.401758,1.657487,203.362228,0.000621,2.400430,-0.000041,1.000000,2.408421,-0.000039,1.000000,0.600250,0.601702,0.107071,0.000000,PSF-00232_20250924111853_4dd,PFA-00245,PSA-00257,PSF-00232,RHS-00222,3.0.0,2021-01-19T12:57:14.097Z
161,11:19:16,2025-09-24,Manual gsw+F,LI-COR Default,,161,,,0.409678,2.924712,0.359343,9.279440,1.158118,0.951416,3.177236,2.019118,11.839834,14.412118,39.538887,0.441786,7.500000,PSF-00232_20250924111916_ae2,0.000000,0.000000,0.000000,80.293182,317.477997,0.747091,0.5,0.80,44.630341,1.000000,30.95,25.43,27.76,24.99,24.99,80.36,157.1,149.0,5.2,149,3.985,11:18:40,2025-09-24,0.17,1,-0.005,-0.003,0.016,0.173,0.359,0.918,0,150,-9999.000,-9999.000000,0.058905,0.000000,0.029230,0.000000,0.000000,-0.000068,standard,0,mpf,7000,500,-9999.000000,-9999.000000,300,300,300,276.538971,25,-31.196508,272.390839,272.776245,-0.385406,2.445583,2.462316,1.646487,0.910439,0.244404,-0.032669,0.402716,0.231577,80.293182,0.000650,2.400430,-0.000041,1.000000,2.408421,-0.000039,1.000000,0.600250,0.601702,0.107071,0.000000,PSF-00232_20250924111916_ae2,PFA-00245,PSA-00257,PSF-00232,RHS-00222,3.0.0,2021-01-19T12:57:14.097Z
162,11:20:09,2025-09-24,Manual gsw+F,LI-COR Default,,162,,,0.030115,2.923255,0.029808,1.003076,0.874661,0.852211,3.505172,2.630511,10.604979,10.884352,43.618641,0.441786,7.500000,PSF-00232_20250924112009_68b,0.000000,0.000000,0.000000,90.419411,276.414948,0.672885,0.5,0.80,471.972961,1.000000,23.11,22.52,27.95,26.64,26.64,80.36,156.9,-6.8,104.3,1754,3.985,11:18:40,2025-09-24,0.17,1,-0.013,-0.030,-0.061,0.311,14.064,21.991,0,150,-9999.000,-9999.000000,0.058905,0.000000,0.029230,0.000000,0.000000,-0.000068,standard,0,mpf,7000,500,-9999.000000,-9999.000000,300,300,300,241.402740,25,-25.403389,242.099045,240.014206,2.084839,2.440900,2.449916,1.644947,0.589865,0.242503,-0.015731,0.404541,1.568947,90.419411,0.000639,2.400430,-0.000041,1.000000,2.408421,-0.000039,1.000000,0.600250,0.601702,0.107071,0.000000,PSF-00232_20250924112009_68b,PFA-00245,PSA-00257,PSF-00232,RHS-00222,3.0.0,2021-01-19T12:57:14.097Z
163,11:20:30,2025-09-24,Manual gsw+F,LI-COR Default,,163,,,0.294449,2.921465,0.267489,7.635475,1.049998,0.879215,3.282363,2.232365,10.939418,13.064349,40.840019,0.441786,7.500000,PSF-00232_20250924112030_09e,0.000000,0.000000,0.000000,89.208130,278.336914,0.679496,0.5,0.80,538.113342,1.000000,27.62,23.13,28.03,25.53,25.53,80.37,156.7,155.0,1.0,1980,3.983,11:18:40,2025-09-24,0.17,1,-0.000,0.000,0.014,0.652,0.802,-5.926,0,150,-9999.000,-9999.000000,0.058905,0.000000,0.029230,0.000000,0.000000,-0.000068,standard,0,mpf,7000,500,-9999.000000,-9999.000000,300,300,300,241.615173,25,-25.844131,242.402313,241.304626,1.097687,2.441880,2.457100,1.643064,0.925461,0.241794,-0.029573,0.405293,1.757593,89.208130,0.000617,2.400430,-0.000041,1.000000,2.408421,-0.000039,1.000000,0.600250,0.601702,0.107071,0.000000,PSF-00232_20250924112030_09e,PFA-00245,PSA-00257,PSF-00232,RHS-00222,3.0.0,2021-01-19T12:57:14.097Z
164,11:20:57,2025-09-24,Manual gsw+F,LI-COR Default,,164,,,0.052164,2.922166,0.051249,1.540649,0.974045,0.939571,3.325613,2.351568,11.690089,12.119020,41.377117,0.441786,7.500000,PSF-00232_20250924112057_c22,0.000000,0.000000,0.000000,307.223785,398.501984,0.229053,0.5,0.80,103.743874,1.000000,25.49,24.58,28.12,25.75,25.75,80.37,156.8,153.1,2.3,1132,3.950,11:18:40,2025-09-24,0.17,1,0.001,0.001,-0.003,-2.379,-0.334,3.813,0,150,-9999.000,-9999.000000,0.058905,0.000000,0.029230,0.000000,0.000000,-0.000068,standard,0,mpf,7000,500,-9999.000000,-9999.000000,300,300,300,394.226440,25,-4.149861,389.718170,392.555603,-2.837433,2.444190,2.453708,1.643801,0.920597,0.240897,-0.028132,0.406180,1.051045,308.910004,0.000608,2.400430,-0.000041,1.000000,2.408421,-0.000039,1.000000,0.600250,0.601702,0.107071,0.000000,PSF-00232_20250924112057_c22,PFA-00245,PSA-00257,PSF-00232,RHS-00222,3.0.0,2021-01-19T12:57:14.097Z
165,11:21:18,2025-09-24,Manual gsw+F,LI-COR Default,,165,,,0.232709,2.922924,0.215548,6.085579,0.963639,0.827535,3.174287,2.210648,10.296694,11.990178,39.496407,0.441786,7.500000,PSF-00232_20250924112118_98f,0.000000,0.000000,0.000000,82.901718,295.164398,0.719134,0.5,0.80,118.242264,1.000000,25.11,21.57,28.19,24.97,24.97,80.37,156.9,151.7,3.3,411,3.979,11:18:40,2025-09-24,0.17,1,0.003,0.002,0.018,0.479,0.856,2.217,0,150,-9999.000,-9999.000000,0.058905,0.000000,0.029230,0.000000,0.000000,-0.000068,standard,0,mpf,7000,500,-9999.000000,-9999.000000,300,300,300,272.665497,25,-15.839483,270.383850,272.467865,-2.084015,2.439326,2.453103,1.644599,0.917192,0.240239,-0.038020,0.406800,0.449758,82.901718,0.000642,2.400430,-0.000041,1.000000,2.408421,-0.000039,1.000000,0.600250,0.601702,0.107071,0.000000,PSF-00232_20250924112118_98f,PFA-00245,PSA-00257,PSF-00232,RHS-00222,3.0.0,2021-01-19T12:57:14.097Z
166,11:21:36,2025-09-24,Manual gsw+F,LI-COR Default,,166,,,0.049491,2.923077,0.048667,1.666954,0.854084,0.816756,3.531748,2.677665,10.162665,10.627127,43.944572,0.441786,7.500000,PSF-00232_20250924112136_aaa,0.000000,0.000000,0.000000,63.364864,177.191742,0.642394,0.5,0.80,314.759094,1.000000,22.18,21.21,28.25,26.77,26.77,80.37,156.9,154.8,1.3,1225,3.981,11:18:40,2025-09-24,0.17,1,0.001,0.002,0.016,-0.082,1.243,5.125,0,150,-9999.000,-9999.000000,0.058905,0.000000,0.029230,0.000000,0.000000,-0.000068,standard,0,mpf,7000,500,-9999.000000,-9999.000000,300,300,300,177.191742,25,6.590262,178.231003,186.634995,-8.403992,2.438739,2.448363,1.644760,0.924768,0.239664,-0.017782,0.407410,1.128272,63.364864,0.000627,2.400430,-0.000041,1.000000,2.408421,-0.000039,1.000000,0.600250,0.601702,0.107071,0.000000,PSF-00232_20250924112136_aaa,PFA-00245,PSA-00257,PSF-00232,RHS-00222,3.0.0,2021-01-19T12:57:14.097Z
167,11:22:47,2025-09-24,Manual gsw+F,LI-COR Default,,167,,,0.045198,2.922665,0.044510,1.297734,0.855625,0.826554,3.140761,2.285137,10.283843,10.645539,39.076832,0.441786,7.500000,PSF-00232_20250924112247_99e,0.000000,0.000000,0.000000,104.028229,413.425812,0.748375,0.5,0.80,41.592369,1.000000,22.12,21.37,28.33,24.79,24.79,80.37,156.8,151.6,3.3,139,3.950,11:18:40,2025-09-24,0.17,1,-0.000,0.001,0.018,0.171,0.247,-1.189,0,150,-9999.000,-9999.000000,0.058905,0.000000,0.029230,0.000000,0.000000,-0.000068,standard,0,mpf,7000,500,-9999.000000,-9999.000000,300,300,300,400.423767,25,-11.742221,398.998260,396.600281,2.397980,2.438991,2.448260,1.644326,0.917041,0.238948,-0.041695,0.409362,0.222903,104.028229,0.000633,2.400430,-0.000041,1.000000,2.408421,-0.000039,1.000000,0.600250,0.601702,0.107071,0.000000,PSF-00232_20250924112247_99e,PFA-00245,PSA-00257,PSF-00232,RHS-00222,3.0.0,2021-01-19T12:57:14.097Z
168,11:23:07,2025-09-24,Manual gsw+F,LI-COR Default,,168,,,0.013927,2.922759,0.013861,0.415579,0.849289,0.839979,3.198499,2.349210,10.450289,10.566117,39.792961,0.441786,7.500000,PSF-00232_20250924112307_a57,0.000000,0.000000,0.000000,88.603378,427.790741,0.792882,0.5,0.80,10.981554,1.000000,21.96,21.72,28.32,25.10,25.10,80.38,156.8,154.7,1.3,35,3.951,11:18:40,2025-09-24,0.17,1,0.002,0.004,0.003,0.085,0.175,-0.089,0,150,-9999.000,-9999.000000,0.058905,0.000000,0.029230,0.000000,0.000000,-0.000068,standard,0,mpf,7000,500,-9999.000000,-9999.000000,300,300,300,415.624390,25,-8.150994,413.810120,416.111115,-2.300995,2.439559,2.447996,1.644425,0.924698,0.238964,-0.038156,0.409784,0.135937,88.603378,0.000642,2.400430,-0.000041,1.000000,2.408421,-0.000039,1.000000,0.600250,0.601702,0.107071,0.000000,PSF-00232_20250924112307_a57,PFA-00245,PSA-00257,PSF-00232,RHS-00222,3.0.0,2021-01-19T12:57:14.097Z
169,11:23:23,2025-09-24,Manual gsw+F,LI-COR Default,,169,,,0.032813,2.923582,0.032449,0.971307,0.842463,0.820718,3.187975,2.345511,10.211487,10.482052,39.665241,0.441786,7.500000,PSF-00232_20250924112323_5a1,0.000000,0.000000,0.000000,73.616623,330.120148,0.777001,0.5,0.80,21.307640,1.000000,21.79,21.23,28.32,25.04,25.04,80.37,156.9,153.9,2.0,69,3.979,11:18:40,2025-09-24,0.17,1,0.000,0.003,0.011,0.163,0.038,0.199,0,150,-9999.000,-9999.000000,0.058905,0.000000,0.029230,0.000000,0.000000,-0.000068,standard,0,mpf,7000,500,-9999.000000,-9999.000000,300,300,300,316.774597,25,-9.500425,313.225159,316.506897,-3.281738,2.438766,2.447725,1.645292,0.922563,0.239041,-0.038697,0.410042,0.164225,73.616623,0.000638,2.400430,-0.000041,1.000000,2.408421,-0.000039,1.000000,0.600250,0.601702,0.107071,0.000000,PSF-00232_20250924112323_5a1,PFA-00245,PSA-00257,PSF-00232,RHS-00222,3.0.0,2021-01-19T12:57:14.097Z
170,11:23:49,2025-09-24,Manual gsw+F,LI-COR Default,,170,,,0.099743,2.922809,0.096452,2.689249,0.875092,0.814877,3.060981,2.185889,10.139537,10.888799,38.087894,0.441786,7.500000,PSF-00232_20250924112349_660,0.000000,0.000000,0.000000,102.747917,397.402954,0.741452,0.5,0.80,14.838095,1.000000,22.67,21.11,28.30,24.36,24.36,80.37,156.8,17.3,89.0,50,3.978,11:18:40,2025-09-24,0.17,1,0.002,0.003,0.009,0.767,0.248,1.000,0,150,-9999.000,-9999.000000,0.058905,0.000000,0.029230,0.000000,0.000000,-0.000068,standard,0,mpf,7000,500,-9999.000000,-9999.000000,300,300,300,381.502747,25,-12.572919,381.669403,379.387115,2.282288,2.438562,2.449148,1.644478,0.632426,0.239233,-0.046269,0.410607,0.148780,102.747917,0.000647,2.400430,-0.000041,1.000000,2.408421,-0.000039,1.000000,0.600250,0.601702,0.107071,0.000000,PSF-00232_20250924112349_660,PFA-00245,PSA-00257,PSF-00232,RHS-00222,3.0.0,2021-01-19T12:57:14.097Z
171,11:24:11,2025-09-24,Manual gsw+F,LI-COR Default,,171,,,0.016757,2.922342,0.016662,0.470142,0.812624,0.802085,3.026049,2.213425,9.980713,10.111853,37.654518,0.441786,7.500000,PSF-00232_20250924112411_cf8,0.000000,0.000000,0.000000,90.636490,366.293793,0.752558,0.5,0.80,14.859426,1.000000,21.08,20.81,28.27,24.17,24.17,80.36,156.8,148.6,5.2,49,3.978,11:18:40,2025-09-24,0.17,1,0.000,0.004,0.015,0.789,3.003,16.669,0,150,-9999.000,-9999.000000,0.058905,0.000000,0.029230,0.000000,0.000000,-0.000068,standard,0,mpf,7000,500,-9999.000000,-9999.000000,300,300,300,356.815704,25,-6.975685,356.973053,356.298279,0.674774,2.438076,2.446558,1.643986,0.909580,0.239486,-0.048139,0.410935,0.148224,90.636490,0.000640,2.400430,-0.000041,1.000000,2.408421,-0.000039,1.000000,0.600250,0.601702,0.107071,0.000000,PSF-00232_20250924112411_cf8,PFA-00245,PSA-00257,PSF-00232,RHS-00222,3.0.0,2021-01-19T12:57:14.097Z
172,11:25:13,2025-09-24,Manual gsw+F,LI-COR Default,,172,,,0.061603,2.923868,0.060332,1.765000,0.864004,0.824516,3.156023,2.292019,10.260689,10.752098,39.275139,0.441786,7.500000,PSF-00232_20250924112513_b13,0.000000,0.000000,0.000000,56.568504,202.660934,0.720871,0.5,0.80,25.665476,1.000000,22.52,21.49,28.19,24.87,24.87,80.36,157.0,88.8,43.4,89,3.976,11:18:40,2025-09-24,0.17,1,0.003,0.004,0.026,-0.199,-0.080,-2.019,0,150,-9999.000,-9999.000000,0.058905,0.000000,0.029230,0.000000,0.000000,-0.000068,standard,0,mpf,7000,500,-9999.000000,-9999.000000,300,300,300,192.470673,25,-6.770730,197.266815,192.959091,4.307724,2.439197,2.448919,1.645595,0.772792,0.240235,-0.039140,0.412179,0.181275,56.568504,0.000632,2.400430,-0.000041,1.000000,2.408421,-0.000039,1.000000,0.600250,0.601702,0.107071,0.000000,PSF-00232_20250924112513_b13,PFA-00245,PSA-00257,PSF-00232,RHS-00222,3.0.0,2021-01-19T12:57:14.097Z
173,11:26:55,2025-09-24,Manual gsw+F,LI-COR Default,,173,,,0.138136,2.922764,0.131902,3.587922,0.910041,0.829761,3.041708,2.131666,10.327855,11.327092,37.859497,0.441786,7.500000,PSF-00232_20250924112655_5e1,0.000000,0.000000,0.000000,98.148819,421.025330,0.766881,0.5,0.80,17.715504,1.000000,23.93,21.82,28.03,24.26,24.26,80.34,156.8,147.0,6.3,58,3.974,11:18:40,2025-09-24,0.17,1,-0.001,0.002,0.008,0.095,0.183,0.427,0,150,-9999.000,-9999.000000,0.058905,0.000000,0.029230,0.000000,0.000000,-0.000068,standard,0,mpf,7000,500,-9999.000000,-9999.000000,300,300,300,395.346527,25,-18.583687,393.754730,394.396606,-0.641876,2.439763,2.451235,1.644431,0.905529,0.241735,-0.044342,0.414658,0.155217,98.148819,0.000644,2.400430,-0.000041,1.000000,2.408421,-0.000039,1.000000,0.600250,0.601702,0.107071,0.000000,PSF-00232_20250924112655_5e1,PFA-00245,PSA-00257,PSF-00232,RHS-00222,3.0.0,2021-01-19T12:57:14.097Z
174,11:27:22,2025-09-24,Manual gsw+F,LI-COR Default,,174,,,0.197096,2.922553,0.184644,4.900373,0.930442,0.820808,3.010320,2.079879,10.216777,11.581410,37.470108,0.441786,7.500000,PSF-00232_20250924112722_5e6,0.000000,0.000000,0.000000,101.346733,479.206818,0.788511,0.5,0.80,18.670059,1.000000,24.57,21.67,27.96,24.09,24.09,80.34,156.8,153.3,2.2,59,3.974,11:18:40,2025-09-24,0.17,1,-0.000,0.002,0.009,0.298,0.524,1.175,0,150,-9999.000,-9999.000000,0.058905,0.000000,0.029230,0.000000,0.000000,-0.000068,standard,0,mpf,7000,500,-9999.000000,-9999.000000,300,300,300,445.370789,25,-26.306637,436.777008,441.511810,-4.734802,2.439531,2.452265,1.644208,0.921257,0.242397,-0.045495,0.415334,0.156419,101.346733,0.000642,2.400430,-0.000041,1.000000,2.408421,-0.000039,1.000000,0.600250,0.601702,0.107071,0.000000,PSF-00232_20250924112722_5e6,PFA-00245,PSA-00257,PSF-00232,RHS-00222,3.0.0,2021-01-19T12:57:14.097Z
175,11:28:14,2025-09-24,Manual gsw+F,LI-COR Default,,175,,,0.271325,2.923124,0.248280,6.415417,0.984223,0.840850,3.008649,2.024426,10.465789,12.250307,37.447678,0.441786,7.500000,PSF-00232_20250924112814_082,0.000000,0.000000,0.000000,116.974709,386.012909,0.696967,0.5,0.80,246.932175,1.000000,26.17,22.36,27.84,24.08,24.08,80.34,156.9,152.2,3.0,886,3.972,11:18:40,2025-09-24,0.17,1,0.001,0.002,0.012,0.593,-0.539,-1.050,0,150,-9999.000,-9999.000000,0.058905,0.000000,0.029230,0.000000,0.000000,-0.000068,standard,0,mpf,7000,500,-9999.000000,-9999.000000,300,300,300,353.717560,25,-22.164032,355.898743,354.253876,1.644867,2.440658,2.454836,1.644810,0.918516,0.243551,-0.044174,0.416773,0.845485,116.974709,0.000614,2.400430,-0.000041,1.000000,2.408421,-0.000039,1.000000,0.600250,0.601702,0.107071,0.000000,PSF-00232_20250924112814_082,PFA-00245,PSA-00257,PSF-00232,RHS-00222,3.0.0,2021-01-19T12:57:14.097Z
176,11:28:46,2025-09-24,Manual gsw+F,LI-COR Default,,176,,,0.135245,2.923242,0.129265,3.718648,0.880971,0.797767,3.134449,2.253478,9.929735,10.965367,39.014202,0.441786,7.500000,PSF-00232_20250924112846_44f,0.000000,0.000000,0.000000,102.270126,431.486115,0.762982,0.5,0.80,40.443867,1.000000,23.52,21.30,27.78,24.76,24.76,80.34,156.9,152.8,2.6,133,3.971,11:18:40,2025-09-24,0.17,1,0.001,-0.001,0.001,-0.679,1.045,25.287,0,150,-9999.000,-9999.000000,0.058905,0.000000,0.029230,0.000000,0.000000,-0.000068,standard,0,mpf,7000,500,-9999.000000,-9999.000000,300,300,300,428.342712,25,-2.132971,435.490967,428.429749,7.061218,2.438941,2.450601,1.644934,0.919911,0.244208,-0.035526,0.417840,0.217548,102.270126,0.000645,2.400430,-0.000041,1.000000,2.408421,-0.000039,1.000000,0.600250,0.601702,0.107071,0.000000,PSF-00232_20250924112846_44f,PFA-00245,PSA-00257,PSF-00232,RHS-00222,3.0.0,2021-01-19T12:57:14.097Z
177,11:29:29,2025-09-24,Manual gsw+F,LI-COR Default,,177,,,0.210165,2.923970,0.196072,6.643778,0.955378,0.806959,3.600348,2.644970,10.044736,11.892204,44.815845,0.441786,7.500000,PSF-00232_20250924112929_f0e,0.000000,0.000000,0.000000,120.759491,245.673859,0.508456,0.5,0.80,365.840515,1.000000,25.56,21.59,27.74,27.10,27.10,80.34,157.0,153.5,2.2,1799,3.971,11:29:15,2025-09-24,0.89,0,0.002,0.002,0.008,-0.173,-0.133,1.403,0,150,-9999.000,-9999.000000,0.058905,0.000000,0.029230,0.000000,0.000000,-0.000068,standard,0,mpf,7000,500,-9999.000000,-9999.000000,300,300,300,221.777924,25,-16.831604,221.145630,221.555710,-0.410080,2.439416,2.452718,1.645703,0.921723,0.244539,-0.007843,0.419447,1.606661,120.759491,0.000612,2.400430,-0.000041,1.000000,2.408421,-0.000039,1.000000,0.600250,0.601702,0.107071,0.000000,PSF-00232_20250924112929_f0e,PFA-00245,PSA-00257,PSF-00232,RHS-00222,3.0.0,2021-01-19T12:57:14.097Z
178,11:29:50,2025-09-24,Manual gsw+F,LI-COR Default,,178,,,0.224349,2.922901,0.208357,7.198114,1.000235,0.839374,3.694750,2.694515,10.447377,12.449562,45.987209,0.441786,7.500000,PSF-00232_20250924112950_b66,0.000000,0.000000,0.000000,91.251251,199.355164,0.542268,0.5,0.80,344.084320,1.000000,26.76,22.46,27.74,27.54,27.54,80.34,156.9,154.4,1.6,1586,3.970,11:29:15,2025-09-24,0.89,0,0.000,0.001,0.010,5.962,5.391,0.943,0,150,-9999.000,-9999.000000,0.058905,0.000000,0.029230,0.000000,0.000000,-0.000068,standard,0,mpf,7000,500,-9999.000000,-9999.000000,300,300,300,155.973312,25,-31.469479,146.004440,154.262268,-8.257828,2.440835,2.454644,1.644574,0.923884,0.244586,-0.002555,0.420308,1.429539,91.251251,0.000617,2.400430,-0.000041,1.000000,2.408421,-0.000039,1.000000,0.600250,0.601702,0.107071,0.000000,PSF-00232_20250924112950_b66,PFA-00245,PSA-00257,PSF-00232,RHS-00222,3.0.0,2021-01-19T12:57:14.097Z
179,11:30:14,2025-09-24,Manual gsw+F,LI-COR Default,,179,,,0.356536,2.922797,0.317773,8.380374,1.001382,0.814086,3.066571,2.065189,10.132604,12.463797,38.168365,0.441786,7.500000,PSF-00232_20250924113014_7b8,0.000000,0.000000,0.000000,116.424683,365.355133,0.681338,0.5,0.80,223.275177,1.000000,26.82,21.80,27.72,24.39,24.39,80.34,156.8,153.4,2.2,819,3.970,11:29:15,2025-09-24,0.89,0,0.000,0.001,0.008,0.030,0.273,0.598,0,150,-9999.000,-9999.000000,0.058905,0.000000,0.029230,0.000000,0.000000,-0.000068,standard,0,mpf,7000,500,-9999.000000,-9999.000000,300,300,300,320.825104,25,-32.029018,316.226349,319.460480,-3.234131,2.439766,2.454727,1.644465,0.921461,0.244714,-0.039108,0.421344,0.790057,116.424683,0.000612,2.400430,-0.000041,1.000000,2.408421,-0.000039,1.000000,0.600250,0.601702,0.107071,0.000000,PSF-00232_20250924113014_7b8,PFA-00245,PSA-00257,PSF-00232,RHS-00222,3.0.0,2021-01-19T12:57:14.097Z
180,11:30:53,2025-09-24,Manual gsw+F,LI-COR Default,,180,,,0.327212,2.922540,0.294265,9.140236,1.024857,0.820597,3.450902,2.426046,10.213645,12.755977,42.951988,0.441786,7.500000,PSF-00232_20250924113053_3fd,0.000000,0.000000,0.000000,101.190445,227.718781,0.555634,0.5,0.80,419.423676,1.000000,27.45,21.98,27.72,26.38,26.38,80.34,156.8,152.8,2.6,1887,3.969,11:29:15,2025-09-24,0.89,0,0.003,0.005,0.012,-0.044,0.394,-5.113,0,150,-9999.000,-9999.000000,0.058905,0.000000,0.029230,0.000000,0.000000,-0.000068,standard,0,mpf,7000,500,-9999.000000,-9999.000000,300,300,300,198.751694,25,-20.114492,198.519226,198.896545,-0.377319,2.440053,2.455726,1.644194,0.919822,0.244728,-0.016084,0.423074,1.680323,101.190445,0.000627,2.400430,-0.000041,1.000000,2.408421,-0.000039,1.000000,0.600250,0.601702,0.107071,0.000000,PSF-00232_20250924113053_3fd,PFA-00245,PSA-00257,PSF-00232,RHS-00222,3.0.0,2021-01-19T12:57:14.097Z
181,11:31:34,2025-09-24,Manual gsw+F,LI-COR Default,,181,,,0.469808,2.923094,0.404754,11.788008,1.077642,0.814499,3.353071,2.275429,10.137547,13.412729,41.733543,0.441786,7.500000,PSF-00232_20250924113134_3a0,0.000000,0.000000,0.000000,129.554626,336.731049,0.615258,0.5,0.80,103.493835,1.000000,28.84,21.80,27.73,25.89,25.89,80.34,156.9,152.7,2.7,421,3.967,11:29:15,2025-09-24,0.89,0,0.001,0.002,0.004,0.198,-0.113,-1.699,0,150,-9999.000,-9999.000000,0.058905,0.000000,0.029230,0.000000,0.000000,-0.000068,standard,0,mpf,7000,500,-9999.000000,-9999.000000,300,300,300,319.970734,25,-11.549963,330.486420,320.181000,10.305420,2.439764,2.457919,1.644778,0.919602,0.244624,-0.021894,0.424814,0.457655,129.554626,0.000611,2.400430,-0.000041,1.000000,2.408421,-0.000039,1.000000,0.600250,0.601702,0.107071,0.000000,PSF-00232_20250924113134_3a0,PFA-00245,PSA-00257,PSF-00232,RHS-00222,3.0.0,2021-01-19T12:57:14.097Z
182,11:31:57,2025-09-24,Manual gsw+F,LI-COR Default,,182,,,0.252834,2.924298,0.232714,6.575316,0.990165,0.843357,3.201174,2.211010,10.496331,12.323488,39.841492,0.441786,7.500000,PSF-00232_20250924113157_941,0.000000,0.000000,0.000000,204.107529,412.879395,0.505649,0.5,0.80,143.964951,1.000000,26.51,22.58,27.73,25.11,25.11,80.35,157.0,153.1,2.5,712,3.968,11:29:15,2025-09-24,0.89,0,-0.002,-0.002,0.009,-4.246,-10.602,-9.230,0,150,-9999.000,-9999.000000,0.058905,0.000000,0.029230,0.000000,0.000000,-0.000068,standard,0,mpf,7000,500,-9999.000000,-9999.000000,300,300,300,389.173157,25,-16.389050,390.368347,389.395386,0.972961,2.441025,2.454237,1.646049,0.920539,0.244663,-0.030898,0.425671,0.700464,204.107529,0.000609,2.400430,-0.000041,1.000000,2.408421,-0.000039,1.000000,0.600250,0.601702,0.107071,0.000000,PSF-00232_20250924113157_941,PFA-00245,PSA-00257,PSF-00232,RHS-00222,3.0.0,2021-01-19T12:57:14.097Z
183,11:32:31,2025-09-24,Manual gsw+F,LI-COR Default,,183,,,0.219142,2.922409,0.203856,5.608915,0.954130,0.828665,3.108749,2.154619,10.314348,11.876006,38.694427,0.441786,7.500000,PSF-00232_20250924113231_fa5,0.000000,0.000000,0.000000,159.019943,345.622528,0.539903,0.5,0.80,297.356049,1.000000,25.55,22.19,27.72,24.62,24.62,80.34,156.8,151.5,3.3,1377,3.966,11:29:15,2025-09-24,0.89,0,0.003,0.002,0.008,-1.746,-6.882,-17.810,0,150,-9999.000,-9999.000000,0.058905,0.000000,0.029230,0.000000,0.000000,-0.000068,standard,0,mpf,7000,500,-9999.000000,-9999.000000,300,300,300,334.524750,25,-7.965992,336.670868,334.207977,2.462891,2.440402,2.452713,1.644056,0.916797,0.244721,-0.036480,0.426966,1.254948,159.019943,0.000623,2.400430,-0.000041,1.000000,2.408421,-0.000039,1.000000,0.600250,0.601702,0.107071,0.000000,PSF-00232_20250924113231_fa5,PFA-00245,PSA-00257,PSF-00232,RHS-00222,3.0.0,2021-01-19T12:57:14.097Z
184,11:33:30,2025-09-24,Manual gsw+F,LI-COR Default,,184,,,0.296127,2.921748,0.268876,9.132596,1.076187,0.872095,3.723698,2.647511,10.854203,13.394361,46.345631,0.441786,7.500000,PSF-00232_20250924113330_28c,0.000000,0.000000,0.000000,97.560524,161.368561,0.395418,0.5,0.80,321.809784,1.000000,28.78,23.32,27.75,27.68,27.68,80.35,156.7,148.3,5.3,2035,3.965,11:29:15,2025-09-24,0.89,0,0.001,0.002,0.010,-0.981,-1.899,-8.588,0,150,-9999.000,-9999.000000,0.058905,0.000000,0.029230,0.000000,0.000000,-0.000068,standard,0,mpf,7000,500,-9999.000000,-9999.000000,300,300,300,148.296829,25,-7.226889,151.688934,151.013092,0.675842,2.442219,2.457813,1.643361,0.908866,0.244469,-0.001115,0.429593,1.803271,97.560524,0.000607,2.400430,-0.000041,1.000000,2.408421,-0.000039,1.000000,0.600250,0.601702,0.107071,0.000000,PSF-00232_20250924113330_28c,PFA-00245,PSA-00257,PSF-00232,RHS-00222,3.0.0,2021-01-19T12:57:14.097Z
185,11:34:10,2025-09-24,Manual gsw+F,LI-COR Default,,185,,,0.244235,2.923835,0.225406,7.481012,1.059520,0.892562,3.648264,2.588744,11.107869,13.185651,45.402401,0.441786,7.500000,PSF-00232_20250924113410_2ac,0.000000,0.000000,0.000000,136.568787,368.235352,0.629126,0.5,0.80,512.429688,1.000000,28.20,23.76,27.83,27.33,27.33,80.35,157.0,154.6,1.5,2036,3.964,11:29:15,2025-09-24,0.89,0,0.002,0.001,0.007,-27.255,3.007,-13.435,0,150,-9999.000,-9999.000000,0.058905,0.000000,0.029230,0.000000,0.000000,-0.000068,standard,0,mpf,7000,500,-9999.000000,-9999.000000,300,300,300,311.610107,25,-34.896561,310.685272,318.231750,-7.546478,2.442913,2.456902,1.645560,0.924295,0.243719,-0.006191,0.431524,1.804653,136.568787,0.000605,2.400430,-0.000041,1.000000,2.408421,-0.000039,1.000000,0.600250,0.601702,0.107071,0.000000,PSF-00232_20250924113410_2ac,PFA-00245,PSA-00257,PSF-00232,RHS-00222,3.0.0,2021-01-19T12:57:14.097Z
186,11:34:44,2025-09-24,Manual gsw+F,LI-COR Default,,186,,,0.379469,2.923468,0.335872,10.887156,1.116273,0.873402,3.643749,2.527477,10.869500,13.892023,45.346493,0.441786,7.500000,PSF-00232_20250924113444_81e,0.000000,0.000000,0.000000,137.298706,257.145111,0.466065,0.5,0.80,339.317688,1.000000,29.56,23.13,27.92,27.30,27.30,80.35,156.9,153.2,2.4,1820,3.963,11:29:15,2025-09-24,0.89,0,0.001,0.002,0.010,-0.090,-0.855,-1.064,0,150,-9999.000,-9999.000000,0.058905,0.000000,0.029230,0.000000,0.000000,-0.000068,standard,0,mpf,7000,500,-9999.000000,-9999.000000,300,300,300,240.208267,25,-11.901831,240.434998,240.090866,0.344131,2.441886,2.459006,1.645173,0.920807,0.242850,-0.007519,0.433150,1.624450,137.298706,0.000590,2.400430,-0.000041,1.000000,2.408421,-0.000039,1.000000,0.600250,0.601702,0.107071,0.000000,PSF-00232_20250924113444_81e,PFA-00245,PSA-00257,PSF-00232,RHS-00222,3.0.0,2021-01-19T12:57:14.097Z
187,11:35:51,2025-09-24,Manual gsw+F,LI-COR Default,,187,,,0.338986,2.922887,0.303757,10.122162,1.144286,0.918446,3.740666,2.596380,11.429500,14.239945,46.550304,0.441786,7.500000,PSF-00232_20250924113551_183,0.000000,0.000000,0.000000,145.113586,282.439667,0.486214,0.5,0.80,358.314392,1.000000,29.97,24.05,28.11,27.75,27.75,80.36,156.8,152.3,2.9,1842,3.962,11:29:15,2025-09-24,0.89,0,0.001,0.002,0.009,-1.520,-3.029,-5.421,0,150,-9999.000,-9999.000000,0.058905,0.000000,0.029230,0.000000,0.000000,-0.000068,standard,0,mpf,7000,500,-9999.000000,-9999.000000,300,300,300,265.666351,25,-11.450207,266.725311,266.032562,0.692749,2.443342,2.459610,1.644560,0.918738,0.241029,-0.004474,0.435887,1.643000,145.113586,0.000582,2.400430,-0.000041,1.000000,2.408421,-0.000039,1.000000,0.600250,0.601702,0.107071,0.000000,PSF-00232_20250924113551_183,PFA-00245,PSA-00257,PSF-00232,RHS-00222,3.0.0,2021-01-19T12:57:14.097Z
188,11:36:24,2025-09-24,Manual gsw+F,LI-COR Default,,188,,,0.305033,2.921828,0.276198,9.928434,1.143994,0.922287,3.941213,2.797219,11.477192,14.236175,49.045528,0.441786,7.500000,PSF-00232_20250924113624_10a,0.000000,0.000000,0.000000,98.832962,175.313339,0.436250,0.5,0.80,338.203644,1.000000,29.78,24.01,28.21,28.65,28.65,80.36,156.7,154.8,1.2,1938,3.961,11:29:15,2025-09-24,0.89,0,-0.001,0.001,0.013,0.088,0.271,1.231,0,150,-9999.000,-9999.000000,0.058905,0.000000,0.029230,0.000000,0.000000,-0.000068,standard,0,mpf,7000,500,-9999.000000,-9999.000000,300,300,300,159.273148,25,-11.136428,158.298615,159.355850,-1.057236,2.443254,2.459299,1.643445,0.924806,0.240033,0.004990,0.437291,1.722834,98.832962,0.000582,2.400430,-0.000041,1.000000,2.408421,-0.000039,1.000000,0.600250,0.601702,0.107071,0.000000,PSF-00232_20250924113624_10a,PFA-00245,PSA-00257,PSF-00232,RHS-00222,3.0.0,2021-01-19T12:57:14.097Z
189,11:36:48,2025-09-24,Manual gsw+F,LI-COR Default,,189,,,0.427986,2.922488,0.373316,12.430574,1.167628,0.890260,3.761455,2.593827,11.078048,14.529510,46.806099,0.441786,7.500000,PSF-00232_20250924113648_02e,0.000000,0.000000,0.000000,108.805420,222.989059,0.512059,0.5,0.80,410.252106,1.000000,30.26,23.07,28.29,27.85,27.85,80.36,156.8,154.7,1.3,2003,3.956,11:29:15,2025-09-24,0.89,0,0.002,0.003,0.010,-0.387,-0.239,15.750,0,150,-9999.000,-9999.000000,0.058905,0.000000,0.029230,0.000000,0.000000,-0.000068,standard,0,mpf,7000,500,-9999.000000,-9999.000000,300,300,300,198.823929,25,-16.826164,198.046799,198.878693,-0.831894,2.441744,2.460031,1.644139,0.924709,0.239307,-0.005519,0.438305,1.776872,108.805420,0.000593,2.400430,-0.000041,1.000000,2.408421,-0.000039,1.000000,0.600250,0.601702,0.107071,0.000000,PSF-00232_20250924113648_02e,PFA-00245,PSA-00257,PSF-00232,RHS-00222,3.0.0,2021-01-19T12:57:14.097Z
190,11:37:08,2025-09-24,Manual gsw+F,LI-COR Default,,190,,,0.201705,2.921614,0.188679,6.246263,1.025485,0.885759,3.609275,2.583790,11.021698,12.760345,44.911030,0.441786,7.500000,PSF-00232_20250924113708_21c,0.000000,0.000000,0.000000,122.975708,409.019043,0.699340,0.5,0.80,195.034454,1.000000,26.46,22.85,28.36,27.14,27.14,80.36,156.7,155.3,0.9,697,3.928,11:29:15,2025-09-24,0.89,0,0.001,0.004,0.019,-1.831,-1.573,-3.006,0,150,-9999.000,-9999.000000,0.058905,0.000000,0.029230,0.000000,0.000000,-0.000068,standard,0,mpf,7000,500,-9999.000000,-9999.000000,300,300,300,385.663025,25,-16.156889,387.236938,385.867706,1.369232,2.441385,2.454064,1.643221,0.926059,0.238596,-0.014783,0.439127,0.688313,122.975708,0.000618,2.400430,-0.000041,1.000000,2.408421,-0.000039,1.000000,0.600250,0.601702,0.107071,0.000000,PSF-00232_20250924113708_21c,PFA-00245,PSA-00257,PSF-00232,RHS-00222,3.0.0,2021-01-19T12:57:14.097Z
191,11:37:25,2025-09-24,Manual gsw+F,LI-COR Default,,191,,,0.323686,2.922198,0.291407,10.575356,1.109626,0.873416,3.934639,2.825013,10.867946,13.807117,48.958851,0.441786,7.500000,PSF-00232_20250924113725_3a7,0.000000,0.000000,0.000000,92.375992,170.959717,0.459662,0.5,0.80,368.436554,1.000000,28.52,22.45,28.43,28.62,28.62,80.37,156.8,124.8,20.4,2004,3.959,11:29:15,2025-09-24,0.89,0,-0.002,0.003,-0.083,-0.230,0.213,23.742,0,150,-9999.000,-9999.000000,0.058905,0.000000,0.029230,0.000000,0.000000,-0.000068,standard,0,mpf,7000,500,-9999.000000,-9999.000000,300,300,300,151.535873,25,-13.633056,148.805740,151.424789,-2.619049,2.440730,2.457310,1.643834,0.852789,0.237998,0.002056,0.439820,1.777616,92.375992,0.000587,2.400430,-0.000041,1.000000,2.408421,-0.000039,1.000000,0.600250,0.601702,0.107071,0.000000,PSF-00232_20250924113725_3a7,PFA-00245,PSA-00257,PSF-00232,RHS-00222,3.0.0,2021-01-19T12:57:14.097Z
192,11:38:09,2025-09-24,Manual gsw+F,LI-COR Default,,192,,,0.170668,2.922637,0.161252,4.124539,0.887265,0.794912,2.894557,2.007292,9.890965,11.040100,36.016514,0.441786,7.500000,PSF-00232_20250924113809_3e6,0.000000,0.000000,0.000000,86.727615,383.630249,0.773929,0.5,0.80,21.086231,1.000000,22.73,20.37,28.48,23.43,23.43,80.37,156.8,154.4,1.5,68,3.958,11:29:15,2025-09-24,0.89,0,-0.000,0.002,0.013,0.208,0.404,0.654,0,150,-9999.000,-9999.000000,0.058905,0.000000,0.029230,0.000000,0.000000,-0.000068,standard,0,mpf,7000,500,-9999.000000,-9999.000000,300,300,300,375.434875,25,-4.788301,381.226654,376.769043,4.457611,2.437328,2.448054,1.644297,0.923869,0.237471,-0.059089,0.440952,0.163856,87.800148,0.000627,2.400430,-0.000041,1.000000,2.408421,-0.000039,1.000000,0.600250,0.601702,0.107071,0.000000,PSF-00232_20250924113809_3e6,PFA-00245,PSA-00257,PSF-00232,RHS-00222,3.0.0,2021-01-19T12:57:14.097Z
193,11:38:37,2025-09-24,Manual gsw+F,LI-COR Default,,193,,,0.081972,2.922852,0.079736,2.170090,0.934436,0.885885,3.067169,2.132733,11.023437,11.627582,38.166077,0.441786,7.500000,PSF-00232_20250924113837_02e,0.000000,0.000000,0.000000,97.277283,443.014526,0.780420,0.5,0.80,14.996841,1.000000,23.99,22.74,28.45,24.40,24.40,80.36,156.8,152.6,2.7,48,3.957,11:29:15,2025-09-24,0.89,0,0.002,0.002,-0.002,0.395,0.652,1.131,0,150,-9999.000,-9999.000000,0.058905,0.000000,0.029230,0.000000,0.000000,-0.000068,standard,0,mpf,7000,500,-9999.000000,-9999.000000,300,300,300,431.373962,25,-8.092955,430.390106,431.418060,-1.027954,2.441196,2.450098,1.644523,0.919281,0.237787,-0.047713,0.441438,0.147121,97.277283,0.000632,2.400430,-0.000041,1.000000,2.408421,-0.000039,1.000000,0.600250,0.601702,0.107071,0.000000,PSF-00232_20250924113837_02e,PFA-00245,PSA-00257,PSF-00232,RHS-00222,3.0.0,2021-01-19T12:57:14.097Z
194,11:39:19,2025-09-24,Manual gsw+F,LI-COR Default,,194,,,0.145927,2.922904,0.138988,3.613515,0.914091,0.833231,2.953115,2.039024,10.368567,11.374772,36.748001,0.441786,7.500000,PSF-00232_20250924113919_977,0.000000,0.000000,0.000000,90.101837,426.219940,0.788602,0.5,0.80,20.927965,1.000000,23.58,21.49,28.37,23.77,23.77,80.36,156.9,154.2,1.7,66,3.956,11:29:15,2025-09-24,0.89,0,-0.001,0.002,0.028,0.035,-0.057,18.537,0,150,-9999.000,-9999.000000,0.058905,0.000000,0.029230,0.000000,0.000000,-0.000068,standard,0,mpf,7000,500,-9999.000000,-9999.000000,300,300,300,412.187561,25,-9.743467,414.212463,412.258453,1.954010,2.439184,2.449446,1.644577,0.923374,0.238566,-0.053927,0.442314,0.162381,90.041756,0.000621,2.400430,-0.000041,1.000000,2.408421,-0.000039,1.000000,0.600250,0.601702,0.107071,0.000000,PSF-00232_20250924113919_977,PFA-00245,PSA-00257,PSF-00232,RHS-00222,3.0.0,2021-01-19T12:57:14.097Z
195,11:40:01,2025-09-24,Manual gsw+F,LI-COR Default,,195,,,0.088635,2.923712,0.086027,2.420881,0.949513,0.895405,3.153006,2.203494,11.143317,11.816693,39.239189,0.441786,7.500000,PSF-00232_20250924114001_345,0.000000,0.000000,0.000000,112.211105,485.366577,0.768812,0.5,0.80,22.088318,1.000000,24.61,23.20,28.29,24.86,24.86,80.35,157.0,154.9,1.3,72,3.953,11:39:41,2025-09-24,0.19,1,0.001,0.001,0.006,0.166,0.336,0.578,0,150,-9999.000,-9999.000000,0.058905,0.000000,0.029230,0.000000,0.000000,-0.000068,standard,0,mpf,7000,500,-9999.000000,-9999.000000,300,300,300,474.673401,25,-7.508927,474.472412,474.606964,-0.134552,2.441961,2.452241,1.645430,0.925202,0.239321,-0.040474,0.442826,0.166950,112.211105,0.000622,2.400430,-0.000041,1.000000,2.408421,-0.000039,1.000000,0.600250,0.601702,0.107071,0.000000,PSF-00232_20250924114001_345,PFA-00245,PSA-00257,PSF-00232,RHS-00222,3.0.0,2021-01-19T12:57:14.097Z
196,11:40:19,2025-09-24,Manual gsw+F,LI-COR Default,,196,,,0.033721,2.922872,0.033336,0.891077,0.922284,0.902349,3.017441,2.095156,11.229946,11.478052,37.552776,0.441786,7.500000,PSF-00232_20250924114019_df3,0.000000,0.000000,0.000000,107.270836,418.527893,0.743695,0.5,0.80,35.680569,1.000000,23.96,23.44,28.25,24.12,24.12,80.35,156.8,154.9,1.2,120,3.955,11:39:41,2025-09-24,0.19,1,0.002,0.004,0.003,1.835,3.265,3.011,0,150,-9999.000,-9999.000000,0.058905,0.000000,0.029230,0.000000,0.000000,-0.000068,standard,0,mpf,7000,500,-9999.000000,-9999.000000,300,300,300,417.167908,25,-0.504223,418.969269,417.805389,1.163879,2.442347,2.451208,1.644544,0.925161,0.239718,-0.048390,0.443095,0.207064,107.270836,0.000625,2.400430,-0.000041,1.000000,2.408421,-0.000039,1.000000,0.600250,0.601702,0.107071,0.000000,PSF-00232_20250924114019_df3,PFA-00245,PSA-00257,PSF-00232,RHS-00222,3.0.0,2021-01-19T12:57:14.097Z
197,11:40:47,2025-09-24,Manual gsw+F,LI-COR Default,,197,,,0.012294,2.923799,0.012243,0.340507,0.866467,0.858849,3.047022,2.180555,10.687745,10.782551,37.917976,0.441786,7.500000,PSF-00232_20250924114047_94f,0.000000,0.000000,0.000000,59.132339,170.189743,0.652551,0.5,0.80,19.107067,1.000000,22.61,22.41,28.17,24.29,24.29,80.36,157.0,153.4,2.3,73,3.952,11:39:41,2025-09-24,0.19,1,0.000,-0.002,0.023,-6.334,22.296,0.661,0,150,-9999.000,-9999.000000,0.058905,0.000000,0.029230,0.000000,0.000000,-0.000068,standard,0,mpf,7000,500,-9999.000000,-9999.000000,300,300,300,170.189743,25,23.237772,186.698196,203.487350,-16.789154,2.440698,2.449034,1.645522,0.921316,0.240442,-0.045622,0.443580,0.168097,59.132339,0.000640,2.400430,-0.000041,1.000000,2.408421,-0.000039,1.000000,0.600250,0.601702,0.107071,0.000000,PSF-00232_20250924114047_94f,PFA-00245,PSA-00257,PSF-00232,RHS-00222,3.0.0,2021-01-19T12:57:14.097Z
198,11:41:05,2025-09-24,Manual gsw+F,LI-COR Default,,198,,,0.059026,2.921142,0.057857,1.518347,0.909083,0.875059,2.967052,2.057969,10.889506,11.312916,36.922924,0.441786,7.500000,PSF-00232_20250924114105_592,0.000000,0.000000,0.000000,96.774460,460.869843,0.790018,0.5,0.80,25.771967,1.000000,23.80,22.91,28.11,23.84,23.84,80.36,156.6,148.8,5.0,82,3.954,11:39:41,2025-09-24,0.19,1,-0.002,-0.001,0.018,0.080,0.322,0.750,0,150,-9999.000,-9999.000000,0.058905,0.000000,0.029230,0.000000,0.000000,-0.000068,standard,0,mpf,7000,500,-9999.000000,-9999.000000,300,300,300,448.423157,25,-8.502862,450.577148,448.686005,1.891144,2.441511,2.450970,1.642724,0.909979,0.240989,-0.049994,0.443844,0.175061,96.774460,0.000627,2.400430,-0.000041,1.000000,2.408421,-0.000039,1.000000,0.600250,0.601702,0.107071,0.000000,PSF-00232_20250924114105_592,PFA-00245,PSA-00257,PSF-00232,RHS-00222,3.0.0,2021-01-19T12:57:14.097Z
199,11:41:29,2025-09-24,Manual gsw+F,LI-COR Default,,199,,,0.019908,2.924601,0.019774,0.607214,0.856809,0.843231,3.261041,2.404233,10.494146,10.663123,40.584190,0.441786,7.500000,PSF-00232_20250924114129_4dc,0.000000,0.000000,0.000000,72.480797,254.812012,0.715552,0.5,0.80,29.858829,1.000000,22.54,22.18,28.03,25.42,25.42,80.35,157.1,154.9,1.4,104,3.952,11:39:41,2025-09-24,0.19,1,-0.001,0.001,0.001,0.503,5.317,21.439,0,150,-9999.000,-9999.000000,0.058905,0.000000,0.029230,0.000000,0.000000,-0.000068,standard,0,mpf,7000,500,-9999.000000,-9999.000000,300,300,300,248.856781,25,-4.291334,246.995331,248.662918,-1.667587,2.440347,2.448939,1.646370,0.925205,0.241775,-0.030867,0.444217,0.194040,72.480797,0.000630,2.400430,-0.000041,1.000000,2.408421,-0.000039,1.000000,0.600250,0.601702,0.107071,0.000000,PSF-00232_20250924114129_4dc,PFA-00245,PSA-00257,PSF-00232,RHS-00222,3.0.0,2021-01-19T12:57:14.097Z
200,11:43:29,2025-09-24,Manual gsw+F,LI-COR Default,,200,,,0.264903,2.923193,0.242891,5.965574,0.967549,0.834230,2.893097,1.925548,10.385038,12.044683,36.015152,0.441786,7.500000,PSF-00232_20250924114329_7e7,0.000000,0.000000,0.000000,88.684555,461.667755,0.807904,0.5,0.80,22.819973,1.000000,25.83,22.27,27.78,23.43,23.43,80.33,156.9,154.6,1.5,71,3.948,11:39:41,2025-09-24,0.19,1,0.003,0.004,0.019,4.414,3.400,-0.399,0,150,-9999.000,-9999.000000,0.058905,0.000000,0.029230,0.000000,0.000000,-0.000068,standard,0,mpf,7000,500,-9999.000000,-9999.000000,300,300,300,377.003418,25,-81.197983,349.174988,345.318451,3.856537,2.440518,2.454260,1.644882,0.924383,0.244181,-0.050803,0.445863,0.165940,88.684555,0.000629,2.400430,-0.000041,1.000000,2.408421,-0.000039,1.000000,0.600250,0.601702,0.107071,0.000000,PSF-00232_20250924114329_7e7,PFA-00245,PSA-00257,PSF-00232,RHS-00222,3.0.0,2021-01-19T12:57:14.097Z
201,11:43:53,2025-09-24,Manual gsw+F,LI-COR Default,,201,,,0.226384,2.923641,0.210114,5.497726,0.971847,0.849017,3.021747,2.049901,10.567695,12.096558,37.611637,0.441786,7.500000,PSF-00232_20250924114353_5b7,0.000000,0.000000,0.000000,92.443588,437.216675,0.788563,0.5,0.80,28.173517,1.000000,26.02,22.73,27.73,24.15,24.15,80.34,156.9,151.7,3.3,89,3.950,11:39:41,2025-09-24,0.19,1,0.003,0.001,0.013,0.255,0.290,0.649,0,150,-9999.000,-9999.000000,0.058905,0.000000,0.029230,0.000000,0.000000,-0.000068,standard,0,mpf,7000,500,-9999.000000,-9999.000000,300,300,300,389.241089,25,-38.981125,374.964966,381.360260,-6.395294,2.441280,2.454581,1.645355,0.917239,0.244706,-0.041928,0.446313,0.181534,92.443588,0.000634,2.400430,-0.000041,1.000000,2.408421,-0.000039,1.000000,0.600250,0.601702,0.107071,0.000000,PSF-00232_20250924114353_5b7,PFA-00245,PSA-00257,PSF-00232,RHS-00222,3.0.0,2021-01-19T12:57:14.097Z
202,11:44:38,2025-09-24,Manual gsw+F,LI-COR Default,,202,,,0.084755,2.922311,0.082366,2.358776,0.968586,0.915832,3.209411,2.240825,11.399909,12.056580,39.949482,0.441786,7.500000,PSF-00232_20250924114438_18b,0.000000,0.000000,0.000000,90.078590,397.934174,0.773634,0.5,0.80,207.995575,1.000000,26.05,24.63,27.65,25.16,25.16,80.34,156.8,155.0,1.2,672,3.946,11:39:41,2025-09-24,0.19,1,0.001,0.003,-0.005,0.228,0.717,1.912,0,150,-9999.000,-9999.000000,0.058905,0.000000,0.029230,0.000000,0.000000,-0.000068,standard,0,mpf,7000,500,-9999.000000,-9999.000000,300,300,300,372.329224,25,-18.231819,379.613037,371.809631,7.803406,2.444327,2.454630,1.643953,0.925301,0.245418,-0.029475,0.447638,0.667412,90.078590,0.000630,2.400430,-0.000041,1.000000,2.408421,-0.000039,1.000000,0.600250,0.601702,0.107071,0.000000,PSF-00232_20250924114438_18b,PFA-00245,PSA-00257,PSF-00232,RHS-00222,3.0.0,2021-01-19T12:57:14.097Z
203,11:45:01,2025-09-24,Manual gsw+F,LI-COR Default,,203,,,0.173114,2.921495,0.163430,4.529597,0.956040,0.854651,3.126097,2.170057,10.638227,11.900259,38.911934,0.441786,7.500000,PSF-00232_20250924114501_4e8,0.000000,0.000000,0.000000,148.389099,500.030334,0.703240,0.5,0.80,352.322327,1.000000,25.76,23.03,27.62,24.72,24.72,80.34,156.7,151.8,3.1,1252,3.949,11:39:41,2025-09-24,0.19,1,0.002,0.004,-0.000,-0.038,1.507,3.448,0,150,-9999.000,-9999.000000,0.058905,0.000000,0.029230,0.000000,0.000000,-0.000068,standard,0,mpf,7000,500,-9999.000000,-9999.000000,300,300,300,472.161041,25,-22.505016,466.045258,467.782684,-1.737427,2.441766,2.454175,1.643095,0.917383,0.245731,-0.034175,0.448529,1.151241,148.389099,0.000634,2.400430,-0.000041,1.000000,2.408421,-0.000039,1.000000,0.600250,0.601702,0.107071,0.000000,PSF-00232_20250924114501_4e8,PFA-00245,PSA-00257,PSF-00232,RHS-00222,3.0.0,2021-01-19T12:57:14.097Z
204,11:45:40,2025-09-24,Manual gsw+F,LI-COR Default,,204,,,0.182283,2.923749,0.171586,4.827356,0.978736,0.870910,3.180352,2.201616,10.841008,12.183215,39.588745,0.441786,7.500000,PSF-00232_20250924114540_93f,0.000000,0.000000,0.000000,106.235504,391.191223,0.728431,0.5,0.80,418.429260,1.000000,26.38,23.47,27.61,25.00,25.00,80.33,157.0,152.7,2.7,1436,3.948,11:39:41,2025-09-24,0.19,1,-0.003,-0.002,0.008,-0.171,-0.373,-0.679,0,150,-9999.000,-9999.000000,0.058905,0.000000,0.029230,0.000000,0.000000,-0.000068,standard,0,mpf,7000,500,-9999.000000,-9999.000000,300,300,300,374.332672,25,-11.524570,381.222382,374.677551,6.544830,2.442485,2.455162,1.645469,0.919686,0.245791,-0.030781,0.450478,1.304275,106.235504,0.000633,2.400430,-0.000041,1.000000,2.408421,-0.000039,1.000000,0.600250,0.601702,0.107071,0.000000,PSF-00232_20250924114540_93f,PFA-00245,PSA-00257,PSF-00232,RHS-00222,3.0.0,2021-01-19T12:57:14.097Z
205,11:46:10,2025-09-24,Manual gsw+F,LI-COR Default,,205,,,0.172023,2.921600,0.162458,4.601782,1.066389,0.963548,3.280221,2.213832,11.995056,13.275309,40.834957,0.441786,7.500000,PSF-00232_20250924114610_903,0.000000,0.000000,0.000000,81.516983,319.300568,0.744701,0.5,0.80,372.581085,1.000000,28.68,25.91,27.65,25.52,25.52,80.33,156.7,154.2,1.6,1251,3.947,11:39:41,2025-09-24,0.19,1,0.001,0.000,-0.003,-0.065,0.086,-0.024,0,150,-9999.000,-9999.000000,0.058905,0.000000,0.029230,0.000000,0.000000,-0.000068,standard,0,mpf,7000,500,-9999.000000,-9999.000000,300,300,300,292.863617,25,-18.759621,287.761322,292.419739,-4.658417,2.446360,2.458768,1.643206,0.923263,0.245417,-0.025227,0.452195,1.149804,81.516983,0.000629,2.400430,-0.000041,1.000000,2.408421,-0.000039,1.000000,0.600250,0.601702,0.107071,0.000000,PSF-00232_20250924114610_903,PFA-00245,PSA-00257,PSF-00232,RHS-00222,3.0.0,2021-01-19T12:57:14.097Z
206,11:46:44,2025-09-24,Manual gsw+F,LI-COR Default,,206,,,0.129353,2.923848,0.123872,4.143069,1.012562,0.920067,3.621946,2.609384,11.452953,12.604319,45.085804,0.441786,7.500000,PSF-00232_20250924114644_2f5,0.000000,0.000000,0.000000,167.416687,297.235382,0.436754,0.5,0.80,271.615540,1.000000,27.10,24.63,27.73,27.20,27.20,80.33,157.0,155.2,1.1,1555,3.946,11:39:41,2025-09-24,0.19,1,-0.001,-0.001,0.006,-3.392,-6.024,-14.593,0,150,-9999.000,-9999.000000,0.058905,0.000000,0.029230,0.000000,0.000000,-0.000068,standard,0,mpf,7000,500,-9999.000000,-9999.000000,300,300,300,286.383026,25,-7.242306,288.484802,286.857819,1.626984,2.444316,2.456290,1.645573,0.925816,0.244653,-0.006499,0.454072,1.403212,167.416687,0.000620,2.400430,-0.000041,1.000000,2.408421,-0.000039,1.000000,0.600250,0.601702,0.107071,0.000000,PSF-00232_20250924114644_2f5,PFA-00245,PSA-00257,PSF-00232,RHS-00222,3.0.0,2021-01-19T12:57:14.097Z
207,11:47:54,2025-09-24,Manual gsw+F,LI-COR Default,,207,,,0.265166,2.922837,0.243111,6.683499,1.028519,0.879219,3.179216,2.150697,10.944404,12.802875,39.574482,0.441786,7.500000,PSF-00232_20250924114754_c1f,0.000000,0.000000,0.000000,107.573029,388.926361,0.723410,0.5,0.80,219.706757,1.000000,27.20,23.25,27.94,25.00,25.00,80.33,156.8,147.2,6.2,759,3.945,11:39:41,2025-09-24,0.19,1,0.002,0.003,0.012,0.076,0.036,1.427,0,150,-9999.000,-9999.000000,0.058905,0.000000,0.029230,0.000000,0.000000,-0.000068,standard,0,mpf,7000,500,-9999.000000,-9999.000000,300,300,300,353.016602,25,-31.426855,345.778229,343.894531,1.883698,2.442081,2.456405,1.644507,0.905992,0.242632,-0.034736,0.457719,0.740055,107.573029,0.000623,2.400430,-0.000041,1.000000,2.408421,-0.000039,1.000000,0.600250,0.601702,0.107071,0.000000,PSF-00232_20250924114754_c1f,PFA-00245,PSA-00257,PSF-00232,RHS-00222,3.0.0,2021-01-19T12:57:14.097Z
208,11:48:35,2025-09-24,Manual gsw+F,LI-COR Default,,208,,,0.220350,2.924153,0.204909,5.985792,1.055714,0.922183,3.338296,2.282583,11.479114,13.141267,41.554306,0.441786,7.500000,PSF-00232_20250924114835_593,0.000000,0.000000,0.000000,116.777657,322.104279,0.637454,0.5,0.80,152.664856,1.000000,27.78,24.27,28.03,25.82,25.82,80.34,157.0,153.3,2.3,599,3.943,11:39:41,2025-09-24,0.19,1,-0.000,0.001,0.010,-0.502,-1.326,-6.017,0,150,-9999.000,-9999.000000,0.058905,0.000000,0.029230,0.000000,0.000000,-0.000068,standard,0,mpf,7000,500,-9999.000000,-9999.000000,300,300,300,296.288971,25,-17.698578,296.528564,296.743835,-0.215271,2.443695,2.457304,1.645896,0.921248,0.241814,-0.026239,0.458945,0.606214,116.777657,0.000621,2.400430,-0.000041,1.000000,2.408421,-0.000039,1.000000,0.600250,0.601702,0.107071,0.000000,PSF-00232_20250924114835_593,PFA-00245,PSA-00257,PSF-00232,RHS-00222,3.0.0,2021-01-19T12:57:14.097Z
209,11:48:56,2025-09-24,Manual gsw+F,LI-COR Default,,209,,,0.086786,2.922904,0.084283,2.477217,0.927407,0.872004,3.227448,2.300040,10.854932,11.544609,40.176113,0.441786,7.500000,PSF-00232_20250924114856_248,0.000000,0.000000,0.000000,163.483856,421.878143,0.612486,0.5,0.80,107.826881,1.000000,24.36,22.91,28.05,25.25,25.25,80.33,156.9,149.3,4.8,440,3.943,11:39:41,2025-09-24,0.19,1,0.002,0.005,0.017,0.264,6.187,27.453,0,150,-9999.000,-9999.000000,0.058905,0.000000,0.029230,0.000000,0.000000,-0.000068,standard,0,mpf,7000,500,-9999.000000,-9999.000000,300,300,300,405.247101,25,-11.727711,403.769745,405.073395,-1.303650,2.441512,2.451880,1.644577,0.911132,0.241533,-0.033185,0.459546,0.473986,163.483856,0.000635,2.400430,-0.000041,1.000000,2.408421,-0.000039,1.000000,0.600250,0.601702,0.107071,0.000000,PSF-00232_20250924114856_248,PFA-00245,PSA-00257,PSF-00232,RHS-00222,3.0.0,2021-01-19T12:57:14.097Z
210,11:49:37,2025-09-24,Manual gsw+F,LI-COR Default,,210,,,0.115148,2.923797,0.110785,3.298260,1.038871,0.965255,3.365114,2.326244,12.014925,12.931251,41.886959,0.441786,7.500000,PSF-00232_20250924114937_198,0.000000,0.000000,0.000000,99.984169,351.633270,0.715658,0.5,0.80,118.864502,1.000000,27.21,25.28,28.11,25.95,25.95,80.34,157.0,133.9,14.7,415,3.913,11:39:41,2025-09-24,0.19,1,0.003,0.004,-0.000,-0.055,-0.288,-0.833,0,150,-9999.000,-9999.000000,0.058905,0.000000,0.029230,0.000000,0.000000,-0.000068,standard,0,mpf,7000,500,-9999.000000,-9999.000000,300,300,300,313.503754,25,-27.126451,314.869537,312.763550,2.105988,2.445294,2.456395,1.645519,0.874095,0.241044,-0.025628,0.460737,0.453234,99.984169,0.000636,2.400430,-0.000041,1.000000,2.408421,-0.000039,1.000000,0.600250,0.601702,0.107071,0.000000,PSF-00232_20250924114937_198,PFA-00245,PSA-00257,PSF-00232,RHS-00222,3.0.0,2021-01-19T12:57:14.097Z
211,11:50:19,2025-09-24,Manual gsw+F,LI-COR Default,,211,,,0.252508,2.922636,0.232427,5.918292,1.138031,1.005985,3.129289,1.991258,12.522259,14.165939,38.952637,0.441786,7.500000,PSF-00232_20250924115019_21a,0.000000,0.000000,0.000000,102.988960,382.497101,0.730746,0.5,0.80,235.438873,1.000000,29.68,26.23,28.18,24.73,24.73,80.34,156.8,153.6,2.1,805,3.940,11:49:53,2025-09-24,0.20,1,0.001,0.001,0.009,-0.616,-1.174,-2.280,0,150,-9999.000,-9999.000000,0.058905,0.000000,0.029230,0.000000,0.000000,-0.000068,standard,0,mpf,7000,500,-9999.000000,-9999.000000,300,300,300,346.670502,25,-28.753387,342.033142,341.296112,0.737030,2.446785,2.460219,1.644295,0.921873,0.240334,-0.040653,0.461764,0.778571,102.988960,0.000631,2.400430,-0.000041,1.000000,2.408421,-0.000039,1.000000,0.600250,0.601702,0.107071,0.000000,PSF-00232_20250924115019_21a,PFA-00245,PSA-00257,PSF-00232,RHS-00222,3.0.0,2021-01-19T12:57:14.097Z
212,11:51:01,2025-09-24,Manual gsw+F,LI-COR Default,,212,,,0.236530,2.922746,0.218821,6.706633,1.134447,0.984815,3.525297,2.390850,12.258469,14.121017,43.881088,0.441786,7.500000,PSF-00232_20250924115101_6f0,0.000000,0.000000,0.000000,107.295868,189.580460,0.434035,0.5,0.80,365.556213,1.000000,29.44,25.56,28.26,26.74,26.74,80.34,156.8,155.5,0.8,2106,3.939,11:49:53,2025-09-24,0.20,1,-0.000,0.002,0.010,4.190,3.128,29.086,0,150,-9999.000,-9999.000000,0.058905,0.000000,0.029230,0.000000,0.000000,-0.000068,standard,0,mpf,7000,500,-9999.000000,-9999.000000,300,300,300,181.198242,25,-5.158307,183.293579,182.189072,1.104507,2.445715,2.459847,1.644411,0.926669,0.239572,-0.018262,0.462753,1.862420,107.295868,0.000620,2.400430,-0.000041,1.000000,2.408421,-0.000039,1.000000,0.600250,0.601702,0.107071,0.000000,PSF-00232_20250924115101_6f0,PFA-00245,PSA-00257,PSF-00232,RHS-00222,3.0.0,2021-01-19T12:57:14.097Z
213,11:51:32,2025-09-24,Manual gsw+F,LI-COR Default,,213,,,0.269469,2.920887,0.246709,6.860600,1.165440,1.012195,3.337059,2.171619,12.598388,14.505759,41.535027,0.441786,7.500000,PSF-00232_20250924115132_0a3,0.000000,0.000000,0.000000,95.289948,333.807739,0.714536,0.5,0.80,215.158447,1.000000,30.11,26.15,28.34,25.81,25.81,80.34,156.6,154.6,1.3,753,3.936,11:49:53,2025-09-24,0.20,1,0.003,0.002,0.021,0.336,1.044,2.960,0,150,-9999.000,-9999.000000,0.058905,0.000000,0.029230,0.000000,0.000000,-0.000068,standard,0,mpf,7000,500,-9999.000000,-9999.000000,300,300,300,305.356628,25,-19.494190,314.036621,305.874329,8.162292,2.446626,2.460856,1.642456,0.924420,0.238798,-0.030102,0.464075,0.734650,95.289948,0.000630,2.400430,-0.000041,1.000000,2.408421,-0.000039,1.000000,0.600250,0.601702,0.107071,0.000000,PSF-00232_20250924115132_0a3,PFA-00245,PSA-00257,PSF-00232,RHS-00222,3.0.0,2021-01-19T12:57:14.097Z
214,11:52:25,2025-09-24,Manual gsw+F,LI-COR Default,,214,,,0.250584,2.923141,0.230799,6.772880,1.051372,0.900141,3.344544,2.293172,11.203835,13.086165,41.628708,0.441786,7.500000,PSF-00232_20250924115225_a50,0.000000,0.000000,0.000000,92.466118,320.777802,0.711744,0.5,0.80,189.162933,1.000000,26.92,23.05,28.49,25.85,25.85,80.34,156.9,122.6,21.8,664,3.938,11:49:53,2025-09-24,0.20,1,0.000,0.001,0.008,-0.578,-1.666,-2.861,0,150,-9999.000,-9999.000000,0.058905,0.000000,0.029230,0.000000,0.000000,-0.000068,standard,0,mpf,7000,500,-9999.000000,-9999.000000,300,300,300,281.341553,25,-26.692966,285.532959,282.529205,3.003754,2.441684,2.455870,1.644828,0.847650,0.237374,-0.031471,0.466120,0.660990,92.466118,0.000636,2.400430,-0.000041,1.000000,2.408421,-0.000039,1.000000,0.600250,0.601702,0.107071,0.000000,PSF-00232_20250924115225_a50,PFA-00245,PSA-00257,PSF-00232,RHS-00222,3.0.0,2021-01-19T12:57:14.097Z
215,11:53:32,2025-09-24,Manual gsw+F,LI-COR Default,,215,,,0.159265,2.923458,0.151037,4.921094,0.990299,0.880363,3.534219,2.543920,10.958035,12.326422,43.991043,0.441786,7.500000,PSF-00232_20250924115332_c43,0.000000,0.000000,0.000000,116.891739,310.993042,0.624134,0.5,0.80,240.331757,1.000000,25.14,22.35,28.64,26.79,26.79,80.34,156.9,154.1,1.8,963,3.934,11:49:53,2025-09-24,0.20,1,0.001,0.004,0.013,-0.272,0.149,2.084,0,150,-9999.000,-9999.000000,0.058905,0.000000,0.029230,0.000000,0.000000,-0.000068,standard,0,mpf,7000,500,-9999.000000,-9999.000000,300,300,300,281.414520,25,-20.538910,280.252228,281.562653,-1.310425,2.440542,2.453033,1.645162,0.923253,0.236006,-0.022305,0.467657,0.909613,116.891739,0.000624,2.400430,-0.000041,1.000000,2.408421,-0.000039,1.000000,0.600250,0.601702,0.107071,0.000000,PSF-00232_20250924115332_c43,PFA-00245,PSA-00257,PSF-00232,RHS-00222,3.0.0,2021-01-19T12:57:14.097Z
216,11:53:57,2025-09-24,Manual gsw+F,LI-COR Default,,216,,,0.213175,2.925558,0.198697,5.623042,1.074682,0.949400,3.286690,2.212007,11.816619,13.375930,40.907463,0.441786,7.500000,PSF-00232_20250924115357_872,0.000000,0.000000,0.000000,97.559097,241.773727,0.596486,0.5,0.80,231.897781,1.000000,27.20,24.03,28.70,25.56,25.56,80.34,157.2,154.8,1.5,972,3.908,11:49:53,2025-09-24,0.20,1,0.005,0.005,0.014,1.116,2.532,5.209,0,150,-9999.000,-9999.000000,0.058905,0.000000,0.029230,0.000000,0.000000,-0.000068,standard,0,mpf,7000,500,-9999.000000,-9999.000000,300,300,300,226.089828,25,-10.710196,230.471130,226.426987,4.044144,2.443218,2.456271,1.647383,0.924762,0.235474,-0.037322,0.468246,0.917343,97.559097,0.000625,2.400430,-0.000041,1.000000,2.408421,-0.000039,1.000000,0.600250,0.601702,0.107071,0.000000,PSF-00232_20250924115357_872,PFA-00245,PSA-00257,PSF-00232,RHS-00222,3.0.0,2021-01-19T12:57:14.097Z
217,11:54:16,2025-09-24,Manual gsw+F,LI-COR Default,,217,,,0.212821,2.921638,0.198371,6.662128,1.034281,0.885311,3.653846,2.619565,11.019005,12.873160,45.477520,0.441786,7.500000,PSF-00232_20250924115416_a35,0.000000,0.000000,0.000000,105.170845,276.873993,0.620149,0.5,0.80,421.863342,1.000000,26.10,22.34,28.74,27.35,27.35,80.34,156.7,153.2,2.2,1701,3.934,11:49:53,2025-09-24,0.20,1,0.000,0.002,0.012,0.669,0.519,11.935,0,150,-9999.000,-9999.000000,0.058905,0.000000,0.029230,0.000000,0.000000,-0.000068,standard,0,mpf,7000,500,-9999.000000,-9999.000000,300,300,300,247.932678,25,-19.887774,249.114273,248.376617,0.737656,2.440512,2.454539,1.643246,0.920906,0.235034,-0.016879,0.468799,1.524855,105.170845,0.000620,2.400430,-0.000041,1.000000,2.408421,-0.000039,1.000000,0.600250,0.601702,0.107071,0.000000,PSF-00232_20250924115416_a35,PFA-00245,PSA-00257,PSF-00232,RHS-00222,3.0.0,2021-01-19T12:57:14.097Z
218,11:54:38,2025-09-24,Manual gsw+F,LI-COR Default,,218,,,0.284948,2.923523,0.259642,7.306988,1.013652,0.850461,3.215268,2.201616,10.585079,12.616202,40.018147,0.441786,7.500000,PSF-00232_20250924115438_abc,0.000000,0.000000,0.000000,96.045975,306.755157,0.686897,0.5,0.80,370.875793,1.000000,25.52,21.41,28.78,25.19,25.19,80.35,156.9,154.3,1.7,1350,3.934,11:49:53,2025-09-24,0.20,1,0.001,0.003,0.014,0.579,1.372,2.977,0,150,-9999.000,-9999.000000,0.058905,0.000000,0.029230,0.000000,0.000000,-0.000068,standard,0,mpf,7000,500,-9999.000000,-9999.000000,300,300,300,271.705627,25,-29.489769,263.101807,264.498993,-1.397186,2.439000,2.453613,1.645230,0.923645,0.234656,-0.042651,0.469362,1.232378,95.621109,0.000634,2.400430,-0.000041,1.000000,2.408421,-0.000039,1.000000,0.600250,0.601702,0.107071,0.000000,PSF-00232_20250924115438_abc,PFA-00245,PSA-00257,PSF-00232,RHS-00222,3.0.0,2021-01-19T12:57:14.097Z
219,11:55:06,2025-09-24,Manual gsw+F,LI-COR Default,,219,,,0.258109,2.922834,0.237166,6.195274,1.169265,1.031093,3.210931,2.041666,12.832761,14.552423,39.962547,0.441786,7.500000,PSF-00232_20250924115506_d76,0.000000,0.000000,0.000000,84.555031,300.532166,0.718649,0.5,0.80,425.730408,1.000000,29.34,25.87,28.84,25.16,25.16,80.35,156.8,154.6,1.4,1481,3.930,11:49:53,2025-09-24,0.20,1,-0.003,-0.000,-9999.000,1.773,1.930,-9999.000,0,150,-9999.000,-9999.000000,0.058905,0.000000,0.029230,0.000000,0.000000,-0.000068,standard,0,mpf,7000,500,-9999.000000,-9999.000000,300,300,300,262.300385,25,-28.428726,260.542267,259.796387,0.745880,2.446120,2.459589,1.644504,0.924300,0.234115,-0.043613,0.470283,1.341745,84.555031,0.000635,2.400430,-0.000041,1.000000,2.408421,-0.000039,1.000000,0.600250,0.601702,0.107071,0.000000,PSF-00232_20250924115506_d76,PFA-00245,PSA-00257,PSF-00232,RHS-00222,3.0.0,2021-01-19T12:57:14.097Z
220,11:55:20,2025-09-24,Manual gsw+F,LI-COR Default,,220,,,-0.002548,2.920791,-0.002550,-0.044079,0.946160,0.947148,2.307056,1.360896,11.787996,11.775707,28.713121,0.441786,7.500000,PSF-00232_20250924115520_dd6,0.000000,0.000000,0.000000,1.220584,1.334667,0.085477,0.5,0.80,5.848601,1.000000,23.71,23.73,28.87,19.73,19.73,80.35,156.6,-10.0,106.4,171,3.933,11:49:53,2025-09-24,0.20,1,0.003,-0.006,-9999.000,0.043,0.012,-9999.000,0,150,-9999.000,-9999.000000,0.058905,0.000000,0.029230,0.000000,0.000000,-0.000068,standard,0,mpf,7000,500,-9999.000000,-9999.000000,300,300,300,1.334667,25,-0.017734,1.281738,1.309256,-0.027518,2.442729,2.450705,1.642357,0.584363,0.233896,-0.104902,0.470658,0.249677,1.220584,0.000630,2.400430,-0.000041,1.000000,2.408421,-0.000039,1.000000,0.600250,0.601702,0.107071,0.000000,PSF-00232_20250924115520_dd6,PFA-00245,PSA-00257,PSF-00232,RHS-00222,3.0.0,2021-01-19T12:57:14.097Z
221,11:55:44,2025-09-24,Manual gsw+F,LI-COR Default,,221,,,0.034078,2.922333,0.033685,1.082880,1.016972,0.992763,3.527035,2.510064,12.355255,12.656535,43.895077,0.441786,7.500000,PSF-00232_20250924115544_f79,0.000000,0.000000,0.000000,101.715088,353.244141,0.712054,0.5,0.80,253.841431,1.000000,25.42,24.81,28.91,26.75,26.75,80.35,156.8,140.2,10.6,891,3.933,11:49:53,2025-09-24,0.20,1,0.003,0.004,-0.002,0.383,1.081,2.654,0,150,-9999.000,-9999.000000,0.058905,0.000000,0.029230,0.000000,0.000000,-0.000068,standard,0,mpf,7000,500,-9999.000000,-9999.000000,300,300,300,319.570892,25,-26.731054,311.859009,314.940979,-3.081970,2.444434,2.453427,1.643976,0.889080,0.233471,-0.025995,0.471270,0.850062,101.715088,0.000633,2.400430,-0.000041,1.000000,2.408421,-0.000039,1.000000,0.600250,0.601702,0.107071,0.000000,PSF-00232_20250924115544_f79,PFA-00245,PSA-00257,PSF-00232,RHS-00222,3.0.0,2021-01-19T12:57:14.097Z
222,11:56:45,2025-09-24,Manual gsw+F,LI-COR Default,,222,,,0.201429,2.923389,0.188444,6.037592,1.040146,0.905339,3.540904,2.500758,11.268316,12.946202,44.071930,0.441786,7.500000,PSF-00232_20250924115645_93d,0.000000,0.000000,0.000000,95.262405,343.219849,0.722445,0.5,0.80,203.505920,1.000000,25.84,22.49,29.01,26.82,26.82,80.34,156.9,152.5,2.8,704,3.931,11:49:53,2025-09-24,0.20,1,0.002,0.002,0.011,-0.743,1.208,5.778,0,150,-9999.000,-9999.000000,0.058905,0.000000,0.029230,0.000000,0.000000,-0.000068,standard,0,mpf,7000,500,-9999.000000,-9999.000000,300,300,300,295.038696,25,-37.833023,281.927338,289.008575,-7.081238,2.440717,2.454086,1.645089,0.919065,0.232526,-0.026447,0.472985,0.694164,95.262405,0.000628,2.400430,-0.000041,1.000000,2.408421,-0.000039,1.000000,0.600250,0.601702,0.107071,0.000000,PSF-00232_20250924115645_93d,PFA-00245,PSA-00257,PSF-00232,RHS-00222,3.0.0,2021-01-19T12:57:14.097Z
223,11:57:26,2025-09-24,Manual gsw+F,LI-COR Default,,223,,,0.061258,2.921205,0.060000,1.575614,1.013795,0.978536,3.070411,2.056615,12.177051,12.615829,38.208672,0.441786,7.500000,PSF-00232_20250924115726_9dd,0.000000,0.000000,0.000000,82.862732,435.368378,0.809672,0.5,0.80,11.940451,1.000000,25.13,24.26,29.05,24.41,24.41,80.36,156.6,142.7,8.9,37,3.931,11:49:53,2025-09-24,0.20,1,0.006,0.008,-0.001,-0.244,-1.262,18.627,0,150,-9999.000,-9999.000000,0.058905,0.000000,0.029230,0.000000,0.000000,-0.000068,standard,0,mpf,7000,500,-9999.000000,-9999.000000,300,300,300,411.375763,25,-16.954939,408.855927,411.073486,-2.217560,2.443533,2.452951,1.642791,0.895121,0.232167,-0.054760,0.473573,0.137807,82.862732,0.000623,2.400430,-0.000041,1.000000,2.408421,-0.000039,1.000000,0.600250,0.601702,0.107071,0.000000,PSF-00232_20250924115726_9dd,PFA-00245,PSA-00257,PSF-00232,RHS-00222,3.0.0,2021-01-19T12:57:14.097Z
224,11:57:38,2025-09-24,Manual gsw+F,LI-COR Default,,224,,,0.077247,2.917526,0.075255,2.376409,1.038289,0.984969,3.504193,2.465904,12.256923,12.920428,43.606049,0.441786,7.500000,PSF-00232_20250924115738_2f3,0.000000,0.000000,0.000000,87.756157,420.973969,0.791540,0.5,0.80,11.898654,1.000000,25.75,24.42,29.05,26.64,26.64,80.36,156.2,141.8,9.2,38,3.926,11:49:53,2025-09-24,0.20,1,-0.002,-0.001,0.002,-0.184,-0.387,-0.825,0,150,-9999.000,-9999.000000,0.058905,0.000000,0.029230,0.000000,0.000000,-0.000068,standard,0,mpf,7000,500,-9999.000000,-9999.000000,300,300,300,400.466309,25,-14.832851,399.125214,399.719849,-0.594635,2.443801,2.453930,1.638947,0.892863,0.232222,-0.028924,0.473748,0.138401,87.756157,0.000617,2.400430,-0.000041,1.000000,2.408421,-0.000039,1.000000,0.600250,0.601702,0.107071,0.000000,PSF-00232_20250924115738_2f3,PFA-00245,PSA-00257,PSF-00232,RHS-00222,3.0.0,2021-01-19T12:57:14.097Z
225,11:57:57,2025-09-24,Manual gsw+F,LI-COR Default,,225,,,0.047573,2.905730,0.046806,1.270943,0.966742,0.937938,3.093488,2.126746,11.672535,12.030999,38.498119,0.441786,7.500000,PSF-00232_20250924115757_255,0.000000,0.000000,0.000000,95.742348,485.371185,0.802744,0.5,0.80,13.762985,1.000000,23.99,23.28,29.03,24.54,24.54,80.35,154.8,153.0,1.1,43,3.899,11:49:53,2025-09-24,0.20,1,-0.001,-0.002,0.005,0.132,0.150,0.132,0,150,-9999.000,-9999.000000,0.058905,0.000000,0.029230,0.000000,0.000000,-0.000068,standard,0,mpf,7000,500,-9999.000000,-9999.000000,300,300,300,470.129364,25,-10.461713,477.802277,470.380493,7.421783,2.441975,2.451135,1.626842,0.920453,0.232353,-0.053084,0.473939,0.142804,95.742348,0.000635,2.400430,-0.000041,1.000000,2.408421,-0.000039,1.000000,0.600250,0.601702,0.107071,0.000000,PSF-00232_20250924115757_255,PFA-00245,PSA-00257,PSF-00232,RHS-00222,3.0.0,2021-01-19T12:57:14.097Z
226,11:58:15,2025-09-24,Manual gsw+F,LI-COR Default,,226,,,0.058336,2.907168,0.057188,1.668406,0.928082,0.890294,3.211947,2.283864,11.079613,11.549884,39.972332,0.441786,7.500000,PSF-00232_20250924115815_097,0.000000,0.000000,0.000000,92.051270,453.897552,0.797198,0.5,0.80,15.122416,1.000000,23.07,22.13,29.01,25.17,25.17,80.35,154.9,152.4,1.7,47,3.927,11:49:53,2025-09-24,0.20,1,0.002,0.002,0.008,-0.022,-0.061,21.011,0,150,-9999.000,-9999.000000,0.058905,0.000000,0.029230,0.000000,0.000000,-0.000068,standard,0,mpf,7000,500,-9999.000000,-9999.000000,300,300,300,440.401550,25,-9.975628,437.954315,439.603394,-1.649078,2.440134,2.449654,1.628300,0.918808,0.232611,-0.045510,0.474020,0.146607,92.051270,0.000647,2.400430,-0.000041,1.000000,2.408421,-0.000039,1.000000,0.600250,0.601702,0.107071,0.000000,PSF-00232_20250924115815_097,PFA-00245,PSA-00257,PSF-00232,RHS-00222,3.0.0,2021-01-19T12:57:14.097Z
227,11:58:39,2025-09-24,Manual gsw+F,LI-COR Default,,227,,,0.078267,2.892468,0.076205,2.290694,0.968822,0.916378,3.319605,2.350784,11.405046,12.057745,41.315086,0.441786,7.500000,PSF-00232_20250924115839_b30,0.000000,0.000000,0.000000,94.621895,469.517059,0.798470,0.5,0.80,14.821002,1.000000,24.14,22.84,28.96,25.72,25.72,80.35,153.2,149.6,2.3,46,3.925,11:49:53,2025-09-24,0.20,1,0.001,0.001,0.011,0.144,0.154,0.269,0,150,-9999.000,-9999.000000,0.058905,0.000000,0.029230,0.000000,0.000000,-0.000068,standard,0,mpf,7000,500,-9999.000000,-9999.000000,300,300,300,440.752380,25,-21.511082,441.881775,438.693634,3.188141,2.441280,2.451390,1.613615,0.912097,0.233021,-0.038556,0.474222,0.145757,94.621895,0.000627,2.400430,-0.000041,1.000000,2.408421,-0.000039,1.000000,0.600250,0.601702,0.107071,0.000000,PSF-00232_20250924115839_b30,PFA-00245,PSA-00257,PSF-00232,RHS-00222,3.0.0,2021-01-19T12:57:14.097Z
228,11:58:56,2025-09-24,Manual gsw+F,LI-COR Default,,228,,,0.098945,2.889110,0.095668,2.271331,0.935747,0.883594,2.798939,1.863193,10.997494,11.646607,34.836510,0.441786,7.500000,PSF-00232_20250924115856_24f,0.000000,0.000000,0.000000,87.447525,418.252563,0.790922,0.5,0.80,16.545633,1.000000,23.37,22.07,28.92,22.88,22.88,80.35,152.8,151.2,1.0,52,3.926,11:49:53,2025-09-24,0.20,1,0.003,0.004,0.016,0.043,0.201,0.160,0,150,-9999.000,-9999.000000,0.058905,0.000000,0.029230,0.000000,0.000000,-0.000068,standard,0,mpf,7000,500,-9999.000000,-9999.000000,300,300,300,399.702087,25,-12.852236,400.391235,399.836487,0.554749,2.440043,2.450149,1.610325,0.915954,0.233359,-0.070652,0.474376,0.150671,87.447525,0.000642,2.400430,-0.000041,1.000000,2.408421,-0.000039,1.000000,0.600250,0.601702,0.107071,0.000000,PSF-00232_20250924115856_24f,PFA-00245,PSA-00257,PSF-00232,RHS-00222,3.0.0,2021-01-19T12:57:14.097Z
229,11:59:12,2025-09-24,Manual gsw+F,LI-COR Default,,229,,,0.116244,2.909059,0.111777,2.921011,0.945048,0.879004,2.993323,2.048275,10.939729,11.761682,37.253666,0.441786,7.500000,PSF-00232_20250924115912_7fc,0.000000,0.000000,0.000000,54.891228,291.248505,0.811531,0.5,0.80,16.327856,1.000000,23.67,22.01,28.88,23.99,23.99,80.35,155.2,146.1,5.8,50,3.926,11:49:53,2025-09-24,0.20,1,0.003,0.005,0.019,-0.166,-0.275,-5.380,0,150,-9999.000,-9999.000000,0.058905,0.000000,0.029230,0.000000,0.000000,-0.000068,standard,0,mpf,7000,500,-9999.000000,-9999.000000,300,300,300,277.070404,25,-9.805135,282.031769,277.198639,4.833130,2.439961,2.450634,1.630224,0.903355,0.233795,-0.057478,0.474431,0.149004,54.891228,0.000646,2.400430,-0.000041,1.000000,2.408421,-0.000039,1.000000,0.600250,0.601702,0.107071,0.000000,PSF-00232_20250924115912_7fc,PFA-00245,PSA-00257,PSF-00232,RHS-00222,3.0.0,2021-01-19T12:57:14.097Z
230,11:59:39,2025-09-24,Manual gsw+F,LI-COR Default,,230,,,0.094939,2.909168,0.091939,2.350096,0.943437,0.890313,2.947253,2.003816,11.082195,11.743452,36.686005,0.441786,7.500000,PSF-00232_20250924115939_02c,0.000000,0.000000,0.000000,20.708443,68.548325,0.697900,0.5,0.80,14.545305,1.000000,23.73,22.40,28.80,23.73,23.73,80.34,155.2,152.1,2.0,52,3.926,11:49:53,2025-09-24,0.20,1,0.001,0.002,0.015,-20.063,-28.605,19.251,0,150,-9999.000,-9999.000000,0.058905,0.000000,0.029230,0.000000,0.000000,-0.000068,standard,0,mpf,7000,500,-9999.000000,-9999.000000,300,300,300,68.548325,25,-2.378734,81.148621,65.139816,16.008804,2.440594,2.450754,1.630336,0.918108,0.234525,-0.059468,0.474497,0.150508,20.708443,0.000640,2.400430,-0.000041,1.000000,2.408421,-0.000039,1.000000,0.600250,0.601702,0.107071,0.000000,PSF-00232_20250924115939_02c,PFA-00245,PSA-00257,PSF-00232,RHS-00222,3.0.0,2021-01-19T12:57:14.097Z
231,12:00:21,2025-09-24,Manual gsw+F,LI-COR Default,,231,,,0.066923,2.922580,0.065425,1.804536,0.921578,0.881204,3.082198,2.160620,10.968874,11.471438,38.365978,0.441786,7.500000,PSF-00232_20250924120021_fde,0.000000,0.000000,0.000000,123.221039,577.513550,0.786635,0.5,0.80,18.047379,1.000000,23.31,22.29,28.70,24.48,24.48,80.34,156.8,150.2,4.2,57,3.923,12:00:08,2025-09-24,0.22,1,-0.000,-0.000,0.019,9.858,0.575,14.998,0,150,-9999.000,-9999.000000,0.058905,0.000000,0.029230,0.000000,0.000000,-0.000068,standard,0,mpf,7000,500,-9999.000000,-9999.000000,300,300,300,577.513550,25,69.346939,615.114563,676.881409,-61.766846,2.440438,2.450056,1.644236,0.913351,0.235427,-0.049796,0.474445,0.154887,123.221039,0.000656,2.400430,-0.000041,1.000000,2.408421,-0.000039,1.000000,0.600250,0.601702,0.107071,0.000000,PSF-00232_20250924120021_fde,PFA-00245,PSA-00257,PSF-00232,RHS-00222,3.0.0,2021-01-19T12:57:14.097Z
232,12:00:45,2025-09-24,Manual gsw+F,LI-COR Default,,232,,,0.063979,2.923635,0.062609,1.643176,0.898732,0.861991,2.956394,2.057663,10.730724,11.188098,36.803463,0.441786,7.500000,PSF-00232_20250924120045_ade,0.000000,0.000000,0.000000,84.198471,434.240417,0.806102,0.5,0.80,15.138884,1.000000,22.83,21.89,28.63,23.78,23.78,80.33,156.9,153.0,2.5,47,3.925,12:00:08,2025-09-24,0.22,1,0.000,0.002,0.015,0.141,0.304,0.615,0,150,-9999.000,-9999.000000,0.058905,0.000000,0.029230,0.000000,0.000000,-0.000068,standard,0,mpf,7000,500,-9999.000000,-9999.000000,300,300,300,417.103516,25,-11.593493,419.746033,417.627991,2.118042,2.439798,2.449273,1.645349,0.920439,0.236052,-0.056918,0.474451,0.146213,84.113358,0.000647,2.400430,-0.000041,1.000000,2.408421,-0.000039,1.000000,0.600250,0.601702,0.107071,0.000000,PSF-00232_20250924120045_ade,PFA-00245,PSA-00257,PSF-00232,RHS-00222,3.0.0,2021-01-19T12:57:14.097Z
233,12:01:14,2025-09-24,Manual gsw+F,LI-COR Default,,233,,,0.120546,2.922497,0.115771,3.114847,0.946532,0.876864,3.054004,2.107472,10.915812,11.783082,38.018337,0.441786,7.500000,PSF-00232_20250924120114_945,0.000000,0.000000,0.000000,82.073090,421.381775,0.805229,0.5,0.80,16.940401,1.000000,24.17,22.39,28.54,24.33,24.33,80.33,156.8,153.7,2.0,53,3.924,12:00:08,2025-09-24,0.22,1,0.002,0.002,0.009,0.088,0.238,0.377,0,150,-9999.000,-9999.000000,0.058905,0.000000,0.029230,0.000000,0.000000,-0.000068,standard,0,mpf,7000,500,-9999.000000,-9999.000000,300,300,300,394.252167,25,-20.016550,391.808167,392.699890,-0.891724,2.440617,2.451455,1.644149,0.922088,0.236925,-0.049632,0.474584,0.150918,82.073090,0.000650,2.400430,-0.000041,1.000000,2.408421,-0.000039,1.000000,0.600250,0.601702,0.107071,0.000000,PSF-00232_20250924120114_945,PFA-00245,PSA-00257,PSF-00232,RHS-00222,3.0.0,2021-01-19T12:57:14.097Z
234,12:01:42,2025-09-24,Manual gsw+F,LI-COR Default,,234,,,0.110382,2.922472,0.106365,2.913821,1.032318,0.967218,3.175213,2.142895,12.041004,12.851441,39.528591,0.441786,7.500000,PSF-00232_20250924120142_4b6,0.000000,0.000000,0.000000,90.540649,486.120911,0.813749,0.5,0.80,17.653881,1.000000,26.49,24.82,28.46,24.98,24.98,80.33,156.8,148.2,5.5,54,3.922,12:00:08,2025-09-24,0.22,1,0.000,0.002,0.012,1.631,2.357,22.861,0,150,-9999.000,-9999.000000,0.058905,0.000000,0.029230,0.000000,0.000000,-0.000068,standard,0,mpf,7000,500,-9999.000000,-9999.000000,300,300,300,459.923035,25,-19.555859,455.045349,458.099152,-3.053802,2.444516,2.455163,1.644123,0.908586,0.237726,-0.041139,0.474736,0.152286,90.540649,0.000648,2.400430,-0.000041,1.000000,2.408421,-0.000039,1.000000,0.600250,0.601702,0.107071,0.000000,PSF-00232_20250924120142_4b6,PFA-00245,PSA-00257,PSF-00232,RHS-00222,3.0.0,2021-01-19T12:57:14.097Z
235,12:02:06,2025-09-24,Manual gsw+F,LI-COR Default,,235,,,0.176182,2.923303,0.166167,3.729436,0.990654,0.907341,2.751562,1.760908,11.295236,12.332385,34.253448,0.441786,7.500000,PSF-00232_20250924120206_d0a,0.000000,0.000000,0.000000,87.941048,415.439453,0.788318,0.5,0.80,23.797993,1.000000,25.52,23.38,28.39,22.60,22.60,80.33,156.9,153.5,2.2,75,3.924,12:00:08,2025-09-24,0.22,1,0.005,0.006,0.023,0.040,0.130,0.209,0,150,-9999.000,-9999.000000,0.058905,0.000000,0.029230,0.000000,0.000000,-0.000068,standard,0,mpf,7000,500,-9999.000000,-9999.000000,300,300,300,411.126129,25,-2.724253,421.513092,411.535858,9.977234,2.442224,2.453640,1.644998,0.921641,0.238372,-0.067391,0.475049,0.169989,87.941048,0.000648,2.400430,-0.000041,1.000000,2.408421,-0.000039,1.000000,0.600250,0.601702,0.107071,0.000000,PSF-00232_20250924120206_d0a,PFA-00245,PSA-00257,PSF-00232,RHS-00222,3.0.0,2021-01-19T12:57:14.097Z
236,12:02:10,2025-09-24,Manual gsw+F,LI-COR Default,,236,,,0.184907,2.922694,0.173905,4.249698,1.002449,0.907483,2.917512,1.915063,11.297292,12.479521,36.320210,0.441786,7.500000,PSF-00232_20250924120210_325,0.000000,0.000000,0.000000,56.469440,222.926254,0.746690,0.5,0.80,23.038317,1.000000,25.85,23.40,28.37,23.56,23.56,80.33,156.8,153.1,2.4,77,3.920,12:00:08,2025-09-24,0.22,1,-9999.000,-9999.000,-9999.000,-9999.000,-9999.000,-9999.000,0,150,-9999.000,-9999.000000,0.058905,0.000000,0.029230,0.000000,0.000000,-0.000068,standard,0,mpf,7000,500,-9999.000000,-9999.000000,300,300,300,222.926254,25,8.138298,241.349823,234.587692,6.762131,2.442261,2.454156,1.644357,0.920619,0.238498,-0.056301,0.475033,0.171376,56.469440,0.000658,2.400430,-0.000041,1.000000,2.408421,-0.000039,1.000000,0.600250,0.601702,0.107071,0.000000,PSF-00232_20250924120210_325,PFA-00245,PSA-00257,PSF-00232,RHS-00222,3.0.0,2021-01-19T12:57:14.097Z
237,12:02:20,2025-09-24,Manual gsw+F,LI-COR Default,,237,,,0.202524,2.904751,0.189324,5.004748,1.045685,0.932324,3.114141,2.068456,11.606576,13.017806,38.768173,0.441786,7.500000,PSF-00232_20250924120220_54c,0.000000,0.000000,0.000000,73.290466,289.654266,0.746973,0.5,0.80,24.757908,1.000000,27.02,24.09,28.34,24.65,24.65,80.33,154.6,150.9,2.4,83,3.919,12:00:08,2025-09-24,0.22,1,0.002,0.005,0.013,-2.002,0.087,-0.186,0,150,-9999.000,-9999.000000,0.058905,0.000000,0.029230,0.000000,0.000000,-0.000068,standard,0,mpf,7000,500,-9999.000000,-9999.000000,300,300,300,289.654266,25,1.447373,321.797852,291.728210,30.069641,2.443368,2.456010,1.625852,0.915231,0.238829,-0.043481,0.475118,0.176150,73.290466,0.000652,2.400430,-0.000041,1.000000,2.408421,-0.000039,1.000000,0.600250,0.601702,0.107071,0.000000,PSF-00232_20250924120220_54c,PFA-00245,PSA-00257,PSF-00232,RHS-00222,3.0.0,2021-01-19T12:57:14.097Z
238,12:09:28,2025-09-24,Manual gsw+F,LI-COR Default,,238,,,0.082002,2.922679,0.079765,3.220654,0.879717,0.807649,4.023459,3.143742,10.056491,10.953844,50.098324,0.441786,7.500000,PSF-00232_20250924120928_9c9,0.000000,0.000000,0.000000,184.139725,212.461121,0.133302,0.5,0.80,109.420128,1.000000,23.68,21.74,27.64,29.01,29.01,80.31,156.8,133.4,14.9,2052,3.915,12:00:08,2025-09-24,0.22,1,0.000,0.000,0.015,-3.521,-6.162,20.856,0,150,-9999.000,-9999.000000,0.058905,0.000000,0.029230,0.000000,0.000000,-0.000068,standard,0,mpf,7000,500,-9999.000000,-9999.000000,300,300,300,205.075623,25,-5.949101,201.692825,203.936600,-2.243774,2.439681,2.450791,1.644341,0.872922,0.245579,0.016211,0.484053,1.817860,184.139725,0.000587,2.400430,-0.000041,1.000000,2.408421,-0.000039,1.000000,0.600250,0.601702,0.107071,0.000000,PSF-00232_20250924120928_9c9,PFA-00245,PSA-00257,PSF-00232,RHS-00222,3.0.0,2021-01-19T12:57:14.097Z
239,12:09:59,2025-09-24,Manual gsw+F,LI-COR Default,,239,,,0.183818,2.923125,0.172943,5.962848,0.972932,0.839699,3.662230,2.689298,10.454906,12.113765,45.597626,0.441786,7.500000,PSF-00232_20250924120959_c2e,0.000000,0.000000,0.000000,116.107819,208.169083,0.442243,0.5,0.80,331.653625,1.000000,26.11,22.54,27.69,27.39,27.39,80.32,156.9,137.9,12.1,1875,3.913,12:00:08,2025-09-24,0.22,1,0.002,0.004,0.010,-3.326,-3.855,-6.020,0,150,-9999.000,-9999.000000,0.058905,0.000000,0.029230,0.000000,0.000000,-0.000068,standard,0,mpf,7000,500,-9999.000000,-9999.000000,300,300,300,193.032150,25,-11.274273,190.381042,192.014069,-1.633026,2.440965,2.454678,1.644810,0.883703,0.245085,-0.003732,0.485725,1.670069,116.107819,0.000612,2.400430,-0.000041,1.000000,2.408421,-0.000039,1.000000,0.600250,0.601702,0.107071,0.000000,PSF-00232_20250924120959_c2e,PFA-00245,PSA-00257,PSF-00232,RHS-00222,3.0.0,2021-01-19T12:57:14.097Z
240,12:10:17,2025-09-24,Manual gsw+F,LI-COR Default,,240,,,0.320912,2.923739,0.289172,9.102332,1.033855,0.830717,3.490914,2.457059,10.342494,12.871580,43.462177,0.441786,7.500000,PSF-00232_20250924121017_24c,0.000000,0.000000,0.000000,142.404907,299.499786,0.524524,0.5,0.80,428.853363,1.000000,27.70,22.25,27.72,26.58,26.58,80.32,157.0,138.7,11.6,2044,3.914,12:00:08,2025-09-24,0.22,1,0.000,0.000,-0.000,3.936,7.412,15.140,0,150,-9999.000,-9999.000000,0.058905,0.000000,0.029230,0.000000,0.000000,-0.000068,standard,0,mpf,7000,500,-9999.000000,-9999.000000,300,300,300,274.712219,25,-17.241512,275.912750,274.794281,1.118469,2.440506,2.457175,1.645458,0.885588,0.244784,-0.013722,0.486699,1.811103,142.404907,0.000605,2.400430,-0.000041,1.000000,2.408421,-0.000039,1.000000,0.600250,0.601702,0.107071,0.000000,PSF-00232_20250924121017_24c,PFA-00245,PSA-00257,PSF-00232,RHS-00222,3.0.0,2021-01-19T12:57:14.097Z
241,12:10:58,2025-09-24,Manual gsw+F,LI-COR Default,,241,,,0.239267,2.922996,0.221163,7.168329,1.000305,0.840172,3.530157,2.529852,10.460531,12.454271,43.952114,0.441786,7.500000,PSF-00232_20250924121058_0f1,0.000000,0.000000,0.000000,132.552261,199.763107,0.336453,0.5,0.80,219.033768,1.000000,26.63,22.37,27.82,26.77,26.77,80.32,156.9,147.2,6.2,1628,3.903,12:10:43,2025-09-24,0.17,1,0.002,0.000,0.015,-4.700,-10.311,-21.626,0,150,-9999.000,-9999.000000,0.058905,0.000000,0.029230,0.000000,0.000000,-0.000068,standard,0,mpf,7000,500,-9999.000000,-9999.000000,300,300,300,186.043732,25,-10.302103,182.911987,185.001129,-2.089142,2.440678,2.455569,1.644674,0.906036,0.243762,-0.012751,0.488335,1.463888,132.552261,0.000610,2.400430,-0.000041,1.000000,2.408421,-0.000039,1.000000,0.600250,0.601702,0.107071,0.000000,PSF-00232_20250924121058_0f1,PFA-00245,PSA-00257,PSF-00232,RHS-00222,3.0.0,2021-01-19T12:57:14.097Z
242,12:11:21,2025-09-24,Manual gsw+F,LI-COR Default,,242,,,0.180775,2.923192,0.170246,4.634660,0.953754,0.850181,3.085187,2.131433,10.585711,11.875313,38.414066,0.441786,7.500000,PSF-00232_20250924121121_58d,0.000000,0.000000,0.000000,98.593712,398.134644,0.752361,0.5,0.80,109.186058,1.000000,25.32,22.57,27.87,24.49,24.49,80.31,156.9,135.8,13.4,363,3.912,12:10:43,2025-09-24,0.17,1,0.002,0.002,0.012,0.507,2.614,0.463,0,150,-9999.000,-9999.000000,0.058905,0.000000,0.029230,0.000000,0.000000,-0.000068,standard,0,mpf,7000,500,-9999.000000,-9999.000000,300,300,300,351.511719,25,-32.781727,351.817474,351.161407,0.656067,2.440997,2.453478,1.644881,0.878551,0.243284,-0.039708,0.489557,0.409536,98.593712,0.000632,2.400430,-0.000041,1.000000,2.408421,-0.000039,1.000000,0.600250,0.601702,0.107071,0.000000,PSF-00232_20250924121121_58d,PFA-00245,PSA-00257,PSF-00232,RHS-00222,3.0.0,2021-01-19T12:57:14.097Z
243,12:11:55,2025-09-24,Manual gsw+F,LI-COR Default,,243,,,0.033002,2.922716,0.032634,1.074757,0.838708,0.814644,3.414038,2.575330,10.142097,10.441697,42.503868,0.441786,7.500000,PSF-00232_20250924121155_234,0.000000,0.000000,0.000000,76.772690,256.902924,0.701161,0.5,0.80,74.790146,1.000000,22.23,21.60,27.90,26.20,26.20,80.32,156.8,154.8,1.3,267,3.912,12:10:43,2025-09-24,0.17,1,0.001,0.002,-0.001,-0.121,-0.089,-0.193,0,150,-9999.000,-9999.000000,0.058905,0.000000,0.029230,0.000000,0.000000,-0.000068,standard,0,mpf,7000,500,-9999.000000,-9999.000000,300,300,300,237.521057,25,-14.005781,232.121582,236.833908,-4.712326,2.439410,2.448494,1.644379,0.924951,0.243038,-0.020298,0.490730,0.329382,76.772690,0.000639,2.400430,-0.000041,1.000000,2.408421,-0.000039,1.000000,0.600250,0.601702,0.107071,0.000000,PSF-00232_20250924121155_234,PFA-00245,PSA-00257,PSF-00232,RHS-00222,3.0.0,2021-01-19T12:57:14.097Z
244,12:12:20,2025-09-24,Manual gsw+F,LI-COR Default,,244,,,0.063882,2.922983,0.062516,1.867267,0.858978,0.817191,3.197405,2.338427,10.174408,10.694684,39.809193,0.441786,7.500000,PSF-00232_20250924121220_6d7,0.000000,0.000000,0.000000,212.215668,378.777557,0.439735,0.5,0.80,16.802395,1.000000,22.77,21.66,27.90,25.09,25.09,80.32,156.9,150.3,4.2,96,3.910,12:10:43,2025-09-24,0.17,1,0.001,0.003,0.027,-3.762,-5.678,5.829,0,150,-9999.000,-9999.000000,0.058905,0.000000,0.029230,0.000000,0.000000,-0.000068,standard,0,mpf,7000,500,-9999.000000,-9999.000000,300,300,300,365.016815,25,-9.946608,361.408722,364.524963,-3.116241,2.439522,2.449371,1.644661,0.913754,0.243045,-0.033120,0.491294,0.186708,212.215668,0.000631,2.400430,-0.000041,1.000000,2.408421,-0.000039,1.000000,0.600250,0.601702,0.107071,0.000000,PSF-00232_20250924121220_6d7,PFA-00245,PSA-00257,PSF-00232,RHS-00222,3.0.0,2021-01-19T12:57:14.097Z
245,12:12:44,2025-09-24,Manual gsw+F,LI-COR Default,,245,,,0.225656,2.922973,0.209483,5.406537,1.014778,0.894026,3.035356,2.020578,11.131492,12.634973,37.793140,0.441786,7.500000,PSF-00232_20250924121244_996,0.000000,0.000000,0.000000,98.059418,335.364868,0.707604,0.5,0.80,120.989304,1.000000,26.90,23.70,27.90,24.22,24.22,80.32,156.9,151.8,3.2,427,3.910,12:10:43,2025-09-24,0.17,1,0.001,0.002,0.015,-0.313,-0.387,-0.627,0,150,-9999.000,-9999.000000,0.058905,0.000000,0.029230,0.000000,0.000000,-0.000068,standard,0,mpf,7000,500,-9999.000000,-9999.000000,300,300,300,309.027313,25,-18.195545,310.644165,309.292297,1.351868,2.442810,2.455980,1.644650,0.917360,0.243040,-0.043122,0.492160,0.463433,98.059418,0.000639,2.400430,-0.000041,1.000000,2.408421,-0.000039,1.000000,0.600250,0.601702,0.107071,0.000000,PSF-00232_20250924121244_996,PFA-00245,PSA-00257,PSF-00232,RHS-00222,3.0.0,2021-01-19T12:57:14.097Z
246,12:13:14,2025-09-24,Manual gsw+F,LI-COR Default,,246,,,0.091891,2.921518,0.089089,2.677799,1.042085,0.982226,3.389676,2.347591,12.229065,12.974326,42.202667,0.441786,7.500000,PSF-00232_20250924121314_e3b,0.000000,0.000000,0.000000,121.599915,302.752075,0.598351,0.5,0.80,161.336823,1.000000,27.63,26.04,27.90,26.08,26.08,80.32,156.7,153.4,2.1,674,3.907,12:10:43,2025-09-24,0.17,1,0.004,0.010,0.001,-2.644,-9.826,-17.134,0,150,-9999.000,-9999.000000,0.058905,0.000000,0.029230,0.000000,0.000000,-0.000068,standard,0,mpf,7000,500,-9999.000000,-9999.000000,300,300,300,285.868774,25,-11.495551,287.546051,286.279999,1.266052,2.446527,2.457125,1.643119,0.921425,0.243060,-0.021684,0.493237,0.669039,121.599915,0.000619,2.400430,-0.000041,1.000000,2.408421,-0.000039,1.000000,0.600250,0.601702,0.107071,0.000000,PSF-00232_20250924121314_e3b,PFA-00245,PSA-00257,PSF-00232,RHS-00222,3.0.0,2021-01-19T12:57:14.097Z
247,12:13:20,2025-09-24,Manual gsw+F,LI-COR Default,,247,,,0.098288,2.923103,0.095090,2.980056,1.086723,1.020229,3.531516,2.444792,12.702090,13.529965,43.968212,0.441786,7.500000,PSF-00232_20250924121320_447,0.000000,0.000000,0.000000,111.028793,289.114349,0.615969,0.5,0.80,193.764191,1.000000,28.81,27.05,27.89,26.77,26.77,80.32,156.9,153.9,1.9,786,3.908,12:10:43,2025-09-24,0.17,1,0.000,0.001,0.001,-0.396,-1.849,-7.611,0,150,-9999.000,-9999.000000,0.058905,0.000000,0.029230,0.000000,0.000000,-0.000068,standard,0,mpf,7000,500,-9999.000000,-9999.000000,300,300,300,273.071045,25,-10.873434,275.943878,273.533722,2.410156,2.448112,2.458979,1.644787,0.922570,0.243076,-0.013524,0.493430,0.762686,110.955833,0.000622,2.400430,-0.000041,1.000000,2.408421,-0.000039,1.000000,0.600250,0.601702,0.107071,0.000000,PSF-00232_20250924121320_447,PFA-00245,PSA-00257,PSF-00232,RHS-00222,3.0.0,2021-01-19T12:57:14.097Z
248,12:13:51,2025-09-24,Manual gsw+F,LI-COR Default,,248,,,0.245986,2.923905,0.226898,6.453526,1.075892,0.931952,3.298382,2.222490,11.601973,13.393901,41.061939,0.441786,7.500000,PSF-00232_20250924121351_570,0.000000,0.000000,0.000000,142.352341,375.629028,0.621029,0.5,0.80,223.194534,1.000000,28.51,24.70,27.90,25.62,25.62,80.33,157.0,153.3,2.3,898,3.905,12:10:43,2025-09-24,0.17,1,0.001,0.001,0.010,-1.922,-2.312,-5.341,0,150,-9999.000,-9999.000000,0.058905,0.000000,0.029230,0.000000,0.000000,-0.000068,standard,0,mpf,7000,500,-9999.000000,-9999.000000,300,300,300,346.452698,25,-22.662813,344.092377,343.155273,0.937103,2.444399,2.458505,1.645634,0.921228,0.242983,-0.027145,0.494401,0.856112,142.352341,0.000624,2.400430,-0.000041,1.000000,2.408421,-0.000039,1.000000,0.600250,0.601702,0.107071,0.000000,PSF-00232_20250924121351_570,PFA-00245,PSA-00257,PSF-00232,RHS-00222,3.0.0,2021-01-19T12:57:14.097Z
249,12:14:19,2025-09-24,Manual gsw+F,LI-COR Default,,249,,,0.303273,2.922811,0.274764,6.630174,1.123988,0.976072,3.012367,1.888379,12.151497,13.992955,37.502113,0.441786,7.500000,PSF-00232_20250924121419_d3d,0.000000,0.000000,0.000000,100.391861,359.601898,0.720825,0.5,0.80,34.752907,1.000000,29.78,25.86,27.91,24.10,24.10,80.33,156.8,153.4,2.2,121,3.905,12:10:43,2025-09-24,0.17,1,-0.003,-0.002,0.014,-0.201,-0.236,0.425,0,150,-9999.000,-9999.000000,0.058905,0.000000,0.029230,0.000000,0.000000,-0.000068,standard,0,mpf,7000,500,-9999.000000,-9999.000000,300,300,300,331.414459,25,-18.832170,338.528748,332.617126,5.911621,2.446242,2.460477,1.644480,0.921463,0.242954,-0.044675,0.495212,0.207555,100.391861,0.000639,2.400430,-0.000041,1.000000,2.408421,-0.000039,1.000000,0.600250,0.601702,0.107071,0.000000,PSF-00232_20250924121419_d3d,PFA-00245,PSA-00257,PSF-00232,RHS-00222,3.0.0,2021-01-19T12:57:14.097Z
250,12:14:49,2025-09-24,Manual gsw+F,LI-COR Default,,250,,,0.260891,2.921945,0.239506,5.596859,1.113876,0.988914,2.943489,1.829614,12.311682,13.867414,36.645546,0.441786,7.500000,PSF-00232_20250924121449_758,0.000000,0.000000,0.000000,89.269279,367.141144,0.756853,0.5,0.80,101.440720,1.000000,29.52,26.21,27.90,23.71,23.71,80.32,156.7,152.2,2.9,335,3.907,12:10:43,2025-09-24,0.17,1,0.000,0.001,0.012,0.207,0.319,1.080,0,150,-9999.000,-9999.000000,0.058905,0.000000,0.029230,0.000000,0.000000,-0.000068,standard,0,mpf,7000,500,-9999.000000,-9999.000000,300,300,300,342.865692,25,-16.777191,348.741516,343.100952,5.640564,2.446789,2.460074,1.643569,0.918398,0.242996,-0.049009,0.495861,0.386412,89.269279,0.000630,2.400430,-0.000041,1.000000,2.408421,-0.000039,1.000000,0.600250,0.601702,0.107071,0.000000,PSF-00232_20250924121449_758,PFA-00245,PSA-00257,PSF-00232,RHS-00222,3.0.0,2021-01-19T12:57:14.097Z
251,12:15:17,2025-09-24,Manual gsw+F,LI-COR Default,,251,,,0.045116,2.922301,0.044430,1.356951,1.021257,0.990931,3.406992,2.385736,12.335946,12.713466,42.413116,0.441786,7.500000,PSF-00232_20250924121517_e66,0.000000,0.000000,0.000000,94.456673,360.573059,0.738037,0.5,0.80,31.857227,1.000000,27.07,26.27,27.90,26.16,26.16,80.33,156.8,148.7,5.2,108,3.873,12:10:43,2025-09-24,0.17,1,-0.002,0.001,-9999.000,0.322,1.222,-9999.000,0,150,-9999.000,-9999.000000,0.058905,0.000000,0.029230,0.000000,0.000000,-0.000068,standard,0,mpf,7000,500,-9999.000000,-9999.000000,300,300,300,351.916199,25,-6.206654,352.138641,351.679474,0.459167,2.446884,2.456250,1.643943,0.909653,0.243036,-0.020708,0.496499,0.197034,94.456673,0.000630,2.400430,-0.000041,1.000000,2.408421,-0.000039,1.000000,0.600250,0.601702,0.107071,0.000000,PSF-00232_20250924121517_e66,PFA-00245,PSA-00257,PSF-00232,RHS-00222,3.0.0,2021-01-19T12:57:14.097Z
252,12:16:02,2025-09-24,Manual gsw+F,LI-COR Default,,252,,,0.043109,2.922403,0.042482,1.358532,0.932953,0.902561,3.431908,2.498955,11.236228,11.614578,42.724747,0.441786,7.500000,PSF-00232_20250924121602_97c,0.000000,0.000000,0.000000,108.268974,425.518921,0.745560,0.5,0.80,31.720112,1.000000,24.76,23.96,27.88,26.29,26.29,80.33,156.8,148.3,5.4,106,3.905,12:10:43,2025-09-24,0.17,1,-0.001,0.001,0.001,-0.094,0.577,1.334,0,150,-9999.000,-9999.000000,0.058905,0.000000,0.029230,0.000000,0.000000,-0.000068,standard,0,mpf,7000,500,-9999.000000,-9999.000000,300,300,300,419.650543,25,-3.830641,419.900543,420.029968,-0.129425,2.443223,2.452587,1.644050,0.908726,0.243248,-0.019004,0.497336,0.195743,108.268974,0.000635,2.400430,-0.000041,1.000000,2.408421,-0.000039,1.000000,0.600250,0.601702,0.107071,0.000000,PSF-00232_20250924121602_97c,PFA-00245,PSA-00257,PSF-00232,RHS-00222,3.0.0,2021-01-19T12:57:14.097Z
253,12:16:42,2025-09-24,Manual gsw+F,LI-COR Default,,253,,,0.117545,2.922088,0.112999,2.947993,1.095613,1.029783,3.135993,2.040380,12.820130,13.639667,39.041065,0.441786,7.500000,PSF-00232_20250924121642_c97,0.000000,0.000000,0.000000,87.747215,358.325684,0.755119,0.5,0.80,29.154526,1.000000,29.08,27.33,27.88,24.77,24.77,80.33,156.7,154.6,1.4,97,3.904,12:10:43,2025-09-24,0.17,1,-0.001,-0.003,0.007,0.256,0.233,0.354,0,150,-9999.000,-9999.000000,0.058905,0.000000,0.029230,0.000000,0.000000,-0.000068,standard,0,mpf,7000,500,-9999.000000,-9999.000000,300,300,300,341.608643,25,-11.116477,355.523224,342.396790,13.126434,2.448554,2.459394,1.643718,0.924337,0.243242,-0.036622,0.498104,0.187539,87.747215,0.000643,2.400430,-0.000041,1.000000,2.408421,-0.000039,1.000000,0.600250,0.601702,0.107071,0.000000,PSF-00232_20250924121642_c97,PFA-00245,PSA-00257,PSF-00232,RHS-00222,3.0.0,2021-01-19T12:57:14.097Z
254,12:17:32,2025-09-24,Manual gsw+F,LI-COR Default,,254,,,0.185809,2.922703,0.174703,4.742877,1.080590,0.974716,3.203059,2.122469,12.135031,13.453147,39.877487,0.441786,7.500000,PSF-00232_20250924121732_35a,0.000000,0.000000,0.000000,97.867371,406.121094,0.759019,0.5,0.80,34.473106,1.000000,28.70,25.89,27.86,25.12,25.12,80.32,156.8,154.4,1.6,114,3.902,12:10:43,2025-09-24,0.17,1,-0.002,-0.002,0.020,-0.076,-0.044,-0.296,0,150,-9999.000,-9999.000000,0.058905,0.000000,0.029230,0.000000,0.000000,-0.000068,standard,0,mpf,7000,500,-9999.000000,-9999.000000,300,300,300,390.280731,25,-10.704756,395.747070,390.782166,4.964905,2.446293,2.458808,1.644366,0.923768,0.243363,-0.032385,0.499117,0.201730,97.867371,0.000634,2.400430,-0.000041,1.000000,2.408421,-0.000039,1.000000,0.600250,0.601702,0.107071,0.000000,PSF-00232_20250924121732_35a,PFA-00245,PSA-00257,PSF-00232,RHS-00222,3.0.0,2021-01-19T12:57:14.097Z
255,12:18:03,2025-09-24,Manual gsw+F,LI-COR Default,,255,,,0.071255,2.922541,0.069559,1.936903,1.075206,1.031958,3.251689,2.176484,12.847082,13.385482,40.481030,0.441786,7.500000,PSF-00232_20250924121803_e76,0.000000,0.000000,0.000000,86.036682,394.306183,0.781802,0.5,0.80,21.138149,1.000000,28.57,27.42,27.86,25.38,25.38,80.33,156.8,150.2,4.2,68,3.902,12:10:43,2025-09-24,0.17,1,0.002,0.004,0.010,0.107,0.225,0.425,0,150,-9999.000,-9999.000000,0.058905,0.000000,0.029230,0.000000,0.000000,-0.000068,standard,0,mpf,7000,500,-9999.000000,-9999.000000,300,300,300,352.868927,25,-31.406904,346.807495,349.302948,-2.495453,2.448697,2.458606,1.644196,0.913475,0.243437,-0.029366,0.499612,0.163422,86.036682,0.000629,2.400430,-0.000041,1.000000,2.408421,-0.000039,1.000000,0.600250,0.601702,0.107071,0.000000,PSF-00232_20250924121803_e76,PFA-00245,PSA-00257,PSF-00232,RHS-00222,3.0.0,2021-01-19T12:57:14.097Z
256,12:18:34,2025-09-24,Manual gsw+F,LI-COR Default,,256,,,0.120499,2.922418,0.115727,3.057511,1.046719,0.978419,3.113973,2.067254,12.180559,13.030843,38.766563,0.441786,7.500000,PSF-00232_20250924121834_327,0.000000,0.000000,0.000000,100.489494,363.757263,0.723746,0.5,0.80,71.600006,1.000000,27.83,26.02,27.85,24.65,24.65,80.33,156.8,138.2,11.9,247,3.901,12:10:43,2025-09-24,0.17,1,0.002,0.004,-0.007,0.264,-0.042,1.197,0,150,-9999.000,-9999.000000,0.058905,0.000000,0.029230,0.000000,0.000000,-0.000068,standard,0,mpf,7000,500,-9999.000000,-9999.000000,300,300,300,343.957886,25,-13.521510,347.378601,344.382172,2.996429,2.446494,2.457451,1.644066,0.884287,0.243537,-0.037613,0.500201,0.313258,100.643631,0.000656,2.400430,-0.000041,1.000000,2.408421,-0.000039,1.000000,0.600250,0.601702,0.107071,0.000000,PSF-00232_20250924121834_327,PFA-00245,PSA-00257,PSF-00232,RHS-00222,3.0.0,2021-01-19T12:57:14.097Z
257,12:18:59,2025-09-24,Manual gsw+F,LI-COR Default,,257,,,0.150104,2.922977,0.142772,3.149890,1.025078,0.954731,2.755438,1.730360,11.886518,12.762341,34.305538,0.441786,7.500000,PSF-00232_20250924121859_77d,0.000000,0.000000,0.000000,91.205833,381.598938,0.760990,0.5,0.80,67.889610,1.000000,27.28,25.41,27.83,22.62,22.62,80.32,156.9,154.6,1.5,223,3.898,12:10:43,2025-09-24,0.17,1,0.004,0.004,0.021,0.305,0.717,1.688,0,150,-9999.000,-9999.000000,0.058905,0.000000,0.029230,0.000000,0.000000,-0.000068,standard,0,mpf,7000,500,-9999.000000,-9999.000000,300,300,300,361.763489,25,-13.947742,362.229828,361.613098,0.616730,2.445533,2.456583,1.644655,0.924260,0.243668,-0.060528,0.500633,0.293005,91.205833,0.000653,2.400430,-0.000041,1.000000,2.408421,-0.000039,1.000000,0.600250,0.601702,0.107071,0.000000,PSF-00232_20250924121859_77d,PFA-00245,PSA-00257,PSF-00232,RHS-00222,3.0.0,2021-01-19T12:57:14.097Z
258,12:19:21,2025-09-24,Manual gsw+F,LI-COR Default,,258,,,0.181704,2.922588,0.171068,4.254023,1.056093,0.961088,3.003158,1.947064,11.964614,13.147345,37.386421,0.441786,7.500000,PSF-00232_20250924121921_120,0.000000,0.000000,0.000000,43.491482,237.338928,0.816754,0.5,0.80,245.692047,1.000000,28.13,25.60,27.82,24.05,24.05,80.33,156.8,145.4,7.3,752,3.900,12:10:43,2025-09-24,0.17,1,0.000,0.000,0.010,-4.467,-15.974,-11.021,0,150,-9999.000,-9999.000000,0.058905,0.000000,0.029230,0.000000,0.000000,-0.000068,standard,0,mpf,7000,500,-9999.000000,-9999.000000,300,300,300,125.151154,25,-103.623650,72.693230,88.855675,-16.162445,2.445836,2.457917,1.644245,0.901748,0.243806,-0.044208,0.501040,0.734023,43.491482,0.000645,2.400430,-0.000041,1.000000,2.408421,-0.000039,1.000000,0.600250,0.601702,0.107071,0.000000,PSF-00232_20250924121921_120,PFA-00245,PSA-00257,PSF-00232,RHS-00222,3.0.0,2021-01-19T12:57:14.097Z
259,12:19:45,2025-09-24,Manual gsw+F,LI-COR Default,,259,,,0.208783,2.921984,0.194860,5.009821,1.076028,0.964118,3.087721,2.011693,12.002296,13.395476,38.439034,0.441786,7.500000,PSF-00232_20250924121945_453,0.000000,0.000000,0.000000,104.536057,417.640686,0.749699,0.5,0.80,39.595032,1.000000,28.68,25.70,27.80,24.51,24.51,80.33,156.7,154.7,1.3,132,3.899,12:10:43,2025-09-24,0.17,1,0.003,0.003,0.013,-0.047,0.053,0.134,0,150,-9999.000,-9999.000000,0.058905,0.000000,0.029230,0.000000,0.000000,-0.000068,standard,0,mpf,7000,500,-9999.000000,-9999.000000,300,300,300,387.025940,25,-20.927053,390.430573,387.654114,2.776459,2.446002,2.458788,1.643609,0.924516,0.243952,-0.038727,0.501511,0.217146,104.536057,0.000638,2.400430,-0.000041,1.000000,2.408421,-0.000039,1.000000,0.600250,0.601702,0.107071,0.000000,PSF-00232_20250924121945_453,PFA-00245,PSA-00257,PSF-00232,RHS-00222,3.0.0,2021-01-19T12:57:14.097Z
260,12:20:12,2025-09-24,Manual gsw+F,LI-COR Default,,260,,,0.188905,2.923317,0.177439,4.027178,1.086395,0.996541,2.864702,1.778307,12.405860,13.524447,35.662445,0.441786,7.500000,PSF-00232_20250924122012_511,0.000000,0.000000,0.000000,83.851219,397.816223,0.789221,0.5,0.80,31.155628,1.000000,28.99,26.59,27.79,23.26,23.26,80.33,156.9,154.0,1.9,99,3.896,12:10:43,2025-09-24,0.17,1,0.000,0.002,0.005,3.280,2.671,2.337,0,150,-9999.000,-9999.000000,0.058905,0.000000,0.029230,0.000000,0.000000,-0.000068,standard,0,mpf,7000,500,-9999.000000,-9999.000000,300,300,300,325.586914,25,-48.563171,314.451111,328.229614,-13.778503,2.447409,2.459269,1.645013,0.922871,0.244126,-0.052721,0.501877,0.189347,83.851219,0.000633,2.400430,-0.000041,1.000000,2.408421,-0.000039,1.000000,0.600250,0.601702,0.107071,0.000000,PSF-00232_20250924122012_511,PFA-00245,PSA-00257,PSF-00232,RHS-00222,3.0.0,2021-01-19T12:57:14.097Z
261,12:20:37,2025-09-24,Manual gsw+F,LI-COR Default,,261,,,0.049835,2.924479,0.049000,1.246698,0.893524,0.865666,2.889160,1.995637,10.776739,11.123545,35.967377,0.441786,7.500000,PSF-00232_20250924122037_83d,0.000000,0.000000,0.000000,84.659454,339.067719,0.750317,0.5,0.80,35.629803,1.000000,23.88,23.14,27.76,23.40,23.40,80.33,157.0,151.1,3.8,119,3.890,12:10:43,2025-09-24,0.17,1,-0.001,0.002,0.006,0.186,0.161,0.411,0,150,-9999.000,-9999.000000,0.058905,0.000000,0.029230,0.000000,0.000000,-0.000068,standard,0,mpf,7000,500,-9999.000000,-9999.000000,300,300,300,326.610443,25,-8.363204,330.734253,327.084015,3.650238,2.441926,2.451188,1.646241,0.915681,0.244401,-0.050789,0.501917,0.206041,84.659454,0.000644,2.400430,-0.000041,1.000000,2.408421,-0.000039,1.000000,0.600250,0.601702,0.107071,0.000000,PSF-00232_20250924122037_83d,PFA-00245,PSA-00257,PSF-00232,RHS-00222,3.0.0,2021-01-19T12:57:14.097Z
262,12:21:06,2025-09-24,Manual gsw+F,LI-COR Default,,262,,,0.056275,2.922884,0.055212,1.427498,0.876986,0.845041,2.904950,2.027964,10.519876,10.917562,36.163601,0.441786,7.500000,PSF-00232_20250924122106_b17,0.000000,0.000000,0.000000,99.263908,458.119476,0.783323,0.5,0.80,25.374937,1.000000,23.47,22.61,27.74,23.49,23.49,80.33,156.8,153.0,2.4,81,3.897,12:20:52,2025-09-24,0.20,1,0.001,-0.000,0.021,0.045,0.240,1.327,0,150,-9999.000,-9999.000000,0.058905,0.000000,0.029230,0.000000,0.000000,-0.000068,standard,0,mpf,7000,500,-9999.000000,-9999.000000,300,300,300,448.622711,25,-6.293714,450.365784,449.101166,1.264618,2.441086,2.450481,1.644556,0.920471,0.244610,-0.049508,0.502240,0.174586,99.263908,0.000637,2.400430,-0.000041,1.000000,2.408421,-0.000039,1.000000,0.600250,0.601702,0.107071,0.000000,PSF-00232_20250924122106_b17,PFA-00245,PSA-00257,PSF-00232,RHS-00222,3.0.0,2021-01-19T12:57:14.097Z
263,12:21:55,2025-09-24,Manual gsw+F,LI-COR Default,,263,,,0.103961,2.923374,0.100391,2.814298,0.968068,0.905187,3.161982,2.193914,11.268988,12.051817,39.364613,0.441786,7.500000,PSF-00232_20250924122155_14f,0.000000,0.000000,0.000000,89.335442,389.210907,0.770470,0.5,0.80,39.870556,1.000000,25.96,24.28,27.70,24.91,24.91,80.33,156.9,154.7,1.4,129,3.896,12:20:52,2025-09-24,0.20,1,0.001,0.005,0.001,0.065,0.027,-0.140,0,150,-9999.000,-9999.000000,0.058905,0.000000,0.029230,0.000000,0.000000,-0.000068,standard,0,mpf,7000,500,-9999.000000,-9999.000000,300,300,300,372.621765,25,-11.303293,377.658600,373.014313,4.644287,2.443758,2.454481,1.645074,0.924654,0.244960,-0.032917,0.502978,0.214924,89.304329,0.000634,2.400430,-0.000041,1.000000,2.408421,-0.000039,1.000000,0.600250,0.601702,0.107071,0.000000,PSF-00232_20250924122155_14f,PFA-00245,PSA-00257,PSF-00232,RHS-00222,3.0.0,2021-01-19T12:57:14.097Z
264,12:22:15,2025-09-24,Manual gsw+F,LI-COR Default,,264,,,0.107286,2.923018,0.103487,2.510814,1.008325,0.952234,2.909792,1.901466,11.853839,12.552094,36.222412,0.441786,7.500000,PSF-00232_20250924122215_c0a,0.000000,0.000000,0.000000,84.557533,368.009827,0.770230,0.5,0.80,37.114906,1.000000,27.07,25.56,27.68,23.52,23.52,80.33,156.9,154.7,1.4,120,3.894,12:20:52,2025-09-24,0.20,1,-0.009,-0.008,0.011,0.212,0.248,0.618,0,150,-9999.000,-9999.000000,0.058905,0.000000,0.029230,0.000000,0.000000,-0.000068,standard,0,mpf,7000,500,-9999.000000,-9999.000000,300,300,300,350.236053,25,-12.340758,357.638245,350.326630,7.311615,2.445803,2.456233,1.644698,0.924560,0.245121,-0.048569,0.503349,0.207501,84.557533,0.000649,2.400430,-0.000041,1.000000,2.408421,-0.000039,1.000000,0.600250,0.601702,0.107071,0.000000,PSF-00232_20250924122215_c0a,PFA-00245,PSA-00257,PSF-00232,RHS-00222,3.0.0,2021-01-19T12:57:14.097Z
265,12:22:23,2025-09-24,Manual gsw+F,LI-COR Default,,265,,,0.130150,2.923411,0.124603,3.408660,0.995833,0.919695,3.136858,2.141025,11.448781,12.396581,39.049038,0.441786,7.500000,PSF-00232_20250924122223_91f,0.000000,0.000000,0.000000,88.723541,357.639923,0.751919,0.5,0.80,36.982841,1.000000,26.75,24.70,27.67,24.77,24.77,80.33,156.9,154.6,1.5,123,3.892,12:20:52,2025-09-24,0.20,1,-0.000,0.001,-0.001,-0.397,-1.019,-2.729,0,150,-9999.000,-9999.000000,0.058905,0.000000,0.029230,0.000000,0.000000,-0.000068,standard,0,mpf,7000,500,-9999.000000,-9999.000000,300,300,300,340.806488,25,-11.651533,349.849091,340.944336,8.904755,2.444444,2.455732,1.645113,0.924311,0.245227,-0.034129,0.503471,0.209580,89.257477,0.000651,2.400430,-0.000041,1.000000,2.408421,-0.000039,1.000000,0.600250,0.601702,0.107071,0.000000,PSF-00232_20250924122223_91f,PFA-00245,PSA-00257,PSF-00232,RHS-00222,3.0.0,2021-01-19T12:57:14.097Z
266,12:22:41,2025-09-24,Manual gsw+F,LI-COR Default,,266,,,0.040459,2.923105,0.039906,1.089939,0.999489,0.975141,3.136892,2.137403,12.139825,12.442949,39.052135,0.441786,7.500000,PSF-00232_20250924122241_3c8,0.000000,0.000000,0.000000,76.905014,345.444672,0.777374,0.5,0.80,43.566719,1.000000,26.87,26.21,27.66,24.77,24.77,80.33,156.9,154.8,1.3,140,3.894,12:20:52,2025-09-24,0.20,1,-0.003,-0.002,0.004,-0.912,-0.340,1.878,0,150,-9999.000,-9999.000000,0.058905,0.000000,0.029230,0.000000,0.000000,-0.000068,standard,0,mpf,7000,500,-9999.000000,-9999.000000,300,300,300,313.662872,25,-23.611404,310.377716,311.611694,-1.233978,2.446832,2.455920,1.644789,0.924873,0.245347,-0.033981,0.503835,0.223875,76.905014,0.000638,2.400430,-0.000041,1.000000,2.408421,-0.000039,1.000000,0.600250,0.601702,0.107071,0.000000,PSF-00232_20250924122241_3c8,PFA-00245,PSA-00257,PSF-00232,RHS-00222,3.0.0,2021-01-19T12:57:14.097Z
267,12:23:41,2025-09-24,Manual gsw+F,LI-COR Default,,267,,,0.015722,2.922539,0.015638,0.655343,0.940016,0.925358,4.198698,3.258682,11.519454,11.701931,52.268116,0.441786,7.500000,PSF-00232_20250924122341_040,0.000000,0.000000,0.000000,121.755836,153.968155,0.209214,0.5,0.80,120.105774,1.000000,25.14,24.75,27.74,29.75,29.75,80.33,156.8,153.9,1.9,1435,3.894,12:20:52,2025-09-24,0.20,1,0.000,0.000,0.000,-1.762,-1.264,-3.610,0,150,-9999.000,-9999.000000,0.058905,0.000000,0.029230,0.000000,0.000000,-0.000068,standard,0,mpf,7000,500,-9999.000000,-9999.000000,300,300,300,150.010223,25,-2.696140,149.713043,150.104828,-0.391785,2.444509,2.453170,1.644193,0.922607,0.244523,0.023868,0.505818,1.303556,123.013260,0.000620,2.400430,-0.000041,1.000000,2.408421,-0.000039,1.000000,0.600250,0.601702,0.107071,0.000000,PSF-00232_20250924122341_040,PFA-00245,PSA-00257,PSF-00232,RHS-00222,3.0.0,2021-01-19T12:57:14.097Z
268,12:24:28,2025-09-24,Manual gsw+F,LI-COR Default,,268,,,0.109959,2.923356,0.105973,3.463178,1.109087,1.031845,3.656223,2.547136,12.845954,13.807579,45.518150,0.441786,7.500000,PSF-00232_20250924122428_fd2,0.000000,0.000000,0.000000,163.342239,376.330750,0.565961,0.5,0.80,444.256744,1.000000,29.37,27.32,27.92,27.36,27.36,80.32,156.9,152.5,2.8,1962,3.887,12:20:52,2025-09-24,0.20,1,-0.001,-0.000,0.000,11.803,-1.721,15.273,0,150,-9999.000,-9999.000000,0.058905,0.000000,0.029230,0.000000,0.000000,-0.000068,standard,0,mpf,7000,500,-9999.000000,-9999.000000,300,300,300,357.418671,25,-13.236752,355.546478,357.363678,-1.817200,2.448533,2.459795,1.645055,0.919113,0.242857,-0.006821,0.508059,1.743066,169.888977,0.000613,2.400430,-0.000041,1.000000,2.408421,-0.000039,1.000000,0.600250,0.601702,0.107071,0.000000,PSF-00232_20250924122428_fd2,PFA-00245,PSA-00257,PSF-00232,RHS-00222,3.0.0,2021-01-19T12:57:14.097Z
269,12:24:55,2025-09-24,Manual gsw+F,LI-COR Default,,269,,,0.064006,2.922346,0.062634,2.620753,1.023026,0.964461,4.273270,3.250244,12.006759,12.735841,53.198753,0.441786,7.500000,PSF-00232_20250924122455_03f,0.000000,0.000000,0.000000,88.382721,123.535332,0.284555,0.5,0.80,193.691208,1.000000,26.90,25.36,28.03,30.05,30.05,80.33,156.8,135.1,13.8,1702,3.892,12:20:52,2025-09-24,0.20,1,-0.002,0.001,-0.007,-0.664,-1.880,-4.724,0,150,-9999.000,-9999.000000,0.058905,0.000000,0.029230,0.000000,0.000000,-0.000068,standard,0,mpf,7000,500,-9999.000000,-9999.000000,300,300,300,115.655067,25,-5.707873,114.032509,115.356468,-1.323959,2.445437,2.455921,1.643990,0.876971,0.241725,0.024104,0.509446,1.525730,88.382721,0.000603,2.400430,-0.000041,1.000000,2.408421,-0.000039,1.000000,0.600250,0.601702,0.107071,0.000000,PSF-00232_20250924122455_03f,PFA-00245,PSA-00257,PSF-00232,RHS-00222,3.0.0,2021-01-19T12:57:14.097Z
270,12:25:28,2025-09-24,Manual gsw+F,LI-COR Default,,270,,,0.012312,2.922655,0.012260,0.503174,1.033570,1.022328,4.222857,3.189287,12.725379,12.865308,52.563786,0.441786,7.500000,PSF-00232_20250924122528_8bf,0.000000,0.000000,0.000000,47.968983,61.445831,0.219329,0.5,0.80,133.718338,1.000000,26.91,26.62,28.20,29.85,29.85,80.34,156.8,155.0,1.2,1524,3.858,12:20:52,2025-09-24,0.20,1,-0.001,0.001,-0.001,-86.107,-51.061,57.177,0,150,-9999.000,-9999.000000,0.058905,0.000000,0.029230,0.000000,0.000000,-0.000068,standard,0,mpf,7000,500,-9999.000000,-9999.000000,300,300,300,61.445831,25,8.774471,75.636147,74.018852,1.617294,2.447392,2.455912,1.644315,0.925405,0.240108,0.019541,0.511067,1.377731,47.968983,0.000616,2.400430,-0.000041,1.000000,2.408421,-0.000039,1.000000,0.600250,0.601702,0.107071,0.000000,PSF-00232_20250924122528_8bf,PFA-00245,PSA-00257,PSF-00232,RHS-00222,3.0.0,2021-01-19T12:57:14.097Z
271,12:25:48,2025-09-24,Manual gsw+F,LI-COR Default,,271,,,0.159339,2.921996,0.151100,5.535939,1.171501,1.047965,4.019940,2.848439,13.043800,14.581422,50.035347,0.441786,7.500000,PSF-00232_20250924122548_771,0.000000,0.000000,0.000000,146.284454,255.916290,0.428389,0.5,0.80,316.414154,1.000000,30.33,27.13,28.30,28.99,28.99,80.34,156.7,154.8,1.2,1847,3.889,12:20:52,2025-09-24,0.20,1,0.001,0.002,0.011,-3.435,-4.039,-1.944,0,150,-9999.000,-9999.000000,0.058905,0.000000,0.029230,0.000000,0.000000,-0.000068,standard,0,mpf,7000,500,-9999.000000,-9999.000000,300,300,300,234.489441,25,-15.469478,232.825760,233.749939,-0.924179,2.448174,2.461218,1.643622,0.924879,0.239166,0.007997,0.511865,1.646471,146.284454,0.000602,2.400430,-0.000041,1.000000,2.408421,-0.000039,1.000000,0.600250,0.601702,0.107071,0.000000,PSF-00232_20250924122548_771,PFA-00245,PSA-00257,PSF-00232,RHS-00222,3.0.0,2021-01-19T12:57:14.097Z
272,12:28:21,2025-09-24,Manual gsw+F,LI-COR Default,,272,,,0.224211,2.923844,0.208243,5.499527,1.128929,1.006341,3.193264,2.064334,12.527865,14.053953,39.752689,0.441786,7.500000,PSF-00232_20250924122821_18a,0.000000,0.000000,0.000000,95.461609,378.859650,0.748029,0.5,0.80,67.153549,1.000000,28.88,25.75,28.51,25.07,25.07,80.33,157.0,154.0,1.9,224,3.886,12:20:52,2025-09-24,0.20,1,0.003,0.002,0.008,0.347,0.555,1.276,0,150,-9999.000,-9999.000000,0.058905,0.000000,0.029230,0.000000,0.000000,-0.000068,standard,0,mpf,7000,500,-9999.000000,-9999.000000,300,300,300,325.104828,25,-41.533073,310.576569,319.346527,-8.769958,2.445974,2.458947,1.645570,0.922913,0.237246,-0.040655,0.514381,0.294176,95.461609,0.000647,2.400430,-0.000041,1.000000,2.408421,-0.000039,1.000000,0.600250,0.601702,0.107071,0.000000,PSF-00232_20250924122821_18a,PFA-00245,PSA-00257,PSF-00232,RHS-00222,3.0.0,2021-01-19T12:57:14.097Z
273,12:28:51,2025-09-24,Manual gsw+F,LI-COR Default,,273,,,0.166022,2.921636,0.157095,4.114607,1.086024,0.994096,3.134697,2.048673,12.375428,13.519829,39.023594,0.441786,7.500000,PSF-00232_20250924122851_aaa,0.000000,0.000000,0.000000,89.907646,341.783417,0.736946,0.5,0.80,38.451458,1.000000,27.80,25.44,28.50,24.76,24.76,80.33,156.7,151.9,3.1,130,3.886,12:20:52,2025-09-24,0.20,1,0.003,0.002,0.008,0.109,0.199,0.449,0,150,-9999.000,-9999.000000,0.058905,0.000000,0.029230,0.000000,0.000000,-0.000068,standard,0,mpf,7000,500,-9999.000000,-9999.000000,300,300,300,323.084961,25,-12.411494,331.118347,323.998871,7.119476,2.445494,2.457250,1.643243,0.917660,0.237299,-0.044158,0.514827,0.215817,89.907646,0.000641,2.400430,-0.000041,1.000000,2.408421,-0.000039,1.000000,0.600250,0.601702,0.107071,0.000000,PSF-00232_20250924122851_aaa,PFA-00245,PSA-00257,PSF-00232,RHS-00222,3.0.0,2021-01-19T12:57:14.097Z
274,12:30:30,2025-09-24,Manual gsw+F,LI-COR Default,,274,,,0.118127,2.923151,0.113539,3.285762,0.999719,0.926321,3.262593,2.262874,11.532276,12.446046,40.617786,0.441786,7.500000,PSF-00232_20250924123030_4d4,0.000000,0.000000,0.000000,114.256027,421.717285,0.729070,0.5,0.80,186.059296,1.000000,25.65,23.76,28.46,25.43,25.43,80.32,156.9,150.3,4.2,638,3.881,12:20:52,2025-09-24,0.20,1,0.003,0.002,0.010,-0.182,-0.361,-1.226,0,150,-9999.000,-9999.000000,0.058905,0.000000,0.029230,0.000000,0.000000,-0.000068,standard,0,mpf,7000,500,-9999.000000,-9999.000000,300,300,300,410.995239,25,-7.552457,414.440277,410.895294,3.544983,2.442834,2.453869,1.644838,0.913673,0.237678,-0.035934,0.515898,0.638955,114.256027,0.000643,2.400430,-0.000041,1.000000,2.408421,-0.000039,1.000000,0.600250,0.601702,0.107071,0.000000,PSF-00232_20250924123030_4d4,PFA-00245,PSA-00257,PSF-00232,RHS-00222,3.0.0,2021-01-19T12:57:14.097Z
275,12:30:56,2025-09-24,Manual gsw+F,LI-COR Default,,275,,,0.279436,2.919039,0.255023,5.923333,1.119101,0.986547,2.937745,1.818644,12.281443,13.931603,36.571751,0.441786,7.500000,PSF-00232_20250924123056_85c,0.000000,0.000000,0.000000,67.558052,254.315262,0.734353,0.5,0.80,227.784027,1.000000,28.74,25.34,28.44,23.68,23.68,80.33,156.4,152.7,2.4,775,3.882,12:20:52,2025-09-24,0.20,1,-0.001,0.002,0.012,-1.111,-1.342,2.327,0,150,-9999.000,-9999.000000,0.058905,0.000000,0.029230,0.000000,0.000000,-0.000068,standard,0,mpf,7000,500,-9999.000000,-9999.000000,300,300,300,254.315262,25,37.149239,287.277100,307.546753,-20.269653,2.445339,2.458739,1.640523,0.919615,0.237872,-0.055792,0.516359,0.753547,67.558052,0.000634,2.400430,-0.000041,1.000000,2.408421,-0.000039,1.000000,0.600250,0.601702,0.107071,0.000000,PSF-00232_20250924123056_85c,PFA-00245,PSA-00257,PSF-00232,RHS-00222,3.0.0,2021-01-19T12:57:14.097Z
276,12:31:41,2025-09-24,Manual gsw+F,LI-COR Default,,276,,,0.197005,2.925065,0.184574,4.906838,1.053330,0.943963,3.133031,2.079701,11.752162,13.113759,39.005650,0.441786,7.500000,PSF-00232_20250924123141_603,0.000000,0.000000,0.000000,117.769714,425.108215,0.722965,0.5,0.80,105.861740,1.000000,27.03,24.23,28.45,24.75,24.75,80.32,157.1,150.9,4.0,366,3.879,12:31:18,2025-09-24,0.23,1,0.001,0.005,0.012,-0.084,-0.174,-0.272,0,150,-9999.000,-9999.000000,0.058905,0.000000,0.029230,0.000000,0.000000,-0.000068,standard,0,mpf,7000,500,-9999.000000,-9999.000000,300,300,300,375.487457,25,-41.814205,358.750824,365.192261,-6.441437,2.443573,2.456013,1.646861,0.915177,0.237745,-0.043694,0.516994,0.412251,117.769714,0.000647,2.400430,-0.000041,1.000000,2.408421,-0.000039,1.000000,0.600250,0.601702,0.107071,0.000000,PSF-00232_20250924123141_603,PFA-00245,PSA-00257,PSF-00232,RHS-00222,3.0.0,2021-01-19T12:57:14.097Z
277,12:31:59,2025-09-24,Manual gsw+F,LI-COR Default,,277,,,0.208854,2.923773,0.194930,5.350448,1.019575,0.900153,3.166709,2.147135,11.207293,12.694143,39.426899,0.441786,7.500000,PSF-00232_20250924123159_826,0.000000,0.000000,0.000000,113.378052,425.223755,0.733369,0.5,0.80,103.554237,1.000000,26.15,23.09,28.46,24.93,24.93,80.32,157.0,154.4,1.6,353,3.878,12:31:18,2025-09-24,0.23,1,0.001,0.001,0.013,-0.561,0.779,2.248,0,150,-9999.000,-9999.000000,0.058905,0.000000,0.029230,0.000000,0.000000,-0.000068,standard,0,mpf,7000,500,-9999.000000,-9999.000000,300,300,300,377.398621,25,-36.917076,370.698822,372.324951,-1.626129,2.441756,2.454626,1.645494,0.923839,0.237669,-0.041729,0.517245,0.401364,113.378052,0.000643,2.400430,-0.000041,1.000000,2.408421,-0.000039,1.000000,0.600250,0.601702,0.107071,0.000000,PSF-00232_20250924123159_826,PFA-00245,PSA-00257,PSF-00232,RHS-00222,3.0.0,2021-01-19T12:57:14.097Z
278,12:32:26,2025-09-24,Manual gsw+F,LI-COR Default,,278,,,0.295513,2.914898,0.268311,6.787483,1.108455,0.956062,3.087243,1.978788,11.903166,13.800490,38.436794,0.441786,7.500000,PSF-00232_20250924123226_5c1,0.000000,0.000000,0.000000,77.376724,315.313385,0.754604,0.5,0.80,54.653728,1.000000,28.44,24.53,28.46,24.51,24.51,80.32,155.9,151.6,2.7,181,3.878,12:31:18,2025-09-24,0.23,1,0.005,0.007,0.006,-3.292,-3.973,-5.968,0,150,-9999.000,-9999.000000,0.058905,0.000000,0.029230,0.000000,0.000000,-0.000068,standard,0,mpf,7000,500,-9999.000000,-9999.000000,300,300,300,285.652771,25,-28.722553,279.705414,274.156586,5.548828,2.444060,2.458222,1.636221,0.916981,0.237721,-0.046549,0.517604,0.258022,77.376724,0.000637,2.400430,-0.000041,1.000000,2.408421,-0.000039,1.000000,0.600250,0.601702,0.107071,0.000000,PSF-00232_20250924123226_5c1,PFA-00245,PSA-00257,PSF-00232,RHS-00222,3.0.0,2021-01-19T12:57:14.097Z
279,12:32:34,2025-09-24,Manual gsw+F,LI-COR Default,,279,,,0.327314,2.894602,0.294062,7.739156,1.113275,0.936772,3.170724,2.057450,11.663255,13.860793,39.477009,0.441786,7.500000,PSF-00232_20250924123234_aa5,0.000000,0.000000,0.000000,81.696152,323.069489,0.747125,0.5,0.80,56.756340,1.000000,28.57,24.04,28.45,24.95,24.95,80.32,153.4,148.9,2.9,190,3.877,12:31:18,2025-09-24,0.23,1,0.005,0.008,0.005,-1.576,-3.433,-7.635,0,150,-9999.000,-9999.000000,0.058905,0.000000,0.029230,0.000000,0.000000,-0.000068,standard,0,mpf,7000,500,-9999.000000,-9999.000000,300,300,300,276.485321,25,-38.028908,290.471436,268.577515,21.893921,2.443280,2.458424,1.615717,0.910379,0.237752,-0.041380,0.517636,0.265398,81.696152,0.000647,2.400430,-0.000041,1.000000,2.408421,-0.000039,1.000000,0.600250,0.601702,0.107071,0.000000,PSF-00232_20250924123234_aa5,PFA-00245,PSA-00257,PSF-00232,RHS-00222,3.0.0,2021-01-19T12:57:14.097Z
280,12:32:40,2025-09-24,Manual gsw+F,LI-COR Default,,280,,,0.333616,2.880951,0.298993,8.124780,1.085841,0.898537,3.210109,2.124269,11.186784,13.518721,39.965878,0.441786,7.500000,PSF-00232_20250924123240_44b,0.000000,0.000000,0.000000,82.709312,277.185730,0.701610,0.5,0.80,52.848137,1.000000,27.87,23.06,28.45,25.16,25.16,80.32,151.8,147.8,2.7,188,3.879,12:31:18,2025-09-24,0.23,1,-0.001,-0.001,0.003,-0.846,-2.765,-16.967,0,150,-9999.000,-9999.000000,0.058905,0.000000,0.029230,0.000000,0.000000,-0.000068,standard,0,mpf,7000,500,-9999.000000,-9999.000000,300,300,300,261.593689,25,-11.832909,277.290344,260.230255,17.060089,2.441715,2.457331,1.602432,0.907542,0.237776,-0.038961,0.517714,0.264060,86.420776,0.000638,2.400430,-0.000041,1.000000,2.408421,-0.000039,1.000000,0.600250,0.601702,0.107071,0.000000,PSF-00232_20250924123240_44b,PFA-00245,PSA-00257,PSF-00232,RHS-00222,3.0.0,2021-01-19T12:57:14.097Z
281,12:33:01,2025-09-24,Manual gsw+F,LI-COR Default,,281,,,0.062520,2.923276,0.061211,1.822061,0.947520,0.906800,3.275457,2.327936,11.290298,11.797296,40.781738,0.441786,7.500000,PSF-00232_20250924123301_6fc,0.000000,0.000000,0.000000,103.373405,482.276459,0.785655,0.5,0.80,58.656334,1.000000,24.33,23.28,28.45,25.50,25.50,80.32,156.9,130.3,16.9,187,3.879,12:31:18,2025-09-24,0.23,1,0.001,0.001,0.025,0.144,0.392,25.325,0,150,-9999.000,-9999.000000,0.058905,0.000000,0.029230,0.000000,0.000000,-0.000068,standard,0,mpf,7000,500,-9999.000000,-9999.000000,300,300,300,441.650024,25,-29.912373,437.177185,439.414764,-2.237579,2.442063,2.451715,1.644971,0.865592,0.237804,-0.035007,0.517960,0.262674,103.530052,0.000644,2.400430,-0.000041,1.000000,2.408421,-0.000039,1.000000,0.600250,0.601702,0.107071,0.000000,PSF-00232_20250924123301_6fc,PFA-00245,PSA-00257,PSF-00232,RHS-00222,3.0.0,2021-01-19T12:57:14.097Z
282,12:33:24,2025-09-24,Manual gsw+F,LI-COR Default,,282,,,0.093442,2.904059,0.090529,2.263318,0.959617,0.908274,2.919184,1.959567,11.308336,11.947577,36.344879,0.441786,7.500000,PSF-00232_20250924123324_259,0.000000,0.000000,0.000000,91.749786,371.535492,0.753052,0.5,0.80,40.338402,1.000000,24.64,23.33,28.44,23.57,23.57,80.32,154.6,152.8,1.1,134,3.879,12:31:18,2025-09-24,0.23,1,-0.002,-0.002,-9999.000,0.138,0.360,-9999.000,0,150,-9999.000,-9999.000000,0.058905,0.000000,0.029230,0.000000,0.000000,-0.000068,standard,0,mpf,7000,500,-9999.000000,-9999.000000,300,300,300,342.768799,25,-19.904099,346.845032,343.014740,3.830292,2.442134,2.452224,1.625154,0.919950,0.237848,-0.057017,0.518308,0.218713,91.749786,0.000649,2.400430,-0.000041,1.000000,2.408421,-0.000039,1.000000,0.600250,0.601702,0.107071,0.000000,PSF-00232_20250924123324_259,PFA-00245,PSA-00257,PSF-00232,RHS-00222,3.0.0,2021-01-19T12:57:14.097Z
283,12:33:48,2025-09-24,Manual gsw+F,LI-COR Default,,283,,,0.391761,2.898099,0.345109,8.251951,1.113319,0.925630,2.984788,1.871469,11.524747,13.861606,37.162708,0.441786,7.500000,PSF-00232_20250924123348_92c,0.000000,0.000000,0.000000,96.019867,396.439331,0.757794,0.5,0.80,45.129333,1.000000,28.63,23.80,28.42,23.94,23.94,80.32,153.8,148.7,3.3,149,3.876,12:31:18,2025-09-24,0.23,1,0.008,0.006,0.017,0.118,0.164,0.459,0,150,-9999.000,-9999.000000,0.058905,0.000000,0.029230,0.000000,0.000000,-0.000068,standard,0,mpf,7000,500,-9999.000000,-9999.000000,300,300,300,367.202271,25,-20.930681,372.232666,366.447571,5.785095,2.442903,2.458518,1.619184,0.909874,0.238068,-0.052539,0.518659,0.231191,96.019867,0.000649,2.400430,-0.000041,1.000000,2.408421,-0.000039,1.000000,0.600250,0.601702,0.107071,0.000000,PSF-00232_20250924123348_92c,PFA-00245,PSA-00257,PSF-00232,RHS-00222,3.0.0,2021-01-19T12:57:14.097Z
284,12:33:53,2025-09-24,Manual gsw+F,LI-COR Default,,284,,,0.421437,2.882723,0.367684,9.244863,1.137725,0.925030,3.103903,1.966178,11.516953,14.165082,38.644695,0.441786,7.500000,PSF-00232_20250924123353_641,0.000000,0.000000,0.000000,102.240799,403.697388,0.746739,0.5,0.80,44.199696,1.000000,29.27,23.80,28.41,24.60,24.60,80.32,152.0,147.5,3.0,148,3.851,12:31:18,2025-09-24,0.23,1,0.007,0.007,-9999.000,-0.124,-0.523,-9999.000,0,150,-9999.000,-9999.000000,0.058905,0.000000,0.029230,0.000000,0.000000,-0.000068,standard,0,mpf,7000,500,-9999.000000,-9999.000000,300,300,300,373.587372,25,-26.114380,371.065033,366.277863,4.787170,2.442898,2.459517,1.604134,0.906765,0.238148,-0.044975,0.518731,0.230434,102.240799,0.000652,2.400430,-0.000041,1.000000,2.408421,-0.000039,1.000000,0.600250,0.601702,0.107071,0.000000,PSF-00232_20250924123353_641,PFA-00245,PSA-00257,PSF-00232,RHS-00222,3.0.0,2021-01-19T12:57:14.097Z
285,12:34:03,2025-09-24,Manual gsw+F,LI-COR Default,,285,,,0.421661,2.866363,0.367587,9.374517,1.161020,0.942746,3.154315,1.993294,11.737773,14.455425,39.273186,0.441786,7.500000,PSF-00232_20250924123403_a06,0.000000,0.000000,0.000000,101.430771,394.278931,0.742744,0.5,0.80,47.710705,1.000000,29.89,24.27,28.40,24.87,24.87,80.32,150.2,145.7,3.0,161,3.874,12:31:18,2025-09-24,0.23,1,-0.003,-0.001,0.003,-0.402,-0.921,-1.965,0,150,-9999.000,-9999.000000,0.058905,0.000000,0.029230,0.000000,0.000000,-0.000068,standard,0,mpf,7000,500,-9999.000000,-9999.000000,300,300,300,365.535736,25,-22.860512,367.985474,361.521912,6.463562,2.443653,2.460479,1.588646,0.902318,0.238260,-0.041735,0.518887,0.240950,101.430771,0.000648,2.400430,-0.000041,1.000000,2.408421,-0.000039,1.000000,0.600250,0.601702,0.107071,0.000000,PSF-00232_20250924123403_a06,PFA-00245,PSA-00257,PSF-00232,RHS-00222,3.0.0,2021-01-19T12:57:14.097Z
286,12:34:49,2025-09-24,Manual gsw+F,LI-COR Default,,286,,,0.209800,2.883654,0.195571,5.122545,1.130892,1.013110,3.178262,2.047370,12.613420,14.079831,39.569996,0.441786,7.500000,PSF-00232_20250924123449_632,0.000000,0.000000,0.000000,88.664536,396.906708,0.776611,0.5,0.80,22.372770,1.000000,29.18,26.14,28.36,24.99,24.99,80.32,152.2,149.3,1.9,72,3.874,12:31:18,2025-09-24,0.23,1,-0.001,0.002,0.006,0.098,0.204,0.367,0,150,-9999.000,-9999.000000,0.058905,0.000000,0.029230,0.000000,0.000000,-0.000068,standard,0,mpf,7000,500,-9999.000000,-9999.000000,300,300,300,382.587433,25,-9.543955,394.993530,383.231079,11.762451,2.446617,2.459385,1.605032,0.911204,0.238626,-0.039812,0.519754,0.167112,88.664536,0.000635,2.400430,-0.000041,1.000000,2.408421,-0.000039,1.000000,0.600250,0.601702,0.107071,0.000000,PSF-00232_20250924123449_632,PFA-00245,PSA-00257,PSF-00232,RHS-00222,3.0.0,2021-01-19T12:57:14.097Z
287,12:35:29,2025-09-24,Manual gsw+F,LI-COR Default,,287,,,0.182912,2.890950,0.172028,4.565199,1.125410,1.021019,3.199471,2.074061,12.712203,14.011922,39.835045,0.441786,7.500000,PSF-00232_20250924123529_601,0.000000,0.000000,0.000000,68.613052,293.048462,0.765864,0.5,0.80,46.813454,1.000000,29.09,26.40,28.33,25.10,25.10,80.32,153.0,151.1,1.3,153,3.872,12:31:18,2025-09-24,0.23,1,0.002,0.002,0.002,0.020,-0.761,-1.500,0,150,-9999.000,-9999.000000,0.058905,0.000000,0.029230,0.000000,0.000000,-0.000068,standard,0,mpf,7000,500,-9999.000000,-9999.000000,300,300,300,276.160950,25,-10.478037,281.694183,278.034393,3.659790,2.447019,2.459255,1.612125,0.915594,0.238928,-0.038144,0.520295,0.234466,68.798660,0.000646,2.400430,-0.000041,1.000000,2.408421,-0.000039,1.000000,0.600250,0.601702,0.107071,0.000000,PSF-00232_20250924123529_601,PFA-00245,PSA-00257,PSF-00232,RHS-00222,3.0.0,2021-01-19T12:57:14.097Z
288,12:36:00,2025-09-24,Manual gsw+F,LI-COR Default,,288,,,0.147613,2.875666,0.140406,3.998899,1.081259,0.988706,3.306212,2.224953,12.310465,13.462855,41.165943,0.441786,7.500000,PSF-00232_20250924123600_ec2,0.000000,0.000000,0.000000,101.850632,456.000336,0.776644,0.5,0.80,58.265259,1.000000,28.01,25.61,28.30,25.66,25.66,80.31,151.2,148.9,1.6,188,3.872,12:31:18,2025-09-24,0.23,1,-0.000,0.003,0.009,0.221,0.536,1.274,0,150,-9999.000,-9999.000000,0.058905,0.000000,0.029230,0.000000,0.000000,-0.000068,standard,0,mpf,7000,500,-9999.000000,-9999.000000,300,300,300,423.916351,25,-25.095053,419.825806,420.041412,-0.215607,2.445785,2.457562,1.597390,0.910173,0.239232,-0.031373,0.520632,0.263430,101.839897,0.000656,2.400430,-0.000041,1.000000,2.408421,-0.000039,1.000000,0.600250,0.601702,0.107071,0.000000,PSF-00232_20250924123600_ec2,PFA-00245,PSA-00257,PSF-00232,RHS-00222,3.0.0,2021-01-19T12:57:14.097Z
289,12:36:37,2025-09-24,Manual gsw+F,LI-COR Default,,289,,,0.428209,2.889838,0.372946,8.838833,1.149581,0.947367,3.003800,1.854219,11.795829,14.313624,37.400814,0.441786,7.500000,PSF-00232_20250924123637_d6e,0.000000,0.000000,0.000000,87.910652,367.520905,0.760801,0.5,0.80,26.681240,1.000000,29.82,24.57,28.27,24.05,24.05,80.31,152.9,149.8,2.0,88,3.841,12:31:18,2025-09-24,0.23,1,0.002,0.003,0.009,-0.167,-0.295,-0.437,0,150,-9999.000,-9999.000000,0.058905,0.000000,0.029230,0.000000,0.000000,-0.000068,standard,0,mpf,7000,500,-9999.000000,-9999.000000,300,300,300,325.394501,25,-33.066486,315.981750,320.139648,-4.157898,2.444151,2.460387,1.611036,0.912433,0.239474,-0.049558,0.521049,0.180163,88.145256,0.000645,2.400430,-0.000041,1.000000,2.408421,-0.000039,1.000000,0.600250,0.601702,0.107071,0.000000,PSF-00232_20250924123637_d6e,PFA-00245,PSA-00257,PSF-00232,RHS-00222,3.0.0,2021-01-19T12:57:14.097Z
290,12:37:11,2025-09-24,Manual gsw+F,LI-COR Default,,290,,,0.214095,2.880596,0.199284,5.173872,1.111268,0.992007,3.141248,2.029980,12.351334,13.836236,39.111229,0.441786,7.500000,PSF-00232_20250924123711_945,0.000000,0.000000,0.000000,98.636269,424.631958,0.767714,0.5,0.80,32.291676,1.000000,28.88,25.78,28.24,24.80,24.80,80.32,151.8,142.2,6.3,105,3.870,12:31:18,2025-09-24,0.23,1,0.001,0.003,0.011,-0.154,-0.019,0.104,0,150,-9999.000,-9999.000000,0.058905,0.000000,0.029230,0.000000,0.000000,-0.000068,standard,0,mpf,7000,500,-9999.000000,-9999.000000,300,300,300,393.235077,25,-22.450603,396.521332,392.462280,4.059052,2.446060,2.458930,1.602091,0.893863,0.239763,-0.040637,0.521548,0.194736,98.636269,0.000654,2.400430,-0.000041,1.000000,2.408421,-0.000039,1.000000,0.600250,0.601702,0.107071,0.000000,PSF-00232_20250924123711_945,PFA-00245,PSA-00257,PSF-00232,RHS-00222,3.0.0,2021-01-19T12:57:14.097Z
291,12:37:35,2025-09-24,Manual gsw+F,LI-COR Default,,291,,,0.154983,2.866052,0.147032,3.783143,1.173984,1.085899,3.184314,2.010330,13.521221,14.618019,39.649906,0.441786,7.500000,PSF-00232_20250924123735_d28,0.000000,0.000000,0.000000,100.407242,431.669556,0.767398,0.5,0.80,36.941429,1.000000,30.53,28.24,28.23,25.02,25.02,80.31,150.2,148.1,1.4,120,3.871,12:31:18,2025-09-24,0.23,1,0.001,0.002,0.008,0.126,0.357,0.676,0,150,-9999.000,-9999.000000,0.058905,0.000000,0.029230,0.000000,0.000000,-0.000068,standard,0,mpf,7000,500,-9999.000000,-9999.000000,300,300,300,413.510803,25,-12.250071,422.677521,414.116333,8.561188,2.449903,2.461486,1.588357,0.908211,0.239871,-0.037874,0.521943,0.207400,100.407242,0.000643,2.400430,-0.000041,1.000000,2.408421,-0.000039,1.000000,0.600250,0.601702,0.107071,0.000000,PSF-00232_20250924123735_d28,PFA-00245,PSA-00257,PSF-00232,RHS-00222,3.0.0,2021-01-19T12:57:14.097Z
292,12:38:52,2025-09-24,Manual gsw+F,LI-COR Default,,292,,,0.050794,2.910595,0.049922,1.467531,1.082395,1.049329,3.377626,2.295231,13.066141,13.477883,42.057880,0.441786,7.500000,PSF-00232_20250924123852_13b,0.000000,0.000000,0.000000,81.283096,327.006439,0.751433,0.5,0.80,22.317394,1.000000,28.21,27.35,28.19,26.02,26.02,80.31,155.3,149.6,3.7,74,3.870,12:31:18,2025-09-24,0.23,1,0.000,0.003,0.007,-0.149,0.232,-0.484,0,150,-9999.000,-9999.000000,0.058905,0.000000,0.029230,0.000000,0.000000,-0.000068,standard,0,mpf,7000,500,-9999.000000,-9999.000000,300,300,300,314.191467,25,-8.646149,317.338593,314.617310,2.721283,2.448531,2.457901,1.631794,0.911913,0.240253,-0.025890,0.523394,0.168971,81.283096,0.000629,2.400430,-0.000041,1.000000,2.408421,-0.000039,1.000000,0.600250,0.601702,0.107071,0.000000,PSF-00232_20250924123852_13b,PFA-00245,PSA-00257,PSF-00232,RHS-00222,3.0.0,2021-01-19T12:57:14.097Z
293,12:39:28,2025-09-24,Manual gsw+F,LI-COR Default,,293,,,0.045548,2.896386,0.044843,1.277768,1.044703,1.015578,3.271704,2.227001,12.645134,13.007774,40.736534,0.441786,7.500000,PSF-00232_20250924123928_701,0.000000,0.000000,0.000000,81.159355,376.298950,0.784322,0.5,0.80,17.984081,1.000000,27.25,26.49,28.17,25.48,25.48,80.31,153.6,150.8,1.9,57,3.869,12:31:18,2025-09-24,0.23,1,0.001,0.000,0.008,-0.115,-0.204,-0.187,0,150,-9999.000,-9999.000000,0.058905,0.000000,0.029230,0.000000,0.000000,-0.000068,standard,0,mpf,7000,500,-9999.000000,-9999.000000,300,300,300,357.338196,25,-13.120671,359.706390,357.498230,2.208160,2.447195,2.456401,1.617482,0.914832,0.240399,-0.031953,0.523894,0.154860,81.159355,0.000658,2.400430,-0.000041,1.000000,2.408421,-0.000039,1.000000,0.600250,0.601702,0.107071,0.000000,PSF-00232_20250924123928_701,PFA-00245,PSA-00257,PSF-00232,RHS-00222,3.0.0,2021-01-19T12:57:14.097Z
294,12:39:55,2025-09-24,Manual gsw+F,LI-COR Default,,294,,,0.045822,2.893045,0.045108,1.333043,1.047339,1.016875,3.355908,2.308569,12.660454,13.039740,41.782242,0.441786,7.500000,PSF-00232_20250924123955_d35,0.000000,0.000000,0.000000,91.739059,391.446838,0.765641,0.5,0.80,11.991356,1.000000,27.34,26.54,28.16,25.91,25.91,80.32,153.2,151.2,1.4,39,3.868,12:31:18,2025-09-24,0.23,1,-0.001,0.001,0.008,-0.037,0.083,0.206,0,150,-9999.000,-9999.000000,0.058905,0.000000,0.029230,0.000000,0.000000,-0.000068,standard,0,mpf,7000,500,-9999.000000,-9999.000000,300,300,300,374.968872,25,-11.778496,375.668060,374.569336,1.098724,2.447278,2.456541,1.614182,0.915863,0.240512,-0.026835,0.524203,0.139713,91.739059,0.000650,2.400430,-0.000041,1.000000,2.408421,-0.000039,1.000000,0.600250,0.601702,0.107071,0.000000,PSF-00232_20250924123955_d35,PFA-00245,PSA-00257,PSF-00232,RHS-00222,3.0.0,2021-01-19T12:57:14.097Z
295,12:40:15,2025-09-24,Manual gsw+F,LI-COR Default,,295,,,0.078234,2.896325,0.076176,1.980882,1.027638,0.982477,3.062848,2.035210,12.233479,12.795815,38.137581,0.441786,7.500000,PSF-00232_20250924124015_38a,0.000000,0.000000,0.000000,82.018372,356.976746,0.770242,0.5,0.80,34.478985,1.000000,26.84,25.66,28.15,24.37,24.37,80.31,153.6,149.2,2.9,112,3.867,12:31:18,2025-09-24,0.23,1,-0.001,0.001,0.017,0.188,0.373,1.005,0,150,-9999.000,-9999.000000,0.058905,0.000000,0.029230,0.000000,0.000000,-0.000068,standard,0,mpf,7000,500,-9999.000000,-9999.000000,300,300,300,343.886017,25,-8.943604,346.223114,344.161377,2.061737,2.445885,2.455750,1.617422,0.911014,0.240582,-0.044458,0.524463,0.200367,81.884979,0.000629,2.400430,-0.000041,1.000000,2.408421,-0.000039,1.000000,0.600250,0.601702,0.107071,0.000000,PSF-00232_20250924124015_38a,PFA-00245,PSA-00257,PSF-00232,RHS-00222,3.0.0,2021-01-19T12:57:14.097Z
296,12:41:02,2025-09-24,Manual gsw+F,LI-COR Default,,296,,,0.071359,2.904467,0.069648,2.123387,0.979160,0.931020,3.361643,2.382482,11.591890,12.191273,41.854942,0.441786,7.500000,PSF-00232_20250924124102_ed0,0.000000,0.000000,0.000000,107.447144,445.754272,0.758954,0.5,0.80,24.047291,1.000000,25.59,24.33,28.14,25.94,25.94,80.32,154.6,152.6,1.3,79,3.865,12:31:18,2025-09-24,0.23,1,0.000,-0.001,0.005,1.511,1.819,-0.329,0,150,-9999.000,-9999.000000,0.058905,0.000000,0.029230,0.000000,0.000000,-0.000068,standard,0,mpf,7000,500,-9999.000000,-9999.000000,300,300,300,425.903687,25,-15.420506,425.982727,423.658081,2.324646,2.443788,2.453780,1.625566,0.919508,0.240713,-0.026247,0.525259,0.173108,107.447144,0.000648,2.400430,-0.000041,1.000000,2.408421,-0.000039,1.000000,0.600250,0.601702,0.107071,0.000000,PSF-00232_20250924124102_ed0,PFA-00245,PSA-00257,PSF-00232,RHS-00222,3.0.0,2021-01-19T12:57:14.097Z
297,12:41:22,2025-09-24,Manual gsw+F,LI-COR Default,,297,,,0.135513,2.893878,0.129451,3.539291,1.038335,0.957494,3.176692,2.138357,11.921144,12.927636,39.550945,0.441786,7.500000,PSF-00232_20250924124122_03d,0.000000,0.000000,0.000000,76.769112,335.076965,0.770891,0.5,0.80,15.412959,1.000000,27.15,25.04,28.13,24.98,24.98,80.32,153.3,150.8,1.7,50,3.866,12:31:18,2025-09-24,0.23,1,-0.000,0.001,0.005,0.614,1.596,-1.431,0,150,-9999.000,-9999.000000,0.058905,0.000000,0.029230,0.000000,0.000000,-0.000068,standard,0,mpf,7000,500,-9999.000000,-9999.000000,300,300,300,316.376221,25,-13.222241,321.479553,316.130707,5.348846,2.444905,2.456246,1.615002,0.914882,0.240783,-0.037192,0.525468,0.148741,76.769112,0.000663,2.400430,-0.000041,1.000000,2.408421,-0.000039,1.000000,0.600250,0.601702,0.107071,0.000000,PSF-00232_20250924124122_03d,PFA-00245,PSA-00257,PSF-00232,RHS-00222,3.0.0,2021-01-19T12:57:14.097Z
298,12:42:41,2025-09-24,Manual gsw+F,LI-COR Default,,298,,,0.109521,2.922746,0.105565,3.769552,1.062239,0.978077,3.842770,2.780531,12.177180,13.225002,47.842945,0.441786,7.500000,PSF-00232_20250924124241_2e8,0.000000,0.000000,0.000000,37.030579,102.826675,0.639874,0.5,0.80,14.720271,1.000000,27.65,25.46,28.21,28.22,28.22,80.32,156.8,154.0,1.8,58,3.863,12:41:45,2025-09-24,0.29,1,0.000,0.002,0.016,0.060,1.140,1.530,0,150,-9999.000,-9999.000000,0.058905,0.000000,0.029230,0.000000,0.000000,-0.000068,standard,0,mpf,7000,500,-9999.000000,-9999.000000,300,300,300,91.886398,25,-7.615938,90.984108,91.913727,-0.929619,2.445561,2.456922,1.644411,0.922934,0.240037,-0.000220,0.526877,0.155017,37.030579,0.000649,2.400430,-0.000041,1.000000,2.408421,-0.000039,1.000000,0.600250,0.601702,0.107071,0.000000,PSF-00232_20250924124241_2e8,PFA-00245,PSA-00257,PSF-00232,RHS-00222,3.0.0,2021-01-19T12:57:14.097Z
299,12:43:04,2025-09-24,Manual gsw+F,LI-COR Default,,299,,,0.262299,2.923913,0.240705,6.814706,1.109729,0.957823,3.320820,2.211091,11.925946,13.817339,41.347828,0.441786,7.500000,PSF-00232_20250924124304_f4d,0.000000,0.000000,0.000000,106.417892,350.929535,0.696754,0.5,0.80,214.428513,1.000000,28.80,24.86,28.26,25.73,25.73,80.31,157.0,138.7,11.7,769,3.865,12:41:45,2025-09-24,0.29,1,-0.000,0.003,0.015,0.314,0.454,0.935,0,150,-9999.000,-9999.000000,0.058905,0.000000,0.029230,0.000000,0.000000,-0.000068,standard,0,mpf,7000,500,-9999.000000,-9999.000000,300,300,300,324.225769,25,-20.290426,321.487427,321.855194,-0.367767,2.444603,2.458714,1.645642,0.885408,0.239558,-0.030098,0.527874,0.748483,106.417892,0.000636,2.400430,-0.000041,1.000000,2.408421,-0.000039,1.000000,0.600250,0.601702,0.107071,0.000000,PSF-00232_20250924124304_f4d,PFA-00245,PSA-00257,PSF-00232,RHS-00222,3.0.0,2021-01-19T12:57:14.097Z
300,12:43:22,2025-09-24,Manual gsw+F,LI-COR Default,,300,,,0.162990,2.923326,0.154383,4.430995,1.070579,0.971708,3.312916,2.242337,12.098220,13.329207,41.247356,0.441786,7.500000,PSF-00232_20250924124322_f6c,0.000000,0.000000,0.000000,85.642937,363.990204,0.764711,0.5,0.80,41.744179,1.000000,27.71,25.15,28.31,25.69,25.69,80.32,156.9,136.7,12.9,136,3.864,12:41:45,2025-09-24,0.29,1,-0.001,0.001,0.014,0.118,0.295,0.466,0,150,-9999.000,-9999.000000,0.058905,0.000000,0.029230,0.000000,0.000000,-0.000068,standard,0,mpf,7000,500,-9999.000000,-9999.000000,300,300,300,323.519104,25,-31.844017,313.739075,318.360626,-4.621552,2.445060,2.457002,1.645022,0.880766,0.239118,-0.031120,0.528536,0.220842,85.642937,0.000650,2.400430,-0.000041,1.000000,2.408421,-0.000039,1.000000,0.600250,0.601702,0.107071,0.000000,PSF-00232_20250924124322_f6c,PFA-00245,PSA-00257,PSF-00232,RHS-00222,3.0.0,2021-01-19T12:57:14.097Z
301,12:43:50,2025-09-24,Manual gsw+F,LI-COR Default,,301,,,0.120051,2.908989,0.115293,3.536712,1.122067,1.042305,3.514843,2.392776,12.976829,13.969866,43.760216,0.441786,7.500000,PSF-00232_20250924124350_949,0.000000,0.000000,0.000000,70.539238,236.927948,0.702276,0.5,0.80,15.561007,1.000000,28.90,26.85,28.39,26.69,26.69,80.32,155.1,141.9,8.5,55,3.863,12:41:45,2025-09-24,0.29,1,0.000,0.003,0.002,0.305,-0.005,-2.263,0,150,-9999.000,-9999.000000,0.058905,0.000000,0.029230,0.000000,0.000000,-0.000068,standard,0,mpf,7000,500,-9999.000000,-9999.000000,300,300,300,213.200928,25,-17.542595,208.631516,211.791000,-3.159485,2.447719,2.458853,1.630154,0.893304,0.238340,-0.020417,0.529486,0.153252,70.539238,0.000639,2.400430,-0.000041,1.000000,2.408421,-0.000039,1.000000,0.600250,0.601702,0.107071,0.000000,PSF-00232_20250924124350_949,PFA-00245,PSA-00257,PSF-00232,RHS-00222,3.0.0,2021-01-19T12:57:14.097Z
302,12:44:29,2025-09-24,Manual gsw+F,LI-COR Default,,302,,,0.104919,2.878392,0.101229,3.046314,1.164985,1.094693,3.511696,2.346711,13.629183,14.504336,43.721447,0.441786,7.500000,PSF-00232_20250924124429_8ef,0.000000,0.000000,0.000000,103.390930,358.091217,0.711272,0.5,0.80,15.293152,1.000000,29.77,27.98,28.53,26.68,26.68,80.32,151.6,136.3,10.1,54,3.859,12:41:45,2025-09-24,0.29,1,-0.004,-0.005,-0.004,-0.038,0.067,0.248,0,150,-9999.000,-9999.000000,0.058905,0.000000,0.029230,0.000000,0.000000,-0.000068,standard,0,mpf,7000,500,-9999.000000,-9999.000000,300,300,300,332.618958,25,-18.159269,329.066284,332.070648,-3.004364,2.449454,2.460181,1.599984,0.879683,0.237065,-0.022221,0.530968,0.151883,103.390930,0.000631,2.400430,-0.000041,1.000000,2.408421,-0.000039,1.000000,0.600250,0.601702,0.107071,0.000000,PSF-00232_20250924124429_8ef,PFA-00245,PSA-00257,PSF-00232,RHS-00222,3.0.0,2021-01-19T12:57:14.097Z
303,12:45:06,2025-09-24,Manual gsw+F,LI-COR Default,,303,,,0.196563,2.844617,0.183858,5.449162,1.155016,1.026060,3.467261,2.312245,12.773424,14.378788,43.163918,0.441786,7.500000,PSF-00232_20250924124506_68c,0.000000,0.000000,0.000000,104.051117,340.383331,0.694312,0.5,0.80,337.112366,1.000000,29.28,26.01,28.67,26.46,26.46,80.33,147.8,145.5,1.5,1214,3.860,12:41:45,2025-09-24,0.29,1,-0.001,0.001,0.008,-0.074,-0.168,-0.169,0,150,-9999.000,-9999.000000,0.058905,0.000000,0.029230,0.000000,0.000000,-0.000068,standard,0,mpf,7000,500,-9999.000000,-9999.000000,300,300,300,309.190735,25,-25.347162,302.385803,304.063141,-1.677338,2.446357,2.459386,1.568818,0.901979,0.235732,-0.026465,0.532403,1.119010,104.051117,0.000639,2.400430,-0.000041,1.000000,2.408421,-0.000039,1.000000,0.600250,0.601702,0.107071,0.000000,PSF-00232_20250924124506_68c,PFA-00245,PSA-00257,PSF-00232,RHS-00222,3.0.0,2021-01-19T12:57:14.097Z
304,12:45:34,2025-09-24,Manual gsw+F,LI-COR Default,,304,,,0.104523,2.839327,0.100812,3.178626,1.165143,1.089635,3.622593,2.457449,13.563974,14.503920,45.094704,0.441786,7.500000,PSF-00232_20250924124534_ed9,0.000000,0.000000,0.000000,83.652023,260.652069,0.679066,0.5,0.80,297.376007,1.000000,29.33,27.43,28.79,27.21,27.21,80.33,147.2,145.2,1.4,1095,3.857,12:41:45,2025-09-24,0.29,1,-0.002,-0.002,0.005,0.322,0.711,1.562,0,150,-9999.000,-9999.000000,0.058905,0.000000,0.029230,0.000000,0.000000,-0.000068,standard,0,mpf,7000,500,-9999.000000,-9999.000000,300,300,300,242.128021,25,-14.508190,235.475067,239.863159,-4.388092,2.448556,2.459445,1.564118,0.901165,0.234608,-0.019162,0.533406,1.019771,83.652023,0.000630,2.400430,-0.000041,1.000000,2.408421,-0.000039,1.000000,0.600250,0.601702,0.107071,0.000000,PSF-00232_20250924124534_ed9,PFA-00245,PSA-00257,PSF-00232,RHS-00222,3.0.0,2021-01-19T12:57:14.097Z
305,12:49:07,2025-09-24,Manual gsw+F,LI-COR Default,,305,,,-0.032381,2.923063,-0.032743,-1.011203,0.896008,0.918630,3.311945,2.415938,11.435166,11.153563,41.227322,0.441786,7.500000,PSF-00232_20250924124907_769,0.000000,0.000000,0.000000,111.309525,370.886719,0.699883,0.5,0.80,52.355675,1.000000,22.19,22.75,29.07,25.69,25.69,80.33,156.9,-4.7,103.0,187,3.830,12:41:45,2025-09-24,0.29,1,0.001,0.003,-0.001,0.157,-1.917,77.192,0,150,-9999.000,-9999.000000,0.058905,0.000000,0.029230,0.000000,0.000000,-0.000068,standard,0,mpf,7000,500,-9999.000000,-9999.000000,300,300,300,346.630096,25,-16.755426,349.212524,346.877716,2.334808,2.441124,2.448078,1.644745,0.593588,0.232018,-0.040320,0.535746,0.262981,110.264900,0.000646,2.400430,-0.000041,1.000000,2.408421,-0.000039,1.000000,0.600250,0.601702,0.107071,0.000000,PSF-00232_20250924124907_769,PFA-00245,PSA-00257,PSF-00232,RHS-00222,3.0.0,2021-01-19T12:57:14.097Z
306,12:49:32,2025-09-24,Manual gsw+F,LI-COR Default,,306,,,0.241808,2.900175,0.223198,5.878627,1.051869,0.918244,3.112838,2.060969,11.430501,13.093895,38.749298,0.441786,7.500000,PSF-00232_20250924124932_26e,0.000000,0.000000,0.000000,109.259605,403.010223,0.728891,0.5,0.80,28.570148,1.000000,26.09,22.78,29.04,24.64,24.64,80.33,154.1,150.8,2.1,98,3.852,12:41:45,2025-09-24,0.29,1,0.003,0.004,0.005,0.894,-2.170,-0.180,0,150,-9999.000,-9999.000000,0.058905,0.000000,0.029230,0.000000,0.000000,-0.000068,standard,0,mpf,7000,500,-9999.000000,-9999.000000,300,300,300,377.941833,25,-16.519640,382.295258,379.339081,2.956177,2.441172,2.454342,1.621254,0.914930,0.232275,-0.051991,0.535764,0.188764,109.259605,0.000633,2.400430,-0.000041,1.000000,2.408421,-0.000039,1.000000,0.600250,0.601702,0.107071,0.000000,PSF-00232_20250924124932_26e,PFA-00245,PSA-00257,PSF-00232,RHS-00222,3.0.0,2021-01-19T12:57:14.097Z
307,12:50:06,2025-09-24,Manual gsw+F,LI-COR Default,,307,,,-0.000781,2.923313,-0.000781,-0.024096,0.893838,0.894377,3.306108,2.412270,11.134963,11.128254,41.160934,0.441786,7.500000,PSF-00232_20250924125006_154,0.000000,0.000000,0.000000,108.065483,425.350189,0.745938,0.5,0.80,27.687754,1.000000,22.23,22.24,29.00,25.66,25.66,80.32,156.9,-5.5,103.5,93,3.854,12:41:45,2025-09-24,0.29,1,-0.003,-0.002,-0.005,-0.070,-0.132,-0.300,0,150,-9999.000,-9999.000000,0.058905,0.000000,0.029230,0.000000,0.000000,-0.000068,standard,0,mpf,7000,500,-9999.000000,-9999.000000,300,300,300,404.434906,25,-14.154509,410.365112,405.068054,5.297058,2.440315,2.448150,1.645009,0.592202,0.232679,-0.039799,0.535827,0.184432,108.065483,0.000634,2.400430,-0.000041,1.000000,2.408421,-0.000039,1.000000,0.600250,0.601702,0.107071,0.000000,PSF-00232_20250924125006_154,PFA-00245,PSA-00257,PSF-00232,RHS-00222,3.0.0,2021-01-19T12:57:14.097Z
308,12:50:24,2025-09-24,Manual gsw+F,LI-COR Default,,308,,,0.060418,2.910222,0.059189,1.653225,0.938789,0.901454,3.125534,2.186745,11.222963,11.687782,38.912426,0.441786,7.500000,PSF-00232_20250924125024_940,0.000000,0.000000,0.000000,88.114143,401.539917,0.780559,0.5,0.80,34.946209,1.000000,23.38,22.45,28.98,24.71,24.71,80.32,155.3,152.9,1.5,112,3.854,12:41:45,2025-09-24,0.29,1,0.002,0.002,0.007,0.050,0.776,1.602,0,150,-9999.000,-9999.000000,0.058905,0.000000,0.029230,0.000000,0.000000,-0.000068,standard,0,mpf,7000,500,-9999.000000,-9999.000000,300,300,300,401.539917,25,0.667460,411.471954,402.496338,8.975616,2.440650,2.450016,1.631412,0.920256,0.232890,-0.050406,0.535886,0.200381,88.114143,0.000632,2.400430,-0.000041,1.000000,2.408421,-0.000039,1.000000,0.600250,0.601702,0.107071,0.000000,PSF-00232_20250924125024_940,PFA-00245,PSA-00257,PSF-00232,RHS-00222,3.0.0,2021-01-19T12:57:14.097Z
309,12:50:41,2025-09-24,Manual gsw+F,LI-COR Default,,309,,,0.083584,2.915975,0.081254,3.032471,1.021949,0.953842,3.927384,2.905435,11.874749,12.722633,48.893517,0.441786,7.500000,PSF-00232_20250924125041_62a,0.000000,0.000000,0.000000,269.737244,315.321716,0.144565,0.5,0.80,117.993698,1.000000,25.46,23.77,28.96,28.59,28.59,80.33,156.0,142.6,8.6,2040,3.853,12:41:45,2025-09-24,0.29,1,0.002,0.003,0.025,-5.384,-11.524,-15.908,0,150,-9999.000,-9999.000000,0.058905,0.000000,0.029230,0.000000,0.000000,-0.000068,standard,0,mpf,7000,500,-9999.000000,-9999.000000,300,300,300,305.182098,25,-8.381341,300.305115,303.312012,-3.006897,2.442768,2.453359,1.637336,0.894809,0.232993,-0.004808,0.536267,1.808172,269.737244,0.000612,2.400430,-0.000041,1.000000,2.408421,-0.000039,1.000000,0.600250,0.601702,0.107071,0.000000,PSF-00232_20250924125041_62a,PFA-00245,PSA-00257,PSF-00232,RHS-00222,3.0.0,2021-01-19T12:57:14.097Z
310,12:51:10,2025-09-24,Manual gsw+F,LI-COR Default,,310,,,0.188159,2.897750,0.176686,5.130490,1.033012,0.916147,3.302696,2.269685,11.404474,12.859240,41.112957,0.441786,7.500000,PSF-00232_20250924125110_dc7,0.000000,0.000000,0.000000,124.480606,302.156677,0.588026,0.5,0.80,282.202118,1.000000,25.74,22.83,28.96,25.64,25.64,80.33,153.8,151.3,1.7,1200,3.852,12:41:45,2025-09-24,0.29,1,0.000,0.002,0.011,-0.978,-3.107,-4.764,0,150,-9999.000,-9999.000000,0.058905,0.000000,0.029230,0.000000,0.000000,-0.000068,standard,0,mpf,7000,500,-9999.000000,-9999.000000,300,300,300,280.208954,25,-15.057756,278.778076,280.580292,-1.802216,2.441271,2.453804,1.618836,0.916065,0.233022,-0.039553,0.536997,1.107296,124.480606,0.000622,2.400430,-0.000041,1.000000,2.408421,-0.000039,1.000000,0.600250,0.601702,0.107071,0.000000,PSF-00232_20250924125110_dc7,PFA-00245,PSA-00257,PSF-00232,RHS-00222,3.0.0,2021-01-19T12:57:14.097Z
311,12:51:48,2025-09-24,Manual gsw+F,LI-COR Default,,311,,,0.152266,2.915712,0.144709,5.156825,0.998686,0.882802,3.776266,2.777580,10.989594,12.432174,47.008972,0.441786,7.500000,PSF-00232_20250924125148_898,0.000000,0.000000,0.000000,86.312057,135.129562,0.361264,0.5,0.80,215.392365,1.000000,24.89,22.00,28.96,27.92,27.92,80.33,156.0,150.4,3.6,1491,3.818,12:41:45,2025-09-24,0.29,1,-0.001,0.000,0.008,-7.248,-14.308,-20.172,0,150,-9999.000,-9999.000000,0.058905,0.000000,0.029230,0.000000,0.000000,-0.000068,standard,0,mpf,7000,500,-9999.000000,-9999.000000,300,300,300,125.646828,25,-7.976875,121.259094,123.699425,-2.440331,2.439937,2.452450,1.637064,0.913936,0.233046,-0.012786,0.537721,1.349694,86.312057,0.000614,2.400430,-0.000041,1.000000,2.408421,-0.000039,1.000000,0.600250,0.601702,0.107071,0.000000,PSF-00232_20250924125148_898,PFA-00245,PSA-00257,PSF-00232,RHS-00222,3.0.0,2021-01-19T12:57:14.097Z
312,12:52:22,2025-09-24,Manual gsw+F,LI-COR Default,,312,,,0.096505,2.924767,0.093423,2.607742,0.933321,0.875092,3.118977,2.185657,10.894016,11.618906,38.828140,0.441786,7.500000,PSF-00232_20250924125222_495,0.000000,0.000000,0.000000,83.312630,350.330902,0.762189,0.5,0.80,48.753014,1.000000,23.28,21.83,28.94,24.68,24.68,80.33,157.1,155.0,1.3,160,3.849,12:52:03,2025-09-24,0.24,1,0.001,0.003,0.017,0.604,0.368,-6.280,0,150,-9999.000,-9999.000000,0.058905,0.000000,0.029230,0.000000,0.000000,-0.000068,standard,0,mpf,7000,500,-9999.000000,-9999.000000,300,300,300,332.236633,25,-12.114039,342.878571,332.972595,9.905975,2.439657,2.449940,1.646545,0.925381,0.233178,-0.050434,0.538288,0.240384,83.312630,0.000635,2.400430,-0.000041,1.000000,2.408421,-0.000039,1.000000,0.600250,0.601702,0.107071,0.000000,PSF-00232_20250924125222_495,PFA-00245,PSA-00257,PSF-00232,RHS-00222,3.0.0,2021-01-19T12:57:14.097Z
313,12:52:45,2025-09-24,Manual gsw+F,LI-COR Default,,313,,,0.254229,2.923649,0.233891,6.346553,1.032269,0.890596,3.155288,2.123018,11.086205,12.849761,39.277237,0.441786,7.500000,PSF-00232_20250924125245_2e1,0.000000,0.000000,0.000000,102.217552,356.022980,0.712891,0.5,0.80,42.915474,1.000000,25.82,22.28,28.90,24.87,24.87,80.33,156.9,146.9,6.4,150,3.848,12:52:03,2025-09-24,0.24,1,0.000,0.002,0.010,0.396,0.072,0.172,0,150,-9999.000,-9999.000000,0.058905,0.000000,0.029230,0.000000,0.000000,-0.000068,standard,0,mpf,7000,500,-9999.000000,-9999.000000,300,300,300,331.923370,25,-16.559542,337.424408,332.294678,5.129730,2.440386,2.454006,1.645363,0.905456,0.233610,-0.047646,0.538675,0.232537,102.217552,0.000648,2.400430,-0.000041,1.000000,2.408421,-0.000039,1.000000,0.600250,0.601702,0.107071,0.000000,PSF-00232_20250924125245_2e1,PFA-00245,PSA-00257,PSF-00232,RHS-00222,3.0.0,2021-01-19T12:57:14.097Z
314,12:53:19,2025-09-24,Manual gsw+F,LI-COR Default,,314,,,0.019685,2.921248,0.019553,0.509521,0.890632,0.879217,2.933946,2.043313,10.945545,11.087652,36.525253,0.441786,7.500000,PSF-00232_20250924125319_6be,0.000000,0.000000,0.000000,84.344032,369.024628,0.771441,0.5,0.80,21.946762,1.000000,22.38,22.10,28.81,23.66,23.66,80.33,156.6,0.8,99.5,71,3.850,12:52:03,2025-09-24,0.24,1,0.003,0.005,0.014,0.025,0.078,0.106,0,150,-9999.000,-9999.000000,0.058905,0.000000,0.029230,0.000000,0.000000,-0.000068,standard,0,mpf,7000,500,-9999.000000,-9999.000000,300,300,300,349.360931,25,-13.436264,355.532532,349.771698,5.760834,2.440108,2.448503,1.642836,0.603058,0.234378,-0.060512,0.538660,0.166364,84.344032,0.000635,2.400430,-0.000041,1.000000,2.408421,-0.000039,1.000000,0.600250,0.601702,0.107071,0.000000,PSF-00232_20250924125319_6be,PFA-00245,PSA-00257,PSF-00232,RHS-00222,3.0.0,2021-01-19T12:57:14.097Z
315,12:54:12,2025-09-24,Manual gsw+F,LI-COR Default,,315,,,0.178583,2.923854,0.168304,4.354058,1.001166,0.903956,3.027171,2.026005,11.253271,12.463437,37.685005,0.441786,7.500000,PSF-00232_20250924125412_ecd,0.000000,0.000000,0.000000,111.499786,480.067108,0.767741,0.5,0.80,24.969509,1.000000,25.36,22.90,28.68,24.18,24.18,80.33,157.0,153.6,2.2,81,3.849,12:52:03,2025-09-24,0.24,1,0.002,0.005,0.026,0.351,-0.488,3.930,0,150,-9999.000,-9999.000000,0.058905,0.000000,0.029230,0.000000,0.000000,-0.000068,standard,0,mpf,7000,500,-9999.000000,-9999.000000,300,300,300,456.886780,25,-16.258459,463.439941,456.770203,6.669739,2.441411,2.453302,1.645580,0.921799,0.235613,-0.052994,0.539231,0.174855,111.499786,0.000641,2.400430,-0.000041,1.000000,2.408421,-0.000039,1.000000,0.600250,0.601702,0.107071,0.000000,PSF-00232_20250924125412_ecd,PFA-00245,PSA-00257,PSF-00232,RHS-00222,3.0.0,2021-01-19T12:57:14.097Z
316,12:54:43,2025-09-24,Manual gsw+F,LI-COR Default,,316,,,0.247799,2.923240,0.228435,5.281600,1.041273,0.923359,2.853458,1.812184,11.495111,12.963051,35.523354,0.441786,7.500000,PSF-00232_20250924125443_fb4,0.000000,0.000000,0.000000,83.128448,404.552643,0.794518,0.5,0.80,26.865179,1.000000,26.50,23.50,28.60,23.20,23.20,80.33,156.9,153.4,2.3,85,3.848,12:52:03,2025-09-24,0.24,1,0.003,0.005,0.013,0.121,0.210,0.368,0,150,-9999.000,-9999.000000,0.058905,0.000000,0.029230,0.000000,0.000000,-0.000068,standard,0,mpf,7000,500,-9999.000000,-9999.000000,300,300,300,375.624786,25,-19.875078,380.593292,376.073456,4.519836,2.442384,2.455117,1.644932,0.921293,0.236357,-0.063189,0.539382,0.177544,83.128448,0.000636,2.400430,-0.000041,1.000000,2.408421,-0.000039,1.000000,0.600250,0.601702,0.107071,0.000000,PSF-00232_20250924125443_fb4,PFA-00245,PSA-00257,PSF-00232,RHS-00222,3.0.0,2021-01-19T12:57:14.097Z
317,12:55:19,2025-09-24,Manual gsw+F,LI-COR Default,,317,,,0.178101,2.921884,0.167869,4.518018,0.997227,0.896201,3.103815,2.106588,11.157639,12.415400,38.642269,0.441786,7.500000,PSF-00232_20250924125519_d6e,0.000000,0.000000,0.000000,94.482422,435.097504,0.782848,0.5,0.80,27.719723,1.000000,25.51,22.93,28.51,24.60,24.60,80.32,156.7,153.0,2.4,89,3.844,12:52:03,2025-09-24,0.24,1,-0.000,0.002,-0.010,0.042,0.371,25.061,0,150,-9999.000,-9999.000000,0.058905,0.000000,0.029230,0.000000,0.000000,-0.000068,standard,0,mpf,7000,500,-9999.000000,-9999.000000,300,300,300,403.110260,25,-21.986284,403.929962,403.593170,0.336792,2.441487,2.453574,1.643504,0.920371,0.237231,-0.046147,0.539527,0.180869,94.482422,0.000649,2.400430,-0.000041,1.000000,2.408421,-0.000039,1.000000,0.600250,0.601702,0.107071,0.000000,PSF-00232_20250924125519_d6e,PFA-00245,PSA-00257,PSF-00232,RHS-00222,3.0.0,2021-01-19T12:57:14.097Z
318,12:55:47,2025-09-24,Manual gsw+F,LI-COR Default,,318,,,0.000373,2.924320,0.000373,0.011058,0.904708,0.904461,3.222332,2.317624,11.260652,11.263728,40.118427,0.441786,7.500000,PSF-00232_20250924125547_009,0.000000,0.000000,0.000000,80.392601,318.807648,0.747833,0.5,0.80,28.690647,1.000000,23.23,23.23,28.44,25.22,25.22,80.32,157.0,-0.7,100.4,96,3.847,12:52:03,2025-09-24,0.24,1,-0.001,-0.001,0.008,0.027,-0.000,12.030,0,150,-9999.000,-9999.000000,0.058905,0.000000,0.029230,0.000000,0.000000,-0.000068,standard,0,mpf,7000,500,-9999.000000,-9999.000000,300,300,300,309.791931,25,-5.823953,311.443085,310.462463,0.980621,2.441974,2.449925,1.646072,0.600547,0.237834,-0.038150,0.539650,0.187030,80.392601,0.000658,2.400430,-0.000041,1.000000,2.408421,-0.000039,1.000000,0.600250,0.601702,0.107071,0.000000,PSF-00232_20250924125547_009,PFA-00245,PSA-00257,PSF-00232,RHS-00222,3.0.0,2021-01-19T12:57:14.097Z
319,12:56:10,2025-09-24,Manual gsw+F,LI-COR Default,,319,,,0.042708,2.922549,0.042093,1.138447,0.935812,0.910349,3.054244,2.118433,11.333706,11.650714,38.024883,0.441786,7.500000,PSF-00232_20250924125610_be6,0.000000,0.000000,0.000000,93.203903,433.372070,0.784933,0.5,0.80,29.944540,1.000000,24.11,23.45,28.39,24.33,24.33,80.32,156.8,154.6,1.4,95,3.846,12:52:03,2025-09-24,0.24,1,0.005,0.005,0.010,0.173,0.326,1.372,0,150,-9999.000,-9999.000000,0.058905,0.000000,0.029230,0.000000,0.000000,-0.000068,standard,0,mpf,7000,500,-9999.000000,-9999.000000,300,300,300,399.258972,25,-25.290937,391.859283,397.132446,-5.273163,2.442349,2.451350,1.644203,0.924362,0.238374,-0.047775,0.539367,0.186581,93.203903,0.000642,2.400430,-0.000041,1.000000,2.408421,-0.000039,1.000000,0.600250,0.601702,0.107071,0.000000,PSF-00232_20250924125610_be6,PFA-00245,PSA-00257,PSF-00232,RHS-00222,3.0.0,2021-01-19T12:57:14.097Z
320,12:56:29,2025-09-24,Manual gsw+F,LI-COR Default,,320,,,0.232818,2.923661,0.215646,4.621942,0.997481,0.894276,2.679636,1.682155,11.133537,12.418415,33.360863,0.441786,7.500000,PSF-00232_20250924125629_99c,0.000000,0.000000,0.000000,86.629990,403.993958,0.785566,0.5,0.80,30.665043,1.000000,25.77,23.11,28.34,22.16,22.16,80.32,156.9,150.5,4.1,98,3.843,12:52:03,2025-09-24,0.24,1,-9999.000,-9999.000,-9999.000,-9999.000,-9999.000,-9999.000,0,150,-9999.000,-9999.000000,0.058905,0.000000,0.029230,0.000000,0.000000,-0.000068,standard,0,mpf,7000,500,-9999.000000,-9999.000000,300,300,300,403.993958,25,2.140226,423.760773,407.060699,16.700073,2.441800,2.454016,1.645376,0.914189,0.238849,-0.071671,0.539485,0.188428,86.629990,0.000652,2.400430,-0.000041,1.000000,2.408421,-0.000039,1.000000,0.600250,0.601702,0.107071,0.000000,PSF-00232_20250924125629_99c,PFA-00245,PSA-00257,PSF-00232,RHS-00222,3.0.0,2021-01-19T12:57:14.097Z
321,12:56:35,2025-09-24,Manual gsw+F,LI-COR Default,,321,,,0.253540,2.922492,0.233300,5.665458,1.018619,0.892032,2.921306,1.902687,11.105763,12.681775,36.370159,0.441786,7.500000,PSF-00232_20250924125635_1b4,0.000000,0.000000,0.000000,100.008842,406.349304,0.753885,0.5,0.80,29.468822,1.000000,26.36,23.08,28.31,23.59,23.59,80.32,156.8,148.2,5.5,98,3.843,12:52:03,2025-09-24,0.24,1,0.002,0.004,0.003,-1.785,-5.005,-23.504,0,150,-9999.000,-9999.000000,0.058905,0.000000,0.029230,0.000000,0.000000,-0.000068,standard,0,mpf,7000,500,-9999.000000,-9999.000000,300,300,300,406.349304,25,2.303463,420.444122,409.649963,10.794159,2.441761,2.454943,1.644143,0.908487,0.239074,-0.055329,0.539452,0.188540,100.008842,0.000648,2.400430,-0.000041,1.000000,2.408421,-0.000039,1.000000,0.600250,0.601702,0.107071,0.000000,PSF-00232_20250924125635_1b4,PFA-00245,PSA-00257,PSF-00232,RHS-00222,3.0.0,2021-01-19T12:57:14.097Z
322,12:56:58,2025-09-24,Manual gsw+F,LI-COR Default,,322,,,0.188598,2.924012,0.177171,4.392210,0.954909,0.856805,2.898472,1.943563,10.666698,11.888026,36.084194,0.441786,7.500000,PSF-00232_20250924125658_8e0,0.000000,0.000000,0.000000,92.237946,368.749939,0.749863,0.5,0.80,31.164099,1.000000,24.81,22.26,28.24,23.46,23.46,80.33,157.0,151.3,3.7,104,3.812,12:52:03,2025-09-24,0.24,1,0.003,0.004,0.009,0.020,0.092,0.164,0,150,-9999.000,-9999.000000,0.058905,0.000000,0.029230,0.000000,0.000000,-0.000068,standard,0,mpf,7000,500,-9999.000000,-9999.000000,300,300,300,352.786316,25,-11.149124,357.510223,352.774261,4.735962,2.440449,2.452494,1.645746,0.916068,0.239749,-0.055957,0.539267,0.193689,92.237946,0.000653,2.400430,-0.000041,1.000000,2.408421,-0.000039,1.000000,0.600250,0.601702,0.107071,0.000000,PSF-00232_20250924125658_8e0,PFA-00245,PSA-00257,PSF-00232,RHS-00222,3.0.0,2021-01-19T12:57:14.097Z
323,12:57:17,2025-09-24,Manual gsw+F,LI-COR Default,,323,,,0.079901,2.922794,0.077775,1.986229,0.916862,0.872431,2.919388,2.002525,10.860416,11.413520,36.341866,0.441786,7.500000,PSF-00232_20250924125717_f41,0.000000,0.000000,0.000000,90.115067,412.286285,0.781426,0.5,0.80,32.787193,1.000000,23.91,22.75,28.18,23.58,23.58,80.33,156.8,153.5,2.1,105,3.844,12:52:03,2025-09-24,0.24,1,0.001,0.003,0.006,0.062,0.092,0.258,0,150,-9999.000,-9999.000000,0.058905,0.000000,0.029230,0.000000,0.000000,-0.000068,standard,0,mpf,7000,500,-9999.000000,-9999.000000,300,300,300,395.134796,25,-11.883694,395.441284,395.258026,0.183258,2.441243,2.451052,1.644462,0.921616,0.240329,-0.053877,0.539046,0.194519,90.115067,0.000654,2.400430,-0.000041,1.000000,2.408421,-0.000039,1.000000,0.600250,0.601702,0.107071,0.000000,PSF-00232_20250924125717_f41,PFA-00245,PSA-00257,PSF-00232,RHS-00222,3.0.0,2021-01-19T12:57:14.097Z
324,12:58:06,2025-09-24,Manual gsw+F,LI-COR Default,,324,,,0.363249,2.923373,0.323102,7.389709,1.058298,0.893374,2.850721,1.792423,11.121997,13.175195,35.489830,0.441786,7.500000,PSF-00232_20250924125806_d59,0.000000,0.000000,0.000000,88.541504,399.242889,0.778226,0.5,0.80,34.804504,1.000000,27.81,23.47,28.05,23.18,23.18,80.32,156.9,153.8,2.0,112,3.843,12:52:03,2025-09-24,0.24,1,0.003,0.004,0.010,0.093,0.234,0.425,0,150,-9999.000,-9999.000000,0.058905,0.000000,0.029230,0.000000,0.000000,-0.000068,standard,0,mpf,7000,500,-9999.000000,-9999.000000,300,300,300,372.926819,25,-18.946438,374.197479,372.094360,2.103119,2.442427,2.457267,1.645072,0.922444,0.241586,-0.056775,0.539403,0.200281,88.541504,0.000641,2.400430,-0.000041,1.000000,2.408421,-0.000039,1.000000,0.600250,0.601702,0.107071,0.000000,PSF-00232_20250924125806_d59,PFA-00245,PSA-00257,PSF-00232,RHS-00222,3.0.0,2021-01-19T12:57:14.097Z
325,12:58:27,2025-09-24,Manual gsw+F,LI-COR Default,,325,,,0.091780,2.923473,0.088987,2.549740,0.940547,0.883562,3.183031,2.242484,10.999840,11.709270,39.626907,0.441786,7.500000,PSF-00232_20250924125827_a0c,0.000000,0.000000,0.000000,95.141174,446.654694,0.786992,0.5,0.80,35.645515,1.000000,24.78,23.28,28.01,25.02,25.02,80.32,156.9,154.9,1.3,113,3.843,12:52:03,2025-09-24,0.24,1,0.001,0.001,0.010,0.253,0.372,0.887,0,150,-9999.000,-9999.000000,0.058905,0.000000,0.029230,0.000000,0.000000,-0.000068,standard,0,mpf,7000,500,-9999.000000,-9999.000000,300,300,300,420.029297,25,-18.808592,418.582306,419.703705,-1.121399,2.442116,2.452474,1.645177,0.925205,0.242009,-0.035277,0.539657,0.201470,95.083595,0.000639,2.400430,-0.000041,1.000000,2.408421,-0.000039,1.000000,0.600250,0.601702,0.107071,0.000000,PSF-00232_20250924125827_a0c,PFA-00245,PSA-00257,PSF-00232,RHS-00222,3.0.0,2021-01-19T12:57:14.097Z
326,12:59:08,2025-09-24,Manual gsw+F,LI-COR Default,,326,,,0.075953,2.922971,0.074029,2.147524,0.902880,0.854839,3.174063,2.271183,10.641562,11.239603,39.512672,0.441786,7.500000,PSF-00232_20250924125908_b31,0.000000,0.000000,0.000000,86.635353,368.682678,0.765014,0.5,0.80,36.748291,1.000000,23.88,22.61,27.94,24.97,24.97,80.33,156.9,154.7,1.4,120,3.839,12:52:03,2025-09-24,0.24,1,-0.000,0.001,0.013,0.541,0.185,-0.014,0,150,-9999.000,-9999.000000,0.058905,0.000000,0.029230,0.000000,0.000000,-0.000068,standard,0,mpf,7000,500,-9999.000000,-9999.000000,300,300,300,354.107727,25,-9.946608,356.320038,354.430084,1.889954,2.441054,2.451045,1.644648,0.924537,0.242681,-0.034989,0.539987,0.207187,87.555885,0.000653,2.400430,-0.000041,1.000000,2.408421,-0.000039,1.000000,0.600250,0.601702,0.107071,0.000000,PSF-00232_20250924125908_b31,PFA-00245,PSA-00257,PSF-00232,RHS-00222,3.0.0,2021-01-19T12:57:14.097Z
327,12:59:25,2025-09-24,Manual gsw+F,LI-COR Default,,327,,,0.031376,2.922476,0.031043,0.901792,0.861445,0.841254,3.136924,2.275479,10.472570,10.723930,39.050827,0.441786,7.500000,PSF-00232_20250924125925_a8b,0.000000,0.000000,0.000000,80.359695,343.049194,0.765749,0.5,0.80,62.724133,1.000000,22.83,22.29,27.91,24.77,24.77,80.33,156.8,154.9,1.2,205,3.841,12:52:03,2025-09-24,0.24,1,0.001,0.001,0.015,-0.123,0.403,19.912,0,150,-9999.000,-9999.000000,0.058905,0.000000,0.029230,0.000000,0.000000,-0.000068,standard,0,mpf,7000,500,-9999.000000,-9999.000000,300,300,300,314.818024,25,-21.476620,311.710968,312.275146,-0.564178,2.440539,2.449338,1.644127,0.925216,0.242965,-0.036908,0.539946,0.277790,80.359695,0.000647,2.400430,-0.000041,1.000000,2.408421,-0.000039,1.000000,0.600250,0.601702,0.107071,0.000000,PSF-00232_20250924125925_a8b,PFA-00245,PSA-00257,PSF-00232,RHS-00222,3.0.0,2021-01-19T12:57:14.097Z
328,12:59:50,2025-09-24,Manual gsw+F,LI-COR Default,,328,,,0.034167,2.922724,0.033772,1.128957,0.851543,0.826268,3.464547,2.613004,10.286499,10.601154,43.131351,0.441786,7.500000,PSF-00232_20250924125950_765,0.000000,0.000000,0.000000,176.778671,280.617645,0.370037,0.5,0.80,130.569382,1.000000,22.62,21.95,27.86,26.45,26.45,80.33,156.8,142.3,9.3,882,3.839,12:52:03,2025-09-24,0.24,1,0.001,0.001,-9999.000,-5.024,-4.906,-9999.000,0,150,-9999.000,-9999.000000,0.058905,0.000000,0.029230,0.000000,0.000000,-0.000068,standard,0,mpf,7000,500,-9999.000000,-9999.000000,300,300,300,274.654633,25,-4.294961,273.527039,274.463348,-0.936310,2.439995,2.449014,1.644388,0.894205,0.243400,-0.016938,0.539753,0.842482,176.778671,0.000648,2.400430,-0.000041,1.000000,2.408421,-0.000039,1.000000,0.600250,0.601702,0.107071,0.000000,PSF-00232_20250924125950_765,PFA-00245,PSA-00257,PSF-00232,RHS-00222,3.0.0,2021-01-19T12:57:14.097Z
329,13:00:16,2025-09-24,Manual gsw+F,LI-COR Default,,329,,,0.089028,2.923064,0.086397,2.701173,0.893632,0.833214,3.338521,2.444889,10.374229,11.126481,41.567451,0.441786,7.500000,PSF-00232_20250924130016_69d,0.000000,0.000000,0.000000,146.394257,356.773865,0.589672,0.5,0.80,81.625443,1.000000,23.79,22.18,27.82,25.82,25.82,80.32,156.9,145.0,7.6,346,3.840,12:52:03,2025-09-24,0.24,1,-0.001,0.000,0.003,0.036,0.839,2.677,0,150,-9999.000,-9999.000000,0.058905,0.000000,0.029230,0.000000,0.000000,-0.000068,standard,0,mpf,7000,500,-9999.000000,-9999.000000,300,300,300,341.848602,25,-10.438134,339.720367,341.816956,-2.096588,2.440373,2.450912,1.644746,0.900679,0.243743,-0.023833,0.539613,0.395573,146.394257,0.000648,2.400430,-0.000041,1.000000,2.408421,-0.000039,1.000000,0.600250,0.601702,0.107071,0.000000,PSF-00232_20250924130016_69d,PFA-00245,PSA-00257,PSF-00232,RHS-00222,3.0.0,2021-01-19T12:57:14.097Z
330,13:00:39,2025-09-24,Manual gsw+F,LI-COR Default,,330,,,0.067793,2.923377,0.066257,1.942112,0.926364,0.882950,3.219961,2.293597,10.992766,11.533270,40.088654,0.441786,7.500000,PSF-00232_20250924130039_ae7,0.000000,0.000000,0.000000,89.585068,255.877594,0.649891,0.5,0.80,206.378998,1.000000,24.70,23.54,27.80,25.21,25.21,80.32,156.9,154.7,1.4,794,3.837,12:52:03,2025-09-24,0.24,1,0.001,0.001,0.024,0.237,0.703,11.000,0,150,-9999.000,-9999.000000,0.058905,0.000000,0.029230,0.000000,0.000000,-0.000068,standard,0,mpf,7000,500,-9999.000000,-9999.000000,300,300,300,234.465836,25,-16.447090,229.764816,232.310410,-2.545593,2.442568,2.452376,1.645077,0.924693,0.243989,-0.030591,0.540092,0.768921,89.585068,0.000648,2.400430,-0.000041,1.000000,2.408421,-0.000039,1.000000,0.600250,0.601702,0.107071,0.000000,PSF-00232_20250924130039_ae7,PFA-00245,PSA-00257,PSF-00232,RHS-00222,3.0.0,2021-01-19T12:57:14.097Z
331,13:01:07,2025-09-24,Manual gsw+F,LI-COR Default,,331,,,0.142084,2.923083,0.135497,3.656092,0.971534,0.889831,3.084165,2.112631,11.078087,12.095262,38.396793,0.441786,7.500000,PSF-00232_20250924130107_a2b,0.000000,0.000000,0.000000,95.761658,349.163940,0.725740,0.5,0.80,132.715240,1.000000,25.96,23.77,27.76,24.49,24.49,80.32,156.9,154.5,1.5,457,3.839,12:52:03,2025-09-24,0.24,1,0.002,0.004,0.012,-0.576,-0.330,-0.434,0,150,-9999.000,-9999.000000,0.058905,0.000000,0.029230,0.000000,0.000000,-0.000068,standard,0,mpf,7000,500,-9999.000000,-9999.000000,300,300,300,320.769653,25,-19.717281,321.384430,320.910858,0.473572,2.442944,2.454386,1.644766,0.924212,0.244325,-0.038490,0.540686,0.488202,95.761658,0.000632,2.400430,-0.000041,1.000000,2.408421,-0.000039,1.000000,0.600250,0.601702,0.107071,0.000000,PSF-00232_20250924130107_a2b,PFA-00245,PSA-00257,PSF-00232,RHS-00222,3.0.0,2021-01-19T12:57:14.097Z
332,13:01:26,2025-09-24,Manual gsw+F,LI-COR Default,,332,,,0.184104,2.922523,0.173194,4.421081,1.024777,0.926001,3.023505,1.998728,11.528436,12.758161,37.641712,0.441786,7.500000,PSF-00232_20250924130126_952,0.000000,0.000000,0.000000,105.846764,532.390259,0.801186,0.5,0.80,62.980141,1.000000,27.41,24.77,27.74,24.16,24.16,80.32,156.8,154.8,1.3,197,3.839,12:52:03,2025-09-24,0.24,1,0.003,0.001,0.022,-1.456,5.173,-14.395,0,150,-9999.000,-9999.000000,0.058905,0.000000,0.029230,0.000000,0.000000,-0.000068,standard,0,mpf,7000,500,-9999.000000,-9999.000000,300,300,300,436.231628,25,-66.281700,452.031250,437.414612,14.616638,2.444538,2.456692,1.644177,0.924758,0.244531,-0.042031,0.541084,0.270905,105.846764,0.000638,2.400430,-0.000041,1.000000,2.408421,-0.000039,1.000000,0.600250,0.601702,0.107071,0.000000,PSF-00232_20250924130126_952,PFA-00245,PSA-00257,PSF-00232,RHS-00222,3.0.0,2021-01-19T12:57:14.097Z
333,13:02:12,2025-09-24,Manual gsw+F,LI-COR Default,,333,,,0.146729,2.920990,0.139711,3.704338,0.931538,0.848583,3.008905,2.077366,10.565155,11.597982,37.461929,0.441786,7.500000,PSF-00232_20250924130212_6fd,0.000000,0.000000,0.000000,61.858536,226.238861,0.726579,0.5,0.80,96.775772,1.000000,24.98,22.76,27.70,24.08,24.08,80.32,156.6,154.2,1.5,333,3.838,12:52:03,2025-09-24,0.24,1,-0.001,0.002,0.012,-0.792,1.220,3.283,0,150,-9999.000,-9999.000000,0.058905,0.000000,0.029230,0.000000,0.000000,-0.000068,standard,0,mpf,7000,500,-9999.000000,-9999.000000,300,300,300,218.701599,25,-5.015020,222.172379,219.052795,3.119583,2.441322,2.452846,1.642565,0.923447,0.244965,-0.042421,0.541457,0.384670,61.858536,0.000652,2.400430,-0.000041,1.000000,2.408421,-0.000039,1.000000,0.600250,0.601702,0.107071,0.000000,PSF-00232_20250924130212_6fd,PFA-00245,PSA-00257,PSF-00232,RHS-00222,3.0.0,2021-01-19T12:57:14.097Z
334,13:02:44,2025-09-24,Manual gsw+F,LI-COR Default,,334,,,0.265392,2.921072,0.243288,5.761800,1.006461,0.877560,2.862847,1.856386,10.925899,12.530758,35.643345,0.441786,7.500000,PSF-00232_20250924130244_d7b,0.000000,0.000000,0.000000,86.429359,358.975159,0.759233,0.5,0.80,55.903442,1.000000,27.04,23.58,27.67,23.25,23.25,80.32,156.6,153.6,1.9,184,3.837,13:02:31,2025-09-24,0.23,1,0.001,0.004,0.010,0.013,0.111,0.360,0,150,-9999.000,-9999.000000,0.058905,0.000000,0.029230,0.000000,0.000000,-0.000068,standard,0,mpf,7000,500,-9999.000000,-9999.000000,300,300,300,344.428528,25,-9.933911,353.114594,344.740753,8.373840,2.442644,2.456135,1.642651,0.921949,0.245258,-0.051458,0.541809,0.260532,86.429359,0.000647,2.400430,-0.000041,1.000000,2.408421,-0.000039,1.000000,0.600250,0.601702,0.107071,0.000000,PSF-00232_20250924130244_d7b,PFA-00245,PSA-00257,PSF-00232,RHS-00222,3.0.0,2021-01-19T12:57:14.097Z
335,13:03:06,2025-09-24,Manual gsw+F,LI-COR Default,,335,,,0.153228,2.923100,0.145596,3.912528,0.962135,0.874694,3.066460,2.104325,10.889845,11.978477,38.177090,0.441786,7.500000,PSF-00232_20250924130306_6be,0.000000,0.000000,0.000000,110.113976,329.755402,0.666074,0.5,0.80,109.211777,1.000000,25.88,23.53,27.65,24.39,24.39,80.32,156.9,154.7,1.4,410,3.829,13:02:31,2025-09-24,0.23,1,0.001,0.001,0.040,0.612,1.181,1.984,0,150,-9999.000,-9999.000000,0.058905,0.000000,0.029230,0.000000,0.000000,-0.000068,standard,0,mpf,7000,500,-9999.000000,-9999.000000,300,300,300,308.276306,25,-14.836479,307.513123,308.496063,-0.982941,2.442566,2.454298,1.644785,0.924571,0.245448,-0.038217,0.542122,0.448800,109.315750,0.000637,2.400430,-0.000041,1.000000,2.408421,-0.000039,1.000000,0.600250,0.601702,0.107071,0.000000,PSF-00232_20250924130306_6be,PFA-00245,PSA-00257,PSF-00232,RHS-00222,3.0.0,2021-01-19T12:57:14.097Z
336,13:03:28,2025-09-24,Manual gsw+F,LI-COR Default,,336,,,0.044838,2.923936,0.044161,1.307416,0.923282,0.894068,3.239619,2.316338,11.131183,11.494898,40.333405,0.441786,7.500000,PSF-00232_20250924130328_e40,0.000000,0.000000,0.000000,113.975288,395.838684,0.712066,0.5,0.80,70.982430,1.000000,24.85,24.07,27.64,25.31,25.31,80.32,157.0,148.9,5.1,249,3.834,13:02:31,2025-09-24,0.23,1,0.000,0.001,0.009,-0.917,-1.059,5.720,0,150,-9999.000,-9999.000000,0.058905,0.000000,0.029230,0.000000,0.000000,-0.000068,standard,0,mpf,7000,500,-9999.000000,-9999.000000,300,300,300,378.114929,25,-11.745849,376.565704,379.007965,-2.442261,2.443433,2.452664,1.645666,0.910343,0.245580,-0.027457,0.542372,0.314832,113.975288,0.000631,2.400430,-0.000041,1.000000,2.408421,-0.000039,1.000000,0.600250,0.601702,0.107071,0.000000,PSF-00232_20250924130328_e40,PFA-00245,PSA-00257,PSF-00232,RHS-00222,3.0.0,2021-01-19T12:57:14.097Z
337,13:03:46,2025-09-24,Manual gsw+F,LI-COR Default,,337,,,0.185245,2.924080,0.174209,5.893567,1.015545,0.884027,3.653756,2.638211,11.006589,12.644053,45.491119,0.441786,7.500000,PSF-00232_20250924130346_d1c,0.000000,0.000000,0.000000,108.178139,215.434708,0.497861,0.5,0.80,317.101013,1.000000,27.34,23.80,27.64,27.35,27.35,80.32,157.0,153.1,2.5,1592,3.835,13:02:31,2025-09-24,0.23,1,0.001,0.002,0.015,-0.636,0.587,7.723,0,150,-9999.000,-9999.000000,0.058905,0.000000,0.029230,0.000000,0.000000,-0.000068,standard,0,mpf,7000,500,-9999.000000,-9999.000000,300,300,300,192.920212,25,-15.698010,190.404297,192.940887,-2.536591,2.443002,2.456609,1.645818,0.920737,0.245587,-0.003584,0.542847,1.434538,108.178139,0.000608,2.400430,-0.000041,1.000000,2.408421,-0.000039,1.000000,0.600250,0.601702,0.107071,0.000000,PSF-00232_20250924130346_d1c,PFA-00245,PSA-00257,PSF-00232,RHS-00222,3.0.0,2021-01-19T12:57:14.097Z
338,13:04:21,2025-09-24,Manual gsw+F,LI-COR Default,,338,,,0.050538,2.922443,0.049678,1.635062,0.974990,0.938433,3.544354,2.569364,11.682915,12.138022,44.125027,0.441786,7.500000,PSF-00232_20250924130421_efd,0.000000,0.000000,0.000000,112.211464,226.645599,0.504903,0.5,0.80,98.648781,1.000000,26.21,25.23,27.66,26.83,26.83,80.33,156.8,154.8,1.3,488,3.835,13:02:31,2025-09-24,0.23,1,0.001,0.002,0.011,-1.479,-2.660,-3.302,0,150,-9999.000,-9999.000000,0.058905,0.000000,0.029230,0.000000,0.000000,-0.000068,standard,0,mpf,7000,500,-9999.000000,-9999.000000,300,300,300,211.161377,25,-11.696877,206.019043,209.885040,-3.865997,2.445278,2.454825,1.644093,0.924884,0.245364,-0.009975,0.543588,0.514280,113.672729,0.000653,2.400430,-0.000041,1.000000,2.408421,-0.000039,1.000000,0.600250,0.601702,0.107071,0.000000,PSF-00232_20250924130421_efd,PFA-00245,PSA-00257,PSF-00232,RHS-00222,3.0.0,2021-01-19T12:57:14.097Z
339,13:04:52,2025-09-24,Manual gsw+F,LI-COR Default,,339,,,0.111056,2.922441,0.106991,3.430745,0.992327,0.915636,3.496175,2.503848,11.398609,12.353325,43.523338,0.441786,7.500000,PSF-00232_20250924130452_864,0.000000,0.000000,0.000000,114.486336,302.535156,0.621577,0.5,0.80,212.120941,1.000000,26.61,24.55,27.70,26.60,26.60,80.33,156.8,135.9,13.3,853,3.832,13:02:31,2025-09-24,0.23,1,0.002,0.004,0.006,-0.196,-0.755,-0.191,0,150,-9999.000,-9999.000000,0.058905,0.000000,0.029230,0.000000,0.000000,-0.000068,standard,0,mpf,7000,500,-9999.000000,-9999.000000,300,300,300,279.697540,25,-16.077084,275.861267,279.498169,-3.636902,2.444203,2.455453,1.644090,0.878823,0.244954,-0.013212,0.544840,0.818322,114.486336,0.000631,2.400430,-0.000041,1.000000,2.408421,-0.000039,1.000000,0.600250,0.601702,0.107071,0.000000,PSF-00232_20250924130452_864,PFA-00245,PSA-00257,PSF-00232,RHS-00222,3.0.0,2021-01-19T12:57:14.097Z
340,13:05:18,2025-09-24,Manual gsw+F,LI-COR Default,,340,,,0.247667,2.921064,0.228310,7.736905,1.051111,0.878084,3.693115,2.642004,10.930214,13.084014,45.971142,0.441786,7.500000,PSF-00232_20250924130518_fb2,0.000000,0.000000,0.000000,123.060822,169.715775,0.274900,0.5,0.80,197.659714,1.000000,28.09,23.47,27.76,27.53,27.53,80.34,156.6,154.6,1.3,1798,3.833,13:02:31,2025-09-24,0.23,1,0.001,0.002,0.011,-1.981,-4.630,-10.862,0,150,-9999.000,-9999.000000,0.058905,0.000000,0.029230,0.000000,0.000000,-0.000068,standard,0,mpf,7000,500,-9999.000000,-9999.000000,300,300,300,162.240738,25,-5.367795,161.226151,162.024216,-0.798065,2.442455,2.457772,1.642643,0.924398,0.244382,-0.002897,0.545940,1.605641,123.060822,0.000610,2.400430,-0.000041,1.000000,2.408421,-0.000039,1.000000,0.600250,0.601702,0.107071,0.000000,PSF-00232_20250924130518_fb2,PFA-00245,PSA-00257,PSF-00232,RHS-00222,3.0.0,2021-01-19T12:57:14.097Z
341,13:05:41,2025-09-24,Manual gsw+F,LI-COR Default,,341,,,0.061079,2.921979,0.059829,2.155009,0.898747,0.850493,3.709558,2.810812,10.586200,11.186829,46.173386,0.441786,7.500000,PSF-00232_20250924130541_1af,0.000000,0.000000,0.000000,236.739273,335.866089,0.295138,0.5,0.80,123.629715,1.000000,23.91,22.63,27.83,27.61,27.61,80.34,156.7,143.2,8.6,1047,3.831,13:02:31,2025-09-24,0.23,1,0.001,0.002,0.032,-2.570,0.453,87.283,0,150,-9999.000,-9999.000000,0.058905,0.000000,0.029230,0.000000,0.000000,-0.000068,standard,0,mpf,7000,500,-9999.000000,-9999.000000,300,300,300,320.928467,25,-12.513064,312.833557,317.936005,-5.102448,2.441099,2.451129,1.643604,0.896299,0.243663,-0.002884,0.546437,0.980107,236.739273,0.000630,2.400430,-0.000041,1.000000,2.408421,-0.000039,1.000000,0.600250,0.601702,0.107071,0.000000,PSF-00232_20250924130541_1af,PFA-00245,PSA-00257,PSF-00232,RHS-00222,3.0.0,2021-01-19T12:57:14.097Z
342,13:06:07,2025-09-24,Manual gsw+F,LI-COR Default,,342,,,0.063522,2.923109,0.062171,2.773432,0.926352,0.864326,4.391724,3.465373,10.758215,11.530247,54.663548,0.441786,7.500000,PSF-00232_20250924130607_e66,0.000000,0.000000,0.000000,81.442238,96.827805,0.158896,0.5,0.80,133.405487,1.000000,24.53,22.89,27.91,30.53,30.53,80.34,156.9,134.4,14.3,2099,3.832,13:02:31,2025-09-24,0.23,1,0.001,0.002,0.027,-0.747,-0.680,19.911,0,150,-9999.000,-9999.000000,0.058905,0.000000,0.029230,0.000000,0.000000,-0.000068,standard,0,mpf,7000,500,-9999.000000,-9999.000000,300,300,300,93.608383,25,-2.424984,92.856644,93.353020,-0.496376,2.441509,2.452114,1.644794,0.875193,0.242890,0.031419,0.547295,1.856896,81.442238,0.000618,2.400430,-0.000041,1.000000,2.408421,-0.000039,1.000000,0.600250,0.601702,0.107071,0.000000,PSF-00232_20250924130607_e66,PFA-00245,PSA-00257,PSF-00232,RHS-00222,3.0.0,2021-01-19T12:57:14.097Z
343,13:06:21,2025-09-24,Manual gsw+F,LI-COR Default,,343,,,0.202908,2.921955,0.189732,7.000224,1.062006,0.905568,3.934191,2.872184,11.270989,13.218075,48.966213,0.441786,7.500000,PSF-00232_20250924130621_51b,0.000000,0.000000,0.000000,99.433777,151.500137,0.343672,0.5,0.80,281.199768,1.000000,28.05,23.92,27.96,28.62,28.62,80.35,156.7,141.6,9.6,2046,3.829,13:02:31,2025-09-24,0.23,1,-0.000,0.001,0.015,-1.469,-2.943,-5.691,0,150,-9999.000,-9999.000000,0.058905,0.000000,0.029230,0.000000,0.000000,-0.000068,standard,0,mpf,7000,500,-9999.000000,-9999.000000,300,300,300,138.541458,25,-9.438758,135.893219,137.975250,-2.082031,2.443151,2.457678,1.643578,0.892516,0.242441,0.007651,0.548157,1.812388,99.433777,0.000614,2.400430,-0.000041,1.000000,2.408421,-0.000039,1.000000,0.600250,0.601702,0.107071,0.000000,PSF-00232_20250924130621_51b,PFA-00245,PSA-00257,PSF-00232,RHS-00222,3.0.0,2021-01-19T12:57:14.097Z
344,13:06:35,2025-09-24,Manual gsw+F,LI-COR Default,,344,,,0.103674,2.921906,0.100122,3.897493,0.970415,0.883213,4.001229,3.030814,10.992955,12.078321,49.801525,0.441786,7.500000,PSF-00232_20250924130635_475,0.000000,0.000000,0.000000,88.708160,97.352158,0.088791,0.5,0.80,72.200302,1.000000,25.56,23.26,28.01,28.91,28.91,80.34,156.7,138.8,11.4,2033,3.831,13:02:31,2025-09-24,0.23,1,0.001,0.001,0.037,4.045,-1.063,20.701,0,150,-9999.000,-9999.000000,0.058905,0.000000,0.029230,0.000000,0.000000,-0.000068,standard,0,mpf,7000,500,-9999.000000,-9999.000000,300,300,300,96.288086,25,-2.490279,92.224358,93.783813,-1.559456,2.442090,2.453735,1.643528,0.885716,0.241965,0.010562,0.548833,1.801816,88.708160,0.000602,2.400430,-0.000041,1.000000,2.408421,-0.000039,1.000000,0.600250,0.601702,0.107071,0.000000,PSF-00232_20250924130635_475,PFA-00245,PSA-00257,PSF-00232,RHS-00222,3.0.0,2021-01-19T12:57:14.097Z
345,13:06:52,2025-09-24,Manual gsw+F,LI-COR Default,,345,,,0.118725,2.923034,0.114091,4.462595,1.069921,0.970293,4.111081,3.041160,12.077224,13.317290,51.170559,0.441786,7.500000,PSF-00232_20250924130652_4f3,0.000000,0.000000,0.000000,67.711472,103.019569,0.342732,0.5,0.80,286.398163,1.000000,28.07,25.45,28.08,29.38,29.38,80.34,156.9,147.3,6.1,2089,3.830,13:02:31,2025-09-24,0.23,1,-0.002,-0.000,0.006,-2.589,-12.998,-9.400,0,150,-9999.000,-9999.000000,0.058905,0.000000,0.029230,0.000000,0.000000,-0.000068,standard,0,mpf,7000,500,-9999.000000,-9999.000000,300,300,300,93.600510,25,-6.787961,91.513756,93.293037,-1.779282,2.445571,2.457683,1.644715,0.906254,0.241307,0.015398,0.549882,1.848677,67.711472,0.000628,2.400430,-0.000041,1.000000,2.408421,-0.000039,1.000000,0.600250,0.601702,0.107071,0.000000,PSF-00232_20250924130652_4f3,PFA-00245,PSA-00257,PSF-00232,RHS-00222,3.0.0,2021-01-19T12:57:14.097Z
346,13:08:21,2025-09-24,Manual gsw+F,LI-COR Default,,346,,,0.316571,2.923707,0.285642,8.330401,1.073642,0.887790,3.351935,2.278293,11.051302,13.364810,41.725239,0.441786,7.500000,PSF-00232_20250924130821_a0a,0.000000,0.000000,0.000000,116.084221,359.763397,0.677332,0.5,0.80,184.827362,1.000000,27.87,23.05,28.26,25.89,25.89,80.33,157.0,83.1,47.1,682,3.828,13:02:31,2025-09-24,0.23,1,0.001,0.003,0.011,1.201,2.878,5.644,0,150,-9999.000,-9999.000000,0.058905,0.000000,0.029230,0.000000,0.000000,-0.000068,standard,0,mpf,7000,500,-9999.000000,-9999.000000,300,300,300,328.939667,25,-21.989910,327.985168,328.253845,-0.268677,2.441714,2.457352,1.645424,0.760733,0.239609,-0.028204,0.553129,0.675792,116.084221,0.000617,2.400430,-0.000041,1.000000,2.408421,-0.000039,1.000000,0.600250,0.601702,0.107071,0.000000,PSF-00232_20250924130821_a0a,PFA-00245,PSA-00257,PSF-00232,RHS-00222,3.0.0,2021-01-19T12:57:14.097Z
347,13:08:40,2025-09-24,Manual gsw+F,LI-COR Default,,347,,,0.187322,2.923591,0.176043,4.073813,0.961714,0.870686,2.777538,1.815824,10.837885,11.970961,34.573475,0.441786,7.500000,PSF-00232_20250924130840_f4e,0.000000,0.000000,0.000000,89.385864,400.610016,0.776876,0.5,0.80,53.457001,1.000000,24.98,22.61,28.25,22.75,22.75,80.34,156.9,153.2,2.4,172,3.828,13:02:31,2025-09-24,0.23,1,0.002,0.003,0.025,0.216,0.393,22.345,0,150,-9999.000,-9999.000000,0.058905,0.000000,0.029230,0.000000,0.000000,-0.000068,standard,0,mpf,7000,500,-9999.000000,-9999.000000,300,300,300,361.807465,25,-27.913620,358.925354,360.612335,-1.686981,2.441014,2.452775,1.645303,0.920778,0.239676,-0.064007,0.553335,0.250484,89.184883,0.000630,2.400430,-0.000041,1.000000,2.408421,-0.000039,1.000000,0.600250,0.601702,0.107071,0.000000,PSF-00232_20250924130840_f4e,PFA-00245,PSA-00257,PSF-00232,RHS-00222,3.0.0,2021-01-19T12:57:14.097Z
348,13:09:06,2025-09-24,Manual gsw+F,LI-COR Default,,348,,,0.105786,2.923020,0.102091,2.532925,0.970455,0.913835,2.915547,1.945091,11.374459,12.079201,36.289646,0.441786,7.500000,PSF-00232_20250924130906_44a,0.000000,0.000000,0.000000,58.771133,260.730652,0.774591,0.5,0.80,36.527275,1.000000,25.25,23.77,28.22,23.55,23.55,80.34,156.9,109.8,30.0,118,3.827,13:02:31,2025-09-24,0.23,1,0.000,0.002,0.012,0.186,0.281,2.455,0,150,-9999.000,-9999.000000,0.058905,0.000000,0.029230,0.000000,0.000000,-0.000068,standard,0,mpf,7000,500,-9999.000000,-9999.000000,300,300,300,236.894485,25,-16.376352,242.566818,237.264832,5.301987,2.442883,2.453210,1.644700,0.818653,0.239953,-0.054595,0.553563,0.205354,58.771133,0.000637,2.400430,-0.000041,1.000000,2.408421,-0.000039,1.000000,0.600250,0.601702,0.107071,0.000000,PSF-00232_20250924130906_44a,PFA-00245,PSA-00257,PSF-00232,RHS-00222,3.0.0,2021-01-19T12:57:14.097Z
349,13:09:24,2025-09-24,Manual gsw+F,LI-COR Default,,349,,,0.210875,2.922668,0.196684,4.821373,1.007865,0.900111,2.929051,1.921186,11.203558,12.544761,36.457508,0.441786,7.500000,PSF-00232_20250924130924_262,0.000000,0.000000,0.000000,97.676041,404.081696,0.758276,0.5,0.80,51.071739,1.000000,26.26,23.46,28.19,23.63,23.63,80.34,156.8,154.5,1.5,168,3.827,13:02:31,2025-09-24,0.23,1,0.002,0.003,0.021,0.075,-0.107,0.086,0,150,-9999.000,-9999.000000,0.058905,0.000000,0.029230,0.000000,0.000000,-0.000068,standard,0,mpf,7000,500,-9999.000000,-9999.000000,300,300,300,377.242676,25,-18.997223,377.823822,376.860413,0.963409,2.442378,2.454829,1.644329,0.924142,0.240224,-0.053385,0.553637,0.247445,97.747208,0.000626,2.400430,-0.000041,1.000000,2.408421,-0.000039,1.000000,0.600250,0.601702,0.107071,0.000000,PSF-00232_20250924130924_262,PFA-00245,PSA-00257,PSF-00232,RHS-00222,3.0.0,2021-01-19T12:57:14.097Z
350,13:09:55,2025-09-24,Manual gsw+F,LI-COR Default,,350,,,0.107477,2.922960,0.103665,2.439558,0.972297,0.917767,2.818242,1.845944,11.424180,12.102960,35.080902,0.441786,7.500000,PSF-00232_20250924130955_e72,0.000000,0.000000,0.000000,58.781147,250.353424,0.765207,0.5,0.80,45.594704,1.000000,25.39,23.97,28.16,22.99,22.99,80.34,156.9,100.4,36.0,149,3.827,13:02:31,2025-09-24,0.23,1,0.001,0.004,0.021,-0.095,-0.215,-0.299,0,150,-9999.000,-9999.000000,0.058905,0.000000,0.029230,0.000000,0.000000,-0.000068,standard,0,mpf,7000,500,-9999.000000,-9999.000000,300,300,300,224.874252,25,-17.417446,228.952286,225.395813,3.556473,2.443201,2.453449,1.644636,0.797874,0.240573,-0.060177,0.553555,0.231256,58.781147,0.000627,2.400430,-0.000041,1.000000,2.408421,-0.000039,1.000000,0.600250,0.601702,0.107071,0.000000,PSF-00232_20250924130955_e72,PFA-00245,PSA-00257,PSF-00232,RHS-00222,3.0.0,2021-01-19T12:57:14.097Z
351,13:10:15,2025-09-24,Manual gsw+F,LI-COR Default,,351,,,0.115387,2.923925,0.111006,2.972906,0.975833,0.909439,3.073015,2.097182,11.321036,12.147543,38.254059,0.441786,7.500000,PSF-00232_20250924131015_6a3,0.000000,0.000000,0.000000,88.293671,394.949127,0.776443,0.5,0.80,51.745583,1.000000,25.53,23.80,28.12,24.43,24.43,80.33,157.0,154.2,1.8,167,3.825,13:02:31,2025-09-24,0.23,1,-0.001,0.001,0.015,0.030,0.176,0.473,0,150,-9999.000,-9999.000000,0.058905,0.000000,0.029230,0.000000,0.000000,-0.000068,standard,0,mpf,7000,500,-9999.000000,-9999.000000,300,300,300,366.792786,25,-19.280169,371.041779,367.322388,3.719391,2.442935,2.453683,1.645655,0.923279,0.240906,-0.043419,0.553517,0.245970,88.293671,0.000635,2.400430,-0.000041,1.000000,2.408421,-0.000039,1.000000,0.600250,0.601702,0.107071,0.000000,PSF-00232_20250924131015_6a3,PFA-00245,PSA-00257,PSF-00232,RHS-00222,3.0.0,2021-01-19T12:57:14.097Z
352,13:10:59,2025-09-24,Manual gsw+F,LI-COR Default,,352,,,0.146689,2.922416,0.139678,3.722822,1.016644,0.933449,3.102708,2.086064,11.620538,12.656237,38.625725,0.441786,7.500000,PSF-00232_20250924131059_8a6,0.000000,0.000000,0.000000,71.822403,250.668167,0.713476,0.5,0.80,29.308216,1.000000,26.69,24.50,28.07,24.59,24.59,80.33,156.8,154.8,1.2,103,3.822,13:02:31,2025-09-24,0.23,1,0.003,0.004,-9999.000,3.672,-1.737,-9999.000,0,150,-9999.000,-9999.000000,0.058905,0.000000,0.029230,0.000000,0.000000,-0.000068,standard,0,mpf,7000,500,-9999.000000,-9999.000000,300,300,300,250.668167,25,5.071247,257.206329,257.934814,-0.728485,2.444066,2.455515,1.644063,0.924960,0.241414,-0.040942,0.553471,0.192685,71.822403,0.000649,2.400430,-0.000041,1.000000,2.408421,-0.000039,1.000000,0.600250,0.601702,0.107071,0.000000,PSF-00232_20250924131059_8a6,PFA-00245,PSA-00257,PSF-00232,RHS-00222,3.0.0,2021-01-19T12:57:14.097Z
353,13:11:22,2025-09-24,Manual gsw+F,LI-COR Default,,353,,,0.409793,2.922821,0.359403,8.911761,1.133348,0.934548,3.073024,1.939676,11.634083,14.108916,38.255718,0.441786,7.500000,PSF-00232_20250924131122_4c8,0.000000,0.000000,0.000000,85.909721,382.950226,0.775663,0.5,0.80,23.495298,1.000000,29.81,24.58,28.03,24.43,24.43,80.33,156.8,108.4,30.9,76,3.824,13:02:31,2025-09-24,0.23,1,0.002,0.001,0.020,0.078,-0.046,-0.358,0,150,-9999.000,-9999.000000,0.058905,0.000000,0.029230,0.000000,0.000000,-0.000068,standard,0,mpf,7000,500,-9999.000000,-9999.000000,300,300,300,362.901459,25,-13.672051,371.373291,363.359436,8.013855,2.444198,2.460406,1.644490,0.815566,0.241757,-0.042357,0.553574,0.170202,85.909721,0.000654,2.400430,-0.000041,1.000000,2.408421,-0.000039,1.000000,0.600250,0.601702,0.107071,0.000000,PSF-00232_20250924131122_4c8,PFA-00245,PSA-00257,PSF-00232,RHS-00222,3.0.0,2021-01-19T12:57:14.097Z
354,13:11:41,2025-09-24,Manual gsw+F,LI-COR Default,,354,,,0.225564,2.923665,0.209408,4.972579,1.049310,0.938344,2.909703,1.860394,11.681775,13.063220,36.223907,0.441786,7.500000,PSF-00232_20250924131141_926,0.000000,0.000000,0.000000,75.506332,353.780823,0.786573,0.5,0.80,29.773870,1.000000,27.65,24.72,28.00,23.52,23.52,80.33,156.9,153.7,2.0,95,3.824,13:02:31,2025-09-24,0.23,1,0.001,0.002,0.010,-1.463,-0.931,-8.062,0,150,-9999.000,-9999.000000,0.058905,0.000000,0.029230,0.000000,0.000000,-0.000068,standard,0,mpf,7000,500,-9999.000000,-9999.000000,300,300,300,328.386414,25,-19.131441,328.005554,326.367218,1.638336,2.444430,2.457042,1.645380,0.922244,0.242044,-0.052364,0.553458,0.185963,75.506332,0.000646,2.400430,-0.000041,1.000000,2.408421,-0.000039,1.000000,0.600250,0.601702,0.107071,0.000000,PSF-00232_20250924131141_926,PFA-00245,PSA-00257,PSF-00232,RHS-00222,3.0.0,2021-01-19T12:57:14.097Z
355,13:12:12,2025-09-24,Manual gsw+F,LI-COR Default,,355,,,0.098583,2.922039,0.095366,2.386742,1.027803,0.974458,2.987892,1.960090,12.131248,12.795351,37.196960,0.441786,7.500000,PSF-00232_20250924131212_ae1,0.000000,0.000000,0.000000,90.792778,427.349335,0.787544,0.5,0.80,42.060062,1.000000,27.14,25.73,27.96,23.96,23.96,80.33,156.7,154.9,1.2,134,3.824,13:02:31,2025-09-24,0.23,1,-0.001,-0.004,-0.004,0.568,3.064,5.187,0,150,-9999.000,-9999.000000,0.058905,0.000000,0.029230,0.000000,0.000000,-0.000068,standard,0,mpf,7000,500,-9999.000000,-9999.000000,300,300,300,385.167358,25,-28.994616,381.582489,385.802704,-4.220215,2.446033,2.456252,1.643667,0.925222,0.242412,-0.046897,0.553604,0.218380,90.792778,0.000641,2.400430,-0.000041,1.000000,2.408421,-0.000039,1.000000,0.600250,0.601702,0.107071,0.000000,PSF-00232_20250924131212_ae1,PFA-00245,PSA-00257,PSF-00232,RHS-00222,3.0.0,2021-01-19T12:57:14.097Z
356,13:12:36,2025-09-24,Manual gsw+F,LI-COR Default,,356,,,0.321299,2.923276,0.289482,6.491798,1.053090,0.908174,2.811236,1.758146,11.305367,13.109344,34.995548,0.441786,7.500000,PSF-00232_20250924131236_edd,0.000000,0.000000,0.000000,68.722847,344.060913,0.800260,0.5,0.80,44.956421,1.000000,27.86,24.03,27.93,22.95,22.95,80.33,156.9,131.1,16.5,140,3.822,13:02:31,2025-09-24,0.23,1,0.003,0.006,0.013,-0.398,-2.911,-1.354,0,150,-9999.000,-9999.000000,0.058905,0.000000,0.029230,0.000000,0.000000,-0.000068,standard,0,mpf,7000,500,-9999.000000,-9999.000000,300,300,300,344.060913,25,22.330896,381.518127,376.059052,5.459076,2.443332,2.457390,1.644970,0.867380,0.242728,-0.057962,0.553591,0.224154,68.722847,0.000653,2.400430,-0.000041,1.000000,2.408421,-0.000039,1.000000,0.600250,0.601702,0.107071,0.000000,PSF-00232_20250924131236_edd,PFA-00245,PSA-00257,PSF-00232,RHS-00222,3.0.0,2021-01-19T12:57:14.097Z
357,13:13:17,2025-09-24,Manual gsw+F,LI-COR Default,,357,,,0.181449,2.923835,0.170846,4.266925,1.041301,0.946073,2.997285,1.955984,11.776417,12.961784,37.309246,0.441786,7.500000,PSF-00232_20250924131317_974,0.000000,0.000000,0.000000,99.467041,380.022003,0.738260,0.5,0.80,69.579941,1.000000,27.61,25.08,27.90,24.01,24.01,80.34,157.0,140.5,10.5,236,3.821,13:13:06,2025-09-24,0.28,1,0.002,0.005,0.011,-0.009,-0.053,-0.072,0,150,-9999.000,-9999.000000,0.058905,0.000000,0.029230,0.000000,0.000000,-0.000068,standard,0,mpf,7000,500,-9999.000000,-9999.000000,300,300,300,347.656860,25,-25.445107,340.722443,343.561493,-2.839050,2.445012,2.456918,1.645560,0.889893,0.243058,-0.045502,0.553451,0.303502,99.467041,0.000647,2.400430,-0.000041,1.000000,2.408421,-0.000039,1.000000,0.600250,0.601702,0.107071,0.000000,PSF-00232_20250924131317_974,PFA-00245,PSA-00257,PSF-00232,RHS-00222,3.0.0,2021-01-19T12:57:14.097Z
358,13:13:41,2025-09-24,Manual gsw+F,LI-COR Default,,358,,,0.300928,2.924467,0.272852,6.628495,1.097362,0.949609,2.999223,1.901861,11.820538,13.659734,37.333714,0.441786,7.500000,PSF-00232_20250924131341_e16,0.000000,0.000000,0.000000,104.321838,386.730591,0.730247,0.5,0.80,157.026947,1.000000,29.11,25.19,27.88,24.02,24.02,80.34,157.0,112.4,28.4,538,3.819,13:13:06,2025-09-24,0.28,1,0.001,-0.001,0.016,0.231,0.780,2.881,0,150,-9999.000,-9999.000000,0.058905,0.000000,0.029230,0.000000,0.000000,-0.000068,standard,0,mpf,7000,500,-9999.000000,-9999.000000,300,300,300,348.989716,25,-32.185001,336.332550,340.612427,-4.279877,2.445189,2.459272,1.646228,0.824360,0.243165,-0.045246,0.553863,0.555237,104.321838,0.000649,2.400430,-0.000041,1.000000,2.408421,-0.000039,1.000000,0.600250,0.601702,0.107071,0.000000,PSF-00232_20250924131341_e16,PFA-00245,PSA-00257,PSF-00232,RHS-00222,3.0.0,2021-01-19T12:57:14.097Z
359,13:14:00,2025-09-24,Manual gsw+F,LI-COR Default,,359,,,0.232406,2.922705,0.215287,5.225480,1.029872,0.913137,2.931618,1.901746,11.367069,12.820238,36.493885,0.441786,7.500000,PSF-00232_20250924131400_ce5,0.000000,0.000000,0.000000,76.480507,298.661194,0.743922,0.5,0.80,34.813107,1.000000,27.36,24.26,27.86,23.64,23.64,80.33,156.8,152.8,2.5,117,3.818,13:13:06,2025-09-24,0.28,1,0.000,0.003,0.013,-0.130,-1.001,-0.139,0,150,-9999.000,-9999.000000,0.058905,0.000000,0.029230,0.000000,0.000000,-0.000068,standard,0,mpf,7000,500,-9999.000000,-9999.000000,300,300,300,281.020416,25,-12.736156,286.847595,280.411438,6.436157,2.443711,2.456538,1.644368,0.919980,0.243407,-0.049264,0.553988,0.204604,76.480507,0.000650,2.400430,-0.000041,1.000000,2.408421,-0.000039,1.000000,0.600250,0.601702,0.107071,0.000000,PSF-00232_20250924131400_ce5,PFA-00245,PSA-00257,PSF-00232,RHS-00222,3.0.0,2021-01-19T12:57:14.097Z
360,13:14:22,2025-09-24,Manual gsw+F,LI-COR Default,,360,,,0.066439,2.923852,0.064963,1.747266,0.984198,0.945177,3.090083,2.105885,11.765738,12.251476,38.465919,0.441786,7.500000,PSF-00232_20250924131422_80f,0.000000,0.000000,0.000000,175.412170,710.076904,0.752967,0.5,0.80,38.071110,1.000000,26.19,25.15,27.83,24.52,24.52,80.33,157.0,153.1,2.4,126,3.819,13:13:06,2025-09-24,0.28,1,0.001,-0.001,-0.005,-36.821,-47.049,-5.468,0,150,-9999.000,-9999.000000,0.058905,0.000000,0.029230,0.000000,0.000000,-0.000068,standard,0,mpf,7000,500,-9999.000000,-9999.000000,300,300,300,710.076904,25,272.715515,692.506287,1100.853394,-408.347107,2.445127,2.454687,1.645578,0.920737,0.243656,-0.038946,0.554050,0.212450,175.412170,0.000647,2.400430,-0.000041,1.000000,2.408421,-0.000039,1.000000,0.600250,0.601702,0.107071,0.000000,PSF-00232_20250924131422_80f,PFA-00245,PSA-00257,PSF-00232,RHS-00222,3.0.0,2021-01-19T12:57:14.097Z
361,13:14:59,2025-09-24,Manual gsw+F,LI-COR Default,,361,,,0.056509,2.922051,0.055437,1.514471,1.003011,0.969146,3.141161,2.138150,12.063206,12.484731,39.098835,0.441786,7.500000,PSF-00232_20250924131459_72b,0.000000,0.000000,0.000000,95.754860,396.605927,0.758564,0.5,0.80,27.345901,1.000000,26.73,25.83,27.81,24.80,24.80,80.34,156.7,126.3,19.4,90,3.811,13:13:06,2025-09-24,0.28,1,0.003,0.006,0.009,0.115,0.159,25.648,0,150,-9999.000,-9999.000000,0.058905,0.000000,0.029230,0.000000,0.000000,-0.000068,standard,0,mpf,7000,500,-9999.000000,-9999.000000,300,300,300,387.728333,25,-6.362637,386.272064,387.488861,-1.216797,2.446207,2.455553,1.643680,0.856163,0.243927,-0.035460,0.554175,0.182205,95.754860,0.000652,2.400430,-0.000041,1.000000,2.408421,-0.000039,1.000000,0.600250,0.601702,0.107071,0.000000,PSF-00232_20250924131459_72b,PFA-00245,PSA-00257,PSF-00232,RHS-00222,3.0.0,2021-01-19T12:57:14.097Z
362,13:15:12,2025-09-24,Manual gsw+F,LI-COR Default,,362,,,0.077842,2.924426,0.075824,2.002974,0.985449,0.940736,3.054324,2.068875,11.709686,12.266252,38.018307,0.441786,7.500000,PSF-00232_20250924131512_cb6,0.000000,0.000000,0.000000,101.989029,401.326996,0.745870,0.5,0.80,34.188587,1.000000,26.28,25.09,27.80,24.33,24.33,80.34,157.0,155.0,1.3,115,3.815,13:13:06,2025-09-24,0.28,1,0.001,0.002,0.012,-0.291,3.922,23.246,0,150,-9999.000,-9999.000000,0.058905,0.000000,0.029230,0.000000,0.000000,-0.000068,standard,0,mpf,7000,500,-9999.000000,-9999.000000,300,300,300,375.451324,25,-18.493000,371.519562,374.828217,-3.308655,2.445036,2.454840,1.646184,0.925480,0.244031,-0.040711,0.554306,0.202604,101.989029,0.000638,2.400430,-0.000041,1.000000,2.408421,-0.000039,1.000000,0.600250,0.601702,0.107071,0.000000,PSF-00232_20250924131512_cb6,PFA-00245,PSA-00257,PSF-00232,RHS-00222,3.0.0,2021-01-19T12:57:14.097Z
363,13:15:40,2025-09-24,Manual gsw+F,LI-COR Default,,363,,,0.387939,2.922412,0.342477,9.024827,1.132166,0.930751,3.192233,2.060067,11.585402,14.092489,39.734909,0.441786,7.500000,PSF-00232_20250924131540_c64,0.000000,0.000000,0.000000,99.345802,356.237885,0.721125,0.5,0.80,27.170649,1.000000,30.24,24.86,27.77,25.07,25.07,80.34,156.8,10.9,93.0,94,3.818,13:13:06,2025-09-24,0.28,1,-0.004,-0.004,0.011,0.017,-0.067,-0.128,0,150,-9999.000,-9999.000000,0.058905,0.000000,0.029230,0.000000,0.000000,-0.000068,standard,0,mpf,7000,500,-9999.000000,-9999.000000,300,300,300,341.998444,25,-9.475033,345.432404,342.661011,2.771393,2.444683,2.461046,1.644060,0.621040,0.244307,-0.031878,0.554424,0.185599,99.345802,0.000629,2.400430,-0.000041,1.000000,2.408421,-0.000039,1.000000,0.600250,0.601702,0.107071,0.000000,PSF-00232_20250924131540_c64,PFA-00245,PSA-00257,PSF-00232,RHS-00222,3.0.0,2021-01-19T12:57:14.097Z
364,13:16:13,2025-09-24,Manual gsw+F,LI-COR Default,,364,,,0.107239,2.921992,0.103442,2.879664,0.989735,0.925328,3.168413,2.178678,11.517548,12.319221,39.437183,0.441786,7.500000,PSF-00232_20250924131613_139,0.000000,0.000000,0.000000,104.739906,405.886017,0.741948,0.5,0.80,71.424568,1.000000,26.46,24.74,27.75,24.94,24.94,80.34,156.7,152.6,2.6,241,3.818,13:13:06,2025-09-24,0.28,1,0.002,-0.000,0.017,0.244,2.726,26.369,0,150,-9999.000,-9999.000000,0.058905,0.000000,0.029230,0.000000,0.000000,-0.000068,standard,0,mpf,7000,500,-9999.000000,-9999.000000,300,300,300,371.661896,25,-26.255852,368.052734,368.263763,-0.211029,2.444492,2.455137,1.643618,0.919385,0.244463,-0.033134,0.554903,0.307707,104.739906,0.000649,2.400430,-0.000041,1.000000,2.408421,-0.000039,1.000000,0.600250,0.601702,0.107071,0.000000,PSF-00232_20250924131613_139,PFA-00245,PSA-00257,PSF-00232,RHS-00222,3.0.0,2021-01-19T12:57:14.097Z
365,13:16:28,2025-09-24,Manual gsw+F,LI-COR Default,,365,,,0.115058,2.925470,0.110704,2.899454,0.970168,0.905481,3.022091,2.051923,11.270513,12.075668,37.615913,0.441786,7.500000,PSF-00232_20250924131628_f60,0.000000,0.000000,0.000000,106.201172,405.775696,0.738276,0.5,0.80,127.253090,1.000000,25.95,24.22,27.74,24.15,24.15,80.34,157.2,155.1,1.3,431,3.787,13:13:06,2025-09-24,0.28,1,0.001,0.002,0.034,-0.001,0.069,0.467,0,150,-9999.000,-9999.000000,0.058905,0.000000,0.029230,0.000000,0.000000,-0.000068,standard,0,mpf,7000,500,-9999.000000,-9999.000000,300,300,300,361.741669,25,-34.559200,346.097961,356.255524,-10.157562,2.443664,2.454325,1.647290,0.925508,0.244532,-0.042119,0.555064,0.466310,106.326698,0.000651,2.400430,-0.000041,1.000000,2.408421,-0.000039,1.000000,0.600250,0.601702,0.107071,0.000000,PSF-00232_20250924131628_f60,PFA-00245,PSA-00257,PSF-00232,RHS-00222,3.0.0,2021-01-19T12:57:14.097Z
366,13:16:53,2025-09-24,Manual gsw+F,LI-COR Default,,366,,,0.331868,2.922624,0.298027,7.202376,1.053502,0.892622,2.946749,1.893247,11.110456,13.112921,36.678135,0.441786,7.500000,PSF-00232_20250924131653_1d9,0.000000,0.000000,0.000000,93.541504,410.073639,0.771891,0.5,0.80,242.777802,1.000000,28.19,23.88,27.74,23.73,23.73,80.34,156.8,154.4,1.5,786,3.813,13:13:06,2025-09-24,0.28,1,0.002,0.004,0.012,-0.433,0.539,2.204,0,150,-9999.000,-9999.000000,0.058905,0.000000,0.029230,0.000000,0.000000,-0.000068,standard,0,mpf,7000,500,-9999.000000,-9999.000000,300,300,300,361.104370,25,-39.742901,344.050873,353.125671,-9.074799,2.443127,2.457855,1.644283,0.923907,0.244584,-0.046846,0.555442,0.762593,93.541504,0.000664,2.400430,-0.000041,1.000000,2.408421,-0.000039,1.000000,0.600250,0.601702,0.107071,0.000000,PSF-00232_20250924131653_1d9,PFA-00245,PSA-00257,PSF-00232,RHS-00222,3.0.0,2021-01-19T12:57:14.097Z
367,13:16:59,2025-09-24,Manual gsw+F,LI-COR Default,,367,,,0.484965,2.923283,0.415959,2.779412,0.949096,0.886968,1.477775,0.528679,11.041004,11.814372,18.395382,0.441786,7.500000,PSF-00232_20250924131659_f90,0.000000,0.000000,0.000000,1.261711,1.282454,0.016174,0.5,0.80,10.197367,1.000000,25.40,23.74,27.74,12.74,12.74,80.33,156.9,-10.0,106.3,1576,3.815,13:13:06,2025-09-24,0.28,1,-9999.000,-9999.000,-9999.000,-9999.000,-9999.000,-9999.000,0,150,-9999.000,-9999.000000,0.058905,0.000000,0.029230,0.000000,0.000000,-0.000068,standard,0,mpf,7000,500,-9999.000000,-9999.000000,300,300,300,1.282454,25,-0.011704,1.258850,1.265682,-0.006832,2.442889,2.453445,1.644977,0.584486,0.244602,-0.165247,0.555481,1.421099,1.144409,0.000638,2.400430,-0.000041,1.000000,2.408421,-0.000039,1.000000,0.600250,0.601702,0.107071,0.000000,PSF-00232_20250924131659_f90,PFA-00245,PSA-00257,PSF-00232,RHS-00222,3.0.0,2021-01-19T12:57:14.097Z
368,13:17:13,2025-09-24,Manual gsw+F,LI-COR Default,,368,,,0.061600,2.923013,0.060328,1.996445,0.963241,0.918611,3.547231,2.583990,11.434365,11.989893,44.153976,0.441786,7.500000,PSF-00232_20250924131713_73b,0.000000,0.000000,0.000000,54.762840,210.041443,0.739276,0.5,0.80,227.184570,1.000000,25.77,24.57,27.74,26.85,26.85,80.34,156.9,154.7,1.4,768,3.816,13:13:06,2025-09-24,0.28,1,-0.001,-0.002,0.002,0.080,0.117,12.907,0,150,-9999.000,-9999.000000,0.058905,0.000000,0.029230,0.000000,0.000000,-0.000068,standard,0,mpf,7000,500,-9999.000000,-9999.000000,300,300,300,192.543976,25,-12.121295,190.533035,192.672729,-2.139694,2.444224,2.454030,1.644692,0.924661,0.244532,-0.010835,0.555742,0.747552,54.762840,0.000647,2.400430,-0.000041,1.000000,2.408421,-0.000039,1.000000,0.600250,0.601702,0.107071,0.000000,PSF-00232_20250924131713_73b,PFA-00245,PSA-00257,PSF-00232,RHS-00222,3.0.0,2021-01-19T12:57:14.097Z
369,13:17:35,2025-09-24,Manual gsw+F,LI-COR Default,,369,,,0.073638,2.924278,0.071830,2.258733,0.979735,0.929299,3.436780,2.457045,11.566463,12.194215,42.775677,0.441786,7.500000,PSF-00232_20250924131735_04f,0.000000,0.000000,0.000000,109.980225,380.524933,0.710978,0.5,0.80,193.471222,1.000000,26.17,24.82,27.77,26.31,26.31,80.34,157.0,43.7,72.2,680,3.815,13:13:06,2025-09-24,0.28,1,0.001,0.002,0.018,0.365,0.919,1.602,0,150,-9999.000,-9999.000000,0.058905,0.000000,0.029230,0.000000,0.000000,-0.000068,standard,0,mpf,7000,500,-9999.000000,-9999.000000,300,300,300,362.603546,25,-13.029984,358.167877,361.854156,-3.686279,2.444621,2.454671,1.646028,0.681635,0.244305,-0.017417,0.556485,0.674217,109.980225,0.000656,2.400430,-0.000041,1.000000,2.408421,-0.000039,1.000000,0.600250,0.601702,0.107071,0.000000,PSF-00232_20250924131735_04f,PFA-00245,PSA-00257,PSF-00232,RHS-00222,3.0.0,2021-01-19T12:57:14.097Z
370,13:17:54,2025-09-24,Manual gsw+F,LI-COR Default,,370,,,0.192589,2.922011,0.180681,5.046374,1.068937,0.956186,3.252443,2.183506,11.901890,13.305332,40.483982,0.441786,7.500000,PSF-00232_20250924131754_ff2,0.000000,0.000000,0.000000,94.523911,345.994629,0.726805,0.5,0.80,336.412292,1.000000,28.51,25.51,27.79,25.38,25.38,80.34,156.7,154.8,1.2,1157,3.814,13:13:06,2025-09-24,0.28,1,0.000,0.004,0.011,0.698,1.535,2.784,0,150,-9999.000,-9999.000000,0.058905,0.000000,0.029230,0.000000,0.000000,-0.000068,standard,0,mpf,7000,500,-9999.000000,-9999.000000,300,300,300,309.606323,25,-27.755823,302.601105,306.223053,-3.621948,2.445697,2.458353,1.643637,0.924832,0.244066,-0.028545,0.557065,1.071762,93.755363,0.000641,2.400430,-0.000041,1.000000,2.408421,-0.000039,1.000000,0.600250,0.601702,0.107071,0.000000,PSF-00232_20250924131754_ff2,PFA-00245,PSA-00257,PSF-00232,RHS-00222,3.0.0,2021-01-19T12:57:14.097Z
371,13:18:21,2025-09-24,Manual gsw+F,LI-COR Default,,371,,,0.093961,2.923517,0.091035,3.254559,0.997722,0.925030,3.784298,2.786575,11.514516,12.419369,47.105877,0.441786,7.500000,PSF-00232_20250924131821_c70,0.000000,0.000000,0.000000,77.209000,154.274887,0.499536,0.5,0.80,375.347351,1.000000,26.53,24.59,27.85,27.95,27.95,80.34,156.9,96.4,38.6,1878,3.813,13:13:06,2025-09-24,0.28,1,0.002,0.004,0.019,2.253,4.923,1.100,0,150,-9999.000,-9999.000000,0.058905,0.000000,0.029230,0.000000,0.000000,-0.000068,standard,0,mpf,7000,500,-9999.000000,-9999.000000,300,300,300,145.882126,25,-6.367171,143.861893,145.151306,-1.289413,2.444242,2.455221,1.645225,0.789150,0.243521,0.001004,0.558082,1.673103,77.209000,0.000644,2.400430,-0.000041,1.000000,2.408421,-0.000039,1.000000,0.600250,0.601702,0.107071,0.000000,PSF-00232_20250924131821_c70,PFA-00245,PSA-00257,PSF-00232,RHS-00222,3.0.0,2021-01-19T12:57:14.097Z
372,13:18:47,2025-09-24,Manual gsw+F,LI-COR Default,,372,,,0.107646,2.922125,0.103822,3.631750,1.060576,0.979431,3.786100,2.725524,12.191303,13.201341,47.126842,0.441786,7.500000,PSF-00232_20250924131847_1b0,0.000000,0.000000,0.000000,100.149033,228.858078,0.562397,0.5,0.80,442.843689,1.000000,28.08,25.93,27.92,27.96,27.96,80.34,156.8,154.2,1.7,1969,3.811,13:13:06,2025-09-24,0.28,1,0.001,0.001,0.035,-6.587,-4.254,14.635,0,150,-9999.000,-9999.000000,0.058905,0.000000,0.029230,0.000000,0.000000,-0.000068,standard,0,mpf,7000,500,-9999.000000,-9999.000000,300,300,300,221.605896,25,-5.016834,220.118530,221.669418,-1.550888,2.446351,2.457656,1.643757,0.923271,0.242835,0.000248,0.558986,1.748197,108.856201,0.000641,2.400430,-0.000041,1.000000,2.408421,-0.000039,1.000000,0.600250,0.601702,0.107071,0.000000,PSF-00232_20250924131847_1b0,PFA-00245,PSA-00257,PSF-00232,RHS-00222,3.0.0,2021-01-19T12:57:14.097Z
373,13:19:11,2025-09-24,Manual gsw+F,LI-COR Default,,373,,,0.147186,2.921709,0.140127,4.248704,1.057894,0.962932,3.425751,2.367857,11.986271,13.168321,42.642654,0.441786,7.500000,PSF-00232_20250924131911_bfa,0.000000,0.000000,0.000000,79.948784,257.591003,0.689629,0.5,0.80,253.451019,1.000000,27.90,25.40,27.98,26.26,26.26,80.34,156.7,153.1,2.3,919,3.810,13:13:06,2025-09-24,0.28,1,0.002,0.002,0.010,0.896,2.342,2.738,0,150,-9999.000,-9999.000000,0.058905,0.000000,0.029230,0.000000,0.000000,-0.000068,standard,0,mpf,7000,500,-9999.000000,-9999.000000,300,300,300,235.146759,25,-16.140566,232.809311,234.463043,-1.653732,2.445498,2.457367,1.643319,0.920696,0.242205,-0.020655,0.559934,0.873043,79.948784,0.000647,2.400430,-0.000041,1.000000,2.408421,-0.000039,1.000000,0.600250,0.601702,0.107071,0.000000,PSF-00232_20250924131911_bfa,PFA-00245,PSA-00257,PSF-00232,RHS-00222,3.0.0,2021-01-19T12:57:14.097Z
374,13:20:05,2025-09-24,Manual gsw+F,LI-COR Default,,374,,,0.184733,2.924707,0.173758,4.824099,1.148268,1.040808,3.317021,2.168753,12.953667,14.291088,41.282917,0.441786,7.500000,PSF-00232_20250924132005_8fb,0.000000,0.000000,0.000000,77.474358,269.861725,0.712911,0.5,0.80,297.860168,1.000000,30.00,27.19,28.15,25.71,25.71,80.35,157.1,154.9,1.4,1045,3.811,13:13:06,2025-09-24,0.28,1,0.002,0.003,0.055,0.391,0.896,19.883,0,150,-9999.000,-9999.000000,0.058905,0.000000,0.029230,0.000000,0.000000,-0.000068,standard,0,mpf,7000,500,-9999.000000,-9999.000000,300,300,300,237.537140,25,-25.635550,228.929764,233.128311,-4.198547,2.448288,2.460601,1.646482,0.925222,0.240631,-0.028972,0.561876,0.977857,77.474358,0.000652,2.400430,-0.000041,1.000000,2.408421,-0.000039,1.000000,0.600250,0.601702,0.107071,0.000000,PSF-00232_20250924132005_8fb,PFA-00245,PSA-00257,PSF-00232,RHS-00222,3.0.0,2021-01-19T12:57:14.097Z
375,13:20:21,2025-09-24,Manual gsw+F,LI-COR Default,,375,,,0.159930,2.922811,0.151633,4.732823,1.062008,0.956310,3.498644,2.436636,11.902328,13.217853,43.544449,0.441786,7.500000,PSF-00232_20250924132021_f5a,0.000000,0.000000,0.000000,84.738495,268.020172,0.683835,0.5,0.80,322.312744,1.000000,27.66,24.91,28.20,26.61,26.61,80.35,156.8,154.4,1.5,1178,3.810,13:13:06,2025-09-24,0.28,1,0.002,0.005,0.025,0.860,1.826,3.507,0,150,-9999.000,-9999.000000,0.058905,0.000000,0.029230,0.000000,0.000000,-0.000068,standard,0,mpf,7000,500,-9999.000000,-9999.000000,300,300,300,238.007782,25,-21.625347,232.759232,237.033020,-4.273788,2.444696,2.456960,1.644479,0.923917,0.240161,-0.019033,0.562494,1.089407,84.738495,0.000651,2.400430,-0.000041,1.000000,2.408421,-0.000039,1.000000,0.600250,0.601702,0.107071,0.000000,PSF-00232_20250924132021_f5a,PFA-00245,PSA-00257,PSF-00232,RHS-00222,3.0.0,2021-01-19T12:57:14.097Z
376,13:20:49,2025-09-24,Manual gsw+F,LI-COR Default,,376,,,0.169612,2.922701,0.160309,4.872005,1.139619,1.030902,3.510977,2.371358,12.829745,14.182749,43.694683,0.441786,7.500000,PSF-00232_20250924132049_160,0.000000,0.000000,0.000000,77.546242,230.109085,0.663002,0.5,0.80,443.731506,1.000000,29.53,26.71,28.29,26.67,26.67,80.35,156.8,73.7,53.0,1673,3.810,13:13:06,2025-09-24,0.28,1,-0.001,-0.003,0.029,0.424,0.754,2.433,0,150,-9999.000,-9999.000000,0.058905,0.000000,0.029230,0.000000,0.000000,-0.000068,standard,0,mpf,7000,500,-9999.000000,-9999.000000,300,300,300,214.270233,25,-11.069320,211.740372,214.247757,-2.507385,2.447525,2.459858,1.644364,0.741129,0.239315,-0.019400,0.563218,1.501960,77.546242,0.000633,2.400430,-0.000041,1.000000,2.408421,-0.000039,1.000000,0.600250,0.601702,0.107071,0.000000,PSF-00232_20250924132049_160,PFA-00245,PSA-00257,PSF-00232,RHS-00222,3.0.0,2021-01-19T12:57:14.097Z